ISO-10303-21;
HEADER;
/* Generated by software containing ST-Developer
 * from STEP Tools, Inc. (www.steptools.com) 
 */
/* OPTION: using custom renumber hook */

FILE_DESCRIPTION(
/* description */ ('STEP AP242 Edition 2',
'CAx-IF Rec.Pracs.---Representation and Presentation of Product Manufa
cturing Information (PMI)---4.0---2014-10-13',
'CAx-IF Rec.Pracs.---3D Tessellated Geometry---0.4---2014-09-14','2;1',
'CAx-IF Rec.Pracs.---User Defined Attributes---1.5---2016-08-15'),
/* implementation_level */ '2;1');

FILE_NAME(
/* name */ 'SKIRT_730-C-501_260130',
/* time_stamp */ '2026-04-13T12:31:24Z',
/* author */ (''),
/* organization */ (''),
/* preprocessor_version */ 'ST-DEVELOPER v20',
/* originating_system */ 'ONSHAPE BY PTC INC, 1.213',
/* authorisation */ '  ');

FILE_SCHEMA (('AP242_MANAGED_MODEL_BASED_3D_ENGINEERING_MIM_LF { 1 0 10303 442 3 1 4 }'));
ENDSEC;

DATA;
#10=OVER_RIDING_STYLED_ITEM('',(#464),#437,#455);
#11=SHAPE_REPRESENTATION_RELATIONSHIP('','',#539,#19);
#12=SHAPE_REPRESENTATION_RELATIONSHIP('','',#540,#20);
#13=SHAPE_REPRESENTATION_RELATIONSHIP('','',#541,#21);
#14=SHAPE_REPRESENTATION_RELATIONSHIP('','',#542,#22);
#15=SHAPE_REPRESENTATION_RELATIONSHIP('','',#543,#23);
#16=SHAPE_REPRESENTATION_RELATIONSHIP('','',#544,#24);
#17=SHAPE_REPRESENTATION_RELATIONSHIP('','',#545,#25);
#18=SHAPE_REPRESENTATION_RELATIONSHIP('','',#546,#26);
#19=MANIFOLD_SURFACE_SHAPE_REPRESENTATION('',(#523),#1657);
#20=MANIFOLD_SURFACE_SHAPE_REPRESENTATION('',(#524),#1658);
#21=MANIFOLD_SURFACE_SHAPE_REPRESENTATION('',(#525),#1659);
#22=MANIFOLD_SURFACE_SHAPE_REPRESENTATION('',(#526),#1660);
#23=MANIFOLD_SURFACE_SHAPE_REPRESENTATION('',(#527),#1661);
#24=MANIFOLD_SURFACE_SHAPE_REPRESENTATION('',(#528),#1662);
#25=MANIFOLD_SURFACE_SHAPE_REPRESENTATION('',(#529),#1663);
#26=MANIFOLD_SURFACE_SHAPE_REPRESENTATION('',(#530),#1664);
#27=PLANE('',#550);
#28=PLANE('',#553);
#29=PLANE('',#556);
#30=PLANE('',#559);
#31=PLANE('',#563);
#32=PLANE('',#566);
#33=PLANE('',#567);
#34=PLANE('',#570);
#35=PLANE('',#596);
#36=CIRCLE('',#549,0.275);
#37=CIRCLE('',#552,0.275);
#38=CIRCLE('',#555,0.275);
#39=CIRCLE('',#558,0.275);
#40=CIRCLE('',#562,0.275);
#41=CIRCLE('',#565,0.275);
#42=CIRCLE('',#569,0.275);
#43=CIRCLE('',#572,0.275);
#44=CIRCLE('',#575,1.6175);
#45=CIRCLE('',#576,1.6175);
#46=CIRCLE('',#579,0.33);
#47=CIRCLE('',#581,0.33);
#48=CIRCLE('',#584,1.6175);
#49=CIRCLE('',#585,1.6175);
#50=CIRCLE('',#588,1.6175);
#51=CIRCLE('',#589,1.6175);
#52=CIRCLE('',#592,0.35);
#53=CIRCLE('',#594,0.35);
#54=CIRCLE('',#597,1.4);
#55=CIRCLE('',#598,1.78);
#56=B_SPLINE_CURVE_WITH_KNOTS('',3,(#740,#741,#742,#743,#744,#745,#746,
#747,#748,#749,#750,#751,#752,#753,#754,#755,#756,#757,#758,#759,#760,#761,
#762,#763,#764,#765,#766,#767,#768,#769,#770,#771,#772,#773,#774,#775,#776,
#777,#778,#779,#780,#781,#782,#783,#784),.UNSPECIFIED.,.F.,.F.,(4,1,1,1,
1,1,1,1,1,1,1,1,1,1,1,1,1,1,1,1,1,1,1,1,1,1,1,1,1,1,1,1,1,1,1,1,1,1,1,1,
1,1,4),(0.,0.0269100837497035,0.0538201674994069,0.0807302512491104,0.0941852931239621,
0.107640334998814,0.134550418748517,0.161460502498221,0.174915544373072,
0.188370586247924,0.215280669997628,0.242190753747331,0.269100837497035,
0.282555879371886,0.296010921246738,0.322921004996442,0.349831088746145,
0.363286130620997,0.376741172495848,0.403651256245552,0.430561339995255,
0.444016381870107,0.457471423744959,0.470926465619811,0.484381507494662,
0.511291591244366,0.538201674994069,0.565111758743773,0.592021842493476,
0.61893192624318,0.632386968118031,0.645842009992883,0.659297051867735,
0.672752093742587,0.69966217749229,0.726572261241993,0.740027303116845,
0.753482344991697,0.7803924287414,0.807302512491104,0.820757554365956,0.834212596240807,
0.861122679990511),.UNSPECIFIED.);
#57=B_SPLINE_CURVE_WITH_KNOTS('',3,(#796,#797,#798,#799,#800,#801,#802,
#803,#804,#805,#806,#807,#808,#809,#810,#811,#812,#813,#814,#815,#816,#817,
#818,#819,#820,#821,#822,#823,#824,#825,#826,#827,#828,#829,#830,#831,#832,
#833,#834,#835,#836,#837,#838,#839,#840),.UNSPECIFIED.,.F.,.F.,(4,1,1,1,
1,1,1,1,1,1,1,1,1,1,1,1,1,1,1,1,1,1,1,1,1,1,1,1,1,1,1,1,1,1,1,1,1,1,1,1,
1,1,4),(0.,0.0269100837497034,0.0538201674994068,0.0807302512491103,0.094185293123962,
0.107640334998814,0.134550418748517,0.161460502498221,0.174915544373072,
0.188370586247924,0.215280669997627,0.242190753747331,0.269100837497034,
0.282555879371886,0.296010921246738,0.322921004996441,0.349831088746144,
0.363286130620996,0.376741172495848,0.403651256245551,0.430561339995255,
0.444016381870106,0.457471423744958,0.47092646561981,0.484381507494662,
0.511291591244365,0.538201674994068,0.565111758743772,0.592021842493475,
0.618931926243179,0.63238696811803,0.645842009992882,0.659297051867734,
0.672752093742585,0.699662177492289,0.726572261241992,0.740027303116844,
0.753482344991696,0.780392428741399,0.807302512491103,0.820757554365954,
0.834212596240806,0.861122679990509),.UNSPECIFIED.);
#58=B_SPLINE_CURVE_WITH_KNOTS('',3,(#869,#870,#871,#872,#873,#874,#875,
#876,#877,#878,#879,#880,#881,#882,#883,#884,#885,#886,#887,#888,#889,#890,
#891,#892,#893,#894,#895,#896,#897,#898,#899,#900,#901,#902,#903,#904,#905,
#906,#907,#908,#909,#910,#911,#912,#913),.UNSPECIFIED.,.F.,.F.,(4,1,1,1,
1,1,1,1,1,1,1,1,1,1,1,1,1,1,1,1,1,1,1,1,1,1,1,1,1,1,1,1,1,1,1,1,1,1,1,1,
1,1,4),(0.,0.0269100837497036,0.0538201674994071,0.0807302512491107,0.0941852931239624,
0.107640334998814,0.134550418748518,0.161460502498221,0.174915544373073,
0.188370586247925,0.215280669997628,0.242190753747332,0.269100837497036,
0.282555879371887,0.296010921246739,0.322921004996443,0.349831088746146,
0.363286130620998,0.37674117249585,0.403651256245553,0.430561339995257,
0.444016381870109,0.45747142374496,0.470926465619812,0.484381507494664,
0.511291591244367,0.538201674994071,0.565111758743775,0.592021842493478,
0.618931926243182,0.632386968118033,0.645842009992885,0.659297051867737,
0.672752093742589,0.699662177492292,0.726572261241996,0.740027303116848,
0.753482344991699,0.780392428741403,0.807302512491107,0.820757554365958,
0.83421259624081,0.861122679990514),.UNSPECIFIED.);
#59=B_SPLINE_CURVE_WITH_KNOTS('',3,(#928,#929,#930,#931,#932,#933,#934,
#935,#936,#937,#938,#939,#940,#941,#942,#943,#944,#945,#946,#947,#948,#949,
#950,#951,#952,#953,#954,#955,#956,#957,#958,#959,#960,#961,#962,#963,#964,
#965,#966,#967,#968,#969,#970,#971,#972),.UNSPECIFIED.,.F.,.F.,(4,1,1,1,
1,1,1,1,1,1,1,1,1,1,1,1,1,1,1,1,1,1,1,1,1,1,1,1,1,1,1,1,1,1,1,1,1,1,1,1,
1,1,4),(0.,0.0269100837497034,0.0538201674994067,0.0807302512491101,0.0941852931239618,
0.107640334998813,0.134550418748517,0.16146050249822,0.174915544373072,
0.188370586247924,0.215280669997627,0.24219075374733,0.269100837497034,
0.282555879371885,0.296010921246737,0.32292100499644,0.349831088746144,
0.363286130620996,0.376741172495847,0.403651256245551,0.430561339995254,
0.444016381870106,0.457471423744957,0.470926465619809,0.484381507494661,
0.511291591244364,0.538201674994067,0.565111758743771,0.592021842493474,
0.618931926243178,0.632386968118029,0.645842009992881,0.659297051867733,
0.672752093742584,0.699662177492288,0.726572261241991,0.740027303116843,
0.753482344991695,0.780392428741398,0.807302512491101,0.820757554365953,
0.834212596240805,0.861122679990508),.UNSPECIFIED.);
#60=B_SPLINE_CURVE_WITH_KNOTS('',3,(#1003,#1004,#1005,#1006,#1007,#1008,
#1009,#1010,#1011,#1012,#1013,#1014,#1015,#1016,#1017,#1018,#1019,#1020,
#1021,#1022,#1023,#1024,#1025,#1026,#1027,#1028,#1029,#1030,#1031,#1032,
#1033,#1034,#1035,#1036,#1037,#1038,#1039,#1040,#1041,#1042,#1043,#1044,
#1045,#1046,#1047,#1048,#1049,#1050,#1051,#1052,#1053,#1054,#1055,#1056,
#1057,#1058,#1059,#1060,#1061,#1062,#1063,#1064,#1065,#1066,#1067,#1068,
#1069,#1070,#1071,#1072,#1073,#1074,#1075,#1076,#1077,#1078,#1079,#1080,
#1081,#1082,#1083,#1084,#1085,#1086,#1087,#1088,#1089,#1090,#1091,#1092,
#1093,#1094,#1095,#1096,#1097,#1098,#1099,#1100,#1101,#1102,#1103,#1104,
#1105,#1106),.UNSPECIFIED.,.T.,.F.,(1,1,1,1,1,1,1,1,1,1,1,1,1,1,1,1,1,1,
1,1,1,1,1,1,1,1,1,1,1,1,1,1,1,1,1,1,1,1,1,1,1,1,1,1,1,1,1,1,1,1,1,1,1,1,
1,1,1,1,1,1,1,1,1,1,1,1,1,1,1,1,1,1,1,1,1,1,1,1,1,1,1,1,1,1,1,1,1,1,1,1,
1,1,1,1,1,1,1,1,1,1,1,1,1,1,1,1,1,1),(-0.0646447767399052,-0.0323223883699524,
-0.0161611941849764,9.39229249924008E-18,0.0161611941849763,0.0323223883699526,
0.0646447767399053,0.0969671651098579,0.113128359294834,0.129289553479811,
0.161611941849763,0.17777313603474,0.193934330219716,0.210095524404692,
0.226256718589668,0.258579106959621,0.290901495329574,0.30706268951455,
0.323223883699526,0.339385077884503,0.355546272069479,0.371707466254455,
0.387868660439432,0.404029854624408,0.420191048809384,0.436352242994361,
0.452513437179337,0.48483582554929,0.517158213919242,0.533319408104219,
0.549480602289195,0.565641796474171,0.581802990659148,0.6141253790291,0.646447767399053,
0.662608961584029,0.678770155769005,0.711092544138958,0.727253738323934,
0.743414932508911,0.759576126693887,0.775737320878863,0.79189851506384,
0.808059709248816,0.840382097618769,0.872704485988721,0.888865680173698,
0.905026874358674,0.92118806854365,0.937349262728627,0.953510456913603,
0.969671651098579,0.985832845283556,1.00199403946853,1.03431642783848,1.06663881620844,
1.08280001039341,1.09896120457839,1.11512239876337,1.13128359294834,1.14744478713332,
1.1636059813183,1.19592836968825,1.2282507580582,1.26057314642815,1.27673434061313,
1.29289553479811,1.30905672898308,1.32521792316806,1.34137911735303,1.35754031153801,
1.38986269990796,1.42218508827792,1.43834628246289,1.45450747664787,1.47066867083285,
1.48682986501782,1.5029910592028,1.51915225338777,1.53531344757275,1.55147464175773,
1.58379703012768,1.61611941849763,1.63228061268261,1.64844180686758,1.66460300105256,
1.68076419523754,1.69692538942251,1.71308658360749,1.74540897197744,1.76157016616242,
1.7777313603474,1.81005374871735,1.8423761370873,1.85853733127228,1.87469852545725,
1.89085971964223,1.90702091382721,1.93934330219716,1.97166569056711,1.98782688475209,
2.00398807893706,2.03631046730702,2.05247166149199,2.06863285567697,2.08479404986195,
2.10095524404692,2.13327763241687),.UNSPECIFIED.);
#61=B_SPLINE_CURVE_WITH_KNOTS('',3,(#1116,#1117,#1118,#1119,#1120,#1121,
#1122,#1123,#1124,#1125,#1126,#1127,#1128,#1129,#1130,#1131,#1132,#1133,
#1134,#1135,#1136,#1137,#1138,#1139,#1140,#1141,#1142,#1143,#1144,#1145,
#1146,#1147,#1148,#1149,#1150,#1151,#1152,#1153,#1154,#1155,#1156,#1157,
#1158,#1159,#1160),.UNSPECIFIED.,.F.,.F.,(4,1,1,1,1,1,1,1,1,1,1,1,1,1,1,
1,1,1,1,1,1,1,1,1,1,1,1,1,1,1,1,1,1,1,1,1,1,1,1,1,1,1,4),(6.00164184077176E-16,
0.0269100837497041,0.0538201674994075,0.080730251249111,0.0941852931239627,
0.107640334998814,0.134550418748518,0.161460502498221,0.174915544373073,
0.188370586247925,0.215280669997628,0.242190753747332,0.269100837497035,
0.282555879371887,0.296010921246739,0.322921004996442,0.349831088746145,
0.363286130620997,0.376741172495849,0.403651256245552,0.430561339995256,
0.444016381870108,0.457471423744959,0.470926465619811,0.484381507494663,
0.511291591244366,0.53820167499407,0.565111758743773,0.592021842493477,
0.61893192624318,0.632386968118032,0.645842009992884,0.659297051867735,
0.672752093742587,0.69966217749229,0.726572261241994,0.740027303116846,
0.753482344991697,0.780392428741401,0.807302512491104,0.820757554365956,
0.834212596240808,0.861122679990511),.UNSPECIFIED.);
#62=B_SPLINE_CURVE_WITH_KNOTS('',3,(#1164,#1165,#1166,#1167,#1168,#1169,
#1170,#1171,#1172,#1173,#1174,#1175,#1176,#1177,#1178,#1179,#1180,#1181,
#1182,#1183,#1184,#1185,#1186,#1187,#1188,#1189,#1190,#1191,#1192,#1193,
#1194,#1195,#1196,#1197,#1198,#1199,#1200,#1201,#1202,#1203,#1204,#1205,
#1206,#1207,#1208),.UNSPECIFIED.,.F.,.F.,(4,1,1,1,1,1,1,1,1,1,1,1,1,1,1,
1,1,1,1,1,1,1,1,1,1,1,1,1,1,1,1,1,1,1,1,1,1,1,1,1,1,1,4),(0.,0.0269100837497034,
0.0538201674994068,0.0807302512491102,0.0941852931239619,0.107640334998814,
0.134550418748517,0.16146050249822,0.174915544373072,0.188370586247924,
0.215280669997627,0.242190753747331,0.269100837497034,0.282555879371886,
0.296010921246738,0.322921004996441,0.349831088746144,0.363286130620996,
0.376741172495848,0.403651256245551,0.430561339995255,0.444016381870106,
0.457471423744958,0.47092646561981,0.484381507494661,0.511291591244365,
0.538201674994068,0.565111758743772,0.592021842493475,0.618931926243178,
0.63238696811803,0.645842009992882,0.659297051867734,0.672752093742585,
0.699662177492289,0.726572261241992,0.740027303116844,0.753482344991696,
0.780392428741399,0.807302512491102,0.820757554365954,0.834212596240806,
0.861122679990509),.UNSPECIFIED.);
#63=B_SPLINE_CURVE_WITH_KNOTS('',3,(#1209,#1210,#1211,#1212,#1213,#1214,
#1215,#1216,#1217,#1218,#1219,#1220,#1221,#1222,#1223,#1224,#1225,#1226,
#1227,#1228,#1229,#1230,#1231,#1232,#1233,#1234,#1235,#1236,#1237,#1238,
#1239,#1240,#1241,#1242,#1243,#1244,#1245,#1246,#1247,#1248,#1249,#1250,
#1251,#1252,#1253,#1254,#1255,#1256,#1257,#1258,#1259,#1260,#1261,#1262,
#1263,#1264,#1265,#1266,#1267,#1268,#1269,#1270,#1271,#1272,#1273,#1274,
#1275,#1276,#1277,#1278,#1279,#1280,#1281,#1282,#1283,#1284,#1285,#1286,
#1287,#1288,#1289,#1290,#1291,#1292,#1293,#1294,#1295,#1296,#1297,#1298,
#1299,#1300,#1301,#1302,#1303,#1304,#1305,#1306,#1307,#1308,#1309,#1310,
#1311,#1312),.UNSPECIFIED.,.T.,.F.,(1,1,1,1,1,1,1,1,1,1,1,1,1,1,1,1,1,1,
1,1,1,1,1,1,1,1,1,1,1,1,1,1,1,1,1,1,1,1,1,1,1,1,1,1,1,1,1,1,1,1,1,1,1,1,
1,1,1,1,1,1,1,1,1,1,1,1,1,1,1,1,1,1,1,1,1,1,1,1,1,1,1,1,1,1,1,1,1,1,1,1,
1,1,1,1,1,1,1,1,1,1,1,1,1,1,1,1,1,1),(-0.0646447767399052,-0.0323223883699524,
-0.0161611941849764,1.38889816927763E-17,0.0161611941849763,0.0323223883699526,
0.0646447767399053,0.0969671651098579,0.113128359294834,0.12928955347981,
0.161611941849763,0.177773136034739,0.193934330219716,0.210095524404692,
0.226256718589668,0.258579106959621,0.290901495329574,0.30706268951455,
0.323223883699526,0.339385077884503,0.355546272069479,0.371707466254455,
0.387868660439431,0.404029854624408,0.420191048809384,0.43635224299436,
0.452513437179337,0.484835825549289,0.517158213919242,0.533319408104218,
0.549480602289195,0.565641796474171,0.581802990659147,0.6141253790291,0.646447767399053,
0.662608961584029,0.678770155769005,0.711092544138958,0.727253738323934,
0.74341493250891,0.759576126693887,0.775737320878863,0.791898515063839,
0.808059709248816,0.840382097618768,0.872704485988721,0.888865680173697,
0.905026874358673,0.92118806854365,0.937349262728626,0.953510456913602,
0.969671651098579,0.985832845283555,1.00199403946853,1.03431642783848,1.06663881620844,
1.08280001039341,1.09896120457839,1.11512239876337,1.13128359294834,1.14744478713332,
1.16360598131829,1.19592836968825,1.2282507580582,1.26057314642815,1.27673434061313,
1.29289553479811,1.30905672898308,1.32521792316806,1.34137911735303,1.35754031153801,
1.38986269990796,1.42218508827792,1.43834628246289,1.45450747664787,1.47066867083284,
1.48682986501782,1.5029910592028,1.51915225338777,1.53531344757275,1.55147464175773,
1.58379703012768,1.61611941849763,1.63228061268261,1.64844180686758,1.66460300105256,
1.68076419523754,1.69692538942251,1.71308658360749,1.74540897197744,1.76157016616242,
1.77773136034739,1.81005374871735,1.8423761370873,1.85853733127228,1.87469852545725,
1.89085971964223,1.9070209138272,1.93934330219716,1.97166569056711,1.98782688475209,
2.00398807893706,2.03631046730702,2.05247166149199,2.06863285567697,2.08479404986194,
2.10095524404692,2.13327763241687),.UNSPECIFIED.);
#64=B_SPLINE_CURVE_WITH_KNOTS('',3,(#1321,#1322,#1323,#1324,#1325,#1326,
#1327,#1328,#1329,#1330,#1331,#1332,#1333,#1334,#1335,#1336,#1337,#1338,
#1339,#1340,#1341,#1342,#1343,#1344,#1345,#1346,#1347,#1348,#1349,#1350,
#1351,#1352,#1353,#1354,#1355,#1356,#1357,#1358,#1359,#1360,#1361,#1362,
#1363,#1364,#1365),.UNSPECIFIED.,.F.,.F.,(4,1,1,1,1,1,1,1,1,1,1,1,1,1,1,
1,1,1,1,1,1,1,1,1,1,1,1,1,1,1,1,1,1,1,1,1,1,1,1,1,1,1,4),(0.,0.0269100837497035,
0.0538201674994071,0.0807302512491106,0.0941852931239624,0.107640334998814,
0.134550418748518,0.161460502498221,0.174915544373073,0.188370586247925,
0.215280669997628,0.242190753747332,0.269100837497035,0.282555879371887,
0.296010921246739,0.322921004996443,0.349831088746146,0.363286130620998,
0.37674117249585,0.403651256245553,0.430561339995257,0.444016381870109,
0.45747142374496,0.470926465619812,0.484381507494664,0.511291591244367,
0.538201674994071,0.565111758743774,0.592021842493478,0.618931926243182,
0.632386968118033,0.645842009992885,0.659297051867737,0.672752093742589,
0.699662177492292,0.726572261241996,0.740027303116848,0.753482344991699,
0.780392428741403,0.807302512491106,0.820757554365958,0.83421259624081,
0.861122679990514),.UNSPECIFIED.);
#65=B_SPLINE_CURVE_WITH_KNOTS('',3,(#1369,#1370,#1371,#1372,#1373,#1374,
#1375,#1376,#1377,#1378,#1379,#1380,#1381,#1382,#1383,#1384,#1385,#1386,
#1387,#1388,#1389,#1390,#1391,#1392,#1393,#1394,#1395,#1396,#1397,#1398,
#1399,#1400,#1401,#1402,#1403,#1404,#1405,#1406,#1407,#1408,#1409,#1410,
#1411,#1412,#1413),.UNSPECIFIED.,.F.,.F.,(4,1,1,1,1,1,1,1,1,1,1,1,1,1,1,
1,1,1,1,1,1,1,1,1,1,1,1,1,1,1,1,1,1,1,1,1,1,1,1,1,1,1,4),(0.,0.0269100837497033,
0.0538201674994066,0.08073025124911,0.0941852931239616,0.107640334998813,
0.134550418748517,0.16146050249822,0.174915544373072,0.188370586247923,
0.215280669997627,0.24219075374733,0.269100837497033,0.282555879371885,
0.296010921246737,0.32292100499644,0.349831088746143,0.363286130620995,
0.376741172495846,0.40365125624555,0.430561339995253,0.444016381870105,
0.457471423744956,0.470926465619808,0.48438150749466,0.511291591244363,
0.538201674994066,0.56511175874377,0.592021842493473,0.618931926243176,
0.632386968118028,0.64584200999288,0.659297051867731,0.672752093742583,
0.699662177492286,0.72657226124199,0.740027303116841,0.753482344991693,
0.780392428741396,0.8073025124911,0.820757554365951,0.834212596240803,0.861122679990506),
 .UNSPECIFIED.);
#66=B_SPLINE_CURVE_WITH_KNOTS('',3,(#1414,#1415,#1416,#1417,#1418,#1419,
#1420,#1421,#1422,#1423,#1424,#1425,#1426,#1427,#1428,#1429,#1430,#1431,
#1432,#1433,#1434,#1435,#1436,#1437,#1438,#1439,#1440,#1441,#1442,#1443,
#1444,#1445,#1446,#1447,#1448,#1449,#1450,#1451,#1452,#1453,#1454,#1455,
#1456,#1457,#1458,#1459,#1460,#1461,#1462,#1463,#1464,#1465,#1466,#1467,
#1468,#1469,#1470,#1471,#1472,#1473,#1474,#1475,#1476,#1477,#1478,#1479,
#1480,#1481,#1482,#1483,#1484,#1485,#1486,#1487,#1488,#1489,#1490,#1491,
#1492,#1493,#1494,#1495,#1496,#1497,#1498,#1499,#1500,#1501,#1502,#1503,
#1504,#1505,#1506,#1507,#1508,#1509,#1510,#1511,#1512,#1513,#1514,#1515,
#1516,#1517,#1518,#1519,#1520),.UNSPECIFIED.,.T.,.F.,(1,1,1,1,1,1,1,1,1,
1,1,1,1,1,1,1,1,1,1,1,1,1,1,1,1,1,1,1,1,1,1,1,1,1,1,1,1,1,1,1,1,1,1,1,1,
1,1,1,1,1,1,1,1,1,1,1,1,1,1,1,1,1,1,1,1,1,1,1,1,1,1,1,1,1,1,1,1,1,1,1,1,
1,1,1,1,1,1,1,1,1,1,1,1,1,1,1,1,1,1,1,1,1,1,1,1,1,1,1,1,1,1),(-0.0685855158880764,
-0.0342927579440384,-0.017146378972019,5.12278473325907E-18,0.017146378972019,
0.034292757944038,0.068585515888076,0.102878273832114,0.120024652804133,
0.137171031776152,0.154317410748171,0.17146378972019,0.188610168692209,
0.205756547664228,0.222902926636247,0.240049305608266,0.274342063552304,
0.308634821496342,0.325781200468361,0.34292757944038,0.360073958412399,
0.377220337384418,0.394366716356437,0.411513095328456,0.428659474300475,
0.445805853272494,0.462952232244513,0.480098611216532,0.51439136916057,
0.548684127104608,0.565830506076627,0.582976885048646,0.600123264020665,
0.617269642992684,0.651562400936722,0.68585515888076,0.703001537852779,
0.720147916824798,0.754440674768836,0.771587053740855,0.788733432712874,
0.805879811684893,0.823026190656912,0.840172569628931,0.85731894860095,
0.891611706544988,0.925904464489026,0.943050843461045,0.960197222433064,
0.977343601405083,0.994489980377102,1.01163635934912,1.02878273832114,1.04592911729316,
1.06307549626518,1.09736825420922,1.13166101215325,1.14880739112527,1.16595377009729,
1.18310014906931,1.20024652804133,1.21739290701335,1.23453928598537,1.26883204392941,
1.28597842290143,1.30312480187344,1.33741755981748,1.3545639387895,1.37171031776152,
1.38885669673354,1.40600307570556,1.42314945467758,1.4402958336496,1.47458859159363,
1.50888134953767,1.52602772850969,1.54317410748171,1.56032048645373,1.57746686542575,
1.59461324439777,1.61175962336979,1.62890600234181,1.64605238131382,1.68034513925786,
1.7146378972019,1.73178427617392,1.74893065514594,1.76607703411796,1.78322341308998,
1.800369792062,1.81751617103401,1.85180892897805,1.86895530795007,1.88610168692209,
1.92039444486613,1.93754082383815,1.95468720281017,1.97183358178219,1.9889799607542,
2.00612633972622,2.02327271869824,2.05756547664228,2.09185823458632,2.10900461355834,
2.12615099253036,2.16044375047439,2.17759012944641,2.19473650841843,2.21188288739045,
2.22902926636247,2.26332202430651),.UNSPECIFIED.);
#67=B_SPLINE_CURVE_WITH_KNOTS('',3,(#1532,#1533,#1534,#1535,#1536,#1537,
#1538,#1539,#1540,#1541,#1542,#1543,#1544,#1545,#1546,#1547,#1548,#1549,
#1550,#1551,#1552,#1553,#1554,#1555,#1556,#1557,#1558,#1559,#1560,#1561,
#1562,#1563,#1564,#1565,#1566,#1567,#1568,#1569,#1570,#1571,#1572,#1573,
#1574,#1575,#1576,#1577,#1578,#1579,#1580,#1581,#1582,#1583,#1584,#1585,
#1586,#1587,#1588,#1589,#1590,#1591,#1592,#1593,#1594,#1595,#1596,#1597,
#1598,#1599,#1600,#1601,#1602,#1603,#1604,#1605,#1606,#1607,#1608,#1609,
#1610,#1611,#1612,#1613,#1614,#1615,#1616,#1617,#1618,#1619,#1620,#1621,
#1622,#1623,#1624,#1625,#1626,#1627,#1628,#1629,#1630,#1631,#1632,#1633,
#1634,#1635,#1636,#1637,#1638),.UNSPECIFIED.,.T.,.F.,(1,1,1,1,1,1,1,1,1,
1,1,1,1,1,1,1,1,1,1,1,1,1,1,1,1,1,1,1,1,1,1,1,1,1,1,1,1,1,1,1,1,1,1,1,1,
1,1,1,1,1,1,1,1,1,1,1,1,1,1,1,1,1,1,1,1,1,1,1,1,1,1,1,1,1,1,1,1,1,1,1,1,
1,1,1,1,1,1,1,1,1,1,1,1,1,1,1,1,1,1,1,1,1,1,1,1,1,1,1,1,1,1),(-0.0685855158880759,
-0.034292757944038,-0.017146378972019,4.92266005971234E-18,0.017146378972019,
0.034292757944038,0.068585515888076,0.102878273832114,0.120024652804133,
0.137171031776152,0.154317410748171,0.17146378972019,0.188610168692209,
0.205756547664228,0.222902926636247,0.240049305608266,0.274342063552304,
0.308634821496342,0.325781200468361,0.34292757944038,0.360073958412399,
0.377220337384418,0.394366716356437,0.411513095328456,0.428659474300475,
0.445805853272494,0.462952232244513,0.480098611216532,0.51439136916057,
0.548684127104608,0.565830506076627,0.582976885048646,0.600123264020665,
0.617269642992684,0.651562400936722,0.68585515888076,0.703001537852779,
0.720147916824798,0.754440674768836,0.771587053740856,0.788733432712875,
0.805879811684894,0.823026190656913,0.840172569628931,0.85731894860095,
0.891611706544989,0.925904464489027,0.943050843461046,0.960197222433065,
0.977343601405084,0.994489980377103,1.01163635934912,1.02878273832114,1.04592911729316,
1.06307549626518,1.09736825420922,1.13166101215325,1.14880739112527,1.16595377009729,
1.18310014906931,1.20024652804133,1.21739290701335,1.23453928598537,1.26883204392941,
1.28597842290143,1.30312480187344,1.33741755981748,1.3545639387895,1.37171031776152,
1.38885669673354,1.40600307570556,1.42314945467758,1.4402958336496,1.47458859159363,
1.50888134953767,1.52602772850969,1.54317410748171,1.56032048645373,1.57746686542575,
1.59461324439777,1.61175962336979,1.62890600234181,1.64605238131383,1.68034513925786,
1.7146378972019,1.73178427617392,1.74893065514594,1.76607703411796,1.78322341308998,
1.800369792062,1.81751617103402,1.85180892897805,1.86895530795007,1.88610168692209,
1.92039444486613,1.93754082383815,1.95468720281017,1.97183358178219,1.98897996075421,
2.00612633972622,2.02327271869824,2.05756547664228,2.09185823458632,2.10900461355834,
2.12615099253036,2.1604437504744,2.17759012944641,2.19473650841843,2.21188288739045,
2.22902926636247,2.26332202430651),.UNSPECIFIED.);
#68=ORIENTED_EDGE('',*,*,#158,.F.);
#69=ORIENTED_EDGE('',*,*,#159,.T.);
#70=ORIENTED_EDGE('',*,*,#160,.T.);
#71=ORIENTED_EDGE('',*,*,#161,.F.);
#72=ORIENTED_EDGE('',*,*,#160,.F.);
#73=ORIENTED_EDGE('',*,*,#162,.T.);
#74=ORIENTED_EDGE('',*,*,#163,.T.);
#75=ORIENTED_EDGE('',*,*,#164,.F.);
#76=ORIENTED_EDGE('',*,*,#163,.F.);
#77=ORIENTED_EDGE('',*,*,#165,.T.);
#78=ORIENTED_EDGE('',*,*,#166,.T.);
#79=ORIENTED_EDGE('',*,*,#167,.F.);
#80=ORIENTED_EDGE('',*,*,#166,.F.);
#81=ORIENTED_EDGE('',*,*,#168,.T.);
#82=ORIENTED_EDGE('',*,*,#158,.T.);
#83=ORIENTED_EDGE('',*,*,#169,.F.);
#84=ORIENTED_EDGE('',*,*,#165,.F.);
#85=ORIENTED_EDGE('',*,*,#170,.F.);
#86=ORIENTED_EDGE('',*,*,#171,.T.);
#87=ORIENTED_EDGE('',*,*,#172,.T.);
#88=ORIENTED_EDGE('',*,*,#168,.F.);
#89=ORIENTED_EDGE('',*,*,#172,.F.);
#90=ORIENTED_EDGE('',*,*,#173,.T.);
#91=ORIENTED_EDGE('',*,*,#174,.T.);
#92=ORIENTED_EDGE('',*,*,#159,.F.);
#93=ORIENTED_EDGE('',*,*,#174,.F.);
#94=ORIENTED_EDGE('',*,*,#175,.T.);
#95=ORIENTED_EDGE('',*,*,#176,.T.);
#96=ORIENTED_EDGE('',*,*,#162,.F.);
#97=ORIENTED_EDGE('',*,*,#176,.F.);
#98=ORIENTED_EDGE('',*,*,#177,.T.);
#99=ORIENTED_EDGE('',*,*,#170,.T.);
#100=ORIENTED_EDGE('',*,*,#178,.F.);
#101=ORIENTED_EDGE('',*,*,#179,.T.);
#102=ORIENTED_EDGE('',*,*,#180,.T.);
#103=ORIENTED_EDGE('',*,*,#181,.F.);
#104=ORIENTED_EDGE('',*,*,#182,.F.);
#105=ORIENTED_EDGE('',*,*,#183,.T.);
#106=ORIENTED_EDGE('',*,*,#178,.T.);
#107=ORIENTED_EDGE('',*,*,#184,.F.);
#108=ORIENTED_EDGE('',*,*,#185,.F.);
#109=ORIENTED_EDGE('',*,*,#186,.T.);
#110=ORIENTED_EDGE('',*,*,#182,.T.);
#111=ORIENTED_EDGE('',*,*,#187,.F.);
#112=ORIENTED_EDGE('',*,*,#180,.F.);
#113=ORIENTED_EDGE('',*,*,#188,.T.);
#114=ORIENTED_EDGE('',*,*,#185,.T.);
#115=ORIENTED_EDGE('',*,*,#189,.F.);
#116=ORIENTED_EDGE('',*,*,#188,.F.);
#117=ORIENTED_EDGE('',*,*,#190,.F.);
#118=ORIENTED_EDGE('',*,*,#191,.T.);
#119=ORIENTED_EDGE('',*,*,#192,.T.);
#120=ORIENTED_EDGE('',*,*,#186,.F.);
#121=ORIENTED_EDGE('',*,*,#192,.F.);
#122=ORIENTED_EDGE('',*,*,#193,.T.);
#123=ORIENTED_EDGE('',*,*,#194,.T.);
#124=ORIENTED_EDGE('',*,*,#183,.F.);
#125=ORIENTED_EDGE('',*,*,#194,.F.);
#126=ORIENTED_EDGE('',*,*,#195,.T.);
#127=ORIENTED_EDGE('',*,*,#196,.T.);
#128=ORIENTED_EDGE('',*,*,#179,.F.);
#129=ORIENTED_EDGE('',*,*,#196,.F.);
#130=ORIENTED_EDGE('',*,*,#197,.T.);
#131=ORIENTED_EDGE('',*,*,#190,.T.);
#132=ORIENTED_EDGE('',*,*,#198,.T.);
#133=ORIENTED_EDGE('',*,*,#199,.T.);
#134=ORIENTED_EDGE('',*,*,#200,.T.);
#135=ORIENTED_EDGE('',*,*,#201,.T.);
#136=ORIENTED_EDGE('',*,*,#201,.F.);
#137=ORIENTED_EDGE('',*,*,#202,.T.);
#138=ORIENTED_EDGE('',*,*,#203,.T.);
#139=ORIENTED_EDGE('',*,*,#204,.T.);
#140=ORIENTED_EDGE('',*,*,#205,.T.);
#141=ORIENTED_EDGE('',*,*,#206,.T.);
#142=ORIENTED_EDGE('',*,*,#207,.T.);
#143=ORIENTED_EDGE('',*,*,#208,.F.);
#144=ORIENTED_EDGE('',*,*,#209,.T.);
#145=ORIENTED_EDGE('',*,*,#210,.F.);
#146=ORIENTED_EDGE('',*,*,#211,.F.);
#147=ORIENTED_EDGE('',*,*,#212,.F.);
#148=ORIENTED_EDGE('',*,*,#213,.F.);
#149=ORIENTED_EDGE('',*,*,#214,.T.);
#150=ORIENTED_EDGE('',*,*,#215,.T.);
#151=ORIENTED_EDGE('',*,*,#216,.T.);
#152=ORIENTED_EDGE('',*,*,#217,.F.);
#153=ORIENTED_EDGE('',*,*,#218,.T.);
#154=ORIENTED_EDGE('',*,*,#218,.F.);
#155=ORIENTED_EDGE('',*,*,#219,.T.);
#156=ORIENTED_EDGE('',*,*,#220,.T.);
#157=ORIENTED_EDGE('',*,*,#221,.F.);
#158=EDGE_CURVE('',#222,#223,#270,.T.);
#159=EDGE_CURVE('',#222,#224,#56,.T.);
#160=EDGE_CURVE('',#224,#225,#271,.T.);
#161=EDGE_CURVE('',#223,#225,#36,.T.);
#162=EDGE_CURVE('',#224,#226,#272,.T.);
#163=EDGE_CURVE('',#226,#227,#273,.T.);
#164=EDGE_CURVE('',#225,#227,#274,.F.);
#165=EDGE_CURVE('',#226,#228,#57,.T.);
#166=EDGE_CURVE('',#228,#229,#275,.T.);
#167=EDGE_CURVE('',#227,#229,#37,.T.);
#168=EDGE_CURVE('',#228,#222,#276,.F.);
#169=EDGE_CURVE('',#229,#223,#277,.T.);
#170=EDGE_CURVE('',#230,#226,#278,.T.);
#171=EDGE_CURVE('',#230,#231,#38,.T.);
#172=EDGE_CURVE('',#231,#228,#279,.T.);
#173=EDGE_CURVE('',#231,#232,#280,.T.);
#174=EDGE_CURVE('',#232,#222,#281,.T.);
#175=EDGE_CURVE('',#232,#233,#39,.T.);
#176=EDGE_CURVE('',#233,#224,#282,.T.);
#177=EDGE_CURVE('',#233,#230,#283,.F.);
#178=EDGE_CURVE('',#234,#235,#284,.T.);
#179=EDGE_CURVE('',#234,#236,#58,.T.);
#180=EDGE_CURVE('',#236,#237,#285,.T.);
#181=EDGE_CURVE('',#235,#237,#40,.F.);
#182=EDGE_CURVE('',#238,#239,#286,.T.);
#183=EDGE_CURVE('',#238,#234,#287,.F.);
#184=EDGE_CURVE('',#239,#235,#288,.F.);
#185=EDGE_CURVE('',#240,#241,#289,.T.);
#186=EDGE_CURVE('',#240,#238,#59,.T.);
#187=EDGE_CURVE('',#241,#239,#41,.F.);
#188=EDGE_CURVE('',#236,#240,#290,.T.);
#189=EDGE_CURVE('',#237,#241,#291,.T.);
#190=EDGE_CURVE('',#242,#236,#292,.T.);
#191=EDGE_CURVE('',#242,#243,#293,.T.);
#192=EDGE_CURVE('',#243,#240,#294,.T.);
#193=EDGE_CURVE('',#243,#244,#42,.F.);
#194=EDGE_CURVE('',#244,#238,#295,.T.);
#195=EDGE_CURVE('',#244,#245,#296,.F.);
#196=EDGE_CURVE('',#245,#234,#297,.T.);
#197=EDGE_CURVE('',#245,#242,#43,.F.);
#198=EDGE_CURVE('',#246,#246,#44,.T.);
#199=EDGE_CURVE('',#247,#247,#45,.F.);
#200=EDGE_CURVE('',#248,#248,#46,.T.);
#201=EDGE_CURVE('',#249,#249,#60,.T.);
#202=EDGE_CURVE('',#250,#250,#47,.T.);
#203=EDGE_CURVE('',#251,#252,#298,.T.);
#204=EDGE_CURVE('',#252,#253,#61,.T.);
#205=EDGE_CURVE('',#253,#254,#299,.F.);
#206=EDGE_CURVE('',#254,#251,#62,.T.);
#207=EDGE_CURVE('',#255,#255,#63,.T.);
#208=EDGE_CURVE('',#256,#256,#48,.F.);
#209=EDGE_CURVE('',#257,#257,#49,.T.);
#210=EDGE_CURVE('',#258,#259,#300,.F.);
#211=EDGE_CURVE('',#260,#258,#64,.T.);
#212=EDGE_CURVE('',#261,#260,#301,.T.);
#213=EDGE_CURVE('',#259,#261,#65,.T.);
#214=EDGE_CURVE('',#262,#262,#66,.T.);
#215=EDGE_CURVE('',#263,#263,#50,.T.);
#216=EDGE_CURVE('',#264,#264,#51,.T.);
#217=EDGE_CURVE('',#265,#265,#52,.T.);
#218=EDGE_CURVE('',#266,#266,#67,.T.);
#219=EDGE_CURVE('',#267,#267,#53,.T.);
#220=EDGE_CURVE('',#268,#268,#54,.T.);
#221=EDGE_CURVE('',#269,#269,#55,.T.);
#222=VERTEX_POINT('',#738);
#223=VERTEX_POINT('',#739);
#224=VERTEX_POINT('',#785);
#225=VERTEX_POINT('',#787);
#226=VERTEX_POINT('',#791);
#227=VERTEX_POINT('',#793);
#228=VERTEX_POINT('',#841);
#229=VERTEX_POINT('',#843);
#230=VERTEX_POINT('',#850);
#231=VERTEX_POINT('',#852);
#232=VERTEX_POINT('',#856);
#233=VERTEX_POINT('',#860);
#234=VERTEX_POINT('',#867);
#235=VERTEX_POINT('',#868);
#236=VERTEX_POINT('',#914);
#237=VERTEX_POINT('',#916);
#238=VERTEX_POINT('',#920);
#239=VERTEX_POINT('',#921);
#240=VERTEX_POINT('',#926);
#241=VERTEX_POINT('',#927);
#242=VERTEX_POINT('',#979);
#243=VERTEX_POINT('',#981);
#244=VERTEX_POINT('',#985);
#245=VERTEX_POINT('',#989);
#246=VERTEX_POINT('',#996);
#247=VERTEX_POINT('',#998);
#248=VERTEX_POINT('',#1002);
#249=VERTEX_POINT('',#1107);
#250=VERTEX_POINT('',#1110);
#251=VERTEX_POINT('',#1114);
#252=VERTEX_POINT('',#1115);
#253=VERTEX_POINT('',#1161);
#254=VERTEX_POINT('',#1163);
#255=VERTEX_POINT('',#1313);
#256=VERTEX_POINT('',#1315);
#257=VERTEX_POINT('',#1317);
#258=VERTEX_POINT('',#1319);
#259=VERTEX_POINT('',#1320);
#260=VERTEX_POINT('',#1366);
#261=VERTEX_POINT('',#1368);
#262=VERTEX_POINT('',#1521);
#263=VERTEX_POINT('',#1525);
#264=VERTEX_POINT('',#1527);
#265=VERTEX_POINT('',#1531);
#266=VERTEX_POINT('',#1639);
#267=VERTEX_POINT('',#1642);
#268=VERTEX_POINT('',#1646);
#269=VERTEX_POINT('',#1648);
#270=LINE('',#737,#302);
#271=LINE('',#786,#303);
#272=LINE('',#790,#304);
#273=LINE('',#792,#305);
#274=LINE('',#794,#306);
#275=LINE('',#842,#307);
#276=LINE('',#846,#308);
#277=LINE('',#847,#309);
#278=LINE('',#849,#310);
#279=LINE('',#853,#311);
#280=LINE('',#855,#312);
#281=LINE('',#857,#313);
#282=LINE('',#861,#314);
#283=LINE('',#863,#315);
#284=LINE('',#866,#316);
#285=LINE('',#915,#317);
#286=LINE('',#919,#318);
#287=LINE('',#922,#319);
#288=LINE('',#923,#320);
#289=LINE('',#925,#321);
#290=LINE('',#975,#322);
#291=LINE('',#976,#323);
#292=LINE('',#978,#324);
#293=LINE('',#980,#325);
#294=LINE('',#982,#326);
#295=LINE('',#986,#327);
#296=LINE('',#988,#328);
#297=LINE('',#990,#329);
#298=LINE('',#1113,#330);
#299=LINE('',#1162,#331);
#300=LINE('',#1318,#332);
#301=LINE('',#1367,#333);
#302=VECTOR('',#603,1.);
#303=VECTOR('',#604,1.);
#304=VECTOR('',#609,1.);
#305=VECTOR('',#610,1.);
#306=VECTOR('',#611,1.);
#307=VECTOR('',#614,1.);
#308=VECTOR('',#619,1.);
#309=VECTOR('',#620,1.);
#310=VECTOR('',#623,1.);
#311=VECTOR('',#626,1.);
#312=VECTOR('',#629,1.);
#313=VECTOR('',#630,1.);
#314=VECTOR('',#635,1.);
#315=VECTOR('',#638,1.);
#316=VECTOR('',#643,1.);
#317=VECTOR('',#644,1.);
#318=VECTOR('',#649,1.);
#319=VECTOR('',#650,1.);
#320=VECTOR('',#651,1.);
#321=VECTOR('',#654,1.);
#322=VECTOR('',#659,1.);
#323=VECTOR('',#660,1.);
#324=VECTOR('',#663,1.);
#325=VECTOR('',#664,1.);
#326=VECTOR('',#665,1.);
#327=VECTOR('',#670,1.);
#328=VECTOR('',#673,1.);
#329=VECTOR('',#674,1.);
#330=VECTOR('',#701,1.);
#331=VECTOR('',#702,1.);
#332=VECTOR('',#707,1.);
#333=VECTOR('',#708,1.);
#334=EDGE_LOOP('',(#68,#69,#70,#71));
#335=EDGE_LOOP('',(#72,#73,#74,#75));
#336=EDGE_LOOP('',(#76,#77,#78,#79));
#337=EDGE_LOOP('',(#80,#81,#82,#83));
#338=EDGE_LOOP('',(#84,#85,#86,#87));
#339=EDGE_LOOP('',(#88,#89,#90,#91));
#340=EDGE_LOOP('',(#92,#93,#94,#95));
#341=EDGE_LOOP('',(#96,#97,#98,#99));
#342=EDGE_LOOP('',(#100,#101,#102,#103));
#343=EDGE_LOOP('',(#104,#105,#106,#107));
#344=EDGE_LOOP('',(#108,#109,#110,#111));
#345=EDGE_LOOP('',(#112,#113,#114,#115));
#346=EDGE_LOOP('',(#116,#117,#118,#119));
#347=EDGE_LOOP('',(#120,#121,#122,#123));
#348=EDGE_LOOP('',(#124,#125,#126,#127));
#349=EDGE_LOOP('',(#128,#129,#130,#131));
#350=EDGE_LOOP('',(#132));
#351=EDGE_LOOP('',(#133));
#352=EDGE_LOOP('',(#134));
#353=EDGE_LOOP('',(#135));
#354=EDGE_LOOP('',(#136));
#355=EDGE_LOOP('',(#137));
#356=EDGE_LOOP('',(#138,#139,#140,#141));
#357=EDGE_LOOP('',(#142));
#358=EDGE_LOOP('',(#143));
#359=EDGE_LOOP('',(#144));
#360=EDGE_LOOP('',(#145,#146,#147,#148));
#361=EDGE_LOOP('',(#149));
#362=EDGE_LOOP('',(#150));
#363=EDGE_LOOP('',(#151));
#364=EDGE_LOOP('',(#152));
#365=EDGE_LOOP('',(#153));
#366=EDGE_LOOP('',(#154));
#367=EDGE_LOOP('',(#155));
#368=EDGE_LOOP('',(#156));
#369=EDGE_LOOP('',(#157));
#370=FACE_BOUND('',#334,.T.);
#371=FACE_BOUND('',#335,.T.);
#372=FACE_BOUND('',#336,.T.);
#373=FACE_BOUND('',#337,.T.);
#374=FACE_BOUND('',#338,.T.);
#375=FACE_BOUND('',#339,.T.);
#376=FACE_BOUND('',#340,.T.);
#377=FACE_BOUND('',#341,.T.);
#378=FACE_BOUND('',#342,.T.);
#379=FACE_BOUND('',#343,.T.);
#380=FACE_BOUND('',#344,.T.);
#381=FACE_BOUND('',#345,.T.);
#382=FACE_BOUND('',#346,.T.);
#383=FACE_BOUND('',#347,.T.);
#384=FACE_BOUND('',#348,.T.);
#385=FACE_BOUND('',#349,.T.);
#386=FACE_BOUND('',#350,.T.);
#387=FACE_BOUND('',#351,.T.);
#388=FACE_BOUND('',#352,.T.);
#389=FACE_BOUND('',#353,.T.);
#390=FACE_BOUND('',#354,.T.);
#391=FACE_BOUND('',#355,.T.);
#392=FACE_BOUND('',#356,.T.);
#393=FACE_BOUND('',#357,.T.);
#394=FACE_BOUND('',#358,.T.);
#395=FACE_BOUND('',#359,.T.);
#396=FACE_BOUND('',#360,.T.);
#397=FACE_BOUND('',#361,.T.);
#398=FACE_BOUND('',#362,.T.);
#399=FACE_BOUND('',#363,.T.);
#400=FACE_BOUND('',#364,.T.);
#401=FACE_BOUND('',#365,.T.);
#402=FACE_BOUND('',#366,.T.);
#403=FACE_BOUND('',#367,.T.);
#404=FACE_BOUND('',#368,.T.);
#405=FACE_BOUND('',#369,.T.);
#406=CYLINDRICAL_SURFACE('',#548,0.275);
#407=CYLINDRICAL_SURFACE('',#551,0.275);
#408=CYLINDRICAL_SURFACE('',#554,0.275);
#409=CYLINDRICAL_SURFACE('',#557,0.275);
#410=CYLINDRICAL_SURFACE('',#561,0.275);
#411=CYLINDRICAL_SURFACE('',#564,0.275);
#412=CYLINDRICAL_SURFACE('',#568,0.275);
#413=CYLINDRICAL_SURFACE('',#571,0.275);
#414=CYLINDRICAL_SURFACE('',#574,1.6175);
#415=CYLINDRICAL_SURFACE('',#578,0.33);
#416=CYLINDRICAL_SURFACE('',#580,0.33);
#417=CYLINDRICAL_SURFACE('',#583,1.6175);
#418=CYLINDRICAL_SURFACE('',#587,1.6175);
#419=CYLINDRICAL_SURFACE('',#591,0.35);
#420=CYLINDRICAL_SURFACE('',#593,0.35);
#421=ADVANCED_FACE('',(#370),#406,.F.);
#422=ADVANCED_FACE('',(#371),#27,.T.);
#423=ADVANCED_FACE('',(#372),#407,.F.);
#424=ADVANCED_FACE('',(#373),#28,.T.);
#425=ADVANCED_FACE('',(#374),#408,.F.);
#426=ADVANCED_FACE('',(#375),#29,.T.);
#427=ADVANCED_FACE('',(#376),#409,.F.);
#428=ADVANCED_FACE('',(#377),#30,.T.);
#429=ADVANCED_FACE('',(#378),#410,.T.);
#430=ADVANCED_FACE('',(#379),#31,.T.);
#431=ADVANCED_FACE('',(#380),#411,.T.);
#432=ADVANCED_FACE('',(#381),#32,.T.);
#433=ADVANCED_FACE('',(#382),#33,.T.);
#434=ADVANCED_FACE('',(#383),#412,.T.);
#435=ADVANCED_FACE('',(#384),#34,.T.);
#436=ADVANCED_FACE('',(#385),#413,.T.);
#437=ADVANCED_FACE('Face appearance 1',(#386,#387),#414,.T.);
#438=ADVANCED_FACE('',(#388,#389),#415,.F.);
#439=ADVANCED_FACE('',(#390,#391),#416,.F.);
#440=ADVANCED_FACE('',(#392,#393,#394,#395,#396,#397),#417,.T.);
#441=ADVANCED_FACE('',(#398,#399),#418,.F.);
#442=ADVANCED_FACE('',(#400,#401),#419,.F.);
#443=ADVANCED_FACE('',(#402,#403),#420,.F.);
#444=ADVANCED_FACE('',(#404,#405),#35,.T.);
#445=OPEN_SHELL('',(#421,#422,#423,#424,#425,#426,#427,#428));
#446=OPEN_SHELL('',(#429,#430,#431,#432,#433,#434,#435,#436));
#447=OPEN_SHELL('',(#437));
#448=OPEN_SHELL('',(#438,#439));
#449=OPEN_SHELL('',(#440));
#450=OPEN_SHELL('',(#441));
#451=OPEN_SHELL('',(#442,#443));
#452=OPEN_SHELL('',(#444));
#453=STYLED_ITEM('',(#461),#523);
#454=STYLED_ITEM('',(#462),#524);
#455=STYLED_ITEM('',(#463),#525);
#456=STYLED_ITEM('',(#465),#526);
#457=STYLED_ITEM('',(#466),#527);
#458=STYLED_ITEM('',(#467),#528);
#459=STYLED_ITEM('',(#468),#529);
#460=STYLED_ITEM('',(#469),#530);
#461=PRESENTATION_STYLE_ASSIGNMENT((#470));
#462=PRESENTATION_STYLE_ASSIGNMENT((#471));
#463=PRESENTATION_STYLE_ASSIGNMENT((#472));
#464=PRESENTATION_STYLE_ASSIGNMENT((#473));
#465=PRESENTATION_STYLE_ASSIGNMENT((#474));
#466=PRESENTATION_STYLE_ASSIGNMENT((#475));
#467=PRESENTATION_STYLE_ASSIGNMENT((#476));
#468=PRESENTATION_STYLE_ASSIGNMENT((#477));
#469=PRESENTATION_STYLE_ASSIGNMENT((#478));
#470=SURFACE_STYLE_USAGE(.BOTH.,#479);
#471=SURFACE_STYLE_USAGE(.BOTH.,#480);
#472=SURFACE_STYLE_USAGE(.BOTH.,#481);
#473=SURFACE_STYLE_USAGE(.BOTH.,#482);
#474=SURFACE_STYLE_USAGE(.BOTH.,#483);
#475=SURFACE_STYLE_USAGE(.BOTH.,#484);
#476=SURFACE_STYLE_USAGE(.BOTH.,#485);
#477=SURFACE_STYLE_USAGE(.BOTH.,#486);
#478=SURFACE_STYLE_USAGE(.BOTH.,#487);
#479=SURFACE_SIDE_STYLE('',(#488));
#480=SURFACE_SIDE_STYLE('',(#489));
#481=SURFACE_SIDE_STYLE('',(#490));
#482=SURFACE_SIDE_STYLE('',(#491));
#483=SURFACE_SIDE_STYLE('',(#492));
#484=SURFACE_SIDE_STYLE('',(#493));
#485=SURFACE_SIDE_STYLE('',(#494));
#486=SURFACE_SIDE_STYLE('',(#495));
#487=SURFACE_SIDE_STYLE('',(#496));
#488=SURFACE_STYLE_FILL_AREA(#497);
#489=SURFACE_STYLE_FILL_AREA(#498);
#490=SURFACE_STYLE_FILL_AREA(#499);
#491=SURFACE_STYLE_FILL_AREA(#500);
#492=SURFACE_STYLE_FILL_AREA(#501);
#493=SURFACE_STYLE_FILL_AREA(#502);
#494=SURFACE_STYLE_FILL_AREA(#503);
#495=SURFACE_STYLE_FILL_AREA(#504);
#496=SURFACE_STYLE_FILL_AREA(#505);
#497=FILL_AREA_STYLE('',(#506));
#498=FILL_AREA_STYLE('',(#507));
#499=FILL_AREA_STYLE('',(#508));
#500=FILL_AREA_STYLE('',(#509));
#501=FILL_AREA_STYLE('',(#510));
#502=FILL_AREA_STYLE('',(#511));
#503=FILL_AREA_STYLE('',(#512));
#504=FILL_AREA_STYLE('',(#513));
#505=FILL_AREA_STYLE('',(#514));
#506=FILL_AREA_STYLE_COLOUR('',#515);
#507=FILL_AREA_STYLE_COLOUR('',#516);
#508=FILL_AREA_STYLE_COLOUR('',#517);
#509=FILL_AREA_STYLE_COLOUR('',#518);
#510=FILL_AREA_STYLE_COLOUR('',#519);
#511=FILL_AREA_STYLE_COLOUR('',#520);
#512=FILL_AREA_STYLE_COLOUR('',#521);
#513=FILL_AREA_STYLE_COLOUR('',#522);
#514=FILL_AREA_STYLE_COLOUR('',#520);
#515=COLOUR_RGB('',0.647058823529412,0.647058823529412,0.647058823529412);
#516=COLOUR_RGB('',0.615686274509804,0.811764705882353,0.929411764705882);
#517=COLOUR_RGB('',0.980392156862745,0.713725490196078,0.00392156862745098);
#518=COLOUR_RGB('',0.6,0.6,0.6);
#519=COLOUR_RGB('',0.917647058823529,0.917647058823529,0.917647058823529);
#520=COLOUR_RGB('',0.498039215686275,0.498039215686275,0.498039215686275);
#521=COLOUR_RGB('',0.972549019607843,0.529411764705882,0.00392156862745098);
#522=COLOUR_RGB('',0.231372549019608,0.380392156862745,0.705882352941177);
#523=SHELL_BASED_SURFACE_MODEL('opening_1',(#445));
#524=SHELL_BASED_SURFACE_MODEL('opening_0',(#446));
#525=SHELL_BASED_SURFACE_MODEL('skir_carbo_und',(#447));
#526=SHELL_BASED_SURFACE_MODEL('Surface 7',(#448));
#527=SHELL_BASED_SURFACE_MODEL('skir_carbo_mid',(#449));
#528=SHELL_BASED_SURFACE_MODEL('skir_sless',(#450));
#529=SHELL_BASED_SURFACE_MODEL('Surface 6',(#451));
#530=SHELL_BASED_SURFACE_MODEL('base_plate',(#452));
#531=SHAPE_DEFINITION_REPRESENTATION(#1697,#539);
#532=SHAPE_DEFINITION_REPRESENTATION(#1698,#540);
#533=SHAPE_DEFINITION_REPRESENTATION(#1699,#541);
#534=SHAPE_DEFINITION_REPRESENTATION(#1700,#542);
#535=SHAPE_DEFINITION_REPRESENTATION(#1701,#543);
#536=SHAPE_DEFINITION_REPRESENTATION(#1702,#544);
#537=SHAPE_DEFINITION_REPRESENTATION(#1703,#545);
#538=SHAPE_DEFINITION_REPRESENTATION(#1704,#546);
#539=SHAPE_REPRESENTATION('opening_1',(#547),#1657);
#540=SHAPE_REPRESENTATION('opening_0',(#560),#1658);
#541=SHAPE_REPRESENTATION('skir_carbo_und',(#573),#1659);
#542=SHAPE_REPRESENTATION('Surface 7',(#577),#1660);
#543=SHAPE_REPRESENTATION('skir_carbo_mid',(#582),#1661);
#544=SHAPE_REPRESENTATION('skir_sless',(#586),#1662);
#545=SHAPE_REPRESENTATION('Surface 6',(#590),#1663);
#546=SHAPE_REPRESENTATION('base_plate',(#595),#1664);
#547=AXIS2_PLACEMENT_3D('',#735,#599,#600);
#548=AXIS2_PLACEMENT_3D('',#736,#601,#602);
#549=AXIS2_PLACEMENT_3D('',#788,#605,#606);
#550=AXIS2_PLACEMENT_3D('',#789,#607,#608);
#551=AXIS2_PLACEMENT_3D('',#795,#612,#613);
#552=AXIS2_PLACEMENT_3D('',#844,#615,#616);
#553=AXIS2_PLACEMENT_3D('',#845,#617,#618);
#554=AXIS2_PLACEMENT_3D('',#848,#621,#622);
#555=AXIS2_PLACEMENT_3D('',#851,#624,#625);
#556=AXIS2_PLACEMENT_3D('',#854,#627,#628);
#557=AXIS2_PLACEMENT_3D('',#858,#631,#632);
#558=AXIS2_PLACEMENT_3D('',#859,#633,#634);
#559=AXIS2_PLACEMENT_3D('',#862,#636,#637);
#560=AXIS2_PLACEMENT_3D('',#864,#639,#640);
#561=AXIS2_PLACEMENT_3D('',#865,#641,#642);
#562=AXIS2_PLACEMENT_3D('',#917,#645,#646);
#563=AXIS2_PLACEMENT_3D('',#918,#647,#648);
#564=AXIS2_PLACEMENT_3D('',#924,#652,#653);
#565=AXIS2_PLACEMENT_3D('',#973,#655,#656);
#566=AXIS2_PLACEMENT_3D('',#974,#657,#658);
#567=AXIS2_PLACEMENT_3D('',#977,#661,#662);
#568=AXIS2_PLACEMENT_3D('',#983,#666,#667);
#569=AXIS2_PLACEMENT_3D('',#984,#668,#669);
#570=AXIS2_PLACEMENT_3D('',#987,#671,#672);
#571=AXIS2_PLACEMENT_3D('',#991,#675,#676);
#572=AXIS2_PLACEMENT_3D('',#992,#677,#678);
#573=AXIS2_PLACEMENT_3D('',#993,#679,#680);
#574=AXIS2_PLACEMENT_3D('',#994,#681,#682);
#575=AXIS2_PLACEMENT_3D('',#995,#683,#684);
#576=AXIS2_PLACEMENT_3D('',#997,#685,#686);
#577=AXIS2_PLACEMENT_3D('',#999,#687,#688);
#578=AXIS2_PLACEMENT_3D('',#1000,#689,#690);
#579=AXIS2_PLACEMENT_3D('',#1001,#691,#692);
#580=AXIS2_PLACEMENT_3D('',#1108,#693,#694);
#581=AXIS2_PLACEMENT_3D('',#1109,#695,#696);
#582=AXIS2_PLACEMENT_3D('',#1111,#697,#698);
#583=AXIS2_PLACEMENT_3D('',#1112,#699,#700);
#584=AXIS2_PLACEMENT_3D('',#1314,#703,#704);
#585=AXIS2_PLACEMENT_3D('',#1316,#705,#706);
#586=AXIS2_PLACEMENT_3D('',#1522,#709,#710);
#587=AXIS2_PLACEMENT_3D('',#1523,#711,#712);
#588=AXIS2_PLACEMENT_3D('',#1524,#713,#714);
#589=AXIS2_PLACEMENT_3D('',#1526,#715,#716);
#590=AXIS2_PLACEMENT_3D('',#1528,#717,#718);
#591=AXIS2_PLACEMENT_3D('',#1529,#719,#720);
#592=AXIS2_PLACEMENT_3D('',#1530,#721,#722);
#593=AXIS2_PLACEMENT_3D('',#1640,#723,#724);
#594=AXIS2_PLACEMENT_3D('',#1641,#725,#726);
#595=AXIS2_PLACEMENT_3D('',#1643,#727,#728);
#596=AXIS2_PLACEMENT_3D('',#1644,#729,#730);
#597=AXIS2_PLACEMENT_3D('',#1645,#731,#732);
#598=AXIS2_PLACEMENT_3D('',#1647,#733,#734);
#599=DIRECTION('',(0.,0.,1.));
#600=DIRECTION('',(1.,0.,0.));
#601=DIRECTION('',(0.,-1.,0.));
#602=DIRECTION('',(-1.,0.,0.));
#603=DIRECTION('',(0.,-1.,0.));
#604=DIRECTION('',(0.,-1.,0.));
#605=DIRECTION('',(0.,1.,0.));
#606=DIRECTION('',(1.,0.,-2.01858731750028E-15));
#607=DIRECTION('',(1.,0.,-2.4671622769448E-16));
#608=DIRECTION('',(-2.4671622769448E-16,0.,-1.));
#609=DIRECTION('',(0.,0.,1.));
#610=DIRECTION('',(0.,-1.,0.));
#611=DIRECTION('',(-2.4671622769448E-16,0.,-1.));
#612=DIRECTION('',(0.,-1.,0.));
#613=DIRECTION('',(-1.,0.,0.));
#614=DIRECTION('',(0.,-1.,0.));
#615=DIRECTION('',(0.,1.,0.));
#616=DIRECTION('',(-1.,0.,1.00929365875014E-15));
#617=DIRECTION('',(-1.,0.,0.));
#618=DIRECTION('',(0.,1.,0.));
#619=DIRECTION('',(0.,0.,1.));
#620=DIRECTION('',(0.,0.,-1.));
#621=DIRECTION('',(0.,-1.,0.));
#622=DIRECTION('',(-1.,0.,0.));
#623=DIRECTION('',(0.,-1.,0.));
#624=DIRECTION('',(0.,1.,0.));
#625=DIRECTION('',(-1.,0.,1.00929365875014E-15));
#626=DIRECTION('',(0.,-1.,0.));
#627=DIRECTION('',(-1.,0.,0.));
#628=DIRECTION('',(0.,1.,0.));
#629=DIRECTION('',(0.,0.,-1.));
#630=DIRECTION('',(0.,-1.,0.));
#631=DIRECTION('',(0.,-1.,0.));
#632=DIRECTION('',(-1.,0.,0.));
#633=DIRECTION('',(0.,1.,0.));
#634=DIRECTION('',(1.,0.,-2.01858731750028E-15));
#635=DIRECTION('',(0.,-1.,0.));
#636=DIRECTION('',(1.,0.,-2.4671622769448E-16));
#637=DIRECTION('',(-2.4671622769448E-16,0.,-1.));
#638=DIRECTION('',(-2.4671622769448E-16,0.,-1.));
#639=DIRECTION('',(0.,0.,1.));
#640=DIRECTION('',(1.,0.,0.));
#641=DIRECTION('',(0.,-1.,0.));
#642=DIRECTION('',(-1.,0.,0.));
#643=DIRECTION('',(0.,-1.,0.));
#644=DIRECTION('',(0.,-1.,0.));
#645=DIRECTION('',(0.,1.,0.));
#646=DIRECTION('',(1.,0.,-3.22973970800046E-15));
#647=DIRECTION('',(-1.,0.,0.));
#648=DIRECTION('',(0.,1.,0.));
#649=DIRECTION('',(0.,-1.,0.));
#650=DIRECTION('',(0.,0.,1.));
#651=DIRECTION('',(0.,0.,1.));
#652=DIRECTION('',(0.,-1.,0.));
#653=DIRECTION('',(-1.,0.,0.));
#654=DIRECTION('',(0.,-1.,0.));
#655=DIRECTION('',(0.,1.,0.));
#656=DIRECTION('',(-1.,0.,-3.22973970800046E-15));
#657=DIRECTION('',(1.,0.,0.));
#658=DIRECTION('',(0.,-1.,0.));
#659=DIRECTION('',(0.,0.,1.));
#660=DIRECTION('',(0.,0.,1.));
#661=DIRECTION('',(1.,0.,0.));
#662=DIRECTION('',(0.,-1.,0.));
#663=DIRECTION('',(0.,-1.,0.));
#664=DIRECTION('',(0.,0.,1.));
#665=DIRECTION('',(0.,-1.,0.));
#666=DIRECTION('',(0.,-1.,0.));
#667=DIRECTION('',(-1.,0.,0.));
#668=DIRECTION('',(0.,1.,0.));
#669=DIRECTION('',(-1.,0.,-3.22973970800046E-15));
#670=DIRECTION('',(0.,-1.,0.));
#671=DIRECTION('',(-1.,0.,0.));
#672=DIRECTION('',(0.,1.,0.));
#673=DIRECTION('',(0.,0.,1.));
#674=DIRECTION('',(0.,-1.,0.));
#675=DIRECTION('',(0.,-1.,0.));
#676=DIRECTION('',(-1.,0.,0.));
#677=DIRECTION('',(0.,1.,0.));
#678=DIRECTION('',(1.,0.,-3.22973970800046E-15));
#679=DIRECTION('',(0.,0.,1.));
#680=DIRECTION('',(1.,0.,0.));
#681=DIRECTION('',(8.32688846403401E-16,2.9582283945788E-31,-1.));
#682=DIRECTION('',(-1.,0.,-8.32688846403401E-16));
#683=DIRECTION('',(8.32688846403401E-16,2.9582283945788E-31,-1.));
#684=DIRECTION('',(-1.,2.4632837892796E-46,-8.32688846403401E-16));
#685=DIRECTION('',(1.08468374467891E-30,2.33363072919793E-61,-1.));
#686=DIRECTION('',(-1.,0.,-1.08468374467891E-30));
#687=DIRECTION('',(0.,0.,1.));
#688=DIRECTION('',(1.,0.,0.));
#689=DIRECTION('',(1.,5.88903280134492E-17,-2.22032253414604E-16));
#690=DIRECTION('',(-2.22032253414604E-16,0.,-1.));
#691=DIRECTION('',(1.,5.88903280134492E-17,-2.22032253414604E-16));
#692=DIRECTION('',(-2.22032253414604E-16,0.,-1.));
#693=DIRECTION('',(1.,5.88903280134492E-17,-2.22032253414604E-16));
#694=DIRECTION('',(-2.22032253414604E-16,0.,-1.));
#695=DIRECTION('',(-1.,-5.88903280134492E-17,2.22032253414604E-16));
#696=DIRECTION('',(0.,0.996940959238997,-0.0781583251588058));
#697=DIRECTION('',(0.,0.,1.));
#698=DIRECTION('',(1.,0.,0.));
#699=DIRECTION('',(0.,0.,1.));
#700=DIRECTION('',(0.,-1.,0.));
#701=DIRECTION('',(0.,0.,1.));
#702=DIRECTION('',(0.,0.,1.));
#703=DIRECTION('',(1.08468374467891E-30,2.33363072919793E-61,-1.));
#704=DIRECTION('',(-1.,0.,-1.08468374467891E-30));
#705=DIRECTION('',(0.,0.,1.));
#706=DIRECTION('',(0.,-1.,0.));
#707=DIRECTION('',(0.,0.,1.));
#708=DIRECTION('',(0.,0.,1.));
#709=DIRECTION('',(0.,0.,1.));
#710=DIRECTION('',(1.,0.,0.));
#711=DIRECTION('',(0.,0.,-1.));
#712=DIRECTION('',(0.,1.,0.));
#713=DIRECTION('',(0.,0.,1.));
#714=DIRECTION('',(0.,-1.,0.));
#715=DIRECTION('',(0.,0.,-1.));
#716=DIRECTION('',(0.,1.,0.));
#717=DIRECTION('',(0.,0.,1.));
#718=DIRECTION('',(1.,0.,0.));
#719=DIRECTION('',(-1.,-4.99857409153398E-17,-1.11712109989428E-16));
#720=DIRECTION('',(-1.11712109989428E-16,0.,1.));
#721=DIRECTION('',(1.,4.99857409153398E-17,1.11712109989428E-16));
#722=DIRECTION('',(0.,0.599777710069162,-0.800166669203481));
#723=DIRECTION('',(-1.,-4.99857409153398E-17,-1.11712109989428E-16));
#724=DIRECTION('',(-1.11712109989428E-16,0.,1.));
#725=DIRECTION('',(1.,4.99857409153398E-17,1.11712109989428E-16));
#726=DIRECTION('',(0.,0.599777710069162,-0.800166669203481));
#727=DIRECTION('',(0.,0.,1.));
#728=DIRECTION('',(1.,0.,0.));
#729=DIRECTION('',(-8.32688846403401E-16,-2.9582283945788E-31,1.));
#730=DIRECTION('',(1.,0.,8.32688846403401E-16));
#731=DIRECTION('',(8.32688846403401E-16,2.9582283945788E-31,-1.));
#732=DIRECTION('',(1.,3.1720657846433E-16,7.93016446160826E-16));
#733=DIRECTION('',(8.32688846403401E-16,2.9582283945788E-31,-1.));
#734=DIRECTION('',(1.,2.49488320140485E-16,8.73209120491696E-16));
#735=CARTESIAN_POINT('',(0.,0.,0.));
#736=CARTESIAN_POINT('',(-9.99200722162641E-16,1.7,-0.41));
#737=CARTESIAN_POINT('',(0.275,1.7,-0.41));
#738=CARTESIAN_POINT('',(0.275,1.5939514578556,-0.41));
#739=CARTESIAN_POINT('',(0.275,1.5,-0.41));
#740=CARTESIAN_POINT('',(0.275,1.5939514578556,-0.41));
#741=CARTESIAN_POINT('',(0.275,1.5939514578556,-0.419100494605627));
#742=CARTESIAN_POINT('',(0.274099465612971,1.59410721282327,-0.437143598303817));
#743=CARTESIAN_POINT('',(0.270138681653359,1.59478535212058,-0.463763755249893));
#744=CARTESIAN_POINT('',(0.26469020975175,1.59569991566905,-0.485549367409807));
#745=CARTESIAN_POINT('',(0.258987881331082,1.59663357233217,-0.502801857135671));
#746=CARTESIAN_POINT('',(0.252466023962346,1.59768200634364,-0.519672538999886));
#747=CARTESIAN_POINT('',(0.242867004830813,1.59917987556095,-0.53992496672888));
#748=CARTESIAN_POINT('',(0.231357427668215,1.60088261616551,-0.559129398163026));
#749=CARTESIAN_POINT('',(0.221003047025698,1.60233770162799,-0.573841633879936));
#750=CARTESIAN_POINT('',(0.209834604143636,1.60384960482778,-0.588151942280971));
#751=CARTESIAN_POINT('',(0.19474434873746,1.60577169513936,-0.604780438883301));
#752=CARTESIAN_POINT('',(0.174878213632406,1.60806358427876,-0.622796115339384));
#753=CARTESIAN_POINT('',(0.156866568260558,1.6099069065568,-0.636189321200866));
#754=CARTESIAN_POINT('',(0.141527399811127,1.61131060181738,-0.645916415399301));
#755=CARTESIAN_POINT('',(0.125859095768847,1.61262997614332,-0.654796982397427));
#756=CARTESIAN_POINT('',(0.105617003566611,1.61411191354943,-0.664381869478925));
#757=CARTESIAN_POINT('',(0.0845212546010672,1.6153306434361,-0.671959803802701));
#758=CARTESIAN_POINT('',(0.0671189661420768,1.61612487664968,-0.676799473333341));
#759=CARTESIAN_POINT('',(0.0493601593217099,1.61678955922026,-0.680800381395567));
#760=CARTESIAN_POINT('',(0.0271160174751569,1.61734656134603,-0.684099315034725));
#761=CARTESIAN_POINT('',(0.00471664804617451,1.61753683535507,-0.685216369522319));
#762=CARTESIAN_POINT('',(-0.0132751265471904,1.61746434214427,-0.684790425125922));
#763=CARTESIAN_POINT('',(-0.0268200165117847,1.61729664029005,-0.683802328298887));
#764=CARTESIAN_POINT('',(-0.040368658822044,1.61701482228837,-0.682134091195883));
#765=CARTESIAN_POINT('',(-0.0581264880785413,1.61649752677548,-0.679049806864194));
#766=CARTESIAN_POINT('',(-0.079885135862222,1.61559443456694,-0.673596842900823));
#767=CARTESIAN_POINT('',(-0.105239896962186,1.61413811651186,-0.664549466108017));
#768=CARTESIAN_POINT('',(-0.129923160456785,1.61233330620636,-0.652879643570458));
#769=CARTESIAN_POINT('',(-0.152976970154604,1.61030154187093,-0.639045974350791));
#770=CARTESIAN_POINT('',(-0.170958680408108,1.60846624497296,-0.625728450055895));
#771=CARTESIAN_POINT('',(-0.184573112722697,1.60694525968399,-0.614007111482794));
#772=CARTESIAN_POINT('',(-0.19442856504028,1.60578176129291,-0.604638418571579));
#773=CARTESIAN_POINT('',(-0.203766251628286,1.60462249803057,-0.594837580154963));
#774=CARTESIAN_POINT('',(-0.215488093336378,1.60310000021274,-0.581260754432767));
#775=CARTESIAN_POINT('',(-0.228821234397351,1.60125659627771,-0.563313729565438));
#776=CARTESIAN_POINT('',(-0.240384506725447,1.59954788805968,-0.544103728003883));
#777=CARTESIAN_POINT('',(-0.248573348832284,1.59828944966136,-0.527890031229874));
#778=CARTESIAN_POINT('',(-0.255904618846795,1.59713526292356,-0.511388282655976));
#779=CARTESIAN_POINT('',(-0.263475047454846,1.59590342193612,-0.490288380265727));
#780=CARTESIAN_POINT('',(-0.268958948146466,1.59498353341195,-0.468546540413995));
#781=CARTESIAN_POINT('',(-0.272073843190831,1.59445397519291,-0.450774286398792));
#782=CARTESIAN_POINT('',(-0.27432513566162,1.59406822491105,-0.43270864548365));
#783=CARTESIAN_POINT('',(-0.275,1.5939514578556,-0.419100504239744));
#784=CARTESIAN_POINT('',(-0.275,1.5939514578556,-0.41));
#785=CARTESIAN_POINT('',(-0.275,1.5939514578556,-0.41));
#786=CARTESIAN_POINT('',(-0.275,1.7,-0.41));
#787=CARTESIAN_POINT('',(-0.275,1.5,-0.41));
#788=CARTESIAN_POINT('',(-9.99200722162641E-16,1.5,-0.41));
#789=CARTESIAN_POINT('',(-0.275,1.7,-0.185));
#790=CARTESIAN_POINT('',(-0.275,1.5939514578556,-7.385));
#791=CARTESIAN_POINT('',(-0.275,1.5939514578556,0.04));
#792=CARTESIAN_POINT('',(-0.275,1.7,0.04));
#793=CARTESIAN_POINT('',(-0.275,1.5,0.04));
#794=CARTESIAN_POINT('',(-0.275,1.5,-0.185));
#795=CARTESIAN_POINT('',(-9.29811783123569E-16,1.7,0.04));
#796=CARTESIAN_POINT('',(-0.275,1.5939514578556,0.04));
#797=CARTESIAN_POINT('',(-0.275,1.5939514578556,0.0491004946056275));
#798=CARTESIAN_POINT('',(-0.274099465612974,1.59410721282327,0.0671435983038174));
#799=CARTESIAN_POINT('',(-0.270138681653361,1.59478535212058,0.0937637552498935));
#800=CARTESIAN_POINT('',(-0.264690209751752,1.59569991566904,0.115549367409807));
#801=CARTESIAN_POINT('',(-0.258987881331084,1.59663357233216,0.132801857135671));
#802=CARTESIAN_POINT('',(-0.252466023962348,1.59768200634364,0.149672538999886));
#803=CARTESIAN_POINT('',(-0.242867004830815,1.59917987556095,0.16992496672888));
#804=CARTESIAN_POINT('',(-0.231357427668217,1.60088261616551,0.189129398163026));
#805=CARTESIAN_POINT('',(-0.2210030470257,1.60233770162799,0.203841633879936));
#806=CARTESIAN_POINT('',(-0.209834604143637,1.60384960482778,0.218151942280971));
#807=CARTESIAN_POINT('',(-0.194744348737462,1.60577169513935,0.234780438883301));
#808=CARTESIAN_POINT('',(-0.174878213632407,1.60806358427876,0.252796115339384));
#809=CARTESIAN_POINT('',(-0.15686656826056,1.60990690655679,0.266189321200866));
#810=CARTESIAN_POINT('',(-0.141527399811129,1.61131060181738,0.275916415399301));
#811=CARTESIAN_POINT('',(-0.125859095768849,1.61262997614331,0.284796982397427));
#812=CARTESIAN_POINT('',(-0.105617003566613,1.61411191354943,0.294381869478925));
#813=CARTESIAN_POINT('',(-0.0845212546010697,1.6153306434361,0.301959803802701));
#814=CARTESIAN_POINT('',(-0.0671189661420784,1.61612487664968,0.306799473333341));
#815=CARTESIAN_POINT('',(-0.0493601593217115,1.61678955922026,0.310800381395567));
#816=CARTESIAN_POINT('',(-0.0271160174751585,1.61734656134603,0.314099315034725));
#817=CARTESIAN_POINT('',(-0.00471664804617659,1.61753683535507,0.315216369522319));
#818=CARTESIAN_POINT('',(0.0132751265471889,1.61746434214427,0.314790425125922));
#819=CARTESIAN_POINT('',(0.0268200165117821,1.61729664029005,0.313802328298887));
#820=CARTESIAN_POINT('',(0.0403686588220424,1.61701482228837,0.312134091195883));
#821=CARTESIAN_POINT('',(0.0581264880785395,1.61649752677548,0.309049806864193));
#822=CARTESIAN_POINT('',(0.0798851358622203,1.61559443456694,0.303596842900823));
#823=CARTESIAN_POINT('',(0.105239896962184,1.61413811651186,0.294549466108017));
#824=CARTESIAN_POINT('',(0.129923160456783,1.61233330620636,0.282879643570458));
#825=CARTESIAN_POINT('',(0.152976970154602,1.61030154187093,0.269045974350791));
#826=CARTESIAN_POINT('',(0.170958680408106,1.60846624497296,0.255728450055895));
#827=CARTESIAN_POINT('',(0.184573112722695,1.60694525968399,0.244007111482793));
#828=CARTESIAN_POINT('',(0.194428565040278,1.60578176129291,0.234638418571579));
#829=CARTESIAN_POINT('',(0.203766251628284,1.60462249803057,0.224837580154963));
#830=CARTESIAN_POINT('',(0.215488093336377,1.60310000021274,0.211260754432767));
#831=CARTESIAN_POINT('',(0.228821234397348,1.60125659627771,0.193313729565439));
#832=CARTESIAN_POINT('',(0.240384506725446,1.59954788805968,0.174103728003882));
#833=CARTESIAN_POINT('',(0.248573348832282,1.59828944966136,0.157890031229873));
#834=CARTESIAN_POINT('',(0.255904618846793,1.59713526292357,0.141388282655975));
#835=CARTESIAN_POINT('',(0.263475047454844,1.59590342193612,0.120288380265727));
#836=CARTESIAN_POINT('',(0.268958948146465,1.59498353341195,0.0985465404139945));
#837=CARTESIAN_POINT('',(0.272073843190829,1.59445397519292,0.0807742863987913));
#838=CARTESIAN_POINT('',(0.274325135661618,1.59406822491106,0.0627086454836491));
#839=CARTESIAN_POINT('',(0.275,1.59395145785561,0.0491005042397431));
#840=CARTESIAN_POINT('',(0.275,1.59395145785561,0.0399999999999994));
#841=CARTESIAN_POINT('',(0.275,1.5939514578556,0.0399999999999995));
#842=CARTESIAN_POINT('',(0.275,1.7,0.0399999999999995));
#843=CARTESIAN_POINT('',(0.275,1.5,0.0399999999999995));
#844=CARTESIAN_POINT('',(-9.29811783123569E-16,1.5,0.04));
#845=CARTESIAN_POINT('',(0.275,1.7,-0.185));
#846=CARTESIAN_POINT('',(0.275,1.5939514578556,-7.385));
#847=CARTESIAN_POINT('',(0.275,1.5,-0.185));
#848=CARTESIAN_POINT('',(-9.29811783123569E-16,1.7,0.04));
#849=CARTESIAN_POINT('',(-0.275,1.7,0.04));
#850=CARTESIAN_POINT('',(-0.275,1.7,0.04));
#851=CARTESIAN_POINT('',(-9.29811783123569E-16,1.7,0.04));
#852=CARTESIAN_POINT('',(0.275,1.7,0.0399999999999995));
#853=CARTESIAN_POINT('',(0.275,1.7,0.0399999999999995));
#854=CARTESIAN_POINT('',(0.275,1.7,-0.185));
#855=CARTESIAN_POINT('',(0.275,1.7,-0.185));
#856=CARTESIAN_POINT('',(0.275,1.7,-0.41));
#857=CARTESIAN_POINT('',(0.275,1.7,-0.41));
#858=CARTESIAN_POINT('',(-9.99200722162641E-16,1.7,-0.41));
#859=CARTESIAN_POINT('',(-9.99200722162641E-16,1.7,-0.41));
#860=CARTESIAN_POINT('',(-0.275,1.7,-0.41));
#861=CARTESIAN_POINT('',(-0.275,1.7,-0.41));
#862=CARTESIAN_POINT('',(-0.275,1.7,-0.185));
#863=CARTESIAN_POINT('',(-0.275,1.7,-0.185));
#864=CARTESIAN_POINT('',(0.,0.,0.));
#865=CARTESIAN_POINT('',(1.79023462720806E-15,1.7,-5.81));
#866=CARTESIAN_POINT('',(-0.275,1.7,-5.81));
#867=CARTESIAN_POINT('',(-0.275,1.5939514578556,-5.81));
#868=CARTESIAN_POINT('',(-0.275,1.5,-5.81));
#869=CARTESIAN_POINT('',(-0.275,1.5939514578556,-5.81));
#870=CARTESIAN_POINT('',(-0.275,1.5939514578556,-5.81910049460563));
#871=CARTESIAN_POINT('',(-0.27409946561297,1.59410721282327,-5.83714359830381));
#872=CARTESIAN_POINT('',(-0.270138681653358,1.59478535212058,-5.86376375524989));
#873=CARTESIAN_POINT('',(-0.264690209751749,1.59569991566904,-5.88554936740981));
#874=CARTESIAN_POINT('',(-0.258987881331081,1.59663357233216,-5.90280185713567));
#875=CARTESIAN_POINT('',(-0.252466023962345,1.59768200634364,-5.91967253899988));
#876=CARTESIAN_POINT('',(-0.242867004830813,1.59917987556095,-5.93992496672888));
#877=CARTESIAN_POINT('',(-0.231357427668213,1.60088261616551,-5.95912939816302));
#878=CARTESIAN_POINT('',(-0.221003047025697,1.60233770162799,-5.97384163387994));
#879=CARTESIAN_POINT('',(-0.209834604143634,1.60384960482778,-5.98815194228097));
#880=CARTESIAN_POINT('',(-0.19474434873746,1.60577169513935,-6.0047804388833));
#881=CARTESIAN_POINT('',(-0.174878213632404,1.60806358427876,-6.02279611533938));
#882=CARTESIAN_POINT('',(-0.156866568260558,1.60990690655679,-6.03618932120086));
#883=CARTESIAN_POINT('',(-0.141527399811126,1.61131060181738,-6.0459164153993));
#884=CARTESIAN_POINT('',(-0.125859095768846,1.61262997614331,-6.05479698239743));
#885=CARTESIAN_POINT('',(-0.10561700356661,1.61411191354943,-6.06438186947892));
#886=CARTESIAN_POINT('',(-0.0845212546010663,1.6153306434361,-6.0719598038027));
#887=CARTESIAN_POINT('',(-0.067118966142075,1.61612487664968,-6.07679947333334));
#888=CARTESIAN_POINT('',(-0.0493601593217101,1.61678955922026,-6.08080038139556));
#889=CARTESIAN_POINT('',(-0.0271160174751563,1.61734656134603,-6.08409931503473));
#890=CARTESIAN_POINT('',(-0.00471664804617395,1.61753683535507,-6.08521636952232));
#891=CARTESIAN_POINT('',(0.013275126547191,1.61746434214427,-6.08479042512592));
#892=CARTESIAN_POINT('',(0.0268200165117848,1.61729664029005,-6.08380232829889));
#893=CARTESIAN_POINT('',(0.0403686588220449,1.61701482228837,-6.08213409119588));
#894=CARTESIAN_POINT('',(0.0581264880785428,1.61649752677548,-6.07904980686419));
#895=CARTESIAN_POINT('',(0.0798851358622224,1.61559443456694,-6.07359684290082));
#896=CARTESIAN_POINT('',(0.105239896962188,1.61413811651186,-6.06454946610802));
#897=CARTESIAN_POINT('',(0.129923160456786,1.61233330620636,-6.05287964357046));
#898=CARTESIAN_POINT('',(0.152976970154605,1.61030154187093,-6.03904597435079));
#899=CARTESIAN_POINT('',(0.170958680408109,1.60846624497296,-6.02572845005589));
#900=CARTESIAN_POINT('',(0.184573112722698,1.60694525968399,-6.01400711148279));
#901=CARTESIAN_POINT('',(0.194428565040281,1.60578176129291,-6.00463841857158));
#902=CARTESIAN_POINT('',(0.203766251628287,1.60462249803057,-5.99483758015496));
#903=CARTESIAN_POINT('',(0.215488093336379,1.60310000021274,-5.98126075443277));
#904=CARTESIAN_POINT('',(0.228821234397351,1.60125659627771,-5.96331372956544));
#905=CARTESIAN_POINT('',(0.240384506725449,1.59954788805968,-5.94410372800388));
#906=CARTESIAN_POINT('',(0.248573348832284,1.59828944966137,-5.92789003122987));
#907=CARTESIAN_POINT('',(0.255904618846796,1.59713526292357,-5.91138828265597));
#908=CARTESIAN_POINT('',(0.263475047454846,1.59590342193612,-5.89028838026573));
#909=CARTESIAN_POINT('',(0.268958948146467,1.59498353341195,-5.86854654041399));
#910=CARTESIAN_POINT('',(0.272073843190832,1.59445397519291,-5.85077428639879));
#911=CARTESIAN_POINT('',(0.274325135661621,1.59406822491106,-5.83270864548365));
#912=CARTESIAN_POINT('',(0.275,1.5939514578556,-5.81910050423974));
#913=CARTESIAN_POINT('',(0.275,1.5939514578556,-5.81));
#914=CARTESIAN_POINT('',(0.275,1.5939514578556,-5.81));
#915=CARTESIAN_POINT('',(0.275,1.7,-5.81));
#916=CARTESIAN_POINT('',(0.275,1.5,-5.81));
#917=CARTESIAN_POINT('',(1.79023462720806E-15,1.5,-5.81));
#918=CARTESIAN_POINT('',(-0.275,1.7,-5.585));
#919=CARTESIAN_POINT('',(-0.275,1.7,-5.36));
#920=CARTESIAN_POINT('',(-0.275,1.5939514578556,-5.36));
#921=CARTESIAN_POINT('',(-0.275,1.5,-5.36));
#922=CARTESIAN_POINT('',(-0.275,1.5939514578556,-7.385));
#923=CARTESIAN_POINT('',(-0.275,1.5,-5.585));
#924=CARTESIAN_POINT('',(1.6375789613221E-15,1.7,-5.36));
#925=CARTESIAN_POINT('',(0.275,1.7,-5.36));
#926=CARTESIAN_POINT('',(0.275,1.5939514578556,-5.36));
#927=CARTESIAN_POINT('',(0.275,1.5,-5.36));
#928=CARTESIAN_POINT('',(0.275,1.59395145785561,-5.36));
#929=CARTESIAN_POINT('',(0.275,1.59395145785561,-5.35089950539437));
#930=CARTESIAN_POINT('',(0.274099465612975,1.59410721282327,-5.33285640169618));
#931=CARTESIAN_POINT('',(0.270138681653361,1.59478535212058,-5.30623624475011));
#932=CARTESIAN_POINT('',(0.264690209751752,1.59569991566904,-5.28445063259019));
#933=CARTESIAN_POINT('',(0.258987881331085,1.59663357233217,-5.26719814286433));
#934=CARTESIAN_POINT('',(0.252466023962349,1.59768200634364,-5.25032746100011));
#935=CARTESIAN_POINT('',(0.242867004830816,1.59917987556095,-5.23007503327112));
#936=CARTESIAN_POINT('',(0.231357427668217,1.60088261616551,-5.21087060183697));
#937=CARTESIAN_POINT('',(0.221003047025701,1.60233770162799,-5.19615836612007));
#938=CARTESIAN_POINT('',(0.209834604143638,1.60384960482778,-5.18184805771903));
#939=CARTESIAN_POINT('',(0.194744348737464,1.60577169513935,-5.1652195611167));
#940=CARTESIAN_POINT('',(0.174878213632407,1.60806358427876,-5.14720388466062));
#941=CARTESIAN_POINT('',(0.156866568260562,1.6099069065568,-5.13381067879914));
#942=CARTESIAN_POINT('',(0.141527399811129,1.61131060181738,-5.1240835846007));
#943=CARTESIAN_POINT('',(0.125859095768851,1.61262997614332,-5.11520301760257));
#944=CARTESIAN_POINT('',(0.105617003566613,1.61411191354943,-5.10561813052108));
#945=CARTESIAN_POINT('',(0.08452125460107,1.6153306434361,-5.0980401961973));
#946=CARTESIAN_POINT('',(0.0671189661420781,1.61612487664968,-5.09320052666666));
#947=CARTESIAN_POINT('',(0.0493601593217137,1.61678955922026,-5.08919961860443));
#948=CARTESIAN_POINT('',(0.02711601747516,1.61734656134603,-5.08590068496528));
#949=CARTESIAN_POINT('',(0.00471664804617737,1.61753683535507,-5.08478363047768));
#950=CARTESIAN_POINT('',(-0.013275126547188,1.61746434214427,-5.08520957487408));
#951=CARTESIAN_POINT('',(-0.0268200165117809,1.61729664029005,-5.08619767170111));
#952=CARTESIAN_POINT('',(-0.040368658822042,1.61701482228837,-5.08786590880412));
#953=CARTESIAN_POINT('',(-0.058126488078539,1.61649752677548,-5.09095019313581));
#954=CARTESIAN_POINT('',(-0.0798851358622188,1.61559443456694,-5.09640315709918));
#955=CARTESIAN_POINT('',(-0.105239896962184,1.61413811651186,-5.10545053389198));
#956=CARTESIAN_POINT('',(-0.129923160456783,1.61233330620636,-5.11712035642954));
#957=CARTESIAN_POINT('',(-0.1529769701546,1.61030154187093,-5.13095402564921));
#958=CARTESIAN_POINT('',(-0.170958680408106,1.60846624497296,-5.14427154994411));
#959=CARTESIAN_POINT('',(-0.184573112722695,1.60694525968399,-5.15599288851721));
#960=CARTESIAN_POINT('',(-0.194428565040277,1.60578176129291,-5.16536158142842));
#961=CARTESIAN_POINT('',(-0.203766251628283,1.60462249803057,-5.17516241984504));
#962=CARTESIAN_POINT('',(-0.215488093336375,1.60310000021274,-5.18873924556723));
#963=CARTESIAN_POINT('',(-0.228821234397347,1.60125659627771,-5.20668627043456));
#964=CARTESIAN_POINT('',(-0.240384506725446,1.59954788805968,-5.22589627199612));
#965=CARTESIAN_POINT('',(-0.248573348832281,1.59828944966136,-5.24210996877013));
#966=CARTESIAN_POINT('',(-0.255904618846793,1.59713526292356,-5.25861171734403));
#967=CARTESIAN_POINT('',(-0.263475047454843,1.59590342193612,-5.27971161973427));
#968=CARTESIAN_POINT('',(-0.268958948146463,1.59498353341195,-5.301453459586));
#969=CARTESIAN_POINT('',(-0.272073843190829,1.59445397519291,-5.31922571360121));
#970=CARTESIAN_POINT('',(-0.274325135661617,1.59406822491105,-5.33729135451635));
#971=CARTESIAN_POINT('',(-0.275,1.5939514578556,-5.35089949576026));
#972=CARTESIAN_POINT('',(-0.275,1.5939514578556,-5.36));
#973=CARTESIAN_POINT('',(1.6375789613221E-15,1.5,-5.36));
#974=CARTESIAN_POINT('',(0.275,1.7,-5.585));
#975=CARTESIAN_POINT('',(0.275,1.5939514578556,-7.385));
#976=CARTESIAN_POINT('',(0.275,1.5,-5.585));
#977=CARTESIAN_POINT('',(0.275,1.7,-5.585));
#978=CARTESIAN_POINT('',(0.275,1.7,-5.81));
#979=CARTESIAN_POINT('',(0.275,1.7,-5.81));
#980=CARTESIAN_POINT('',(0.275,1.7,-5.585));
#981=CARTESIAN_POINT('',(0.275,1.7,-5.36));
#982=CARTESIAN_POINT('',(0.275,1.7,-5.36));
#983=CARTESIAN_POINT('',(1.6375789613221E-15,1.7,-5.36));
#984=CARTESIAN_POINT('',(1.6375789613221E-15,1.7,-5.36));
#985=CARTESIAN_POINT('',(-0.275,1.7,-5.36));
#986=CARTESIAN_POINT('',(-0.275,1.7,-5.36));
#987=CARTESIAN_POINT('',(-0.275,1.7,-5.585));
#988=CARTESIAN_POINT('',(-0.275,1.7,-5.585));
#989=CARTESIAN_POINT('',(-0.275,1.7,-5.81));
#990=CARTESIAN_POINT('',(-0.275,1.7,-5.81));
#991=CARTESIAN_POINT('',(1.79023462720806E-15,1.7,-5.81));
#992=CARTESIAN_POINT('',(1.79023462720806E-15,1.7,-5.81));
#993=CARTESIAN_POINT('',(0.,0.,0.));
#994=CARTESIAN_POINT('',(6.22936432853165E-15,-3.79392791604731E-31,1.2825));
#995=CARTESIAN_POINT('',(6.22936432853165E-15,-3.79392791604731E-31,1.2825));
#996=CARTESIAN_POINT('',(-1.61749999999999,-3.79392791604731E-31,1.2825));
#997=CARTESIAN_POINT('',(6.57493019978906E-15,-2.56626313229711E-31,0.8675));
#998=CARTESIAN_POINT('',(-1.61749999999999,-2.56626313229711E-31,0.8675));
#999=CARTESIAN_POINT('',(0.,0.,0.));
#1000=CARTESIAN_POINT('',(-1.66,-1.01233045847821E-16,0.285));
#1001=CARTESIAN_POINT('',(-1.54,-9.41662064862068E-17,0.285));
#1002=CARTESIAN_POINT('',(-1.54,-9.41662064862068E-17,-0.045));
#1003=CARTESIAN_POINT('',(-1.61744460211763,0.0163665768726465,-0.0447286756211795));
#1004=CARTESIAN_POINT('',(-1.61752770207312,-2.83349000522026E-6,-0.0451356814170281));
#1005=CARTESIAN_POINT('',(-1.61744458958988,-0.0163552429126261,-0.044728598710708));
#1006=CARTESIAN_POINT('',(-1.61711787056751,-0.0379277304063148,-0.0431241264001412));
#1007=CARTESIAN_POINT('',(-1.61631411823311,-0.0645732063654778,-0.0391559958900217));
#1008=CARTESIAN_POINT('',(-1.61501199047548,-0.0907314555649491,-0.0326080917273104));
#1009=CARTESIAN_POINT('',(-1.61368069816086,-0.111446187954191,-0.0257554427450224));
#1010=CARTESIAN_POINT('',(-1.6121852568664,-0.131687819024091,-0.0179240802894746));
#1011=CARTESIAN_POINT('',(-1.61047300247129,-0.151129062616429,-0.00870307160035686));
#1012=CARTESIAN_POINT('',(-1.60858165732257,-0.169810850176182,0.00189064412684568));
#1013=CARTESIAN_POINT('',(-1.60708333200481,-0.183440055376119,0.0105249142973126));
#1014=CARTESIAN_POINT('',(-1.60551604676932,-0.196678350486792,0.0198471280305092));
#1015=CARTESIAN_POINT('',(-1.60334223679613,-0.213838266319036,0.0332465742811092));
#1016=CARTESIAN_POINT('',(-1.60057343703139,-0.233766028849788,0.05133834412924));
#1017=CARTESIAN_POINT('',(-1.59781119236951,-0.251769019241752,0.0711914150484848));
#1018=CARTESIAN_POINT('',(-1.595652664138,-0.265010584781937,0.088133713559498));
#1019=CARTESIAN_POINT('',(-1.59407136942991,-0.274355437089073,0.101376361792544));
#1020=CARTESIAN_POINT('',(-1.59253957855524,-0.28310433789796,0.115175539570436));
#1021=CARTESIAN_POINT('',(-1.59109809173725,-0.291089427429582,0.129263590787088));
#1022=CARTESIAN_POINT('',(-1.58975114678297,-0.298352070621014,0.143675313780462));
#1023=CARTESIAN_POINT('',(-1.58850904266956,-0.304890852060477,0.158398100703117));
#1024=CARTESIAN_POINT('',(-1.58738033499929,-0.310709190305221,0.173435359068709));
#1025=CARTESIAN_POINT('',(-1.58637425375491,-0.315801651771899,0.188787463798454));
#1026=CARTESIAN_POINT('',(-1.58549943837824,-0.320161369488632,0.204464453474505));
#1027=CARTESIAN_POINT('',(-1.58452310923081,-0.324963766474245,0.22578480436049));
#1028=CARTESIAN_POINT('',(-1.58370418444604,-0.328922580936902,0.252488291782134));
#1029=CARTESIAN_POINT('',(-1.58342466488414,-0.33026111559444,0.279392013324569));
#1030=CARTESIAN_POINT('',(-1.58353228305345,-0.329745298775355,0.301004775796101));
#1031=CARTESIAN_POINT('',(-1.58378025774903,-0.328553177430087,0.317285019656488));
#1032=CARTESIAN_POINT('',(-1.58419585545066,-0.326545140887182,0.333549074941108));
#1033=CARTESIAN_POINT('',(-1.58495775582226,-0.32283522862109,0.354866313483029));
#1034=CARTESIAN_POINT('',(-1.58628608197286,-0.316279059167079,0.380989657460557));
#1035=CARTESIAN_POINT('',(-1.58806751785636,-0.307213302705836,0.406351440222519));
#1036=CARTESIAN_POINT('',(-1.58974449464572,-0.298388292666073,0.426256703796069));
#1037=CARTESIAN_POINT('',(-1.5915565372807,-0.288617189561876,0.445638889754717));
#1038=CARTESIAN_POINT('',(-1.59352976035563,-0.277550680280834,0.464071857014444));
#1039=CARTESIAN_POINT('',(-1.595622010589,-0.265194601225011,0.481617210604715));
#1040=CARTESIAN_POINT('',(-1.59723934309714,-0.255281082470554,0.494328014362122));
#1041=CARTESIAN_POINT('',(-1.59889221601749,-0.244725519996215,0.506579747742921));
#1042=CARTESIAN_POINT('',(-1.60057495605256,-0.233476363338326,0.518403601809086));
#1043=CARTESIAN_POINT('',(-1.60224440413484,-0.221738070541493,0.529579591349681));
#1044=CARTESIAN_POINT('',(-1.60443561849414,-0.205460100431016,0.543626982670357));
#1045=CARTESIAN_POINT('',(-1.60708262148477,-0.183936726886971,0.559611998522004));
#1046=CARTESIAN_POINT('',(-1.60953131721611,-0.160868796181169,0.573493124191461));
#1047=CARTESIAN_POINT('',(-1.61133024130933,-0.141400829623591,0.583319666155907));
#1048=CARTESIAN_POINT('',(-1.6125637521327,-0.126567346545501,0.589906411820967));
#1049=CARTESIAN_POINT('',(-1.61367683197495,-0.111492907766017,0.595734907869844));
#1050=CARTESIAN_POINT('',(-1.61466243395341,-0.0961825120676334,0.600809388705237));
#1051=CARTESIAN_POINT('',(-1.6155142083328,-0.0806358624962829,0.605132577554047));
#1052=CARTESIAN_POINT('',(-1.61622554171937,-0.0648502259486181,0.608700423158853));
#1053=CARTESIAN_POINT('',(-1.61678988803242,-0.0488278478435889,0.611504451963303));
#1054=CARTESIAN_POINT('',(-1.61733654871649,-0.027114952764074,0.61420101888316));
#1055=CARTESIAN_POINT('',(-1.61760764107428,-0.000115800363090055,0.615526186164755));
#1056=CARTESIAN_POINT('',(-1.61734050019176,0.0267909529105525,0.614220286022803));
#1057=CARTESIAN_POINT('',(-1.61680712433626,0.0482401547047841,0.611589671556366));
#1058=CARTESIAN_POINT('',(-1.61624797348291,0.064303072332345,0.608812413203822));
#1059=CARTESIAN_POINT('',(-1.61553185843089,0.0802921188875504,0.605221728267097));
#1060=CARTESIAN_POINT('',(-1.61467783829773,0.09592618769549,0.600888141191936));
#1061=CARTESIAN_POINT('',(-1.61369198212059,0.111274094178608,0.595813608898786));
#1062=CARTESIAN_POINT('',(-1.61221283014472,0.131340551955307,0.588069676195951));
#1063=CARTESIAN_POINT('',(-1.61007747605304,0.155675062064971,0.576579999415381));
#1064=CARTESIAN_POINT('',(-1.60710623195667,0.183747513004482,0.55975381280114));
#1065=CARTESIAN_POINT('',(-1.60445472741223,0.205308861178672,0.543744558922278));
#1066=CARTESIAN_POINT('',(-1.60226946989294,0.221556457272622,0.529743170922238));
#1067=CARTESIAN_POINT('',(-1.60061035951686,0.233231620193567,0.518643993462963));
#1068=CARTESIAN_POINT('',(-1.59894412904219,0.244386223188008,0.506953515968982));
#1069=CARTESIAN_POINT('',(-1.59727634395142,0.255051249167911,0.494612553792353));
#1070=CARTESIAN_POINT('',(-1.59564703481922,0.265044565408264,0.48182113515554));
#1071=CARTESIAN_POINT('',(-1.59354822742997,0.277445269021754,0.464237674825897));
#1072=CARTESIAN_POINT('',(-1.59108523044804,0.291261797426233,0.441240894525982));
#1073=CARTESIAN_POINT('',(-1.58891015438457,0.302822238749831,0.416930764673829));
#1074=CARTESIAN_POINT('',(-1.5873812553767,0.310704942321961,0.396586524117542));
#1075=CARTESIAN_POINT('',(-1.58637002917007,0.315822823982526,0.381143276902472));
#1076=CARTESIAN_POINT('',(-1.58550081663413,0.320154295600718,0.365549788262579));
#1077=CARTESIAN_POINT('',(-1.58477814309977,0.323709649848736,0.349798644334972));
#1078=CARTESIAN_POINT('',(-1.58420695475586,0.326491245949791,0.333893422649383));
#1079=CARTESIAN_POINT('',(-1.58379209471235,0.328496140596775,0.317829334390856));
#1080=CARTESIAN_POINT('',(-1.5835382396494,0.329716725211929,0.301617542499171));
#1081=CARTESIAN_POINT('',(-1.58342189258998,0.330274400165574,0.279736987485998));
#1082=CARTESIAN_POINT('',(-1.58369941535258,0.328945584167287,0.25270926883296));
#1083=CARTESIAN_POINT('',(-1.58451378126445,0.325008826286573,0.22607008030478));
#1084=CARTESIAN_POINT('',(-1.58547285856946,0.320292689430501,0.204998187709151));
#1085=CARTESIAN_POINT('',(-1.58634216146199,0.315962894352574,0.189309896927533));
#1086=CARTESIAN_POINT('',(-1.58735717476474,0.310827739183164,0.173757785237671));
#1087=CARTESIAN_POINT('',(-1.58849034784564,0.304988317924971,0.158630802898064));
#1088=CARTESIAN_POINT('',(-1.58973426203975,0.298442044489623,0.14386478652081));
#1089=CARTESIAN_POINT('',(-1.59152610058151,0.28878332752648,0.124670069292968));
#1090=CARTESIAN_POINT('',(-1.59349641323447,0.277743675658545,0.10621779306015));
#1091=CARTESIAN_POINT('',(-1.59561043025412,0.265265764152025,0.0884731450755877));
#1092=CARTESIAN_POINT('',(-1.59778922033141,0.251910679571326,0.07135085306502));
#1093=CARTESIAN_POINT('',(-1.60055632293074,0.233883006000602,0.0514562978661973));
#1094=CARTESIAN_POINT('',(-1.60331543518916,0.214032083831159,0.0334202994838024));
#1095=CARTESIAN_POINT('',(-1.60546735156888,0.197074140535669,0.0201422952855871));
#1096=CARTESIAN_POINT('',(-1.60704708396093,0.183760646958774,0.0107359774290809));
#1097=CARTESIAN_POINT('',(-1.6085591982618,0.170025321674739,0.00201777958510968));
#1098=CARTESIAN_POINT('',(-1.61045781167042,0.151293024752846,-0.00862020530406428));
#1099=CARTESIAN_POINT('',(-1.61259597145773,0.127031473563724,-0.0201365924091491));
#1100=CARTESIAN_POINT('',(-1.61435907872345,0.10169457775678,-0.0292690648828771));
#1101=CARTESIAN_POINT('',(-1.61551268232138,0.0806802082892808,-0.0351251742521727));
#1102=CARTESIAN_POINT('',(-1.61646888552036,0.0594403340859544,-0.0399205343921669));
#1103=CARTESIAN_POINT('',(-1.61711642503239,0.0380071625257692,-0.0431169452980094));
#1104=CARTESIAN_POINT('',(-1.61744460211763,0.0163665768726465,-0.0447286756211795));
#1105=CARTESIAN_POINT('',(-1.61752770207312,-2.83349000522026E-6,-0.0451356814170281));
#1106=CARTESIAN_POINT('',(-1.61744458958988,-0.0163552429126261,-0.044728598710708));
#1107=CARTESIAN_POINT('',(-1.6175,-8.90616764812335E-17,-0.045));
#1108=CARTESIAN_POINT('',(-1.66,-1.01233045847821E-16,0.285));
#1109=CARTESIAN_POINT('',(-1.66,-1.01233045847821E-16,0.285));
#1110=CARTESIAN_POINT('',(-1.66,0.328990516548869,0.259207752697594));
#1111=CARTESIAN_POINT('',(0.,0.,0.));
#1112=CARTESIAN_POINT('',(6.22936432853165E-15,-3.79392791604731E-31,-7.385));
#1113=CARTESIAN_POINT('',(0.275,1.5939514578556,-7.385));
#1114=CARTESIAN_POINT('',(0.275,1.5939514578556,-0.41));
#1115=CARTESIAN_POINT('',(0.275,1.5939514578556,0.04));
#1116=CARTESIAN_POINT('',(0.275,1.5939514578556,0.0399999999999994));
#1117=CARTESIAN_POINT('',(0.275,1.59395145785561,0.0491004946056269));
#1118=CARTESIAN_POINT('',(0.274099465612971,1.59410721282327,0.0671435983038175));
#1119=CARTESIAN_POINT('',(0.270138681653359,1.59478535212058,0.0937637552498932));
#1120=CARTESIAN_POINT('',(0.26469020975175,1.59569991566905,0.115549367409807));
#1121=CARTESIAN_POINT('',(0.258987881331082,1.59663357233217,0.132801857135671));
#1122=CARTESIAN_POINT('',(0.252466023962347,1.59768200634364,0.149672538999886));
#1123=CARTESIAN_POINT('',(0.242867004830813,1.59917987556095,0.16992496672888));
#1124=CARTESIAN_POINT('',(0.231357427668215,1.60088261616551,0.189129398163026));
#1125=CARTESIAN_POINT('',(0.221003047025698,1.60233770162799,0.203841633879936));
#1126=CARTESIAN_POINT('',(0.209834604143636,1.60384960482778,0.21815194228097));
#1127=CARTESIAN_POINT('',(0.194744348737461,1.60577169513936,0.234780438883301));
#1128=CARTESIAN_POINT('',(0.174878213632406,1.60806358427876,0.252796115339384));
#1129=CARTESIAN_POINT('',(0.156866568260559,1.6099069065568,0.266189321200866));
#1130=CARTESIAN_POINT('',(0.141527399811127,1.61131060181738,0.275916415399301));
#1131=CARTESIAN_POINT('',(0.125859095768847,1.61262997614332,0.284796982397427));
#1132=CARTESIAN_POINT('',(0.105617003566612,1.61411191354943,0.294381869478924));
#1133=CARTESIAN_POINT('',(0.0845212546010674,1.6153306434361,0.301959803802701));
#1134=CARTESIAN_POINT('',(0.067118966142077,1.61612487664968,0.306799473333341));
#1135=CARTESIAN_POINT('',(0.0493601593217099,1.61678955922026,0.310800381395567));
#1136=CARTESIAN_POINT('',(0.0271160174751571,1.61734656134603,0.314099315034725));
#1137=CARTESIAN_POINT('',(0.00471664804617482,1.61753683535507,0.315216369522319));
#1138=CARTESIAN_POINT('',(-0.0132751265471902,1.61746434214427,0.314790425125922));
#1139=CARTESIAN_POINT('',(-0.0268200165117844,1.61729664029005,0.313802328298887));
#1140=CARTESIAN_POINT('',(-0.0403686588220438,1.61701482228837,0.312134091195883));
#1141=CARTESIAN_POINT('',(-0.0581264880785412,1.61649752677548,0.309049806864194));
#1142=CARTESIAN_POINT('',(-0.0798851358622217,1.61559443456694,0.303596842900823));
#1143=CARTESIAN_POINT('',(-0.105239896962186,1.61413811651186,0.294549466108017));
#1144=CARTESIAN_POINT('',(-0.129923160456785,1.61233330620636,0.282879643570458));
#1145=CARTESIAN_POINT('',(-0.152976970154604,1.61030154187093,0.269045974350791));
#1146=CARTESIAN_POINT('',(-0.170958680408108,1.60846624497296,0.255728450055895));
#1147=CARTESIAN_POINT('',(-0.184573112722697,1.60694525968399,0.244007111482794));
#1148=CARTESIAN_POINT('',(-0.19442856504028,1.60578176129291,0.234638418571579));
#1149=CARTESIAN_POINT('',(-0.203766251628286,1.60462249803057,0.224837580154964));
#1150=CARTESIAN_POINT('',(-0.215488093336378,1.60310000021274,0.211260754432767));
#1151=CARTESIAN_POINT('',(-0.228821234397351,1.60125659627771,0.193313729565438));
#1152=CARTESIAN_POINT('',(-0.240384506725447,1.59954788805968,0.174103728003883));
#1153=CARTESIAN_POINT('',(-0.248573348832284,1.59828944966136,0.157890031229874));
#1154=CARTESIAN_POINT('',(-0.255904618846795,1.59713526292356,0.141388282655976));
#1155=CARTESIAN_POINT('',(-0.263475047454846,1.59590342193612,0.120288380265727));
#1156=CARTESIAN_POINT('',(-0.268958948146466,1.59498353341195,0.0985465404139951));
#1157=CARTESIAN_POINT('',(-0.272073843190831,1.59445397519291,0.0807742863987919));
#1158=CARTESIAN_POINT('',(-0.27432513566162,1.59406822491105,0.0627086454836498));
#1159=CARTESIAN_POINT('',(-0.275,1.5939514578556,0.0491005042397437));
#1160=CARTESIAN_POINT('',(-0.275,1.5939514578556,0.04));
#1161=CARTESIAN_POINT('',(-0.275,1.5939514578556,0.04));
#1162=CARTESIAN_POINT('',(-0.275,1.5939514578556,-7.385));
#1163=CARTESIAN_POINT('',(-0.275,1.5939514578556,-0.41));
#1164=CARTESIAN_POINT('',(-0.275,1.5939514578556,-0.41));
#1165=CARTESIAN_POINT('',(-0.275,1.5939514578556,-0.419100494605627));
#1166=CARTESIAN_POINT('',(-0.274099465612974,1.59410721282326,-0.437143598303817));
#1167=CARTESIAN_POINT('',(-0.270138681653361,1.59478535212058,-0.463763755249893));
#1168=CARTESIAN_POINT('',(-0.264690209751752,1.59569991566904,-0.485549367409807));
#1169=CARTESIAN_POINT('',(-0.258987881331084,1.59663357233216,-0.502801857135671));
#1170=CARTESIAN_POINT('',(-0.252466023962348,1.59768200634364,-0.519672538999886));
#1171=CARTESIAN_POINT('',(-0.242867004830815,1.59917987556095,-0.53992496672888));
#1172=CARTESIAN_POINT('',(-0.231357427668217,1.60088261616551,-0.559129398163026));
#1173=CARTESIAN_POINT('',(-0.2210030470257,1.60233770162799,-0.573841633879936));
#1174=CARTESIAN_POINT('',(-0.209834604143637,1.60384960482778,-0.588151942280971));
#1175=CARTESIAN_POINT('',(-0.194744348737462,1.60577169513935,-0.604780438883301));
#1176=CARTESIAN_POINT('',(-0.174878213632407,1.60806358427876,-0.622796115339384));
#1177=CARTESIAN_POINT('',(-0.156866568260561,1.60990690655679,-0.636189321200866));
#1178=CARTESIAN_POINT('',(-0.141527399811129,1.61131060181738,-0.6459164153993));
#1179=CARTESIAN_POINT('',(-0.125859095768849,1.61262997614331,-0.654796982397427));
#1180=CARTESIAN_POINT('',(-0.105617003566614,1.61411191354943,-0.664381869478925));
#1181=CARTESIAN_POINT('',(-0.0845212546010701,1.6153306434361,-0.6719598038027));
#1182=CARTESIAN_POINT('',(-0.0671189661420789,1.61612487664968,-0.676799473333341));
#1183=CARTESIAN_POINT('',(-0.0493601593217117,1.61678955922026,-0.680800381395567));
#1184=CARTESIAN_POINT('',(-0.027116017475159,1.61734656134603,-0.684099315034725));
#1185=CARTESIAN_POINT('',(-0.00471664804617688,1.61753683535507,-0.685216369522319));
#1186=CARTESIAN_POINT('',(0.0132751265471885,1.61746434214427,-0.684790425125922));
#1187=CARTESIAN_POINT('',(0.0268200165117816,1.61729664029005,-0.683802328298887));
#1188=CARTESIAN_POINT('',(0.040368658822042,1.61701482228837,-0.682134091195883));
#1189=CARTESIAN_POINT('',(0.0581264880785391,1.61649752677548,-0.679049806864194));
#1190=CARTESIAN_POINT('',(0.0798851358622198,1.61559443456694,-0.673596842900823));
#1191=CARTESIAN_POINT('',(0.105239896962184,1.61413811651186,-0.664549466108017));
#1192=CARTESIAN_POINT('',(0.129923160456783,1.61233330620636,-0.652879643570458));
#1193=CARTESIAN_POINT('',(0.152976970154602,1.61030154187093,-0.639045974350792));
#1194=CARTESIAN_POINT('',(0.170958680408106,1.60846624497296,-0.625728450055895));
#1195=CARTESIAN_POINT('',(0.184573112722695,1.60694525968399,-0.614007111482794));
#1196=CARTESIAN_POINT('',(0.194428565040278,1.60578176129291,-0.60463841857158));
#1197=CARTESIAN_POINT('',(0.203766251628284,1.60462249803057,-0.594837580154963));
#1198=CARTESIAN_POINT('',(0.215488093336376,1.60310000021274,-0.581260754432767));
#1199=CARTESIAN_POINT('',(0.228821234397348,1.60125659627771,-0.563313729565439));
#1200=CARTESIAN_POINT('',(0.240384506725446,1.59954788805968,-0.544103728003883));
#1201=CARTESIAN_POINT('',(0.248573348832282,1.59828944966137,-0.527890031229874));
#1202=CARTESIAN_POINT('',(0.255904618846793,1.59713526292357,-0.511388282655976));
#1203=CARTESIAN_POINT('',(0.263475047454844,1.59590342193612,-0.490288380265727));
#1204=CARTESIAN_POINT('',(0.268958948146464,1.59498353341195,-0.468546540413995));
#1205=CARTESIAN_POINT('',(0.272073843190829,1.59445397519292,-0.450774286398792));
#1206=CARTESIAN_POINT('',(0.274325135661618,1.59406822491106,-0.43270864548365));
#1207=CARTESIAN_POINT('',(0.275,1.59395145785561,-0.419100504239744));
#1208=CARTESIAN_POINT('',(0.275,1.59395145785561,-0.41));
#1209=CARTESIAN_POINT('',(-1.61744460211763,-0.0163665768726467,-0.0447286756211795));
#1210=CARTESIAN_POINT('',(-1.61752770207312,2.83349000501556E-6,-0.0451356814170281));
#1211=CARTESIAN_POINT('',(-1.61744458958988,0.0163552429126259,-0.044728598710708));
#1212=CARTESIAN_POINT('',(-1.61711787056751,0.0379277304063146,-0.0431241264001412));
#1213=CARTESIAN_POINT('',(-1.61631411823311,0.0645732063654776,-0.0391559958900217));
#1214=CARTESIAN_POINT('',(-1.61501199047548,0.090731455564949,-0.0326080917273104));
#1215=CARTESIAN_POINT('',(-1.61368069816086,0.11144618795419,-0.0257554427450224));
#1216=CARTESIAN_POINT('',(-1.6121852568664,0.131687819024091,-0.0179240802894745));
#1217=CARTESIAN_POINT('',(-1.61047300247129,0.151129062616429,-0.00870307160035697));
#1218=CARTESIAN_POINT('',(-1.60858165732257,0.169810850176182,0.00189064412684568));
#1219=CARTESIAN_POINT('',(-1.60708333200481,0.183440055376119,0.0105249142973126));
#1220=CARTESIAN_POINT('',(-1.60551604676932,0.196678350486791,0.0198471280305091));
#1221=CARTESIAN_POINT('',(-1.60334223679613,0.213838266319035,0.0332465742811091));
#1222=CARTESIAN_POINT('',(-1.60057343703139,0.233766028849788,0.0513383441292399));
#1223=CARTESIAN_POINT('',(-1.59781119236951,0.251769019241752,0.0711914150484847));
#1224=CARTESIAN_POINT('',(-1.595652664138,0.265010584781936,0.0881337135594979));
#1225=CARTESIAN_POINT('',(-1.59407136942991,0.274355437089073,0.101376361792544));
#1226=CARTESIAN_POINT('',(-1.59253957855524,0.28310433789796,0.115175539570435));
#1227=CARTESIAN_POINT('',(-1.59109809173725,0.291089427429582,0.129263590787088));
#1228=CARTESIAN_POINT('',(-1.58975114678297,0.298352070621014,0.143675313780462));
#1229=CARTESIAN_POINT('',(-1.58850904266956,0.304890852060477,0.158398100703116));
#1230=CARTESIAN_POINT('',(-1.58738033499929,0.310709190305221,0.173435359068708));
#1231=CARTESIAN_POINT('',(-1.58637425375491,0.315801651771898,0.188787463798454));
#1232=CARTESIAN_POINT('',(-1.58549943837824,0.320161369488632,0.204464453474505));
#1233=CARTESIAN_POINT('',(-1.58452310923081,0.324963766474245,0.22578480436049));
#1234=CARTESIAN_POINT('',(-1.58370418444604,0.328922580936902,0.252488291782134));
#1235=CARTESIAN_POINT('',(-1.58342466488414,0.33026111559444,0.279392013324569));
#1236=CARTESIAN_POINT('',(-1.58353228305345,0.329745298775355,0.301004775796101));
#1237=CARTESIAN_POINT('',(-1.58378025774903,0.328553177430086,0.317285019656488));
#1238=CARTESIAN_POINT('',(-1.58419585545066,0.326545140887181,0.333549074941108));
#1239=CARTESIAN_POINT('',(-1.58495775582226,0.32283522862109,0.354866313483029));
#1240=CARTESIAN_POINT('',(-1.58628608197286,0.316279059167079,0.380989657460557));
#1241=CARTESIAN_POINT('',(-1.58806751785636,0.307213302705836,0.406351440222519));
#1242=CARTESIAN_POINT('',(-1.58974449464572,0.298388292666073,0.426256703796069));
#1243=CARTESIAN_POINT('',(-1.5915565372807,0.288617189561876,0.445638889754716));
#1244=CARTESIAN_POINT('',(-1.59352976035563,0.277550680280833,0.464071857014445));
#1245=CARTESIAN_POINT('',(-1.595622010589,0.265194601225011,0.481617210604715));
#1246=CARTESIAN_POINT('',(-1.59723934309714,0.255281082470554,0.494328014362123));
#1247=CARTESIAN_POINT('',(-1.59889221601749,0.244725519996215,0.506579747742921));
#1248=CARTESIAN_POINT('',(-1.60057495605256,0.233476363338326,0.518403601809086));
#1249=CARTESIAN_POINT('',(-1.60224440413484,0.221738070541493,0.529579591349681));
#1250=CARTESIAN_POINT('',(-1.60443561849414,0.205460100431016,0.543626982670357));
#1251=CARTESIAN_POINT('',(-1.60708262148477,0.18393672688697,0.559611998522004));
#1252=CARTESIAN_POINT('',(-1.60953131721611,0.160868796181169,0.573493124191461));
#1253=CARTESIAN_POINT('',(-1.61133024130933,0.141400829623591,0.583319666155906));
#1254=CARTESIAN_POINT('',(-1.6125637521327,0.126567346545501,0.589906411820967));
#1255=CARTESIAN_POINT('',(-1.61367683197495,0.111492907766017,0.595734907869844));
#1256=CARTESIAN_POINT('',(-1.61466243395341,0.0961825120676334,0.600809388705237));
#1257=CARTESIAN_POINT('',(-1.6155142083328,0.080635862496283,0.605132577554047));
#1258=CARTESIAN_POINT('',(-1.61622554171937,0.0648502259486181,0.608700423158853));
#1259=CARTESIAN_POINT('',(-1.61678988803242,0.0488278478435889,0.611504451963303));
#1260=CARTESIAN_POINT('',(-1.61733654871649,0.027114952764074,0.61420101888316));
#1261=CARTESIAN_POINT('',(-1.61760764107428,0.000115800363089583,0.615526186164755));
#1262=CARTESIAN_POINT('',(-1.61734050019176,-0.0267909529105525,0.614220286022803));
#1263=CARTESIAN_POINT('',(-1.61680712433626,-0.0482401547047842,0.611589671556366));
#1264=CARTESIAN_POINT('',(-1.61624797348291,-0.0643030723323453,0.608812413203822));
#1265=CARTESIAN_POINT('',(-1.61553185843089,-0.0802921188875505,0.605221728267097));
#1266=CARTESIAN_POINT('',(-1.61467783829773,-0.0959261876954903,0.600888141191936));
#1267=CARTESIAN_POINT('',(-1.61369198212059,-0.111274094178608,0.595813608898786));
#1268=CARTESIAN_POINT('',(-1.61221283014472,-0.131340551955307,0.588069676195951));
#1269=CARTESIAN_POINT('',(-1.61007747605304,-0.155675062064971,0.576579999415381));
#1270=CARTESIAN_POINT('',(-1.60710623195667,-0.183747513004482,0.55975381280114));
#1271=CARTESIAN_POINT('',(-1.60445472741223,-0.205308861178672,0.543744558922278));
#1272=CARTESIAN_POINT('',(-1.60226946989294,-0.221556457272622,0.529743170922238));
#1273=CARTESIAN_POINT('',(-1.60061035951687,-0.233231620193567,0.518643993462963));
#1274=CARTESIAN_POINT('',(-1.59894412904219,-0.244386223188008,0.506953515968982));
#1275=CARTESIAN_POINT('',(-1.59727634395142,-0.255051249167911,0.494612553792353));
#1276=CARTESIAN_POINT('',(-1.59564703481922,-0.265044565408264,0.48182113515554));
#1277=CARTESIAN_POINT('',(-1.59354822742997,-0.277445269021754,0.464237674825897));
#1278=CARTESIAN_POINT('',(-1.59108523044804,-0.291261797426234,0.441240894525982));
#1279=CARTESIAN_POINT('',(-1.58891015438457,-0.302822238749831,0.416930764673828));
#1280=CARTESIAN_POINT('',(-1.5873812553767,-0.310704942321961,0.396586524117542));
#1281=CARTESIAN_POINT('',(-1.58637002917007,-0.315822823982526,0.381143276902472));
#1282=CARTESIAN_POINT('',(-1.58550081663413,-0.320154295600718,0.365549788262579));
#1283=CARTESIAN_POINT('',(-1.58477814309977,-0.323709649848736,0.349798644334972));
#1284=CARTESIAN_POINT('',(-1.58420695475586,-0.326491245949791,0.333893422649384));
#1285=CARTESIAN_POINT('',(-1.58379209471235,-0.328496140596775,0.317829334390856));
#1286=CARTESIAN_POINT('',(-1.5835382396494,-0.329716725211929,0.301617542499172));
#1287=CARTESIAN_POINT('',(-1.58342189258998,-0.330274400165574,0.279736987485997));
#1288=CARTESIAN_POINT('',(-1.58369941535258,-0.328945584167287,0.25270926883296));
#1289=CARTESIAN_POINT('',(-1.58451378126445,-0.325008826286574,0.22607008030478));
#1290=CARTESIAN_POINT('',(-1.58547285856946,-0.320292689430501,0.204998187709151));
#1291=CARTESIAN_POINT('',(-1.58634216146199,-0.315962894352574,0.189309896927533));
#1292=CARTESIAN_POINT('',(-1.58735717476474,-0.310827739183164,0.173757785237671));
#1293=CARTESIAN_POINT('',(-1.58849034784564,-0.304988317924971,0.158630802898064));
#1294=CARTESIAN_POINT('',(-1.58973426203975,-0.298442044489624,0.14386478652081));
#1295=CARTESIAN_POINT('',(-1.59152610058151,-0.28878332752648,0.124670069292969));
#1296=CARTESIAN_POINT('',(-1.59349641323447,-0.277743675658546,0.10621779306015));
#1297=CARTESIAN_POINT('',(-1.59561043025412,-0.265265764152026,0.088473145075588));
#1298=CARTESIAN_POINT('',(-1.59778922033141,-0.251910679571326,0.0713508530650203));
#1299=CARTESIAN_POINT('',(-1.60055632293074,-0.233883006000603,0.0514562978661976));
#1300=CARTESIAN_POINT('',(-1.60331543518916,-0.21403208383116,0.0334202994838025));
#1301=CARTESIAN_POINT('',(-1.60546735156888,-0.197074140535669,0.0201422952855872));
#1302=CARTESIAN_POINT('',(-1.60704708396093,-0.183760646958774,0.0107359774290811));
#1303=CARTESIAN_POINT('',(-1.6085591982618,-0.17002532167474,0.00201777958510978));
#1304=CARTESIAN_POINT('',(-1.61045781167042,-0.151293024752847,-0.00862020530406419));
#1305=CARTESIAN_POINT('',(-1.61259597145773,-0.127031473563724,-0.020136592409149));
#1306=CARTESIAN_POINT('',(-1.61435907872345,-0.10169457775678,-0.0292690648828771));
#1307=CARTESIAN_POINT('',(-1.61551268232138,-0.0806802082892811,-0.0351251742521726));
#1308=CARTESIAN_POINT('',(-1.61646888552036,-0.0594403340859547,-0.0399205343921669));
#1309=CARTESIAN_POINT('',(-1.61711642503239,-0.0380071625257695,-0.0431169452980094));
#1310=CARTESIAN_POINT('',(-1.61744460211763,-0.0163665768726467,-0.0447286756211795));
#1311=CARTESIAN_POINT('',(-1.61752770207312,2.83349000501556E-6,-0.0451356814170281));
#1312=CARTESIAN_POINT('',(-1.61744458958988,0.0163552429126259,-0.044728598710708));
#1313=CARTESIAN_POINT('',(-1.6175,-1.13027679232971E-16,-0.045));
#1314=CARTESIAN_POINT('',(6.22936432853165E-15,-3.79392791604731E-31,0.8675));
#1315=CARTESIAN_POINT('',(-1.61749999999999,-3.79392791604731E-31,0.8675));
#1316=CARTESIAN_POINT('',(6.22936432853165E-15,-3.79392791604731E-31,-7.385));
#1317=CARTESIAN_POINT('',(6.22936432853165E-15,-1.6175,-7.385));
#1318=CARTESIAN_POINT('',(0.275,1.5939514578556,-7.385));
#1319=CARTESIAN_POINT('',(0.275,1.5939514578556,-5.36));
#1320=CARTESIAN_POINT('',(0.275,1.5939514578556,-5.81));
#1321=CARTESIAN_POINT('',(-0.275,1.5939514578556,-5.36));
#1322=CARTESIAN_POINT('',(-0.275,1.5939514578556,-5.35089950539437));
#1323=CARTESIAN_POINT('',(-0.274099465612971,1.59410721282327,-5.33285640169618));
#1324=CARTESIAN_POINT('',(-0.270138681653358,1.59478535212058,-5.30623624475011));
#1325=CARTESIAN_POINT('',(-0.264690209751749,1.59569991566904,-5.28445063259019));
#1326=CARTESIAN_POINT('',(-0.258987881331082,1.59663357233216,-5.26719814286433));
#1327=CARTESIAN_POINT('',(-0.252466023962346,1.59768200634364,-5.25032746100011));
#1328=CARTESIAN_POINT('',(-0.242867004830813,1.59917987556095,-5.23007503327112));
#1329=CARTESIAN_POINT('',(-0.231357427668215,1.60088261616551,-5.21087060183697));
#1330=CARTESIAN_POINT('',(-0.221003047025697,1.60233770162799,-5.19615836612006));
#1331=CARTESIAN_POINT('',(-0.209834604143635,1.60384960482778,-5.18184805771903));
#1332=CARTESIAN_POINT('',(-0.194744348737459,1.60577169513935,-5.1652195611167));
#1333=CARTESIAN_POINT('',(-0.174878213632405,1.60806358427876,-5.14720388466062));
#1334=CARTESIAN_POINT('',(-0.156866568260558,1.60990690655679,-5.13381067879914));
#1335=CARTESIAN_POINT('',(-0.141527399811126,1.61131060181738,-5.1240835846007));
#1336=CARTESIAN_POINT('',(-0.125859095768846,1.61262997614331,-5.11520301760257));
#1337=CARTESIAN_POINT('',(-0.105617003566611,1.61411191354943,-5.10561813052108));
#1338=CARTESIAN_POINT('',(-0.084521254601066,1.6153306434361,-5.0980401961973));
#1339=CARTESIAN_POINT('',(-0.0671189661420756,1.61612487664968,-5.09320052666666));
#1340=CARTESIAN_POINT('',(-0.0493601593217101,1.61678955922026,-5.08919961860444));
#1341=CARTESIAN_POINT('',(-0.0271160174751567,1.61734656134603,-5.08590068496527));
#1342=CARTESIAN_POINT('',(-0.00471664804617429,1.61753683535507,-5.08478363047768));
#1343=CARTESIAN_POINT('',(0.0132751265471908,1.61746434214427,-5.08520957487408));
#1344=CARTESIAN_POINT('',(0.0268200165117844,1.61729664029005,-5.08619767170111));
#1345=CARTESIAN_POINT('',(0.0403686588220449,1.61701482228837,-5.08786590880412));
#1346=CARTESIAN_POINT('',(0.0581264880785424,1.61649752677548,-5.0909501931358));
#1347=CARTESIAN_POINT('',(0.0798851358622219,1.61559443456694,-5.09640315709918));
#1348=CARTESIAN_POINT('',(0.105239896962187,1.61413811651186,-5.10545053389198));
#1349=CARTESIAN_POINT('',(0.129923160456786,1.61233330620636,-5.11712035642954));
#1350=CARTESIAN_POINT('',(0.152976970154604,1.61030154187093,-5.13095402564921));
#1351=CARTESIAN_POINT('',(0.170958680408108,1.60846624497296,-5.14427154994411));
#1352=CARTESIAN_POINT('',(0.184573112722698,1.60694525968399,-5.15599288851721));
#1353=CARTESIAN_POINT('',(0.19442856504028,1.60578176129291,-5.16536158142842));
#1354=CARTESIAN_POINT('',(0.203766251628286,1.60462249803057,-5.17516241984504));
#1355=CARTESIAN_POINT('',(0.215488093336379,1.60310000021274,-5.18873924556723));
#1356=CARTESIAN_POINT('',(0.228821234397351,1.60125659627771,-5.20668627043456));
#1357=CARTESIAN_POINT('',(0.240384506725449,1.59954788805968,-5.22589627199612));
#1358=CARTESIAN_POINT('',(0.248573348832284,1.59828944966137,-5.24210996877012));
#1359=CARTESIAN_POINT('',(0.255904618846796,1.59713526292357,-5.25861171734403));
#1360=CARTESIAN_POINT('',(0.263475047454846,1.59590342193612,-5.27971161973427));
#1361=CARTESIAN_POINT('',(0.268958948146467,1.59498353341195,-5.301453459586));
#1362=CARTESIAN_POINT('',(0.272073843190832,1.59445397519291,-5.31922571360121));
#1363=CARTESIAN_POINT('',(0.274325135661621,1.59406822491106,-5.33729135451635));
#1364=CARTESIAN_POINT('',(0.275,1.5939514578556,-5.35089949576026));
#1365=CARTESIAN_POINT('',(0.275,1.5939514578556,-5.36));
#1366=CARTESIAN_POINT('',(-0.275,1.5939514578556,-5.36));
#1367=CARTESIAN_POINT('',(-0.275,1.5939514578556,-7.385));
#1368=CARTESIAN_POINT('',(-0.275,1.5939514578556,-5.81));
#1369=CARTESIAN_POINT('',(0.275,1.59395145785561,-5.81));
#1370=CARTESIAN_POINT('',(0.275,1.59395145785561,-5.81910049460563));
#1371=CARTESIAN_POINT('',(0.274099465612975,1.59410721282327,-5.83714359830382));
#1372=CARTESIAN_POINT('',(0.270138681653361,1.59478535212058,-5.8637637552499));
#1373=CARTESIAN_POINT('',(0.264690209751752,1.59569991566904,-5.8855493674098));
#1374=CARTESIAN_POINT('',(0.258987881331085,1.59663357233217,-5.90280185713567));
#1375=CARTESIAN_POINT('',(0.252466023962349,1.59768200634364,-5.91967253899988));
#1376=CARTESIAN_POINT('',(0.242867004830816,1.59917987556095,-5.93992496672888));
#1377=CARTESIAN_POINT('',(0.231357427668217,1.60088261616551,-5.95912939816303));
#1378=CARTESIAN_POINT('',(0.2210030470257,1.60233770162799,-5.97384163387994));
#1379=CARTESIAN_POINT('',(0.209834604143638,1.60384960482778,-5.98815194228097));
#1380=CARTESIAN_POINT('',(0.194744348737464,1.60577169513935,-6.0047804388833));
#1381=CARTESIAN_POINT('',(0.174878213632408,1.60806358427876,-6.02279611533939));
#1382=CARTESIAN_POINT('',(0.156866568260562,1.6099069065568,-6.03618932120086));
#1383=CARTESIAN_POINT('',(0.141527399811129,1.61131060181738,-6.0459164153993));
#1384=CARTESIAN_POINT('',(0.12585909576885,1.61262997614332,-6.05479698239743));
#1385=CARTESIAN_POINT('',(0.105617003566614,1.61411191354943,-6.06438186947892));
#1386=CARTESIAN_POINT('',(0.0845212546010708,1.6153306434361,-6.0719598038027));
#1387=CARTESIAN_POINT('',(0.0671189661420784,1.61612487664968,-6.07679947333334));
#1388=CARTESIAN_POINT('',(0.049360159321714,1.61678955922026,-6.08080038139557));
#1389=CARTESIAN_POINT('',(0.0271160174751603,1.61734656134603,-6.08409931503472));
#1390=CARTESIAN_POINT('',(0.00471664804617768,1.61753683535507,-6.08521636952232));
#1391=CARTESIAN_POINT('',(-0.0132751265471876,1.61746434214427,-6.08479042512592));
#1392=CARTESIAN_POINT('',(-0.0268200165117808,1.61729664029005,-6.08380232829889));
#1393=CARTESIAN_POINT('',(-0.0403686588220414,1.61701482228837,-6.08213409119588));
#1394=CARTESIAN_POINT('',(-0.0581264880785391,1.61649752677548,-6.07904980686419));
#1395=CARTESIAN_POINT('',(-0.0798851358622188,1.61559443456694,-6.07359684290082));
#1396=CARTESIAN_POINT('',(-0.105239896962184,1.61413811651186,-6.06454946610802));
#1397=CARTESIAN_POINT('',(-0.129923160456782,1.61233330620636,-6.05287964357046));
#1398=CARTESIAN_POINT('',(-0.1529769701546,1.61030154187093,-6.03904597435079));
#1399=CARTESIAN_POINT('',(-0.170958680408105,1.60846624497296,-6.02572845005589));
#1400=CARTESIAN_POINT('',(-0.184573112722695,1.60694525968399,-6.01400711148279));
#1401=CARTESIAN_POINT('',(-0.194428565040277,1.60578176129291,-6.00463841857158));
#1402=CARTESIAN_POINT('',(-0.203766251628283,1.60462249803057,-5.99483758015496));
#1403=CARTESIAN_POINT('',(-0.215488093336375,1.60310000021274,-5.98126075443277));
#1404=CARTESIAN_POINT('',(-0.228821234397347,1.60125659627771,-5.96331372956544));
#1405=CARTESIAN_POINT('',(-0.240384506725445,1.59954788805968,-5.94410372800388));
#1406=CARTESIAN_POINT('',(-0.248573348832281,1.59828944966136,-5.92789003122987));
#1407=CARTESIAN_POINT('',(-0.255904618846792,1.59713526292356,-5.91138828265597));
#1408=CARTESIAN_POINT('',(-0.263475047454843,1.59590342193612,-5.89028838026573));
#1409=CARTESIAN_POINT('',(-0.268958948146463,1.59498353341195,-5.868546540414));
#1410=CARTESIAN_POINT('',(-0.272073843190829,1.59445397519291,-5.85077428639879));
#1411=CARTESIAN_POINT('',(-0.274325135661617,1.59406822491105,-5.83270864548365));
#1412=CARTESIAN_POINT('',(-0.275,1.5939514578556,-5.81910050423974));
#1413=CARTESIAN_POINT('',(-0.275,1.5939514578556,-5.81));
#1414=CARTESIAN_POINT('',(1.61743763230451,-0.0173640358341624,-2.70528800813372));
#1415=CARTESIAN_POINT('',(1.6175311857046,2.87156466314805E-6,-2.70485598349921));
#1416=CARTESIAN_POINT('',(1.6174376248771,0.0173525495755131,-2.70528805786945));
#1417=CARTESIAN_POINT('',(1.6170698602544,0.0402394810477539,-2.70699088051068));
#1418=CARTESIAN_POINT('',(1.61616516344752,0.0685073185823145,-2.71120201133545));
#1419=CARTESIAN_POINT('',(1.61469947709563,0.0962569316511229,-2.71815035477992));
#1420=CARTESIAN_POINT('',(1.61320091248985,0.118230427342525,-2.72542165214522));
#1421=CARTESIAN_POINT('',(1.61193861388593,0.134330860771434,-2.73165228667002));
#1422=CARTESIAN_POINT('',(1.61055453773909,0.150002547547675,-2.73861908903459));
#1423=CARTESIAN_POINT('',(1.6090584835718,0.165267787821709,-2.74631926642256));
#1424=CARTESIAN_POINT('',(1.60746186740477,0.180125263834475,-2.75474633890209));
#1425=CARTESIAN_POINT('',(1.60577521684121,0.194578382702954,-2.76390392097827));
#1426=CARTESIAN_POINT('',(1.60401066911665,0.20861747011897,-2.77379157074691));
#1427=CARTESIAN_POINT('',(1.60156359216066,0.226810953737237,-2.78800001726047));
#1428=CARTESIAN_POINT('',(1.59844689042437,0.247934899095363,-2.80717893385538));
#1429=CARTESIAN_POINT('',(1.59533600560809,0.267023929753886,-2.82822906101117));
#1430=CARTESIAN_POINT('',(1.59290437407131,0.281065433458464,-2.84619385414236));
#1431=CARTESIAN_POINT('',(1.59112241949462,0.290976830968196,-2.86023844615917));
#1432=CARTESIAN_POINT('',(1.58939651400375,0.300253556907772,-2.87486900856232));
#1433=CARTESIAN_POINT('',(1.58777221494971,0.308720201013832,-2.88980462688563));
#1434=CARTESIAN_POINT('',(1.58625396843497,0.31642241782164,-2.90508581139574));
#1435=CARTESIAN_POINT('',(1.5848535504662,0.323357929251832,-2.92069843021842));
#1436=CARTESIAN_POINT('',(1.58358064301627,0.329530305257152,-2.93664669810686));
#1437=CARTESIAN_POINT('',(1.58244576934404,0.33493336329977,-2.95293060159114));
#1438=CARTESIAN_POINT('',(1.58145865370293,0.339560047749411,-2.96956315775645));
#1439=CARTESIAN_POINT('',(1.58035716544401,0.344655342257653,-2.99217819263311));
#1440=CARTESIAN_POINT('',(1.57943305765472,0.348856117992438,-3.02050345575039));
#1441=CARTESIAN_POINT('',(1.57911748243096,0.350277071743158,-3.04904689027564));
#1442=CARTESIAN_POINT('',(1.57923890203974,0.349729854259151,-3.07197826690442));
#1443=CARTESIAN_POINT('',(1.57951888462434,0.348464202701675,-3.08925592526449));
#1444=CARTESIAN_POINT('',(1.57998786544689,0.346333429337523,-3.10650715351161));
#1445=CARTESIAN_POINT('',(1.58084753241926,0.3423970373573,-3.12911954535304));
#1446=CARTESIAN_POINT('',(1.58234621258682,0.335440518894558,-3.15683069562586));
#1447=CARTESIAN_POINT('',(1.58435572271161,0.325821485615436,-3.18373423587918));
#1448=CARTESIAN_POINT('',(1.58624745781382,0.316455887944048,-3.20485256491661));
#1449=CARTESIAN_POINT('',(1.5882892713861,0.306096690675327,-3.22539611023637));
#1450=CARTESIAN_POINT('',(1.5905129715924,0.294360951454891,-3.24494156412025));
#1451=CARTESIAN_POINT('',(1.5928703819459,0.281257488436458,-3.26354614284516));
#1452=CARTESIAN_POINT('',(1.59469256278403,0.270743737124903,-3.27702544923024));
#1453=CARTESIAN_POINT('',(1.59655487390879,0.25954702469102,-3.29002028467949));
#1454=CARTESIAN_POINT('',(1.59845009976714,0.247617438084981,-3.30255803801473));
#1455=CARTESIAN_POINT('',(1.60032875463198,0.235178456788604,-3.31440076096122));
#1456=CARTESIAN_POINT('',(1.60279524015983,0.217922537918746,-3.3292927929331));
#1457=CARTESIAN_POINT('',(1.60577468007984,0.195103717145991,-3.3462421792162));
#1458=CARTESIAN_POINT('',(1.60853192523338,0.170632866333963,-3.36096964176547));
#1459=CARTESIAN_POINT('',(1.61055665616226,0.149985804776972,-3.37139231046459));
#1460=CARTESIAN_POINT('',(1.61194422267654,0.134262114217724,-3.3783754922098));
#1461=CARTESIAN_POINT('',(1.61319676697787,0.118277099474832,-3.38455760503022));
#1462=CARTESIAN_POINT('',(1.61430596493084,0.102039669850307,-3.38994087277737));
#1463=CARTESIAN_POINT('',(1.61526472927587,0.0855480321935207,-3.39452827974408));
#1464=CARTESIAN_POINT('',(1.61606550158728,0.0688004804934066,-3.39831480602905));
#1465=CARTESIAN_POINT('',(1.61670097266982,0.0517948663033728,-3.40129160367856));
#1466=CARTESIAN_POINT('',(1.61731608879123,0.0287612031905283,-3.40415236472129));
#1467=CARTESIAN_POINT('',(1.61762112182616,0.000127173289882559,-3.40555825941391));
#1468=CARTESIAN_POINT('',(1.61732051360238,-0.0284218421875924,-3.40417270856004));
#1469=CARTESIAN_POINT('',(1.61672006774634,-0.0511814605012537,-3.4013806166452));
#1470=CARTESIAN_POINT('',(1.61609015744556,-0.0682338477441231,-3.39843085690978));
#1471=CARTESIAN_POINT('',(1.61528432121937,-0.085187953284775,-3.39462156287755));
#1472=CARTESIAN_POINT('',(1.61432334465775,-0.101767061451608,-3.39002463267808));
#1473=CARTESIAN_POINT('',(1.61321387938367,-0.118044123405301,-3.38464137622104));
#1474=CARTESIAN_POINT('',(1.61154898544567,-0.139328958957613,-3.37642574282961));
#1475=CARTESIAN_POINT('',(1.60962590474955,-0.159973510141402,-3.3666728154858));
#1476=CARTESIAN_POINT('',(1.60747132862315,-0.180046086699887,-3.35530539977503));
#1477=CARTESIAN_POINT('',(1.60520399811143,-0.199471938736101,-3.34299445310477));
#1478=CARTESIAN_POINT('',(1.60281649542683,-0.21776504133766,-3.32941616404523));
#1479=CARTESIAN_POINT('',(1.60035613019886,-0.234991618981255,-3.31456906779175));
#1480=CARTESIAN_POINT('',(1.59848756572542,-0.247373599614381,-3.3027975784033));
#1481=CARTESIAN_POINT('',(1.59661029600245,-0.25920602024521,-3.29039604024958));
#1482=CARTESIAN_POINT('',(1.5947310202721,-0.270518914448506,-3.27730388746282));
#1483=CARTESIAN_POINT('',(1.59289748338084,-0.281104444778308,-3.26375380186381));
#1484=CARTESIAN_POINT('',(1.59053355291751,-0.294250348352787,-3.24511521779587));
#1485=CARTESIAN_POINT('',(1.58775814712934,-0.308901337583038,-3.22073371360929));
#1486=CARTESIAN_POINT('',(1.58530471635324,-0.321169375002656,-3.19494078552366));
#1487=CARTESIAN_POINT('',(1.58358007652831,-0.329533492314098,-3.17335482401045));
#1488=CARTESIAN_POINT('',(1.58244057394863,-0.33495783082902,-3.15698849459066));
#1489=CARTESIAN_POINT('',(1.58146025231333,-0.339552335275481,-3.14045249159464));
#1490=CARTESIAN_POINT('',(1.58064500042357,-0.343324244836092,-3.12374686330383));
#1491=CARTESIAN_POINT('',(1.58000038129321,-0.346276283289087,-3.1068727666557));
#1492=CARTESIAN_POINT('',(1.57953207598882,-0.348404433858259,-3.08982688318097));
#1493=CARTESIAN_POINT('',(1.5792454622815,-0.34970026432208,-3.07261561118612));
#1494=CARTESIAN_POINT('',(1.57911444772059,-0.350290744764089,-3.04939976031904));
#1495=CARTESIAN_POINT('',(1.57942760188336,-0.3488808613964,-3.02074436739081));
#1496=CARTESIAN_POINT('',(1.58034667266068,-0.344703007609439,-2.99247866169945));
#1497=CARTESIAN_POINT('',(1.5814291626237,-0.339697089062781,-2.97011930841345));
#1498=CARTESIAN_POINT('',(1.5824110565307,-0.335097418154596,-2.95346136285702));
#1499=CARTESIAN_POINT('',(1.58355559465619,-0.329650899689187,-2.93697487166481));
#1500=CARTESIAN_POINT('',(1.58483294715566,-0.323458962911226,-2.92093976925751));
#1501=CARTESIAN_POINT('',(1.58623523247808,-0.316516361679115,-2.9052835132491));
#1502=CARTESIAN_POINT('',(1.58825537419144,-0.306270807067759,-2.88492719151414));
#1503=CARTESIAN_POINT('',(1.59047623163673,-0.294561488098135,-2.86535756139002));
#1504=CARTESIAN_POINT('',(1.59286138617744,-0.28131001634703,-2.84651877200048));
#1505=CARTESIAN_POINT('',(1.59531240541726,-0.267166835171772,-2.82839095980442));
#1506=CARTESIAN_POINT('',(1.59780509332111,-0.251877220484558,-2.8115179301769));
#1507=CARTESIAN_POINT('',(1.60029214160502,-0.235426562774117,-2.7958254440725));
#1508=CARTESIAN_POINT('',(1.60214101630236,-0.222507370080346,-2.78465250653373));
#1509=CARTESIAN_POINT('',(1.6039588132745,-0.209014784443651,-2.77408754554426));
#1510=CARTESIAN_POINT('',(1.60573881448062,-0.194881929170715,-2.76410354142776));
#1511=CARTESIAN_POINT('',(1.60743824801716,-0.180337471006441,-2.7548723658757));
#1512=CARTESIAN_POINT('',(1.60957432238136,-0.160481240173031,-2.74359460208936));
#1513=CARTESIAN_POINT('',(1.61198038276594,-0.134756367768521,-2.73138109326549));
#1514=CARTESIAN_POINT('',(1.61396575554303,-0.107870362545473,-2.72168748788884));
#1515=CARTESIAN_POINT('',(1.61526493841862,-0.0855585548526456,-2.71547042196969));
#1516=CARTESIAN_POINT('',(1.6163396827972,-0.0630500596052837,-2.71038921413009));
#1517=CARTESIAN_POINT('',(1.61706836523512,-0.0403176494477175,-2.7069978848221));
#1518=CARTESIAN_POINT('',(1.61743763230451,-0.0173640358341624,-2.70528800813372));
#1519=CARTESIAN_POINT('',(1.6175311857046,2.87156466314805E-6,-2.70485598349921));
#1520=CARTESIAN_POINT('',(1.6174376248771,0.0173525495755131,-2.70528805786945));
#1521=CARTESIAN_POINT('',(1.6175,5.64035231725012E-16,-2.705));
#1522=CARTESIAN_POINT('',(0.,0.,0.));
#1523=CARTESIAN_POINT('',(6.22936432853165E-15,-3.79392791604731E-31,-7.385));
#1524=CARTESIAN_POINT('',(6.22936432853165E-15,-3.79392791604731E-31,-7.385));
#1525=CARTESIAN_POINT('',(6.22936432853165E-15,-1.6175,-7.385));
#1526=CARTESIAN_POINT('',(6.22936432853165E-15,-3.79392791604731E-31,-9.385));
#1527=CARTESIAN_POINT('',(6.22936432853165E-15,1.6175,-9.385));
#1528=CARTESIAN_POINT('',(0.,0.,0.));
#1529=CARTESIAN_POINT('',(1.7,5.73432762699614E-16,-3.055));
#1530=CARTESIAN_POINT('',(1.5,5.63435614516546E-16,-3.055));
#1531=CARTESIAN_POINT('',(1.5,0.209922198524207,-3.33505833422122));
#1532=CARTESIAN_POINT('',(1.61743763230451,0.0173640358341626,-2.70528800813372));
#1533=CARTESIAN_POINT('',(1.6175311857046,-2.87156466180841E-6,-2.70485598349921));
#1534=CARTESIAN_POINT('',(1.6174376248771,-0.017352549575512,-2.70528805786945));
#1535=CARTESIAN_POINT('',(1.6170698602544,-0.0402394810477528,-2.70699088051068));
#1536=CARTESIAN_POINT('',(1.61616516344752,-0.0685073185823134,-2.71120201133545));
#1537=CARTESIAN_POINT('',(1.61469947709563,-0.0962569316511216,-2.71815035477992));
#1538=CARTESIAN_POINT('',(1.61320091248985,-0.118230427342524,-2.72542165214522));
#1539=CARTESIAN_POINT('',(1.61193861388593,-0.134330860771433,-2.73165228667002));
#1540=CARTESIAN_POINT('',(1.61055453773909,-0.150002547547674,-2.73861908903459));
#1541=CARTESIAN_POINT('',(1.6090584835718,-0.165267787821708,-2.74631926642256));
#1542=CARTESIAN_POINT('',(1.60746186740477,-0.180125263834474,-2.75474633890209));
#1543=CARTESIAN_POINT('',(1.60577521684122,-0.194578382702953,-2.76390392097827));
#1544=CARTESIAN_POINT('',(1.60401066911665,-0.208617470118969,-2.77379157074691));
#1545=CARTESIAN_POINT('',(1.60156359216066,-0.226810953737236,-2.78800001726047));
#1546=CARTESIAN_POINT('',(1.59844689042436,-0.247934899095362,-2.80717893385538));
#1547=CARTESIAN_POINT('',(1.59533600560809,-0.267023929753885,-2.82822906101117));
#1548=CARTESIAN_POINT('',(1.59290437407131,-0.281065433458462,-2.84619385414236));
#1549=CARTESIAN_POINT('',(1.59112241949461,-0.290976830968195,-2.86023844615917));
#1550=CARTESIAN_POINT('',(1.58939651400375,-0.300253556907771,-2.87486900856232));
#1551=CARTESIAN_POINT('',(1.58777221494971,-0.308720201013831,-2.88980462688563));
#1552=CARTESIAN_POINT('',(1.58625396843497,-0.316422417821639,-2.90508581139574));
#1553=CARTESIAN_POINT('',(1.5848535504662,-0.323357929251831,-2.92069843021842));
#1554=CARTESIAN_POINT('',(1.58358064301627,-0.329530305257151,-2.93664669810686));
#1555=CARTESIAN_POINT('',(1.58244576934404,-0.334933363299769,-2.95293060159114));
#1556=CARTESIAN_POINT('',(1.58145865370293,-0.33956004774941,-2.96956315775645));
#1557=CARTESIAN_POINT('',(1.58035716544401,-0.344655342257652,-2.99217819263311));
#1558=CARTESIAN_POINT('',(1.57943305765472,-0.348856117992437,-3.02050345575039));
#1559=CARTESIAN_POINT('',(1.57911748243096,-0.350277071743157,-3.04904689027564));
#1560=CARTESIAN_POINT('',(1.57923890203974,-0.34972985425915,-3.07197826690442));
#1561=CARTESIAN_POINT('',(1.57951888462434,-0.348464202701674,-3.08925592526449));
#1562=CARTESIAN_POINT('',(1.57998786544689,-0.346333429337522,-3.10650715351161));
#1563=CARTESIAN_POINT('',(1.58084753241927,-0.342397037357299,-3.12911954535304));
#1564=CARTESIAN_POINT('',(1.58234621258682,-0.335440518894557,-3.15683069562586));
#1565=CARTESIAN_POINT('',(1.58435572271161,-0.325821485615434,-3.18373423587918));
#1566=CARTESIAN_POINT('',(1.58624745781382,-0.316455887944047,-3.20485256491661));
#1567=CARTESIAN_POINT('',(1.5882892713861,-0.306096690675326,-3.22539611023637));
#1568=CARTESIAN_POINT('',(1.5905129715924,-0.29436095145489,-3.24494156412025));
#1569=CARTESIAN_POINT('',(1.5928703819459,-0.281257488436457,-3.26354614284516));
#1570=CARTESIAN_POINT('',(1.59469256278403,-0.270743737124902,-3.27702544923024));
#1571=CARTESIAN_POINT('',(1.59655487390879,-0.259547024691019,-3.29002028467949));
#1572=CARTESIAN_POINT('',(1.59845009976714,-0.247617438084979,-3.30255803801473));
#1573=CARTESIAN_POINT('',(1.60032875463198,-0.235178456788603,-3.31440076096122));
#1574=CARTESIAN_POINT('',(1.60279524015983,-0.217922537918745,-3.3292927929331));
#1575=CARTESIAN_POINT('',(1.60577468007984,-0.19510371714599,-3.3462421792162));
#1576=CARTESIAN_POINT('',(1.60853192523338,-0.170632866333962,-3.36096964176547));
#1577=CARTESIAN_POINT('',(1.61055665616226,-0.149985804776971,-3.37139231046459));
#1578=CARTESIAN_POINT('',(1.61194422267654,-0.134262114217723,-3.3783754922098));
#1579=CARTESIAN_POINT('',(1.61319676697787,-0.11827709947483,-3.38455760503022));
#1580=CARTESIAN_POINT('',(1.61430596493084,-0.102039669850306,-3.38994087277737));
#1581=CARTESIAN_POINT('',(1.61526472927587,-0.0855480321935189,-3.39452827974408));
#1582=CARTESIAN_POINT('',(1.61606550158728,-0.0688004804934056,-3.39831480602905));
#1583=CARTESIAN_POINT('',(1.61670097266982,-0.0517948663033713,-3.40129160367856));
#1584=CARTESIAN_POINT('',(1.61731608879123,-0.0287612031905272,-3.40415236472129));
#1585=CARTESIAN_POINT('',(1.61762112182616,-0.00012717328988042,-3.40555825941391));
#1586=CARTESIAN_POINT('',(1.61732051360238,0.0284218421875904,-3.40417270856004));
#1587=CARTESIAN_POINT('',(1.61672006774634,0.051181460501255,-3.4013806166452));
#1588=CARTESIAN_POINT('',(1.61609015744556,0.068233847744124,-3.39843085690978));
#1589=CARTESIAN_POINT('',(1.61528432121937,0.0851879532847759,-3.39462156287755));
#1590=CARTESIAN_POINT('',(1.61432334465775,0.101767061451609,-3.39002463267808));
#1591=CARTESIAN_POINT('',(1.61321387938367,0.118044123405302,-3.38464137622104));
#1592=CARTESIAN_POINT('',(1.61154898544567,0.139328958957613,-3.37642574282961));
#1593=CARTESIAN_POINT('',(1.60962590474955,0.159973510141406,-3.3666728154858));
#1594=CARTESIAN_POINT('',(1.60747132862315,0.180046086699888,-3.35530539977503));
#1595=CARTESIAN_POINT('',(1.60520399811143,0.199471938736102,-3.34299445310477));
#1596=CARTESIAN_POINT('',(1.60281649542683,0.217765041337661,-3.32941616404523));
#1597=CARTESIAN_POINT('',(1.60035613019886,0.234991618981257,-3.31456906779175));
#1598=CARTESIAN_POINT('',(1.59848756572542,0.247373599614382,-3.3027975784033));
#1599=CARTESIAN_POINT('',(1.59661029600245,0.259206020245211,-3.29039604024958));
#1600=CARTESIAN_POINT('',(1.5947310202721,0.270518914448507,-3.27730388746282));
#1601=CARTESIAN_POINT('',(1.59289748338083,0.281104444778309,-3.26375380186381));
#1602=CARTESIAN_POINT('',(1.59053355291751,0.294250348352789,-3.24511521779587));
#1603=CARTESIAN_POINT('',(1.58775814712934,0.308901337583039,-3.22073371360929));
#1604=CARTESIAN_POINT('',(1.58530471635324,0.321169375002657,-3.19494078552366));
#1605=CARTESIAN_POINT('',(1.58358007652831,0.329533492314099,-3.17335482401045));
#1606=CARTESIAN_POINT('',(1.58244057394863,0.334957830829021,-3.15698849459066));
#1607=CARTESIAN_POINT('',(1.58146025231333,0.339552335275482,-3.14045249159464));
#1608=CARTESIAN_POINT('',(1.58064500042357,0.343324244836093,-3.12374686330383));
#1609=CARTESIAN_POINT('',(1.58000038129321,0.346276283289088,-3.10687276665571));
#1610=CARTESIAN_POINT('',(1.57953207598882,0.34840443385826,-3.08982688318097));
#1611=CARTESIAN_POINT('',(1.5792454622815,0.349700264322081,-3.07261561118612));
#1612=CARTESIAN_POINT('',(1.57911444772059,0.350290744764091,-3.04939976031904));
#1613=CARTESIAN_POINT('',(1.57942760188336,0.348880861396402,-3.02074436739081));
#1614=CARTESIAN_POINT('',(1.58034667266068,0.34470300760944,-2.99247866169945));
#1615=CARTESIAN_POINT('',(1.5814291626237,0.339697089062782,-2.97011930841345));
#1616=CARTESIAN_POINT('',(1.5824110565307,0.335097418154597,-2.95346136285702));
#1617=CARTESIAN_POINT('',(1.58355559465619,0.329650899689189,-2.93697487166481));
#1618=CARTESIAN_POINT('',(1.58483294715566,0.323458962911227,-2.92093976925751));
#1619=CARTESIAN_POINT('',(1.58623523247808,0.316516361679116,-2.9052835132491));
#1620=CARTESIAN_POINT('',(1.58825537419144,0.306270807067761,-2.88492719151414));
#1621=CARTESIAN_POINT('',(1.59047623163673,0.294561488098136,-2.86535756139002));
#1622=CARTESIAN_POINT('',(1.59286138617744,0.281310016347031,-2.84651877200048));
#1623=CARTESIAN_POINT('',(1.59531240541726,0.267166835171773,-2.82839095980442));
#1624=CARTESIAN_POINT('',(1.59780509332111,0.25187722048456,-2.8115179301769));
#1625=CARTESIAN_POINT('',(1.60029214160502,0.235426562774118,-2.7958254440725));
#1626=CARTESIAN_POINT('',(1.60214101630236,0.222507370080347,-2.78465250653373));
#1627=CARTESIAN_POINT('',(1.6039588132745,0.209014784443652,-2.77408754554426));
#1628=CARTESIAN_POINT('',(1.60573881448062,0.194881929170716,-2.76410354142776));
#1629=CARTESIAN_POINT('',(1.60743824801716,0.180337471006442,-2.7548723658757));
#1630=CARTESIAN_POINT('',(1.60957432238136,0.160481240173032,-2.74359460208936));
#1631=CARTESIAN_POINT('',(1.61198038276594,0.134756367768523,-2.73138109326549));
#1632=CARTESIAN_POINT('',(1.61396575554303,0.107870362545474,-2.72168748788884));
#1633=CARTESIAN_POINT('',(1.61526493841862,0.0855585548526464,-2.71547042196969));
#1634=CARTESIAN_POINT('',(1.6163396827972,0.0630500596052841,-2.71038921413009));
#1635=CARTESIAN_POINT('',(1.61706836523512,0.0403176494477187,-2.7069978848221));
#1636=CARTESIAN_POINT('',(1.61743763230451,0.0173640358341626,-2.70528800813372));
#1637=CARTESIAN_POINT('',(1.6175311857046,-2.87156466180841E-6,-2.70485598349921));
#1638=CARTESIAN_POINT('',(1.6174376248771,-0.017352549575512,-2.70528805786945));
#1639=CARTESIAN_POINT('',(1.6175,5.74376625866678E-16,-2.705));
#1640=CARTESIAN_POINT('',(1.7,5.73432762699614E-16,-3.055));
#1641=CARTESIAN_POINT('',(1.7,5.73432762699614E-16,-3.055));
#1642=CARTESIAN_POINT('',(1.7,0.209922198524207,-3.33505833422122));
#1643=CARTESIAN_POINT('',(0.,0.,0.));
#1644=CARTESIAN_POINT('',(1.59716725349427,4.44089209850063E-16,1.2825));
#1645=CARTESIAN_POINT('',(6.22936432853165E-15,-3.79392791604731E-31,1.2825));
#1646=CARTESIAN_POINT('',(1.40000000000001,4.44089209850062E-16,1.2825));
#1647=CARTESIAN_POINT('',(6.22936432853165E-15,-3.79392791604731E-31,1.2825));
#1648=CARTESIAN_POINT('',(1.78000000000001,4.44089209850063E-16,1.2825));
#1649=MECHANICAL_DESIGN_GEOMETRIC_PRESENTATION_REPRESENTATION('',(#453),
#1657);
#1650=MECHANICAL_DESIGN_GEOMETRIC_PRESENTATION_REPRESENTATION('',(#454),
#1658);
#1651=MECHANICAL_DESIGN_GEOMETRIC_PRESENTATION_REPRESENTATION('',(#455,
#10),#1659);
#1652=MECHANICAL_DESIGN_GEOMETRIC_PRESENTATION_REPRESENTATION('',(#456),
#1660);
#1653=MECHANICAL_DESIGN_GEOMETRIC_PRESENTATION_REPRESENTATION('',(#457),
#1661);
#1654=MECHANICAL_DESIGN_GEOMETRIC_PRESENTATION_REPRESENTATION('',(#458),
#1662);
#1655=MECHANICAL_DESIGN_GEOMETRIC_PRESENTATION_REPRESENTATION('',(#459),
#1663);
#1656=MECHANICAL_DESIGN_GEOMETRIC_PRESENTATION_REPRESENTATION('',(#460),
#1664);
#1657=(
GEOMETRIC_REPRESENTATION_CONTEXT(3)
GLOBAL_UNCERTAINTY_ASSIGNED_CONTEXT((#1665))
GLOBAL_UNIT_ASSIGNED_CONTEXT((#1689,#1681,#1673))
REPRESENTATION_CONTEXT('opening_1','TOP_LEVEL_ASSEMBLY_PART')
);
#1658=(
GEOMETRIC_REPRESENTATION_CONTEXT(3)
GLOBAL_UNCERTAINTY_ASSIGNED_CONTEXT((#1666))
GLOBAL_UNIT_ASSIGNED_CONTEXT((#1690,#1682,#1674))
REPRESENTATION_CONTEXT('opening_0','TOP_LEVEL_ASSEMBLY_PART')
);
#1659=(
GEOMETRIC_REPRESENTATION_CONTEXT(3)
GLOBAL_UNCERTAINTY_ASSIGNED_CONTEXT((#1667))
GLOBAL_UNIT_ASSIGNED_CONTEXT((#1691,#1683,#1675))
REPRESENTATION_CONTEXT('skir_carbo_und','TOP_LEVEL_ASSEMBLY_PART')
);
#1660=(
GEOMETRIC_REPRESENTATION_CONTEXT(3)
GLOBAL_UNCERTAINTY_ASSIGNED_CONTEXT((#1668))
GLOBAL_UNIT_ASSIGNED_CONTEXT((#1692,#1684,#1676))
REPRESENTATION_CONTEXT('Surface 7','TOP_LEVEL_ASSEMBLY_PART')
);
#1661=(
GEOMETRIC_REPRESENTATION_CONTEXT(3)
GLOBAL_UNCERTAINTY_ASSIGNED_CONTEXT((#1669))
GLOBAL_UNIT_ASSIGNED_CONTEXT((#1693,#1685,#1677))
REPRESENTATION_CONTEXT('skir_carbo_mid','TOP_LEVEL_ASSEMBLY_PART')
);
#1662=(
GEOMETRIC_REPRESENTATION_CONTEXT(3)
GLOBAL_UNCERTAINTY_ASSIGNED_CONTEXT((#1670))
GLOBAL_UNIT_ASSIGNED_CONTEXT((#1694,#1686,#1678))
REPRESENTATION_CONTEXT('skir_sless','TOP_LEVEL_ASSEMBLY_PART')
);
#1663=(
GEOMETRIC_REPRESENTATION_CONTEXT(3)
GLOBAL_UNCERTAINTY_ASSIGNED_CONTEXT((#1671))
GLOBAL_UNIT_ASSIGNED_CONTEXT((#1695,#1687,#1679))
REPRESENTATION_CONTEXT('Surface 6','TOP_LEVEL_ASSEMBLY_PART')
);
#1664=(
GEOMETRIC_REPRESENTATION_CONTEXT(3)
GLOBAL_UNCERTAINTY_ASSIGNED_CONTEXT((#1672))
GLOBAL_UNIT_ASSIGNED_CONTEXT((#1696,#1688,#1680))
REPRESENTATION_CONTEXT('base_plate','TOP_LEVEL_ASSEMBLY_PART')
);
#1665=UNCERTAINTY_MEASURE_WITH_UNIT(LENGTH_MEASURE(2.E-5),#1689,
'DISTANCE_ACCURACY_VALUE','Maximum Tolerance applied to model');
#1666=UNCERTAINTY_MEASURE_WITH_UNIT(LENGTH_MEASURE(2.E-5),#1690,
'DISTANCE_ACCURACY_VALUE','Maximum Tolerance applied to model');
#1667=UNCERTAINTY_MEASURE_WITH_UNIT(LENGTH_MEASURE(1.E-8),#1691,
'DISTANCE_ACCURACY_VALUE','Maximum Tolerance applied to model');
#1668=UNCERTAINTY_MEASURE_WITH_UNIT(LENGTH_MEASURE(2.E-5),#1692,
'DISTANCE_ACCURACY_VALUE','Maximum Tolerance applied to model');
#1669=UNCERTAINTY_MEASURE_WITH_UNIT(LENGTH_MEASURE(2.E-5),#1693,
'DISTANCE_ACCURACY_VALUE','Maximum Tolerance applied to model');
#1670=UNCERTAINTY_MEASURE_WITH_UNIT(LENGTH_MEASURE(1.E-8),#1694,
'DISTANCE_ACCURACY_VALUE','Maximum Tolerance applied to model');
#1671=UNCERTAINTY_MEASURE_WITH_UNIT(LENGTH_MEASURE(2.E-5),#1695,
'DISTANCE_ACCURACY_VALUE','Maximum Tolerance applied to model');
#1672=UNCERTAINTY_MEASURE_WITH_UNIT(LENGTH_MEASURE(1.E-8),#1696,
'DISTANCE_ACCURACY_VALUE','Maximum Tolerance applied to model');
#1673=(
NAMED_UNIT(*)
SI_UNIT($,.STERADIAN.)
SOLID_ANGLE_UNIT()
);
#1674=(
NAMED_UNIT(*)
SI_UNIT($,.STERADIAN.)
SOLID_ANGLE_UNIT()
);
#1675=(
NAMED_UNIT(*)
SI_UNIT($,.STERADIAN.)
SOLID_ANGLE_UNIT()
);
#1676=(
NAMED_UNIT(*)
SI_UNIT($,.STERADIAN.)
SOLID_ANGLE_UNIT()
);
#1677=(
NAMED_UNIT(*)
SI_UNIT($,.STERADIAN.)
SOLID_ANGLE_UNIT()
);
#1678=(
NAMED_UNIT(*)
SI_UNIT($,.STERADIAN.)
SOLID_ANGLE_UNIT()
);
#1679=(
NAMED_UNIT(*)
SI_UNIT($,.STERADIAN.)
SOLID_ANGLE_UNIT()
);
#1680=(
NAMED_UNIT(*)
SI_UNIT($,.STERADIAN.)
SOLID_ANGLE_UNIT()
);
#1681=(
NAMED_UNIT(*)
PLANE_ANGLE_UNIT()
SI_UNIT($,.RADIAN.)
);
#1682=(
NAMED_UNIT(*)
PLANE_ANGLE_UNIT()
SI_UNIT($,.RADIAN.)
);
#1683=(
NAMED_UNIT(*)
PLANE_ANGLE_UNIT()
SI_UNIT($,.RADIAN.)
);
#1684=(
NAMED_UNIT(*)
PLANE_ANGLE_UNIT()
SI_UNIT($,.RADIAN.)
);
#1685=(
NAMED_UNIT(*)
PLANE_ANGLE_UNIT()
SI_UNIT($,.RADIAN.)
);
#1686=(
NAMED_UNIT(*)
PLANE_ANGLE_UNIT()
SI_UNIT($,.RADIAN.)
);
#1687=(
NAMED_UNIT(*)
PLANE_ANGLE_UNIT()
SI_UNIT($,.RADIAN.)
);
#1688=(
NAMED_UNIT(*)
PLANE_ANGLE_UNIT()
SI_UNIT($,.RADIAN.)
);
#1689=(
LENGTH_UNIT()
NAMED_UNIT(*)
SI_UNIT($,.METRE.)
);
#1690=(
LENGTH_UNIT()
NAMED_UNIT(*)
SI_UNIT($,.METRE.)
);
#1691=(
LENGTH_UNIT()
NAMED_UNIT(*)
SI_UNIT($,.METRE.)
);
#1692=(
LENGTH_UNIT()
NAMED_UNIT(*)
SI_UNIT($,.METRE.)
);
#1693=(
LENGTH_UNIT()
NAMED_UNIT(*)
SI_UNIT($,.METRE.)
);
#1694=(
LENGTH_UNIT()
NAMED_UNIT(*)
SI_UNIT($,.METRE.)
);
#1695=(
LENGTH_UNIT()
NAMED_UNIT(*)
SI_UNIT($,.METRE.)
);
#1696=(
LENGTH_UNIT()
NAMED_UNIT(*)
SI_UNIT($,.METRE.)
);
#1697=PRODUCT_DEFINITION_SHAPE('','',#1705);
#1698=PRODUCT_DEFINITION_SHAPE('','',#1706);
#1699=PRODUCT_DEFINITION_SHAPE('','',#1707);
#1700=PRODUCT_DEFINITION_SHAPE('','',#1708);
#1701=PRODUCT_DEFINITION_SHAPE('','',#1709);
#1702=PRODUCT_DEFINITION_SHAPE('','',#1710);
#1703=PRODUCT_DEFINITION_SHAPE('','',#1711);
#1704=PRODUCT_DEFINITION_SHAPE('','',#1712);
#1705=PRODUCT_DEFINITION('','',#1721,#1713);
#1706=PRODUCT_DEFINITION('','',#1722,#1714);
#1707=PRODUCT_DEFINITION('','',#1723,#1715);
#1708=PRODUCT_DEFINITION('','',#1724,#1716);
#1709=PRODUCT_DEFINITION('','',#1725,#1717);
#1710=PRODUCT_DEFINITION('','',#1726,#1718);
#1711=PRODUCT_DEFINITION('','',#1727,#1719);
#1712=PRODUCT_DEFINITION('','',#1728,#1720);
#1713=PRODUCT_DEFINITION_CONTEXT('',#1769,'design');
#1714=PRODUCT_DEFINITION_CONTEXT('',#1770,'design');
#1715=PRODUCT_DEFINITION_CONTEXT('',#1771,'design');
#1716=PRODUCT_DEFINITION_CONTEXT('',#1772,'design');
#1717=PRODUCT_DEFINITION_CONTEXT('',#1773,'design');
#1718=PRODUCT_DEFINITION_CONTEXT('',#1774,'design');
#1719=PRODUCT_DEFINITION_CONTEXT('',#1775,'design');
#1720=PRODUCT_DEFINITION_CONTEXT('',#1776,'design');
#1721=PRODUCT_DEFINITION_FORMATION_WITH_SPECIFIED_SOURCE('','',#1737,
 .NOT_KNOWN.);
#1722=PRODUCT_DEFINITION_FORMATION_WITH_SPECIFIED_SOURCE('','',#1738,
 .NOT_KNOWN.);
#1723=PRODUCT_DEFINITION_FORMATION_WITH_SPECIFIED_SOURCE('','',#1739,
 .NOT_KNOWN.);
#1724=PRODUCT_DEFINITION_FORMATION_WITH_SPECIFIED_SOURCE('','',#1740,
 .NOT_KNOWN.);
#1725=PRODUCT_DEFINITION_FORMATION_WITH_SPECIFIED_SOURCE('','',#1741,
 .NOT_KNOWN.);
#1726=PRODUCT_DEFINITION_FORMATION_WITH_SPECIFIED_SOURCE('','',#1742,
 .NOT_KNOWN.);
#1727=PRODUCT_DEFINITION_FORMATION_WITH_SPECIFIED_SOURCE('','',#1743,
 .NOT_KNOWN.);
#1728=PRODUCT_DEFINITION_FORMATION_WITH_SPECIFIED_SOURCE('','',#1744,
 .NOT_KNOWN.);
#1729=PRODUCT_RELATED_PRODUCT_CATEGORY('','',(#1737));
#1730=PRODUCT_RELATED_PRODUCT_CATEGORY('','',(#1738));
#1731=PRODUCT_RELATED_PRODUCT_CATEGORY('','',(#1739));
#1732=PRODUCT_RELATED_PRODUCT_CATEGORY('','',(#1740));
#1733=PRODUCT_RELATED_PRODUCT_CATEGORY('','',(#1741));
#1734=PRODUCT_RELATED_PRODUCT_CATEGORY('','',(#1742));
#1735=PRODUCT_RELATED_PRODUCT_CATEGORY('','',(#1743));
#1736=PRODUCT_RELATED_PRODUCT_CATEGORY('','',(#1744));
#1737=PRODUCT('opening_1','opening_1','opening_1',(#1753));
#1738=PRODUCT('opening_0','opening_0','opening_0',(#1754));
#1739=PRODUCT('skir_carbo_und','skir_carbo_und','skir_carbo_und',(#1755));
#1740=PRODUCT('Surface 7','Surface 7','Surface 7',(#1756));
#1741=PRODUCT('skir_carbo_mid','skir_carbo_mid','skir_carbo_mid',(#1757));
#1742=PRODUCT('skir_sless','skir_sless','skir_sless',(#1758));
#1743=PRODUCT('Surface 6','Surface 6','Surface 6',(#1759));
#1744=PRODUCT('base_plate','base_plate','base_plate',(#1760));
#1745=PRODUCT_CATEGORY('','');
#1746=PRODUCT_CATEGORY('','');
#1747=PRODUCT_CATEGORY('','');
#1748=PRODUCT_CATEGORY('','');
#1749=PRODUCT_CATEGORY('','');
#1750=PRODUCT_CATEGORY('','');
#1751=PRODUCT_CATEGORY('','');
#1752=PRODUCT_CATEGORY('','');
#1753=PRODUCT_CONTEXT('',#1769,'mechanical');
#1754=PRODUCT_CONTEXT('',#1770,'mechanical');
#1755=PRODUCT_CONTEXT('',#1771,'mechanical');
#1756=PRODUCT_CONTEXT('',#1772,'mechanical');
#1757=PRODUCT_CONTEXT('',#1773,'mechanical');
#1758=PRODUCT_CONTEXT('',#1774,'mechanical');
#1759=PRODUCT_CONTEXT('',#1775,'mechanical');
#1760=PRODUCT_CONTEXT('',#1776,'mechanical');
#1761=APPLICATION_PROTOCOL_DEFINITION('international standard',
'ap242_managed_model_based_3d_engineering',2020,#1769);
#1762=APPLICATION_PROTOCOL_DEFINITION('international standard',
'ap242_managed_model_based_3d_engineering',2020,#1770);
#1763=APPLICATION_PROTOCOL_DEFINITION('international standard',
'ap242_managed_model_based_3d_engineering',2020,#1771);
#1764=APPLICATION_PROTOCOL_DEFINITION('international standard',
'ap242_managed_model_based_3d_engineering',2020,#1772);
#1765=APPLICATION_PROTOCOL_DEFINITION('international standard',
'ap242_managed_model_based_3d_engineering',2020,#1773);
#1766=APPLICATION_PROTOCOL_DEFINITION('international standard',
'ap242_managed_model_based_3d_engineering',2020,#1774);
#1767=APPLICATION_PROTOCOL_DEFINITION('international standard',
'ap242_managed_model_based_3d_engineering',2020,#1775);
#1768=APPLICATION_PROTOCOL_DEFINITION('international standard',
'ap242_managed_model_based_3d_engineering',2020,#1776);
#1769=APPLICATION_CONTEXT('managed model based 3d engineering');
#1770=APPLICATION_CONTEXT('managed model based 3d engineering');
#1771=APPLICATION_CONTEXT('managed model based 3d engineering');
#1772=APPLICATION_CONTEXT('managed model based 3d engineering');
#1773=APPLICATION_CONTEXT('managed model based 3d engineering');
#1774=APPLICATION_CONTEXT('managed model based 3d engineering');
#1775=APPLICATION_CONTEXT('managed model based 3d engineering');
#1776=APPLICATION_CONTEXT('managed model based 3d engineering');
ENDSEC;
END-ISO-10303-21;
