ISO-10303-21;
HEADER;
/*Generated by software containing ST-Developer
 * from STEP Tools, Inc. (www.steptools.com) 
 */
/*OPTION: using custom renumber hook */
/*description */
/*implementation_level */
FILE_DESCRIPTION(('STEP AP242 Edition 2','STEP AP242 Edition 2''CAx-IF Rec.Pracs.---Representation and Presentation of Product Manufa
cturing Information (PMI)---4.0---2014-10-13','STEP AP242 Edition 2''CAx-IF Rec.Pracs.---Representation and Presentation of Product Manufa
cturing Information (PMI)---4.0---2014-10-13''CAx-IF Rec.Pracs.---3D Tessellated Geometry---0.4---2014-09-14','STEP AP242 Edition 2''CAx-IF Rec.Pracs.---Representation and Presentation of Product Manufa
cturing Information (PMI)---4.0---2014-10-13''CAx-IF Rec.Pracs.---3D Tessellated Geometry---0.4---2014-09-14''2;1','STEP AP242 Edition 2''CAx-IF Rec.Pracs.---Representation and Presentation of Product Manufa
cturing Information (PMI)---4.0---2014-10-13''CAx-IF Rec.Pracs.---3D Tessellated Geometry---0.4---2014-09-14''2;1''CAx-IF Rec.Pracs.---User Defined Attributes---1.5---2016-08-15'),'2;1');
/*name */
/*time_stamp */
/*author */
/*organization */
/*preprocessor_version */
/*originating_system */
/*authorisation */
FILE_NAME('/vol/tmp/translate-2598439138702250542/SKIRT_730-C-501_260130.step','2026-03-30T12:32:53',(''),(''),'ST-DEVELOPER v20','ONSHAPE BY PTC INC, 1.212','  ');
FILE_SCHEMA(('AP242_MANAGED_MODEL_BASED_3D_ENGINEERING_MIM_LF { 1 0 10303 442 3 1 4 }'));
ENDSEC;
DATA;
#10=(
B_SPLINE_CURVE(1,(#1218,#1219),.UNSPECIFIED.,.F.,.F.)
B_SPLINE_CURVE_WITH_KNOTS((2,2),(0.,1.),.PIECEWISE_BEZIER_KNOTS.)
BOUNDED_CURVE()
CURVE()
GEOMETRIC_REPRESENTATION_ITEM()
RATIONAL_B_SPLINE_CURVE((1.,1.))
REPRESENTATION_ITEM('')
);
#11=(
B_SPLINE_CURVE(1,(#1223,#1224),.UNSPECIFIED.,.F.,.F.)
B_SPLINE_CURVE_WITH_KNOTS((2,2),(0.,1.),.PIECEWISE_BEZIER_KNOTS.)
BOUNDED_CURVE()
CURVE()
GEOMETRIC_REPRESENTATION_ITEM()
RATIONAL_B_SPLINE_CURVE((1.,1.))
REPRESENTATION_ITEM('')
);
#12=(
B_SPLINE_CURVE(1,(#1247,#1248),.UNSPECIFIED.,.F.,.F.)
B_SPLINE_CURVE_WITH_KNOTS((2,2),(0.,1.),.PIECEWISE_BEZIER_KNOTS.)
BOUNDED_CURVE()
CURVE()
GEOMETRIC_REPRESENTATION_ITEM()
RATIONAL_B_SPLINE_CURVE((1.,1.))
REPRESENTATION_ITEM('')
);
#13=(
B_SPLINE_CURVE(1,(#1304,#1305),.UNSPECIFIED.,.F.,.F.)
B_SPLINE_CURVE_WITH_KNOTS((2,2),(0.,1.),.PIECEWISE_BEZIER_KNOTS.)
BOUNDED_CURVE()
CURVE()
GEOMETRIC_REPRESENTATION_ITEM()
RATIONAL_B_SPLINE_CURVE((1.,1.))
REPRESENTATION_ITEM('')
);
#14=(
B_SPLINE_CURVE(1,(#1314,#1315),.UNSPECIFIED.,.F.,.F.)
B_SPLINE_CURVE_WITH_KNOTS((2,2),(0.,1.),.PIECEWISE_BEZIER_KNOTS.)
BOUNDED_CURVE()
CURVE()
GEOMETRIC_REPRESENTATION_ITEM()
RATIONAL_B_SPLINE_CURVE((1.,1.))
REPRESENTATION_ITEM('')
);
#15=(
B_SPLINE_CURVE(1,(#1319,#1320),.UNSPECIFIED.,.F.,.F.)
B_SPLINE_CURVE_WITH_KNOTS((2,2),(0.,1.),.PIECEWISE_BEZIER_KNOTS.)
BOUNDED_CURVE()
CURVE()
GEOMETRIC_REPRESENTATION_ITEM()
RATIONAL_B_SPLINE_CURVE((1.,1.))
REPRESENTATION_ITEM('')
);
#16=(
B_SPLINE_CURVE(1,(#1512,#1513),.UNSPECIFIED.,.F.,.F.)
B_SPLINE_CURVE_WITH_KNOTS((2,2),(0.,1.),.PIECEWISE_BEZIER_KNOTS.)
BOUNDED_CURVE()
CURVE()
GEOMETRIC_REPRESENTATION_ITEM()
RATIONAL_B_SPLINE_CURVE((1.,1.))
REPRESENTATION_ITEM('')
);
#17=(
B_SPLINE_CURVE(1,(#1567,#1568),.UNSPECIFIED.,.F.,.F.)
B_SPLINE_CURVE_WITH_KNOTS((2,2),(0.,1.),.PIECEWISE_BEZIER_KNOTS.)
BOUNDED_CURVE()
CURVE()
GEOMETRIC_REPRESENTATION_ITEM()
RATIONAL_B_SPLINE_CURVE((1.,1.))
REPRESENTATION_ITEM('')
);
#18=(
B_SPLINE_CURVE(1,(#1622,#1623),.UNSPECIFIED.,.F.,.F.)
B_SPLINE_CURVE_WITH_KNOTS((2,2),(0.,1.),.PIECEWISE_BEZIER_KNOTS.)
BOUNDED_CURVE()
CURVE()
GEOMETRIC_REPRESENTATION_ITEM()
RATIONAL_B_SPLINE_CURVE((1.,1.))
REPRESENTATION_ITEM('')
);
#19=(
B_SPLINE_CURVE(1,(#1627,#1628),.UNSPECIFIED.,.F.,.F.)
B_SPLINE_CURVE_WITH_KNOTS((2,2),(0.,1.),.PIECEWISE_BEZIER_KNOTS.)
BOUNDED_CURVE()
CURVE()
GEOMETRIC_REPRESENTATION_ITEM()
RATIONAL_B_SPLINE_CURVE((1.,1.))
REPRESENTATION_ITEM('')
);
#20=(
B_SPLINE_CURVE(1,(#1860,#1861),.UNSPECIFIED.,.F.,.F.)
B_SPLINE_CURVE_WITH_KNOTS((2,2),(0.,1.),.PIECEWISE_BEZIER_KNOTS.)
BOUNDED_CURVE()
CURVE()
GEOMETRIC_REPRESENTATION_ITEM()
RATIONAL_B_SPLINE_CURVE((1.,1.))
REPRESENTATION_ITEM('')
);
#21=(
B_SPLINE_CURVE(1,(#1865,#1866),.UNSPECIFIED.,.F.,.F.)
B_SPLINE_CURVE_WITH_KNOTS((2,2),(0.,1.),.PIECEWISE_BEZIER_KNOTS.)
BOUNDED_CURVE()
CURVE()
GEOMETRIC_REPRESENTATION_ITEM()
RATIONAL_B_SPLINE_CURVE((1.,1.))
REPRESENTATION_ITEM('')
);
#22=(
B_SPLINE_CURVE(1,(#1889,#1890),.UNSPECIFIED.,.F.,.F.)
B_SPLINE_CURVE_WITH_KNOTS((2,2),(0.,1.),.PIECEWISE_BEZIER_KNOTS.)
BOUNDED_CURVE()
CURVE()
GEOMETRIC_REPRESENTATION_ITEM()
RATIONAL_B_SPLINE_CURVE((1.,1.))
REPRESENTATION_ITEM('')
);
#23=(
B_SPLINE_CURVE(1,(#1945,#1946),.UNSPECIFIED.,.F.,.F.)
B_SPLINE_CURVE_WITH_KNOTS((2,2),(0.,1.),.PIECEWISE_BEZIER_KNOTS.)
BOUNDED_CURVE()
CURVE()
GEOMETRIC_REPRESENTATION_ITEM()
RATIONAL_B_SPLINE_CURVE((1.,1.))
REPRESENTATION_ITEM('')
);
#24=(
B_SPLINE_CURVE(1,(#1955,#1956),.UNSPECIFIED.,.F.,.F.)
B_SPLINE_CURVE_WITH_KNOTS((2,2),(0.,1.),.PIECEWISE_BEZIER_KNOTS.)
BOUNDED_CURVE()
CURVE()
GEOMETRIC_REPRESENTATION_ITEM()
RATIONAL_B_SPLINE_CURVE((1.,1.))
REPRESENTATION_ITEM('')
);
#25=(
B_SPLINE_CURVE(1,(#1960,#1961),.UNSPECIFIED.,.F.,.F.)
B_SPLINE_CURVE_WITH_KNOTS((2,2),(0.,1.),.PIECEWISE_BEZIER_KNOTS.)
BOUNDED_CURVE()
CURVE()
GEOMETRIC_REPRESENTATION_ITEM()
RATIONAL_B_SPLINE_CURVE((1.,1.))
REPRESENTATION_ITEM('')
);
#26=OVER_RIDING_STYLED_ITEM('',(#621),#587,#612);
#27=OVER_RIDING_STYLED_ITEM('',(#622),#588,#612);
#28=SHAPE_REPRESENTATION_RELATIONSHIP('','',#702,#36);
#29=SHAPE_REPRESENTATION_RELATIONSHIP('','',#703,#37);
#30=SHAPE_REPRESENTATION_RELATIONSHIP('','',#704,#38);
#31=SHAPE_REPRESENTATION_RELATIONSHIP('','',#705,#39);
#32=SHAPE_REPRESENTATION_RELATIONSHIP('','',#706,#40);
#33=SHAPE_REPRESENTATION_RELATIONSHIP('','',#707,#41);
#34=SHAPE_REPRESENTATION_RELATIONSHIP('','',#708,#42);
#35=SHAPE_REPRESENTATION_RELATIONSHIP('','',#709,#43);
#36=MANIFOLD_SURFACE_SHAPE_REPRESENTATION('',(#686),#2055);
#37=MANIFOLD_SURFACE_SHAPE_REPRESENTATION('',(#687),#2056);
#38=MANIFOLD_SURFACE_SHAPE_REPRESENTATION('',(#688),#2057);
#39=MANIFOLD_SURFACE_SHAPE_REPRESENTATION('',(#689),#2058);
#40=MANIFOLD_SURFACE_SHAPE_REPRESENTATION('',(#690),#2059);
#41=MANIFOLD_SURFACE_SHAPE_REPRESENTATION('',(#691),#2060);
#42=MANIFOLD_SURFACE_SHAPE_REPRESENTATION('',(#692),#2061);
#43=MANIFOLD_SURFACE_SHAPE_REPRESENTATION('',(#693),#2062);
#44=B_SPLINE_SURFACE_WITH_KNOTS('',1,1,((#929,#930),(#931,#932)),.PLANE_SURF.,.F.,.F.,.F.,(2,2),(2,2),(0.,1.),(0.,1.),.UNSPECIFIED.);
#45=B_SPLINE_SURFACE_WITH_KNOTS('',1,1,((#995,#996),(#997,#998)),.PLANE_SURF.,.F.,.F.,.F.,(2,2),(2,2),(0.0454545454545455,0.472506626616386),(0.0454545454545455,0.954545454545455),.PIECEWISE_BEZIER_KNOTS.);
#46=B_SPLINE_SURFACE_WITH_KNOTS('',1,1,((#1014,#1015),(#1016,#1017)),.PLANE_SURF.,.F.,.F.,.F.,(2,2),(2,2),(0.472506626616386,0.954545454545454),(0.0454545454545454,0.954545454545455),.PIECEWISE_BEZIER_KNOTS.);
#47=B_SPLINE_SURFACE_WITH_KNOTS('',1,1,((#1032,#1033),(#1034,#1035)),.PLANE_SURF.,.F.,.F.,.F.,(2,2),(2,2),(0.,1.),(0.,1.),.UNSPECIFIED.);
#48=B_SPLINE_SURFACE_WITH_KNOTS('',1,1,((#1098,#1099),(#1100,#1101)),.PLANE_SURF.,.F.,.F.,.F.,(2,2),(2,2),(0.0454545454545455,0.472506626616364),(0.0454545454545455,0.954545454545455),.PIECEWISE_BEZIER_KNOTS.);
#49=B_SPLINE_SURFACE_WITH_KNOTS('',1,1,((#1164,#1165),(#1166,#1167)),.PLANE_SURF.,.F.,.F.,.F.,(2,2),(2,2),(0.527493373383614,0.954545454545454),(0.0454545454545455,0.954545454545455),.PIECEWISE_BEZIER_KNOTS.);
#50=B_SPLINE_SURFACE_WITH_KNOTS('',1,1,((#1170,#1171),(#1172,#1173)),.PLANE_SURF.,.F.,.F.,.F.,(2,2),(2,2),(0.0454545454545455,0.527493373383614),(0.0454545454545455,0.954545454545455),.PIECEWISE_BEZIER_KNOTS.);
#51=B_SPLINE_SURFACE_WITH_KNOTS('',1,1,((#1190,#1191),(#1192,#1193)),.PLANE_SURF.,.F.,.F.,.F.,(2,2),(2,2),(0.472506626616364,0.954545454545454),(0.0454545454545455,0.954545454545455),.PIECEWISE_BEZIER_KNOTS.);
#52=B_SPLINE_SURFACE_WITH_KNOTS('',1,1,((#2039,#2040),(#2041,#2042)),.PLANE_SURF.,.F.,.F.,.F.,(2,2),(2,2),(0.0427315991146133,0.954561694782074),(0.043878846416179,0.958058159099911),.PIECEWISE_BEZIER_KNOTS.);
#53=CIRCLE('',#711,0.275);
#54=CIRCLE('',#712,0.275);
#55=CIRCLE('',#713,0.275);
#56=CIRCLE('',#714,0.275);
#57=CIRCLE('',#716,0.275);
#58=CIRCLE('',#717,0.275);
#59=CIRCLE('',#718,0.275);
#60=CIRCLE('',#719,0.275);
#61=CIRCLE('',#721,1.6175);
#62=CIRCLE('',#722,1.6175);
#63=CIRCLE('',#723,1.6175);
#64=CIRCLE('',#724,1.6175);
#65=CIRCLE('',#726,0.33);
#66=CIRCLE('',#727,0.33);
#67=CIRCLE('',#728,0.33);
#68=CIRCLE('',#729,0.33);
#69=CIRCLE('',#730,0.33);
#70=CIRCLE('',#732,1.6175);
#71=CIRCLE('',#733,1.6175);
#72=CIRCLE('',#734,1.6175);
#73=CIRCLE('',#735,1.6175);
#74=CIRCLE('',#736,1.6175);
#75=CIRCLE('',#738,1.6175);
#76=CIRCLE('',#739,1.6175);
#77=CIRCLE('',#740,1.6175);
#78=CIRCLE('',#741,1.6175);
#79=CIRCLE('',#743,0.35);
#80=CIRCLE('',#744,0.35);
#81=CIRCLE('',#745,0.35);
#82=CIRCLE('',#746,0.35);
#83=CIRCLE('',#747,0.35);
#84=CIRCLE('',#748,0.35);
#85=CIRCLE('',#750,1.4);
#86=CIRCLE('',#751,1.78);
#87=B_SPLINE_CURVE_WITH_KNOTS('',3,(#880,#881,#882,#883,#884,#885,#886,#887,#888,#889,#890,#891,#892,#893,#894,#895,#896,#897,#898,#899,#900,#901,#902,#903,#904,#905,#906,#907,#908,#909,#910,#911,#912,#913,#914,#915,#916,#917,#918,#919,#920,#921,#922,#923,#924),.UNSPECIFIED.,.F.,.F.,(4,1,1,1,1,1,1,1,1,1,1,1,1,1,1,1,1,1,1,1,1,1,1,1,1,1,1,1,1,1,1,1,1,1,1,1,1,1,1,1,1,1,4),(1.11022302462516E-16,0.0269114279201653,0.0538228558403304,0.0807342837604956,0.0941899977205781,0.107645711680661,0.134557139600826,0.161468567520991,0.174924281481074,0.188379995441156,0.215291423361321,0.242202851281486,0.269114279201652,0.282569993161734,0.296025707121817,0.322937135041982,0.349848562962147,0.36330427692223,0.376759990882312,0.403671418802477,0.430582846722643,0.444038560682725,0.457494274642808,0.47094998860289,0.484405702562973,0.511317130483138,0.538228558403303,0.565139986323468,0.592051414243633,0.618962842163798,0.632418556123881,0.645874270083964,0.659329984044046,0.672785698004129,0.699697125924294,0.726608553844459,0.740064267804542,0.753519981764624,0.78043140968479,0.807342837604955,0.820798551565037,0.83425426552512,0.861165693445285),.UNSPECIFIED.);
#88=B_SPLINE_CURVE_WITH_KNOTS('',3,(#946,#947,#948,#949,#950,#951,#952,#953,#954,#955,#956,#957,#958,#959,#960,#961,#962,#963,#964,#965,#966,#967,#968,#969,#970,#971,#972,#973,#974,#975,#976,#977,#978,#979,#980,#981,#982,#983,#984,#985,#986,#987,#988,#989,#990),.UNSPECIFIED.,.F.,.F.,(4,1,1,1,1,1,1,1,1,1,1,1,1,1,1,1,1,1,1,1,1,1,1,1,1,1,1,1,1,1,1,1,1,1,1,1,1,1,1,1,1,1,4),(7.63278329429795E-17,0.0269114279201652,0.0538228558403304,0.0807342837604955,0.0941899977205781,0.107645711680661,0.134557139600826,0.161468567520991,0.174924281481074,0.188379995441156,0.215291423361321,0.242202851281486,0.269114279201652,0.282569993161734,0.296025707121817,0.322937135041982,0.349848562962147,0.36330427692223,0.376759990882312,0.403671418802477,0.430582846722643,0.444038560682725,0.457494274642808,0.47094998860289,0.484405702562973,0.511317130483138,0.538228558403303,0.565139986323468,0.592051414243633,0.618962842163798,0.632418556123881,0.645874270083964,0.659329984044046,0.672785698004129,0.699697125924294,0.726608553844459,0.740064267804542,0.753519981764624,0.78043140968479,0.807342837604955,0.820798551565037,0.83425426552512,0.861165693445285),.UNSPECIFIED.);
#89=B_SPLINE_CURVE_WITH_KNOTS('',3,(#1049,#1050,#1051,#1052,#1053,#1054,#1055,#1056,#1057,#1058,#1059,#1060,#1061,#1062,#1063,#1064,#1065,#1066,#1067,#1068,#1069,#1070,#1071,#1072,#1073,#1074,#1075,#1076,#1077,#1078,#1079,#1080,#1081,#1082,#1083,#1084,#1085,#1086,#1087,#1088,#1089,#1090,#1091,#1092,#1093),.UNSPECIFIED.,.F.,.F.,(4,1,1,1,1,1,1,1,1,1,1,1,1,1,1,1,1,1,1,1,1,1,1,1,1,1,1,1,1,1,1,1,1,1,1,1,1,1,1,1,1,1,4),(0.,0.0269114279201651,0.0538228558403303,0.0807342837604954,0.094189997720578,0.107645711680661,0.134557139600826,0.161468567520991,0.174924281481073,0.188379995441156,0.215291423361321,0.242202851281486,0.269114279201651,0.282569993161734,0.296025707121817,0.322937135041982,0.349848562962147,0.363304276922229,0.376759990882312,0.403671418802477,0.430582846722642,0.444038560682725,0.457494274642807,0.47094998860289,0.484405702562972,0.511317130483138,0.538228558403303,0.565139986323468,0.592051414243633,0.618962842163798,0.632418556123881,0.645874270083963,0.659329984044046,0.672785698004128,0.699697125924294,0.726608553844459,0.740064267804541,0.753519981764624,0.780431409684789,0.807342837604954,0.820798551565037,0.834254265525119,0.861165693445284),.UNSPECIFIED.);
#90=B_SPLINE_CURVE_WITH_KNOTS('',3,(#1118,#1119,#1120,#1121,#1122,#1123,#1124,#1125,#1126,#1127,#1128,#1129,#1130,#1131,#1132,#1133,#1134,#1135,#1136,#1137,#1138,#1139,#1140,#1141,#1142,#1143,#1144,#1145,#1146,#1147,#1148,#1149,#1150,#1151,#1152,#1153,#1154,#1155,#1156,#1157,#1158,#1159,#1160,#1161,#1162),.UNSPECIFIED.,.F.,.F.,(4,1,1,1,1,1,1,1,1,1,1,1,1,1,1,1,1,1,1,1,1,1,1,1,1,1,1,1,1,1,1,1,1,1,1,1,1,1,1,1,1,1,4),(9.03656071976605E-16,0.026911427920166,0.0538228558403311,0.0807342837604963,0.0941899977205788,0.107645711680661,0.134557139600826,0.161468567520992,0.174924281481074,0.188379995441157,0.215291423361322,0.242202851281487,0.269114279201652,0.282569993161735,0.296025707121817,0.322937135041982,0.349848562962147,0.36330427692223,0.376759990882313,0.403671418802478,0.430582846722643,0.444038560682725,0.457494274642808,0.470949988602891,0.484405702562973,0.511317130483138,0.538228558403303,0.565139986323468,0.592051414243634,0.618962842163799,0.632418556123881,0.645874270083964,0.659329984044046,0.672785698004129,0.699697125924294,0.726608553844459,0.740064267804542,0.753519981764624,0.780431409684789,0.807342837604955,0.820798551565037,0.83425426552512,0.861165693445285),.UNSPECIFIED.);
#91=B_SPLINE_CURVE_WITH_KNOTS('',3,(#1250,#1251,#1252,#1253,#1254,#1255,#1256,#1257,#1258,#1259,#1260,#1261,#1262,#1263,#1264,#1265,#1266,#1267,#1268,#1269,#1270,#1271,#1272,#1273,#1274,#1275,#1276,#1277,#1278,#1279,#1280,#1281,#1282,#1283,#1284,#1285,#1286,#1287,#1288,#1289,#1290,#1291,#1292,#1293,#1294,#1295,#1296,#1297,#1298,#1299,#1300,#1301,#1302),.UNSPECIFIED.,.F.,.F.,(4,1,1,1,1,1,1,1,1,1,1,1,1,1,1,1,1,1,1,1,1,1,1,1,1,1,1,1,1,1,1,1,1,1,1,1,1,1,1,1,1,1,1,1,1,1,1,1,1,1,4),(0.,0.0323327762639043,0.0646655525278086,0.0969983287917128,0.113164716923665,0.129331105055617,0.145497493187569,0.161663881319521,0.177830269451474,0.193996657583426,0.210163045715378,0.22632943384733,0.258662210111234,0.290994986375139,0.307161374507091,0.323327762639043,0.339494150770995,0.355660538902947,0.371826927034899,0.387993315166851,0.404159703298803,0.420326091430756,0.436492479562708,0.45265886769466,0.484991643958564,0.517324420222468,0.533490808354421,0.549657196486373,0.565823584618325,0.581989972750277,0.614322749014181,0.646655525278086,0.662821913410038,0.67898830154199,0.711321077805894,0.727487465937846,0.743653854069799,0.759820242201751,0.775986630333703,0.808319406597607,0.840652182861511,0.872984959125416,0.889151347257368,0.90531773538932,0.921484123521272,0.937650511653224,0.953816899785176,0.969983287917128,0.986149676049081,1.00231606418103,1.03464884044494),.UNSPECIFIED.);
#92=B_SPLINE_CURVE_WITH_KNOTS('',3,(#1329,#1330,#1331,#1332,#1333,#1334,#1335,#1336,#1337,#1338,#1339,#1340,#1341,#1342,#1343,#1344,#1345,#1346,#1347,#1348,#1349,#1350,#1351,#1352,#1353,#1354,#1355,#1356,#1357,#1358,#1359,#1360,#1361,#1362,#1363,#1364,#1365,#1366,#1367,#1368,#1369,#1370,#1371,#1372,#1373,#1374,#1375,#1376,#1377,#1378,#1379),.UNSPECIFIED.,.F.,.F.,(4,1,1,1,1,1,1,1,1,1,1,1,1,1,1,1,1,1,1,1,1,1,1,1,1,1,1,1,1,1,1,1,1,1,1,1,1,1,1,1,1,1,1,1,1,1,1,1,4),(1.03464884044494,1.06697398638514,1.08313655935524,1.09929913232533,1.11546170529543,1.13162427826553,1.16394942420573,1.19627457014593,1.21243714311603,1.22859971608613,1.26092486202633,1.27708743499643,1.29325000796653,1.30941258093663,1.32557515390673,1.34173772687683,1.35790029984692,1.39022544578712,1.42255059172732,1.43871316469742,1.45487573766752,1.47103831063762,1.48720088360772,1.50336345657782,1.51952602954792,1.53568860251802,1.55185117548812,1.58417632142832,1.61650146736851,1.63266404033861,1.64882661330871,1.66498918627881,1.68115175924891,1.69731433221901,1.71347690518911,1.74580205112931,1.77812719706951,1.81045234300971,1.84277748894991,1.85894006192001,1.87510263489011,1.8912652078602,1.9074277808303,1.9397529267705,1.9720780727107,1.9882406456808,2.0044032186509,2.0367283645911,2.0690535105313),.UNSPECIFIED.);
#93=B_SPLINE_CURVE_WITH_KNOTS('',3,(#1401,#1402,#1403,#1404,#1405,#1406,#1407,#1408,#1409,#1410,#1411,#1412,#1413,#1414,#1415,#1416,#1417,#1418,#1419,#1420,#1421,#1422,#1423,#1424,#1425,#1426,#1427,#1428,#1429,#1430,#1431,#1432,#1433,#1434,#1435,#1436,#1437,#1438,#1439,#1440,#1441,#1442,#1443,#1444,#1445,#1446,#1447,#1448,#1449,#1450,#1451,#1452,#1453,#1454,#1455,#1456,#1457,#1458,#1459,#1460,#1461,#1462,#1463,#1464,#1465,#1466,#1467,#1468,#1469,#1470,#1471,#1472,#1473,#1474,#1475,#1476,#1477,#1478,#1479,#1480,#1481,#1482,#1483,#1484,#1485,#1486,#1487,#1488,#1489,#1490,#1491,#1492,#1493,#1494,#1495,#1496,#1497,#1498,#1499,#1500,#1501,#1502,#1503,#1504,#1505,#1506,#1507),.UNSPECIFIED.,.T.,.F.,(1,1,1,1,1,1,1,1,1,1,1,1,1,1,1,1,1,1,1,1,1,1,1,1,1,1,1,1,1,1,1,1,1,1,1,1,1,1,1,1,1,1,1,1,1,1,1,1,1,1,1,1,1,1,1,1,1,1,1,1,1,1,1,1,1,1,1,1,1,1,1,1,1,1,1,1,1,1,1,1,1,1,1,1,1,1,1,1,1,1,1,1,1,1,1,1,1,1,1,1,1,1,1,1,1,1,1,1,1,1,1),(-0.0685855158880759,-0.034292757944038,-0.017146378972019,0.,0.017146378972019,0.034292757944038,0.0685855158880761,0.102878273832114,0.120024652804133,0.137171031776152,0.154317410748171,0.17146378972019,0.188610168692209,0.205756547664228,0.222902926636247,0.240049305608266,0.274342063552304,0.308634821496342,0.325781200468361,0.34292757944038,0.3600739584124,0.377220337384419,0.394366716356438,0.411513095328457,0.428659474300476,0.445805853272495,0.462952232244514,0.480098611216533,0.514391369160571,0.548684127104609,0.565830506076628,0.582976885048647,0.600123264020666,0.617269642992685,0.651562400936723,0.685855158880761,0.70300153785278,0.720147916824799,0.754440674768837,0.771587053740856,0.788733432712875,0.805879811684894,0.823026190656913,0.840172569628932,0.857318948600951,0.891611706544989,0.925904464489027,0.943050843461046,0.960197222433065,0.977343601405084,0.994489980377103,1.01163635934912,1.02878273832114,1.04592911729316,1.06307549626518,1.09736825420922,1.13166101215326,1.14880739112527,1.16595377009729,1.18310014906931,1.20024652804133,1.21739290701335,1.23453928598537,1.26883204392941,1.28597842290143,1.30312480187345,1.33741755981748,1.3545639387895,1.37171031776152,1.38885669673354,1.40600307570556,1.42314945467758,1.4402958336496,1.47458859159364,1.50888134953767,1.52602772850969,1.54317410748171,1.56032048645373,1.57746686542575,1.59461324439777,1.61175962336979,1.62890600234181,1.64605238131383,1.68034513925786,1.7146378972019,1.73178427617392,1.74893065514594,1.76607703411796,1.78322341308998,1.800369792062,1.81751617103402,1.85180892897805,1.86895530795007,1.88610168692209,1.92039444486613,1.93754082383815,1.95468720281017,1.97183358178219,1.98897996075421,2.00612633972623,2.02327271869824,2.05756547664228,2.09185823458632,2.10900461355834,2.12615099253036,2.1604437504744,2.17759012944642,2.19473650841844,2.21188288739045,2.22902926636247,2.26332202430651),.UNSPECIFIED.);
#94=B_SPLINE_CURVE_WITH_KNOTS('',3,(#1515,#1516,#1517,#1518,#1519,#1520,#1521,#1522,#1523,#1524,#1525,#1526,#1527,#1528,#1529,#1530,#1531,#1532,#1533,#1534,#1535,#1536,#1537),.UNSPECIFIED.,.F.,.F.,(4,1,1,1,1,1,1,1,1,1,1,1,1,1,1,1,1,1,1,1,4),(0.,0.0269233551733636,0.0538467103467273,0.0807700655200909,0.0942317431067727,0.107693420693455,0.134616775866818,0.161540131040182,0.175001808626864,0.188463486213545,0.215386841386909,0.242310196560273,0.269233551733636,0.282695229320318,0.296156906907,0.323080262080364,0.350003617253727,0.363465294840409,0.376926972427091,0.403850327600455,0.430773682773818),.UNSPECIFIED.);
#95=B_SPLINE_CURVE_WITH_KNOTS('',3,(#1541,#1542,#1543,#1544,#1545,#1546,#1547,#1548,#1549,#1550,#1551,#1552,#1553,#1554,#1555,#1556,#1557,#1558,#1559,#1560,#1561,#1562,#1563,#1564,#1565),.UNSPECIFIED.,.F.,.F.,(4,1,1,1,1,1,1,1,1,1,1,1,1,1,1,1,1,1,1,1,1,1,4),(0.430773682773829,0.44422208893685,0.457670495099871,0.471118901262893,0.484567307425914,0.511464119751957,0.538360932077999,0.565257744404042,0.592154556730085,0.619051369056127,0.632499775219149,0.64594818138217,0.659396587545191,0.672844993708213,0.699741806034255,0.726638618360298,0.740087024523319,0.753535430686341,0.780432243012383,0.807329055338426,0.820777461501447,0.834225867664469,0.861122679990511),.UNSPECIFIED.);
#96=B_SPLINE_CURVE_WITH_KNOTS('',3,(#1570,#1571,#1572,#1573,#1574,#1575,#1576,#1577,#1578,#1579,#1580,#1581,#1582,#1583,#1584,#1585,#1586,#1587,#1588,#1589,#1590,#1591,#1592,#1593,#1594),.UNSPECIFIED.,.F.,.F.,(4,1,1,1,1,1,1,1,1,1,1,1,1,1,1,1,1,1,1,1,1,1,4),(0.430773682773831,0.444222088936852,0.457670495099873,0.471118901262895,0.484567307425916,0.511464119751958,0.538360932078001,0.565257744404043,0.592154556730086,0.619051369056128,0.632499775219149,0.64594818138217,0.659396587545192,0.672844993708213,0.699741806034255,0.726638618360298,0.740087024523319,0.75353543068634,0.780432243012382,0.807329055338425,0.820777461501446,0.834225867664467,0.86112267999051),.UNSPECIFIED.);
#97=B_SPLINE_CURVE_WITH_KNOTS('',3,(#1598,#1599,#1600,#1601,#1602,#1603,#1604,#1605,#1606,#1607,#1608,#1609,#1610,#1611,#1612,#1613,#1614,#1615,#1616,#1617,#1618,#1619,#1620),.UNSPECIFIED.,.F.,.F.,(4,1,1,1,1,1,1,1,1,1,1,1,1,1,1,1,1,1,1,1,4),(6.93889390390723E-17,0.0269233551733636,0.0538467103467271,0.0807700655200907,0.0942317431067724,0.107693420693454,0.134616775866818,0.161540131040181,0.175001808626863,0.188463486213545,0.215386841386908,0.242310196560272,0.269233551733635,0.282695229320317,0.296156906906999,0.323080262080362,0.350003617253726,0.363465294840408,0.37692697242709,0.403850327600453,0.430773682773817),.UNSPECIFIED.);
#98=B_SPLINE_CURVE_WITH_KNOTS('',3,(#1641,#1642,#1643,#1644,#1645,#1646,#1647,#1648,#1649,#1650,#1651,#1652,#1653,#1654,#1655,#1656,#1657,#1658,#1659,#1660,#1661,#1662,#1663,#1664,#1665),.UNSPECIFIED.,.F.,.F.,(4,1,1,1,1,1,1,1,1,1,1,1,1,1,1,1,1,1,1,1,1,1,4),(0.430773682773817,0.444222088936838,0.45767049509986,0.471118901262882,0.484567307425903,0.511464119751947,0.53836093207799,0.565257744404033,0.592154556730077,0.61905136905612,0.632499775219142,0.645948181382164,0.659396587545185,0.672844993708207,0.69974180603425,0.726638618360294,0.740087024523315,0.753535430686337,0.78043224301238,0.807329055338424,0.820777461501445,0.834225867664467,0.861122679990511),.UNSPECIFIED.);
#99=B_SPLINE_CURVE_WITH_KNOTS('',3,(#1669,#1670,#1671,#1672,#1673,#1674,#1675,#1676,#1677,#1678,#1679,#1680,#1681,#1682,#1683,#1684,#1685,#1686,#1687,#1688,#1689,#1690,#1691),.UNSPECIFIED.,.F.,.F.,(4,1,1,1,1,1,1,1,1,1,1,1,1,1,1,1,1,1,1,1,4),(1.11022302462516E-16,0.0269233551733645,0.053846710346729,0.0807700655200934,0.0942317431067756,0.107693420693458,0.134616775866822,0.161540131040187,0.175001808626869,0.188463486213551,0.215386841386916,0.24231019656028,0.269233551733644,0.282695229320327,0.296156906907009,0.323080262080373,0.350003617253738,0.36346529484042,0.376926972427102,0.403850327600467,0.430773682773831),.UNSPECIFIED.);
#100=B_SPLINE_CURVE_WITH_KNOTS('',3,(#1692,#1693,#1694,#1695,#1696,#1697,#1698,#1699,#1700,#1701,#1702,#1703,#1704,#1705,#1706,#1707,#1708,#1709,#1710,#1711,#1712,#1713,#1714),.UNSPECIFIED.,.F.,.F.,(4,1,1,1,1,1,1,1,1,1,1,1,1,1,1,1,1,1,1,1,4),(9.03656071976605E-16,0.0269233551733651,0.0538467103467294,0.0807700655200936,0.0942317431067758,0.107693420693458,0.134616775866822,0.161540131040186,0.175001808626868,0.188463486213551,0.215386841386915,0.242310196560279,0.269233551733643,0.282695229320325,0.296156906907008,0.323080262080372,0.350003617253736,0.363465294840418,0.3769269724271,0.403850327600465,0.430773682773829),.UNSPECIFIED.);
#101=B_SPLINE_CURVE_WITH_KNOTS('',3,(#1718,#1719,#1720,#1721,#1722,#1723,#1724,#1725,#1726,#1727,#1728,#1729,#1730,#1731,#1732,#1733,#1734,#1735,#1736,#1737,#1738,#1739,#1740,#1741,#1742),.UNSPECIFIED.,.F.,.F.,(4,1,1,1,1,1,1,1,1,1,1,1,1,1,1,1,1,1,1,1,1,1,4),(0.430773682773818,0.44422208893684,0.457670495099861,0.471118901262883,0.484567307425904,0.511464119751947,0.538360932077991,0.565257744404034,0.592154556730077,0.61905136905612,0.632499775219142,0.645948181382163,0.659396587545185,0.672844993708206,0.699741806034249,0.726638618360293,0.740087024523314,0.753535430686336,0.780432243012379,0.807329055338422,0.820777461501443,0.834225867664465,0.861122679990508),.UNSPECIFIED.);
#102=B_SPLINE_CURVE_WITH_KNOTS('',3,(#1743,#1744,#1745,#1746,#1747,#1748,#1749,#1750,#1751,#1752,#1753,#1754,#1755,#1756,#1757,#1758,#1759,#1760,#1761,#1762,#1763,#1764,#1765,#1766,#1767,#1768,#1769,#1770,#1771,#1772,#1773,#1774,#1775,#1776,#1777,#1778,#1779,#1780,#1781,#1782,#1783,#1784,#1785,#1786,#1787,#1788,#1789,#1790,#1791,#1792,#1793,#1794,#1795,#1796,#1797,#1798,#1799,#1800,#1801,#1802,#1803,#1804,#1805,#1806,#1807,#1808,#1809,#1810,#1811,#1812,#1813,#1814,#1815,#1816,#1817,#1818,#1819,#1820,#1821,#1822,#1823,#1824,#1825,#1826,#1827,#1828,#1829,#1830,#1831,#1832,#1833,#1834,#1835,#1836,#1837,#1838,#1839,#1840,#1841,#1842,#1843,#1844,#1845,#1846),.UNSPECIFIED.,.T.,.F.,(1,1,1,1,1,1,1,1,1,1,1,1,1,1,1,1,1,1,1,1,1,1,1,1,1,1,1,1,1,1,1,1,1,1,1,1,1,1,1,1,1,1,1,1,1,1,1,1,1,1,1,1,1,1,1,1,1,1,1,1,1,1,1,1,1,1,1,1,1,1,1,1,1,1,1,1,1,1,1,1,1,1,1,1,1,1,1,1,1,1,1,1,1,1,1,1,1,1,1,1,1,1,1,1,1,1,1,1),(-0.0646447767399052,-0.0323223883699528,-0.0161611941849764,0.,0.0161611941849763,0.0323223883699526,0.0646447767399052,0.0969671651098579,0.113128359294834,0.12928955347981,0.161611941849763,0.177773136034739,0.193934330219716,0.210095524404692,0.226256718589668,0.258579106959621,0.290901495329574,0.30706268951455,0.323223883699526,0.339385077884502,0.355546272069479,0.371707466254455,0.387868660439431,0.404029854624408,0.420191048809384,0.43635224299436,0.452513437179337,0.484835825549289,0.517158213919242,0.533319408104218,0.549480602289194,0.565641796474171,0.581802990659147,0.6141253790291,0.646447767399052,0.662608961584029,0.678770155769005,0.711092544138958,0.727253738323934,0.74341493250891,0.759576126693887,0.775737320878863,0.791898515063839,0.808059709248816,0.840382097618768,0.872704485988721,0.888865680173697,0.905026874358673,0.92118806854365,0.937349262728626,0.953510456913602,0.969671651098579,0.985832845283555,1.00199403946853,1.03431642783848,1.06663881620844,1.08280001039341,1.09896120457839,1.11512239876337,1.13128359294834,1.14744478713332,1.16360598131829,1.19592836968825,1.2282507580582,1.26057314642815,1.27673434061313,1.2928955347981,1.30905672898308,1.32521792316806,1.34137911735303,1.35754031153801,1.38986269990796,1.42218508827792,1.43834628246289,1.45450747664787,1.47066867083284,1.48682986501782,1.5029910592028,1.51915225338777,1.53531344757275,1.55147464175773,1.58379703012768,1.61611941849763,1.63228061268261,1.64844180686758,1.66460300105256,1.68076419523754,1.69692538942251,1.71308658360749,1.74540897197744,1.76157016616242,1.77773136034739,1.81005374871735,1.8423761370873,1.85853733127228,1.87469852545725,1.89085971964223,1.9070209138272,1.93934330219716,1.97166569056711,1.98782688475209,2.00398807893706,2.03631046730701,2.05247166149199,2.06863285567697,2.08479404986194,2.10095524404692,2.13327763241687),.UNSPECIFIED.);
#103=B_SPLINE_CURVE_WITH_KNOTS('',3,(#1892,#1893,#1894,#1895,#1896,#1897,#1898,#1899,#1900,#1901,#1902,#1903,#1904,#1905,#1906,#1907,#1908,#1909,#1910,#1911,#1912,#1913,#1914,#1915,#1916,#1917,#1918,#1919,#1920,#1921,#1922,#1923,#1924,#1925,#1926,#1927,#1928,#1929,#1930,#1931,#1932,#1933,#1934,#1935,#1936,#1937,#1938,#1939,#1940,#1941,#1942,#1943),.UNSPECIFIED.,.F.,.F.,(4,1,1,1,1,1,1,1,1,1,1,1,1,1,1,1,1,1,1,1,1,1,1,1,1,1,1,1,1,1,1,1,1,1,1,1,1,1,1,1,1,1,1,1,1,1,1,1,1,4),(0.,0.0343330914314616,0.0686661828629232,0.102999274294385,0.120165820010116,0.137332365725846,0.154498911441577,0.171665457157308,0.188832002873039,0.20599854858877,0.2231650943045,0.240331640020231,0.274664731451693,0.308997822883154,0.326164368598885,0.343330914314616,0.360497460030347,0.377664005746078,0.411997097177539,0.446330188609001,0.480663280040462,0.514996371471924,0.532162917187655,0.549329462903386,0.566496008619116,0.583662554334847,0.600829100050578,0.617995645766309,0.652328737197771,0.686661828629232,0.703828374344963,0.720994920060694,0.738161465776425,0.755328011492155,0.772494557207886,0.789661102923617,0.806827648639348,0.823994194355079,0.85832728578654,0.892660377218002,0.909826922933733,0.926993468649463,0.944160014365194,0.961326560080925,0.978493105796656,0.995659651512387,1.02999274294385,1.04715928865958,1.06432583437531,1.09865892580677),.UNSPECIFIED.);
#104=B_SPLINE_CURVE_WITH_KNOTS('',3,(#1970,#1971,#1972,#1973,#1974,#1975,#1976,#1977,#1978,#1979,#1980,#1981,#1982,#1983,#1984,#1985,#1986,#1987,#1988,#1989,#1990,#1991,#1992,#1993,#1994,#1995,#1996,#1997,#1998,#1999,#2000,#2001,#2002,#2003,#2004,#2005,#2006,#2007,#2008,#2009,#2010,#2011,#2012,#2013,#2014,#2015,#2016,#2017,#2018,#2019,#2020,#2021,#2022,#2023),.UNSPECIFIED.,.F.,.F.,(4,1,1,1,1,1,1,1,1,1,1,1,1,1,1,1,1,1,1,1,1,1,1,1,1,1,1,1,1,1,1,1,1,1,1,1,1,1,1,1,1,1,1,1,1,1,1,1,1,1,1,4),(1.09865892580677,1.13298603067115,1.15014958310334,1.16731313553553,1.18447668796772,1.20164024039991,1.23596734526429,1.27029445012867,1.28745800256085,1.30462155499304,1.32178510742523,1.33894865985742,1.35611221228961,1.3732757647218,1.39043931715399,1.40760286958618,1.44192997445056,1.47625707931494,1.49342063174713,1.51058418417932,1.52774773661151,1.5449112890437,1.56207484147588,1.57923839390807,1.59640194634026,1.61356549877245,1.63072905120464,1.64789260363683,1.68221970850121,1.71654681336559,1.73371036579778,1.75087391822997,1.76803747066216,1.78520102309435,1.81952812795873,1.8538552328231,1.87101878525529,1.88818233768748,1.90534589011967,1.92250944255186,1.93967299498405,1.95683654741624,1.97400009984843,1.99116365228062,2.025490757145,2.05981786200938,2.07698141444157,2.09414496687376,2.11130851930595,2.12847207173813,2.16279917660251,2.19712628146689),.UNSPECIFIED.);
#105=ORIENTED_EDGE('',*,*,#249,.F.);
#106=ORIENTED_EDGE('',*,*,#250,.T.);
#107=ORIENTED_EDGE('',*,*,#251,.T.);
#108=ORIENTED_EDGE('',*,*,#252,.F.);
#109=ORIENTED_EDGE('',*,*,#251,.F.);
#110=ORIENTED_EDGE('',*,*,#253,.T.);
#111=ORIENTED_EDGE('',*,*,#254,.T.);
#112=ORIENTED_EDGE('',*,*,#255,.F.);
#113=ORIENTED_EDGE('',*,*,#254,.F.);
#114=ORIENTED_EDGE('',*,*,#256,.T.);
#115=ORIENTED_EDGE('',*,*,#257,.T.);
#116=ORIENTED_EDGE('',*,*,#258,.F.);
#117=ORIENTED_EDGE('',*,*,#257,.F.);
#118=ORIENTED_EDGE('',*,*,#259,.T.);
#119=ORIENTED_EDGE('',*,*,#249,.T.);
#120=ORIENTED_EDGE('',*,*,#260,.F.);
#121=ORIENTED_EDGE('',*,*,#256,.F.);
#122=ORIENTED_EDGE('',*,*,#261,.F.);
#123=ORIENTED_EDGE('',*,*,#262,.T.);
#124=ORIENTED_EDGE('',*,*,#263,.T.);
#125=ORIENTED_EDGE('',*,*,#259,.F.);
#126=ORIENTED_EDGE('',*,*,#263,.F.);
#127=ORIENTED_EDGE('',*,*,#264,.T.);
#128=ORIENTED_EDGE('',*,*,#265,.T.);
#129=ORIENTED_EDGE('',*,*,#250,.F.);
#130=ORIENTED_EDGE('',*,*,#265,.F.);
#131=ORIENTED_EDGE('',*,*,#266,.T.);
#132=ORIENTED_EDGE('',*,*,#267,.T.);
#133=ORIENTED_EDGE('',*,*,#253,.F.);
#134=ORIENTED_EDGE('',*,*,#267,.F.);
#135=ORIENTED_EDGE('',*,*,#268,.T.);
#136=ORIENTED_EDGE('',*,*,#261,.T.);
#137=ORIENTED_EDGE('',*,*,#269,.F.);
#138=ORIENTED_EDGE('',*,*,#270,.T.);
#139=ORIENTED_EDGE('',*,*,#271,.T.);
#140=ORIENTED_EDGE('',*,*,#272,.F.);
#141=ORIENTED_EDGE('',*,*,#273,.F.);
#142=ORIENTED_EDGE('',*,*,#274,.T.);
#143=ORIENTED_EDGE('',*,*,#269,.T.);
#144=ORIENTED_EDGE('',*,*,#275,.F.);
#145=ORIENTED_EDGE('',*,*,#276,.F.);
#146=ORIENTED_EDGE('',*,*,#277,.T.);
#147=ORIENTED_EDGE('',*,*,#273,.T.);
#148=ORIENTED_EDGE('',*,*,#278,.F.);
#149=ORIENTED_EDGE('',*,*,#271,.F.);
#150=ORIENTED_EDGE('',*,*,#279,.T.);
#151=ORIENTED_EDGE('',*,*,#276,.T.);
#152=ORIENTED_EDGE('',*,*,#280,.F.);
#153=ORIENTED_EDGE('',*,*,#279,.F.);
#154=ORIENTED_EDGE('',*,*,#281,.F.);
#155=ORIENTED_EDGE('',*,*,#282,.T.);
#156=ORIENTED_EDGE('',*,*,#283,.T.);
#157=ORIENTED_EDGE('',*,*,#277,.F.);
#158=ORIENTED_EDGE('',*,*,#283,.F.);
#159=ORIENTED_EDGE('',*,*,#284,.T.);
#160=ORIENTED_EDGE('',*,*,#285,.T.);
#161=ORIENTED_EDGE('',*,*,#274,.F.);
#162=ORIENTED_EDGE('',*,*,#285,.F.);
#163=ORIENTED_EDGE('',*,*,#286,.T.);
#164=ORIENTED_EDGE('',*,*,#287,.T.);
#165=ORIENTED_EDGE('',*,*,#270,.F.);
#166=ORIENTED_EDGE('',*,*,#287,.F.);
#167=ORIENTED_EDGE('',*,*,#288,.T.);
#168=ORIENTED_EDGE('',*,*,#281,.T.);
#169=ORIENTED_EDGE('',*,*,#289,.T.);
#170=ORIENTED_EDGE('',*,*,#290,.T.);
#171=ORIENTED_EDGE('',*,*,#291,.T.);
#172=ORIENTED_EDGE('',*,*,#292,.F.);
#173=ORIENTED_EDGE('',*,*,#290,.F.);
#174=ORIENTED_EDGE('',*,*,#293,.T.);
#175=ORIENTED_EDGE('',*,*,#292,.T.);
#176=ORIENTED_EDGE('',*,*,#294,.T.);
#177=ORIENTED_EDGE('',*,*,#295,.T.);
#178=ORIENTED_EDGE('',*,*,#296,.T.);
#179=ORIENTED_EDGE('',*,*,#297,.F.);
#180=ORIENTED_EDGE('',*,*,#298,.F.);
#181=ORIENTED_EDGE('',*,*,#297,.T.);
#182=ORIENTED_EDGE('',*,*,#299,.T.);
#183=ORIENTED_EDGE('',*,*,#300,.T.);
#184=ORIENTED_EDGE('',*,*,#301,.F.);
#185=ORIENTED_EDGE('',*,*,#299,.F.);
#186=ORIENTED_EDGE('',*,*,#302,.T.);
#187=ORIENTED_EDGE('',*,*,#301,.T.);
#188=ORIENTED_EDGE('',*,*,#303,.T.);
#189=ORIENTED_EDGE('',*,*,#296,.F.);
#190=ORIENTED_EDGE('',*,*,#304,.T.);
#191=ORIENTED_EDGE('',*,*,#305,.T.);
#192=ORIENTED_EDGE('',*,*,#298,.T.);
#193=ORIENTED_EDGE('',*,*,#302,.F.);
#194=ORIENTED_EDGE('',*,*,#306,.T.);
#195=ORIENTED_EDGE('',*,*,#307,.T.);
#196=ORIENTED_EDGE('',*,*,#308,.T.);
#197=ORIENTED_EDGE('',*,*,#309,.F.);
#198=ORIENTED_EDGE('',*,*,#310,.F.);
#199=ORIENTED_EDGE('',*,*,#311,.F.);
#200=ORIENTED_EDGE('',*,*,#312,.T.);
#201=ORIENTED_EDGE('',*,*,#313,.T.);
#202=ORIENTED_EDGE('',*,*,#314,.T.);
#203=ORIENTED_EDGE('',*,*,#315,.T.);
#204=ORIENTED_EDGE('',*,*,#316,.T.);
#205=ORIENTED_EDGE('',*,*,#317,.F.);
#206=ORIENTED_EDGE('',*,*,#318,.F.);
#207=ORIENTED_EDGE('',*,*,#308,.F.);
#208=ORIENTED_EDGE('',*,*,#319,.T.);
#209=ORIENTED_EDGE('',*,*,#318,.T.);
#210=ORIENTED_EDGE('',*,*,#320,.F.);
#211=ORIENTED_EDGE('',*,*,#321,.F.);
#212=ORIENTED_EDGE('',*,*,#316,.F.);
#213=ORIENTED_EDGE('',*,*,#322,.T.);
#214=ORIENTED_EDGE('',*,*,#323,.T.);
#215=ORIENTED_EDGE('',*,*,#324,.T.);
#216=ORIENTED_EDGE('',*,*,#312,.F.);
#217=ORIENTED_EDGE('',*,*,#325,.F.);
#218=ORIENTED_EDGE('',*,*,#326,.F.);
#219=ORIENTED_EDGE('',*,*,#327,.F.);
#220=ORIENTED_EDGE('',*,*,#328,.T.);
#221=ORIENTED_EDGE('',*,*,#329,.T.);
#222=ORIENTED_EDGE('',*,*,#330,.T.);
#223=ORIENTED_EDGE('',*,*,#331,.T.);
#224=ORIENTED_EDGE('',*,*,#332,.F.);
#225=ORIENTED_EDGE('',*,*,#330,.F.);
#226=ORIENTED_EDGE('',*,*,#333,.T.);
#227=ORIENTED_EDGE('',*,*,#332,.T.);
#228=ORIENTED_EDGE('',*,*,#334,.T.);
#229=ORIENTED_EDGE('',*,*,#335,.T.);
#230=ORIENTED_EDGE('',*,*,#336,.T.);
#231=ORIENTED_EDGE('',*,*,#337,.F.);
#232=ORIENTED_EDGE('',*,*,#338,.F.);
#233=ORIENTED_EDGE('',*,*,#337,.T.);
#234=ORIENTED_EDGE('',*,*,#339,.T.);
#235=ORIENTED_EDGE('',*,*,#340,.F.);
#236=ORIENTED_EDGE('',*,*,#341,.F.);
#237=ORIENTED_EDGE('',*,*,#339,.F.);
#238=ORIENTED_EDGE('',*,*,#342,.T.);
#239=ORIENTED_EDGE('',*,*,#341,.T.);
#240=ORIENTED_EDGE('',*,*,#343,.F.);
#241=ORIENTED_EDGE('',*,*,#344,.F.);
#242=ORIENTED_EDGE('',*,*,#336,.F.);
#243=ORIENTED_EDGE('',*,*,#345,.T.);
#244=ORIENTED_EDGE('',*,*,#346,.T.);
#245=ORIENTED_EDGE('',*,*,#338,.T.);
#246=ORIENTED_EDGE('',*,*,#342,.F.);
#247=ORIENTED_EDGE('',*,*,#347,.T.);
#248=ORIENTED_EDGE('',*,*,#348,.F.);
#249=EDGE_CURVE('',#349,#350,#417,.T.);
#250=EDGE_CURVE('',#349,#351,#87,.T.);
#251=EDGE_CURVE('',#351,#352,#418,.T.);
#252=EDGE_CURVE('',#350,#352,#53,.T.);
#253=EDGE_CURVE('',#351,#353,#419,.T.);
#254=EDGE_CURVE('',#353,#354,#420,.T.);
#255=EDGE_CURVE('',#352,#354,#421,.F.);
#256=EDGE_CURVE('',#353,#355,#88,.T.);
#257=EDGE_CURVE('',#355,#356,#422,.T.);
#258=EDGE_CURVE('',#354,#356,#54,.T.);
#259=EDGE_CURVE('',#355,#349,#423,.F.);
#260=EDGE_CURVE('',#356,#350,#424,.T.);
#261=EDGE_CURVE('',#357,#353,#425,.T.);
#262=EDGE_CURVE('',#357,#358,#55,.T.);
#263=EDGE_CURVE('',#358,#355,#426,.T.);
#264=EDGE_CURVE('',#358,#359,#427,.T.);
#265=EDGE_CURVE('',#359,#349,#428,.T.);
#266=EDGE_CURVE('',#359,#360,#56,.T.);
#267=EDGE_CURVE('',#360,#351,#429,.T.);
#268=EDGE_CURVE('',#360,#357,#430,.F.);
#269=EDGE_CURVE('',#361,#362,#431,.T.);
#270=EDGE_CURVE('',#361,#363,#89,.T.);
#271=EDGE_CURVE('',#363,#364,#432,.T.);
#272=EDGE_CURVE('',#362,#364,#57,.F.);
#273=EDGE_CURVE('',#365,#366,#433,.T.);
#274=EDGE_CURVE('',#365,#361,#434,.F.);
#275=EDGE_CURVE('',#366,#362,#435,.F.);
#276=EDGE_CURVE('',#367,#368,#436,.T.);
#277=EDGE_CURVE('',#367,#365,#90,.T.);
#278=EDGE_CURVE('',#368,#366,#58,.F.);
#279=EDGE_CURVE('',#363,#367,#437,.T.);
#280=EDGE_CURVE('',#364,#368,#438,.T.);
#281=EDGE_CURVE('',#369,#363,#439,.T.);
#282=EDGE_CURVE('',#369,#370,#440,.T.);
#283=EDGE_CURVE('',#370,#367,#441,.T.);
#284=EDGE_CURVE('',#370,#371,#59,.F.);
#285=EDGE_CURVE('',#371,#365,#442,.T.);
#286=EDGE_CURVE('',#371,#372,#443,.F.);
#287=EDGE_CURVE('',#372,#361,#444,.T.);
#288=EDGE_CURVE('',#372,#369,#60,.F.);
#289=EDGE_CURVE('',#373,#374,#61,.T.);
#290=EDGE_CURVE('',#374,#375,#10,.T.);
#291=EDGE_CURVE('',#375,#376,#62,.F.);
#292=EDGE_CURVE('',#373,#376,#11,.T.);
#293=EDGE_CURVE('',#374,#373,#63,.T.);
#294=EDGE_CURVE('',#376,#375,#64,.F.);
#295=EDGE_CURVE('',#377,#378,#65,.T.);
#296=EDGE_CURVE('',#378,#379,#12,.T.);
#297=EDGE_CURVE('',#380,#379,#91,.T.);
#298=EDGE_CURVE('',#377,#380,#13,.T.);
#299=EDGE_CURVE('',#379,#381,#14,.T.);
#300=EDGE_CURVE('',#381,#382,#66,.T.);
#301=EDGE_CURVE('',#380,#382,#15,.T.);
#302=EDGE_CURVE('',#379,#380,#92,.T.);
#303=EDGE_CURVE('',#382,#381,#67,.T.);
#304=EDGE_CURVE('',#378,#383,#68,.T.);
#305=EDGE_CURVE('',#383,#377,#69,.T.);
#306=EDGE_CURVE('',#384,#384,#93,.T.);
#307=EDGE_CURVE('',#385,#386,#70,.T.);
#308=EDGE_CURVE('',#386,#387,#16,.T.);
#309=EDGE_CURVE('',#388,#387,#94,.T.);
#310=EDGE_CURVE('',#389,#388,#445,.F.);
#311=EDGE_CURVE('',#390,#389,#95,.T.);
#312=EDGE_CURVE('',#390,#391,#17,.T.);
#313=EDGE_CURVE('',#391,#392,#96,.T.);
#314=EDGE_CURVE('',#392,#393,#446,.T.);
#315=EDGE_CURVE('',#393,#394,#97,.T.);
#316=EDGE_CURVE('',#394,#395,#18,.T.);
#317=EDGE_CURVE('',#396,#395,#71,.F.);
#318=EDGE_CURVE('',#385,#396,#19,.T.);
#319=EDGE_CURVE('',#386,#385,#72,.T.);
#320=EDGE_CURVE('',#397,#396,#73,.F.);
#321=EDGE_CURVE('',#395,#397,#74,.F.);
#322=EDGE_CURVE('',#394,#398,#98,.T.);
#323=EDGE_CURVE('',#398,#399,#447,.F.);
#324=EDGE_CURVE('',#399,#391,#99,.T.);
#325=EDGE_CURVE('',#400,#390,#100,.T.);
#326=EDGE_CURVE('',#401,#400,#448,.T.);
#327=EDGE_CURVE('',#387,#401,#101,.T.);
#328=EDGE_CURVE('',#402,#402,#102,.T.);
#329=EDGE_CURVE('',#403,#404,#75,.T.);
#330=EDGE_CURVE('',#404,#405,#20,.T.);
#331=EDGE_CURVE('',#405,#406,#76,.T.);
#332=EDGE_CURVE('',#403,#406,#21,.T.);
#333=EDGE_CURVE('',#404,#403,#77,.T.);
#334=EDGE_CURVE('',#406,#405,#78,.T.);
#335=EDGE_CURVE('',#407,#408,#79,.T.);
#336=EDGE_CURVE('',#408,#409,#22,.T.);
#337=EDGE_CURVE('',#410,#409,#103,.T.);
#338=EDGE_CURVE('',#407,#410,#23,.T.);
#339=EDGE_CURVE('',#409,#411,#24,.T.);
#340=EDGE_CURVE('',#412,#411,#80,.T.);
#341=EDGE_CURVE('',#410,#412,#25,.T.);
#342=EDGE_CURVE('',#409,#410,#104,.T.);
#343=EDGE_CURVE('',#413,#412,#81,.T.);
#344=EDGE_CURVE('',#411,#413,#82,.T.);
#345=EDGE_CURVE('',#408,#414,#83,.T.);
#346=EDGE_CURVE('',#414,#407,#84,.T.);
#347=EDGE_CURVE('',#415,#415,#85,.T.);
#348=EDGE_CURVE('',#416,#416,#86,.T.);
#349=VERTEX_POINT('',#878);
#350=VERTEX_POINT('',#879);
#351=VERTEX_POINT('',#925);
#352=VERTEX_POINT('',#927);
#353=VERTEX_POINT('',#934);
#354=VERTEX_POINT('',#936);
#355=VERTEX_POINT('',#991);
#356=VERTEX_POINT('',#993);
#357=VERTEX_POINT('',#1010);
#358=VERTEX_POINT('',#1012);
#359=VERTEX_POINT('',#1019);
#360=VERTEX_POINT('',#1030);
#361=VERTEX_POINT('',#1047);
#362=VERTEX_POINT('',#1048);
#363=VERTEX_POINT('',#1094);
#364=VERTEX_POINT('',#1096);
#365=VERTEX_POINT('',#1103);
#366=VERTEX_POINT('',#1104);
#367=VERTEX_POINT('',#1116);
#368=VERTEX_POINT('',#1117);
#369=VERTEX_POINT('',#1175);
#370=VERTEX_POINT('',#1177);
#371=VERTEX_POINT('',#1188);
#372=VERTEX_POINT('',#1195);
#373=VERTEX_POINT('',#1216);
#374=VERTEX_POINT('',#1217);
#375=VERTEX_POINT('',#1220);
#376=VERTEX_POINT('',#1222);
#377=VERTEX_POINT('',#1245);
#378=VERTEX_POINT('',#1246);
#379=VERTEX_POINT('',#1249);
#380=VERTEX_POINT('',#1303);
#381=VERTEX_POINT('',#1316);
#382=VERTEX_POINT('',#1318);
#383=VERTEX_POINT('',#1390);
#384=VERTEX_POINT('',#1508);
#385=VERTEX_POINT('',#1510);
#386=VERTEX_POINT('',#1511);
#387=VERTEX_POINT('',#1514);
#388=VERTEX_POINT('',#1538);
#389=VERTEX_POINT('',#1540);
#390=VERTEX_POINT('',#1566);
#391=VERTEX_POINT('',#1569);
#392=VERTEX_POINT('',#1595);
#393=VERTEX_POINT('',#1597);
#394=VERTEX_POINT('',#1621);
#395=VERTEX_POINT('',#1624);
#396=VERTEX_POINT('',#1626);
#397=VERTEX_POINT('',#1639);
#398=VERTEX_POINT('',#1666);
#399=VERTEX_POINT('',#1668);
#400=VERTEX_POINT('',#1715);
#401=VERTEX_POINT('',#1717);
#402=VERTEX_POINT('',#1847);
#403=VERTEX_POINT('',#1858);
#404=VERTEX_POINT('',#1859);
#405=VERTEX_POINT('',#1862);
#406=VERTEX_POINT('',#1864);
#407=VERTEX_POINT('',#1887);
#408=VERTEX_POINT('',#1888);
#409=VERTEX_POINT('',#1891);
#410=VERTEX_POINT('',#1944);
#411=VERTEX_POINT('',#1957);
#412=VERTEX_POINT('',#1959);
#413=VERTEX_POINT('',#2025);
#414=VERTEX_POINT('',#2036);
#415=VERTEX_POINT('',#2044);
#416=VERTEX_POINT('',#2046);
#417=LINE('',#877,#449);
#418=LINE('',#926,#450);
#419=LINE('',#933,#451);
#420=LINE('',#935,#452);
#421=LINE('',#937,#453);
#422=LINE('',#992,#454);
#423=LINE('',#999,#455);
#424=LINE('',#1000,#456);
#425=LINE('',#1009,#457);
#426=LINE('',#1013,#458);
#427=LINE('',#1018,#459);
#428=LINE('',#1020,#460);
#429=LINE('',#1031,#461);
#430=LINE('',#1036,#462);
#431=LINE('',#1046,#463);
#432=LINE('',#1095,#464);
#433=LINE('',#1102,#465);
#434=LINE('',#1105,#466);
#435=LINE('',#1106,#467);
#436=LINE('',#1115,#468);
#437=LINE('',#1168,#469);
#438=LINE('',#1169,#470);
#439=LINE('',#1174,#471);
#440=LINE('',#1176,#472);
#441=LINE('',#1178,#473);
#442=LINE('',#1189,#474);
#443=LINE('',#1194,#475);
#444=LINE('',#1196,#476);
#445=LINE('',#1539,#477);
#446=LINE('',#1596,#478);
#447=LINE('',#1667,#479);
#448=LINE('',#1716,#480);
#449=VECTOR('',#754,1.);
#450=VECTOR('',#755,1.);
#451=VECTOR('',#758,1.);
#452=VECTOR('',#759,1.);
#453=VECTOR('',#760,1.);
#454=VECTOR('',#761,1.);
#455=VECTOR('',#764,1.);
#456=VECTOR('',#765,1.);
#457=VECTOR('',#766,1.);
#458=VECTOR('',#769,1.);
#459=VECTOR('',#770,1.);
#460=VECTOR('',#771,1.);
#461=VECTOR('',#774,1.);
#462=VECTOR('',#775,1.);
#463=VECTOR('',#778,1.);
#464=VECTOR('',#779,1.);
#465=VECTOR('',#782,1.);
#466=VECTOR('',#783,1.);
#467=VECTOR('',#784,1.);
#468=VECTOR('',#785,1.);
#469=VECTOR('',#788,1.);
#470=VECTOR('',#789,1.);
#471=VECTOR('',#790,1.);
#472=VECTOR('',#791,1.);
#473=VECTOR('',#792,1.);
#474=VECTOR('',#795,1.);
#475=VECTOR('',#796,1.);
#476=VECTOR('',#797,1.);
#477=VECTOR('',#826,1.);
#478=VECTOR('',#827,1.);
#479=VECTOR('',#836,1.);
#480=VECTOR('',#837,1.);
#481=EDGE_LOOP('',(#105,#106,#107,#108));
#482=EDGE_LOOP('',(#109,#110,#111,#112));
#483=EDGE_LOOP('',(#113,#114,#115,#116));
#484=EDGE_LOOP('',(#117,#118,#119,#120));
#485=EDGE_LOOP('',(#121,#122,#123,#124));
#486=EDGE_LOOP('',(#125,#126,#127,#128));
#487=EDGE_LOOP('',(#129,#130,#131,#132));
#488=EDGE_LOOP('',(#133,#134,#135,#136));
#489=EDGE_LOOP('',(#137,#138,#139,#140));
#490=EDGE_LOOP('',(#141,#142,#143,#144));
#491=EDGE_LOOP('',(#145,#146,#147,#148));
#492=EDGE_LOOP('',(#149,#150,#151,#152));
#493=EDGE_LOOP('',(#153,#154,#155,#156));
#494=EDGE_LOOP('',(#157,#158,#159,#160));
#495=EDGE_LOOP('',(#161,#162,#163,#164));
#496=EDGE_LOOP('',(#165,#166,#167,#168));
#497=EDGE_LOOP('',(#169,#170,#171,#172));
#498=EDGE_LOOP('',(#173,#174,#175,#176));
#499=EDGE_LOOP('',(#177,#178,#179,#180));
#500=EDGE_LOOP('',(#181,#182,#183,#184));
#501=EDGE_LOOP('',(#185,#186,#187,#188));
#502=EDGE_LOOP('',(#189,#190,#191,#192,#193));
#503=EDGE_LOOP('',(#194));
#504=EDGE_LOOP('',(#195,#196,#197,#198,#199,#200,#201,#202,#203,#204,#205,#206));
#505=EDGE_LOOP('',(#207,#208,#209,#210,#211,#212,#213,#214,#215,#216,#217,#218,#219));
#506=EDGE_LOOP('',(#220));
#507=EDGE_LOOP('',(#221,#222,#223,#224));
#508=EDGE_LOOP('',(#225,#226,#227,#228));
#509=EDGE_LOOP('',(#229,#230,#231,#232));
#510=EDGE_LOOP('',(#233,#234,#235,#236));
#511=EDGE_LOOP('',(#237,#238,#239,#240,#241));
#512=EDGE_LOOP('',(#242,#243,#244,#245,#246));
#513=EDGE_LOOP('',(#247));
#514=EDGE_LOOP('',(#248));
#515=FACE_BOUND('',#481,.T.);
#516=FACE_BOUND('',#482,.T.);
#517=FACE_BOUND('',#483,.T.);
#518=FACE_BOUND('',#484,.T.);
#519=FACE_BOUND('',#485,.T.);
#520=FACE_BOUND('',#486,.T.);
#521=FACE_BOUND('',#487,.T.);
#522=FACE_BOUND('',#488,.T.);
#523=FACE_BOUND('',#489,.T.);
#524=FACE_BOUND('',#490,.T.);
#525=FACE_BOUND('',#491,.T.);
#526=FACE_BOUND('',#492,.T.);
#527=FACE_BOUND('',#493,.T.);
#528=FACE_BOUND('',#494,.T.);
#529=FACE_BOUND('',#495,.T.);
#530=FACE_BOUND('',#496,.T.);
#531=FACE_BOUND('',#497,.T.);
#532=FACE_BOUND('',#498,.T.);
#533=FACE_BOUND('',#499,.T.);
#534=FACE_BOUND('',#500,.T.);
#535=FACE_BOUND('',#501,.T.);
#536=FACE_BOUND('',#502,.T.);
#537=FACE_BOUND('',#503,.T.);
#538=FACE_BOUND('',#504,.T.);
#539=FACE_BOUND('',#505,.T.);
#540=FACE_BOUND('',#506,.T.);
#541=FACE_BOUND('',#507,.T.);
#542=FACE_BOUND('',#508,.T.);
#543=FACE_BOUND('',#509,.T.);
#544=FACE_BOUND('',#510,.T.);
#545=FACE_BOUND('',#511,.T.);
#546=FACE_BOUND('',#512,.T.);
#547=FACE_BOUND('',#513,.T.);
#548=FACE_BOUND('',#514,.T.);
#549=(
B_SPLINE_SURFACE(3,1,((#869,#870),(#871,#872),(#873,#874),(#875,#876)),.CYLINDRICAL_SURF.,.F.,.F.,.F.)
B_SPLINE_SURFACE_WITH_KNOTS((4,4),(2,2),(0.,1.),(0.415935554142534,0.954545454545454),.PIECEWISE_BEZIER_KNOTS.)
BOUNDED_SURFACE()
GEOMETRIC_REPRESENTATION_ITEM()
RATIONAL_B_SPLINE_SURFACE(((1.,1.),(0.333333333333333,0.333333333333333),(0.333333333333333,0.333333333333333),(1.,1.)))
REPRESENTATION_ITEM('')
SURFACE()
);
#550=(
B_SPLINE_SURFACE(3,1,((#938,#939),(#940,#941),(#942,#943),(#944,#945)),.CYLINDRICAL_SURF.,.F.,.F.,.F.)
B_SPLINE_SURFACE_WITH_KNOTS((4,4),(2,2),(0.,1.),(0.415935554142537,0.954545454545454),.PIECEWISE_BEZIER_KNOTS.)
BOUNDED_SURFACE()
GEOMETRIC_REPRESENTATION_ITEM()
RATIONAL_B_SPLINE_SURFACE(((1.,1.),(0.333333333333332,0.333333333333332),(0.333333333333332,0.333333333333332),(1.,1.)))
REPRESENTATION_ITEM('')
SURFACE()
);
#551=(
B_SPLINE_SURFACE(3,1,((#1001,#1002),(#1003,#1004),(#1005,#1006),(#1007,
#1008)),.CYLINDRICAL_SURF.,.F.,.F.,.F.)
B_SPLINE_SURFACE_WITH_KNOTS((4,4),(2,2),(0.,1.),(0.0454545454545455,0.530385606351211),.PIECEWISE_BEZIER_KNOTS.)
BOUNDED_SURFACE()
GEOMETRIC_REPRESENTATION_ITEM()
RATIONAL_B_SPLINE_SURFACE(((1.,1.),(0.333333333333332,0.333333333333332),(0.333333333333332,0.333333333333332),(1.,1.)))
REPRESENTATION_ITEM('')
SURFACE()
);
#552=(
B_SPLINE_SURFACE(3,1,((#1021,#1022),(#1023,#1024),(#1025,#1026),(#1027,
#1028)),.CYLINDRICAL_SURF.,.F.,.F.,.F.)
B_SPLINE_SURFACE_WITH_KNOTS((4,4),(2,2),(0.,1.),(0.0454545454545455,0.530385606351211),.PIECEWISE_BEZIER_KNOTS.)
BOUNDED_SURFACE()
GEOMETRIC_REPRESENTATION_ITEM()
RATIONAL_B_SPLINE_SURFACE(((1.,1.),(0.333333333333333,0.333333333333333),(0.333333333333333,0.333333333333333),(1.,1.)))
REPRESENTATION_ITEM('')
SURFACE()
);
#553=(
B_SPLINE_SURFACE(3,1,((#1038,#1039),(#1040,#1041),(#1042,#1043),(#1044,
#1045)),.CYLINDRICAL_SURF.,.F.,.F.,.F.)
B_SPLINE_SURFACE_WITH_KNOTS((4,4),(2,2),(0.,1.),(0.415935554142533,0.954545454545454),.PIECEWISE_BEZIER_KNOTS.)
BOUNDED_SURFACE()
GEOMETRIC_REPRESENTATION_ITEM()
RATIONAL_B_SPLINE_SURFACE(((1.,1.),(0.333333333333333,0.333333333333333),(0.333333333333333,0.333333333333333),(1.,1.)))
REPRESENTATION_ITEM('')
SURFACE()
);
#554=(
B_SPLINE_SURFACE(3,1,((#1107,#1108),(#1109,#1110),(#1111,#1112),(#1113,
#1114)),.CYLINDRICAL_SURF.,.F.,.F.,.F.)
B_SPLINE_SURFACE_WITH_KNOTS((4,4),(2,2),(0.,1.),(0.415935554142533,0.954545454545455),.PIECEWISE_BEZIER_KNOTS.)
BOUNDED_SURFACE()
GEOMETRIC_REPRESENTATION_ITEM()
RATIONAL_B_SPLINE_SURFACE(((1.,1.),(0.333333333333332,0.333333333333332),(0.333333333333332,0.333333333333332),(1.,1.)))
REPRESENTATION_ITEM('')
SURFACE()
);
#555=(
B_SPLINE_SURFACE(3,1,((#1179,#1180),(#1181,#1182),(#1183,#1184),(#1185,
#1186)),.CYLINDRICAL_SURF.,.F.,.F.,.F.)
B_SPLINE_SURFACE_WITH_KNOTS((4,4),(2,2),(0.,1.),(0.0454545454545455,0.530385606351211),.PIECEWISE_BEZIER_KNOTS.)
BOUNDED_SURFACE()
GEOMETRIC_REPRESENTATION_ITEM()
RATIONAL_B_SPLINE_SURFACE(((1.,1.),(0.333333333333332,0.333333333333332),(0.333333333333332,0.333333333333332),(1.,1.)))
REPRESENTATION_ITEM('')
SURFACE()
);
#556=(
B_SPLINE_SURFACE(3,1,((#1197,#1198),(#1199,#1200),(#1201,#1202),(#1203,
#1204)),.CYLINDRICAL_SURF.,.F.,.F.,.F.)
B_SPLINE_SURFACE_WITH_KNOTS((4,4),(2,2),(0.,1.),(0.0454545454545451,0.530385606351211),.PIECEWISE_BEZIER_KNOTS.)
BOUNDED_SURFACE()
GEOMETRIC_REPRESENTATION_ITEM()
RATIONAL_B_SPLINE_SURFACE(((1.,1.),(0.333333333333333,0.333333333333333),(0.333333333333333,0.333333333333333),(1.,1.)))
REPRESENTATION_ITEM('')
SURFACE()
);
#557=(
B_SPLINE_SURFACE(3,1,((#1207,#1208),(#1209,#1210),(#1211,#1212),(#1213,
#1214)),.CYLINDRICAL_SURF.,.F.,.F.,.F.)
B_SPLINE_SURFACE_WITH_KNOTS((4,4),(2,2),(0.,0.5),(0.0454545454545457,0.95454545454546),.PIECEWISE_BEZIER_KNOTS.)
BOUNDED_SURFACE()
GEOMETRIC_REPRESENTATION_ITEM()
RATIONAL_B_SPLINE_SURFACE(((1.,1.),(0.333333333333333,0.333333333333333),(0.333333333333333,0.333333333333333),(1.,1.)))
REPRESENTATION_ITEM('')
SURFACE()
);
#558=(
B_SPLINE_SURFACE(3,1,((#1225,#1226),(#1227,#1228),(#1229,#1230),(#1231,
#1232)),.CYLINDRICAL_SURF.,.F.,.F.,.F.)
B_SPLINE_SURFACE_WITH_KNOTS((4,4),(2,2),(0.5,1.),(0.0454545454545455,0.95454545454546),.PIECEWISE_BEZIER_KNOTS.)
BOUNDED_SURFACE()
GEOMETRIC_REPRESENTATION_ITEM()
RATIONAL_B_SPLINE_SURFACE(((1.,1.),(0.333333333333333,0.333333333333333),(0.333333333333333,0.333333333333333),(1.,1.)))
REPRESENTATION_ITEM('')
SURFACE()
);
#559=(
B_SPLINE_SURFACE(3,1,((#1236,#1237),(#1238,#1239),(#1240,#1241),(#1242,
#1243)),.CYLINDRICAL_SURF.,.F.,.F.,.F.)
B_SPLINE_SURFACE_WITH_KNOTS((4,4),(2,2),(0.5,1.),(0.0454545454545451,0.631837256282416),.PIECEWISE_BEZIER_KNOTS.)
BOUNDED_SURFACE()
GEOMETRIC_REPRESENTATION_ITEM()
RATIONAL_B_SPLINE_SURFACE(((1.,1.),(0.333333333333333,0.333333333333333),(0.333333333333333,0.333333333333333),(1.,1.)))
REPRESENTATION_ITEM('')
SURFACE()
);
#560=(
B_SPLINE_SURFACE(3,1,((#1306,#1307),(#1308,#1309),(#1310,#1311),(#1312,
#1313)),.CYLINDRICAL_SURF.,.F.,.F.,.F.)
B_SPLINE_SURFACE_WITH_KNOTS((4,4),(2,2),(0.5,1.),(0.363901515151515,0.954545454545454),.PIECEWISE_BEZIER_KNOTS.)
BOUNDED_SURFACE()
GEOMETRIC_REPRESENTATION_ITEM()
RATIONAL_B_SPLINE_SURFACE(((1.,1.),(0.333333333333333,0.333333333333333),(0.333333333333333,0.333333333333333),(1.,1.)))
REPRESENTATION_ITEM('')
SURFACE()
);
#561=(
B_SPLINE_SURFACE(3,1,((#1321,#1322),(#1323,#1324),(#1325,#1326),(#1327,
#1328)),.CYLINDRICAL_SURF.,.F.,.F.,.F.)
B_SPLINE_SURFACE_WITH_KNOTS((4,4),(2,2),(0.,0.5),(0.363901515151515,0.954545454545454),.PIECEWISE_BEZIER_KNOTS.)
BOUNDED_SURFACE()
GEOMETRIC_REPRESENTATION_ITEM()
RATIONAL_B_SPLINE_SURFACE(((1.,1.),(0.333333333333333,0.333333333333333),(0.333333333333333,0.333333333333333),(1.,1.)))
REPRESENTATION_ITEM('')
SURFACE()
);
#562=(
B_SPLINE_SURFACE(3,1,((#1381,#1382),(#1383,#1384),(#1385,#1386),(#1387,
#1388)),.CYLINDRICAL_SURF.,.F.,.F.,.F.)
B_SPLINE_SURFACE_WITH_KNOTS((4,4),(2,2),(0.,0.5),(0.0454545454545455,0.629947451191363),.PIECEWISE_BEZIER_KNOTS.)
BOUNDED_SURFACE()
GEOMETRIC_REPRESENTATION_ITEM()
RATIONAL_B_SPLINE_SURFACE(((1.,1.),(0.333333333333333,0.333333333333333),(0.333333333333333,0.333333333333333),(1.,1.)))
REPRESENTATION_ITEM('')
SURFACE()
);
#563=(
B_SPLINE_SURFACE(3,1,((#1393,#1394),(#1395,#1396),(#1397,#1398),(#1399,
#1400)),.CYLINDRICAL_SURF.,.F.,.F.,.F.)
B_SPLINE_SURFACE_WITH_KNOTS((4,4),(2,2),(0.,0.5),(0.0454545454545455,0.954545454545455),.PIECEWISE_BEZIER_KNOTS.)
BOUNDED_SURFACE()
GEOMETRIC_REPRESENTATION_ITEM()
RATIONAL_B_SPLINE_SURFACE(((1.,1.),(0.333333333333333,0.333333333333333),(0.333333333333333,0.333333333333333),(1.,1.)))
REPRESENTATION_ITEM('')
SURFACE()
);
#564=(
B_SPLINE_SURFACE(3,1,((#1629,#1630),(#1631,#1632),(#1633,#1634),(#1635,
#1636)),.CYLINDRICAL_SURF.,.F.,.F.,.F.)
B_SPLINE_SURFACE_WITH_KNOTS((4,4),(2,2),(0.5,1.),(0.0454545454545454,0.954545454545455),.PIECEWISE_BEZIER_KNOTS.)
BOUNDED_SURFACE()
GEOMETRIC_REPRESENTATION_ITEM()
RATIONAL_B_SPLINE_SURFACE(((1.,1.),(0.333333333333333,0.333333333333333),(0.333333333333333,0.333333333333333),(1.,1.)))
REPRESENTATION_ITEM('')
SURFACE()
);
#565=(
B_SPLINE_SURFACE(3,1,((#1849,#1850),(#1851,#1852),(#1853,#1854),(#1855,
#1856)),.CYLINDRICAL_SURF.,.F.,.F.,.F.)
B_SPLINE_SURFACE_WITH_KNOTS((4,4),(2,2),(0.5,1.),(0.045454545454545,0.954545454545455),.PIECEWISE_BEZIER_KNOTS.)
BOUNDED_SURFACE()
GEOMETRIC_REPRESENTATION_ITEM()
RATIONAL_B_SPLINE_SURFACE(((1.,1.),(0.333333333333333,0.333333333333333),(0.333333333333333,0.333333333333333),(1.,1.)))
REPRESENTATION_ITEM('')
SURFACE()
);
#566=(
B_SPLINE_SURFACE(3,1,((#1867,#1868),(#1869,#1870),(#1871,#1872),(#1873,
#1874)),.CYLINDRICAL_SURF.,.F.,.F.,.F.)
B_SPLINE_SURFACE_WITH_KNOTS((4,4),(2,2),(0.,0.5),(0.0454545454545449,0.954545454545455),.PIECEWISE_BEZIER_KNOTS.)
BOUNDED_SURFACE()
GEOMETRIC_REPRESENTATION_ITEM()
RATIONAL_B_SPLINE_SURFACE(((1.,1.),(0.333333333333333,0.333333333333333),(0.333333333333333,0.333333333333333),(1.,1.)))
REPRESENTATION_ITEM('')
SURFACE()
);
#567=(
B_SPLINE_SURFACE(3,1,((#1878,#1879),(#1880,#1881),(#1882,#1883),(#1884,
#1885)),.CYLINDRICAL_SURF.,.F.,.F.,.F.)
B_SPLINE_SURFACE_WITH_KNOTS((4,4),(2,2),(0.5,1.),(0.0454545454545455,0.600044777989693),.PIECEWISE_BEZIER_KNOTS.)
BOUNDED_SURFACE()
GEOMETRIC_REPRESENTATION_ITEM()
RATIONAL_B_SPLINE_SURFACE(((1.,1.),(0.333333333333333,0.333333333333333),(0.333333333333333,0.333333333333333),(1.,1.)))
REPRESENTATION_ITEM('')
SURFACE()
);
#568=(
B_SPLINE_SURFACE(3,1,((#1947,#1948),(#1949,#1950),(#1951,#1952),(#1953,
#1954)),.CYLINDRICAL_SURF.,.F.,.F.,.F.)
B_SPLINE_SURFACE_WITH_KNOTS((4,4),(2,2),(0.5,1.),(0.417249999999971,0.954545454545454),.PIECEWISE_BEZIER_KNOTS.)
BOUNDED_SURFACE()
GEOMETRIC_REPRESENTATION_ITEM()
RATIONAL_B_SPLINE_SURFACE(((1.,1.),(0.333333333333333,0.333333333333333),(0.333333333333333,0.333333333333333),(1.,1.)))
REPRESENTATION_ITEM('')
SURFACE()
);
#569=(
B_SPLINE_SURFACE(3,1,((#1962,#1963),(#1964,#1965),(#1966,#1967),(#1968,
#1969)),.CYLINDRICAL_SURF.,.F.,.F.,.F.)
B_SPLINE_SURFACE_WITH_KNOTS((4,4),(2,2),(0.,0.5),(0.417249999999971,0.954545454545455),.PIECEWISE_BEZIER_KNOTS.)
BOUNDED_SURFACE()
GEOMETRIC_REPRESENTATION_ITEM()
RATIONAL_B_SPLINE_SURFACE(((1.,1.),(0.333333333333333,0.333333333333333),(0.333333333333333,0.333333333333333),(1.,1.)))
REPRESENTATION_ITEM('')
SURFACE()
);
#570=(
B_SPLINE_SURFACE(3,1,((#2027,#2028),(#2029,#2030),(#2031,#2032),(#2033,
#2034)),.CYLINDRICAL_SURF.,.F.,.F.,.F.)
B_SPLINE_SURFACE_WITH_KNOTS((4,4),(2,2),(0.,0.5),(0.0454545454545451,0.599229361366258),.PIECEWISE_BEZIER_KNOTS.)
BOUNDED_SURFACE()
GEOMETRIC_REPRESENTATION_ITEM()
RATIONAL_B_SPLINE_SURFACE(((1.,1.),(0.333333333333333,0.333333333333333),(0.333333333333333,0.333333333333333),(1.,1.)))
REPRESENTATION_ITEM('')
SURFACE()
);
#571=ADVANCED_FACE('',(#515),#549,.F.);
#572=ADVANCED_FACE('',(#516),#44,.T.);
#573=ADVANCED_FACE('',(#517),#550,.F.);
#574=ADVANCED_FACE('',(#518),#45,.T.);
#575=ADVANCED_FACE('',(#519),#551,.F.);
#576=ADVANCED_FACE('',(#520),#46,.T.);
#577=ADVANCED_FACE('',(#521),#552,.F.);
#578=ADVANCED_FACE('',(#522),#47,.T.);
#579=ADVANCED_FACE('',(#523),#553,.T.);
#580=ADVANCED_FACE('',(#524),#48,.T.);
#581=ADVANCED_FACE('',(#525),#554,.T.);
#582=ADVANCED_FACE('',(#526),#49,.T.);
#583=ADVANCED_FACE('',(#527),#50,.T.);
#584=ADVANCED_FACE('',(#528),#555,.T.);
#585=ADVANCED_FACE('',(#529),#51,.T.);
#586=ADVANCED_FACE('',(#530),#556,.T.);
#587=ADVANCED_FACE('',(#531),#557,.T.);
#588=ADVANCED_FACE('Face appearance 1',(#532),#558,.T.);
#589=ADVANCED_FACE('',(#533),#559,.F.);
#590=ADVANCED_FACE('',(#534),#560,.F.);
#591=ADVANCED_FACE('',(#535),#561,.F.);
#592=ADVANCED_FACE('',(#536),#562,.F.);
#593=ADVANCED_FACE('',(#537,#538),#563,.T.);
#594=ADVANCED_FACE('',(#539,#540),#564,.T.);
#595=ADVANCED_FACE('',(#541),#565,.F.);
#596=ADVANCED_FACE('',(#542),#566,.F.);
#597=ADVANCED_FACE('',(#543),#567,.F.);
#598=ADVANCED_FACE('',(#544),#568,.F.);
#599=ADVANCED_FACE('',(#545),#569,.F.);
#600=ADVANCED_FACE('',(#546),#570,.F.);
#601=ADVANCED_FACE('',(#547,#548),#52,.T.);
#602=OPEN_SHELL('',(#571,#572,#573,#574,#575,#576,#577,#578));
#603=OPEN_SHELL('',(#579,#580,#581,#582,#583,#584,#585,#586));
#604=OPEN_SHELL('',(#587,#588));
#605=OPEN_SHELL('',(#589,#590,#591,#592));
#606=OPEN_SHELL('',(#593,#594));
#607=OPEN_SHELL('',(#595,#596));
#608=OPEN_SHELL('',(#597,#598,#599,#600));
#609=OPEN_SHELL('',(#601));
#610=STYLED_ITEM('',(#618),#686);
#611=STYLED_ITEM('',(#619),#687);
#612=STYLED_ITEM('',(#620),#688);
#613=STYLED_ITEM('',(#623),#689);
#614=STYLED_ITEM('',(#624),#690);
#615=STYLED_ITEM('',(#625),#691);
#616=STYLED_ITEM('',(#626),#692);
#617=STYLED_ITEM('',(#627),#693);
#618=PRESENTATION_STYLE_ASSIGNMENT((#628));
#619=PRESENTATION_STYLE_ASSIGNMENT((#629));
#620=PRESENTATION_STYLE_ASSIGNMENT((#630));
#621=PRESENTATION_STYLE_ASSIGNMENT((#631));
#622=PRESENTATION_STYLE_ASSIGNMENT((#632));
#623=PRESENTATION_STYLE_ASSIGNMENT((#633));
#624=PRESENTATION_STYLE_ASSIGNMENT((#634));
#625=PRESENTATION_STYLE_ASSIGNMENT((#635));
#626=PRESENTATION_STYLE_ASSIGNMENT((#636));
#627=PRESENTATION_STYLE_ASSIGNMENT((#637));
#628=SURFACE_STYLE_USAGE(.BOTH.,#638);
#629=SURFACE_STYLE_USAGE(.BOTH.,#639);
#630=SURFACE_STYLE_USAGE(.BOTH.,#640);
#631=SURFACE_STYLE_USAGE(.BOTH.,#641);
#632=SURFACE_STYLE_USAGE(.BOTH.,#642);
#633=SURFACE_STYLE_USAGE(.BOTH.,#643);
#634=SURFACE_STYLE_USAGE(.BOTH.,#644);
#635=SURFACE_STYLE_USAGE(.BOTH.,#645);
#636=SURFACE_STYLE_USAGE(.BOTH.,#646);
#637=SURFACE_STYLE_USAGE(.BOTH.,#647);
#638=SURFACE_SIDE_STYLE('',(#648));
#639=SURFACE_SIDE_STYLE('',(#649));
#640=SURFACE_SIDE_STYLE('',(#650));
#641=SURFACE_SIDE_STYLE('',(#651));
#642=SURFACE_SIDE_STYLE('',(#652));
#643=SURFACE_SIDE_STYLE('',(#653));
#644=SURFACE_SIDE_STYLE('',(#654));
#645=SURFACE_SIDE_STYLE('',(#655));
#646=SURFACE_SIDE_STYLE('',(#656));
#647=SURFACE_SIDE_STYLE('',(#657));
#648=SURFACE_STYLE_FILL_AREA(#658);
#649=SURFACE_STYLE_FILL_AREA(#659);
#650=SURFACE_STYLE_FILL_AREA(#660);
#651=SURFACE_STYLE_FILL_AREA(#661);
#652=SURFACE_STYLE_FILL_AREA(#662);
#653=SURFACE_STYLE_FILL_AREA(#663);
#654=SURFACE_STYLE_FILL_AREA(#664);
#655=SURFACE_STYLE_FILL_AREA(#665);
#656=SURFACE_STYLE_FILL_AREA(#666);
#657=SURFACE_STYLE_FILL_AREA(#667);
#658=FILL_AREA_STYLE('',(#668));
#659=FILL_AREA_STYLE('',(#669));
#660=FILL_AREA_STYLE('',(#670));
#661=FILL_AREA_STYLE('',(#671));
#662=FILL_AREA_STYLE('',(#672));
#663=FILL_AREA_STYLE('',(#673));
#664=FILL_AREA_STYLE('',(#674));
#665=FILL_AREA_STYLE('',(#675));
#666=FILL_AREA_STYLE('',(#676));
#667=FILL_AREA_STYLE('',(#677));
#668=FILL_AREA_STYLE_COLOUR('',#678);
#669=FILL_AREA_STYLE_COLOUR('',#679);
#670=FILL_AREA_STYLE_COLOUR('',#680);
#671=FILL_AREA_STYLE_COLOUR('',#681);
#672=FILL_AREA_STYLE_COLOUR('',#681);
#673=FILL_AREA_STYLE_COLOUR('',#682);
#674=FILL_AREA_STYLE_COLOUR('',#683);
#675=FILL_AREA_STYLE_COLOUR('',#684);
#676=FILL_AREA_STYLE_COLOUR('',#685);
#677=FILL_AREA_STYLE_COLOUR('',#683);
#678=COLOUR_RGB('',0.647058823529412,0.647058823529412,0.647058823529412);
#679=COLOUR_RGB('',0.615686274509804,0.811764705882353,0.929411764705882);
#680=COLOUR_RGB('',0.980392156862745,0.713725490196078,0.00392156862745098);
#681=COLOUR_RGB('',0.6,0.6,0.6);
#682=COLOUR_RGB('',0.917647058823529,0.917647058823529,0.917647058823529);
#683=COLOUR_RGB('',0.498039215686275,0.498039215686275,0.498039215686275);
#684=COLOUR_RGB('',0.972549019607843,0.529411764705882,0.00392156862745098);
#685=COLOUR_RGB('',0.231372549019608,0.380392156862745,0.705882352941177);
#686=SHELL_BASED_SURFACE_MODEL('opening_1',(#602));
#687=SHELL_BASED_SURFACE_MODEL('opening_0',(#603));
#688=SHELL_BASED_SURFACE_MODEL('skir_carbo_und',(#604));
#689=SHELL_BASED_SURFACE_MODEL('Surface 7',(#605));
#690=SHELL_BASED_SURFACE_MODEL('skir_carbo_mid',(#606));
#691=SHELL_BASED_SURFACE_MODEL('skir_sless',(#607));
#692=SHELL_BASED_SURFACE_MODEL('Surface 6',(#608));
#693=SHELL_BASED_SURFACE_MODEL('base_plate',(#609));
#694=SHAPE_DEFINITION_REPRESENTATION(#2095,#702);
#695=SHAPE_DEFINITION_REPRESENTATION(#2096,#703);
#696=SHAPE_DEFINITION_REPRESENTATION(#2097,#704);
#697=SHAPE_DEFINITION_REPRESENTATION(#2098,#705);
#698=SHAPE_DEFINITION_REPRESENTATION(#2099,#706);
#699=SHAPE_DEFINITION_REPRESENTATION(#2100,#707);
#700=SHAPE_DEFINITION_REPRESENTATION(#2101,#708);
#701=SHAPE_DEFINITION_REPRESENTATION(#2102,#709);
#702=SHAPE_REPRESENTATION('opening_1',(#710),#2055);
#703=SHAPE_REPRESENTATION('opening_0',(#715),#2056);
#704=SHAPE_REPRESENTATION('skir_carbo_und',(#720),#2057);
#705=SHAPE_REPRESENTATION('Surface 7',(#725),#2058);
#706=SHAPE_REPRESENTATION('skir_carbo_mid',(#731),#2059);
#707=SHAPE_REPRESENTATION('skir_sless',(#737),#2060);
#708=SHAPE_REPRESENTATION('Surface 6',(#742),#2061);
#709=SHAPE_REPRESENTATION('base_plate',(#749),#2062);
#710=AXIS2_PLACEMENT_3D('',#868,#752,#753);
#711=AXIS2_PLACEMENT_3D('',#928,#756,#757);
#712=AXIS2_PLACEMENT_3D('',#994,#762,#763);
#713=AXIS2_PLACEMENT_3D('',#1011,#767,#768);
#714=AXIS2_PLACEMENT_3D('',#1029,#772,#773);
#715=AXIS2_PLACEMENT_3D('',#1037,#776,#777);
#716=AXIS2_PLACEMENT_3D('',#1097,#780,#781);
#717=AXIS2_PLACEMENT_3D('',#1163,#786,#787);
#718=AXIS2_PLACEMENT_3D('',#1187,#793,#794);
#719=AXIS2_PLACEMENT_3D('',#1205,#798,#799);
#720=AXIS2_PLACEMENT_3D('',#1206,#800,#801);
#721=AXIS2_PLACEMENT_3D('',#1215,#802,#803);
#722=AXIS2_PLACEMENT_3D('',#1221,#804,#805);
#723=AXIS2_PLACEMENT_3D('',#1233,#806,#807);
#724=AXIS2_PLACEMENT_3D('',#1234,#808,#809);
#725=AXIS2_PLACEMENT_3D('',#1235,#810,#811);
#726=AXIS2_PLACEMENT_3D('',#1244,#812,#813);
#727=AXIS2_PLACEMENT_3D('',#1317,#814,#815);
#728=AXIS2_PLACEMENT_3D('',#1380,#816,#817);
#729=AXIS2_PLACEMENT_3D('',#1389,#818,#819);
#730=AXIS2_PLACEMENT_3D('',#1391,#820,#821);
#731=AXIS2_PLACEMENT_3D('',#1392,#822,#823);
#732=AXIS2_PLACEMENT_3D('',#1509,#824,#825);
#733=AXIS2_PLACEMENT_3D('',#1625,#828,#829);
#734=AXIS2_PLACEMENT_3D('',#1637,#830,#831);
#735=AXIS2_PLACEMENT_3D('',#1638,#832,#833);
#736=AXIS2_PLACEMENT_3D('',#1640,#834,#835);
#737=AXIS2_PLACEMENT_3D('',#1848,#838,#839);
#738=AXIS2_PLACEMENT_3D('',#1857,#840,#841);
#739=AXIS2_PLACEMENT_3D('',#1863,#842,#843);
#740=AXIS2_PLACEMENT_3D('',#1875,#844,#845);
#741=AXIS2_PLACEMENT_3D('',#1876,#846,#847);
#742=AXIS2_PLACEMENT_3D('',#1877,#848,#849);
#743=AXIS2_PLACEMENT_3D('',#1886,#850,#851);
#744=AXIS2_PLACEMENT_3D('',#1958,#852,#853);
#745=AXIS2_PLACEMENT_3D('',#2024,#854,#855);
#746=AXIS2_PLACEMENT_3D('',#2026,#856,#857);
#747=AXIS2_PLACEMENT_3D('',#2035,#858,#859);
#748=AXIS2_PLACEMENT_3D('',#2037,#860,#861);
#749=AXIS2_PLACEMENT_3D('',#2038,#862,#863);
#750=AXIS2_PLACEMENT_3D('',#2043,#864,#865);
#751=AXIS2_PLACEMENT_3D('',#2045,#866,#867);
#752=DIRECTION('',(0.,0.,1.));
#753=DIRECTION('',(1.,0.,0.));
#754=DIRECTION('',(0.,0.,-1.));
#755=DIRECTION('',(0.,0.,-1.));
#756=DIRECTION('',(0.,0.,1.));
#757=DIRECTION('',(1.,2.01858731750028E-15,0.));
#758=DIRECTION('',(0.,-1.,0.));
#759=DIRECTION('',(0.,0.,-1.));
#760=DIRECTION('',(-2.4671622769448E-16,1.,0.));
#761=DIRECTION('',(0.,0.,-1.));
#762=DIRECTION('',(0.,0.,1.));
#763=DIRECTION('',(-1.,-1.00929365875014E-15,0.));
#764=DIRECTION('',(0.,-1.,0.));
#765=DIRECTION('',(0.,1.,0.));
#766=DIRECTION('',(0.,0.,-1.));
#767=DIRECTION('',(0.,0.,1.));
#768=DIRECTION('',(-1.,-1.00929365875014E-15,0.));
#769=DIRECTION('',(0.,0.,-1.));
#770=DIRECTION('',(0.,1.,0.));
#771=DIRECTION('',(0.,0.,-1.));
#772=DIRECTION('',(0.,0.,1.));
#773=DIRECTION('',(1.,2.01858731750028E-15,0.));
#774=DIRECTION('',(0.,0.,-1.));
#775=DIRECTION('',(-2.4671622769448E-16,1.,0.));
#776=DIRECTION('',(0.,0.,1.));
#777=DIRECTION('',(1.,0.,0.));
#778=DIRECTION('',(0.,0.,-1.));
#779=DIRECTION('',(0.,0.,-1.));
#780=DIRECTION('',(0.,0.,1.));
#781=DIRECTION('',(1.,3.22973970800046E-15,0.));
#782=DIRECTION('',(0.,0.,-1.));
#783=DIRECTION('',(0.,-1.,0.));
#784=DIRECTION('',(0.,-1.,0.));
#785=DIRECTION('',(0.,0.,-1.));
#786=DIRECTION('',(0.,0.,1.));
#787=DIRECTION('',(-1.,3.22973970800046E-15,0.));
#788=DIRECTION('',(0.,-1.,0.));
#789=DIRECTION('',(0.,-1.,0.));
#790=DIRECTION('',(0.,0.,-1.));
#791=DIRECTION('',(0.,-1.,0.));
#792=DIRECTION('',(0.,0.,-1.));
#793=DIRECTION('',(0.,0.,1.));
#794=DIRECTION('',(-1.,3.22973970800046E-15,0.));
#795=DIRECTION('',(0.,0.,-1.));
#796=DIRECTION('',(0.,-1.,0.));
#797=DIRECTION('',(0.,0.,-1.));
#798=DIRECTION('',(0.,0.,1.));
#799=DIRECTION('',(1.,3.22973970800046E-15,0.));
#800=DIRECTION('',(0.,0.,1.));
#801=DIRECTION('',(1.,0.,0.));
#802=DIRECTION('',(8.32688846403401E-16,1.,2.9582283945788E-31));
#803=DIRECTION('',(-1.,8.32688846403401E-16,2.4632837892796E-46));
#804=DIRECTION('',(1.08468374467891E-30,1.,2.33363072919793E-61));
#805=DIRECTION('',(-1.,1.08468374467891E-30,0.));
#806=DIRECTION('',(8.32688846403401E-16,1.,2.9582283945788E-31));
#807=DIRECTION('',(-1.,8.32688846403401E-16,2.4632837892796E-46));
#808=DIRECTION('',(1.08468374467891E-30,1.,2.33363072919793E-61));
#809=DIRECTION('',(-1.,1.08468374467891E-30,0.));
#810=DIRECTION('',(0.,0.,1.));
#811=DIRECTION('',(1.,0.,0.));
#812=DIRECTION('',(-1.,-2.22032253414604E-16,-5.88903280134492E-17));
#813=DIRECTION('',(0.,0.0781583251588058,0.996940959238997));
#814=DIRECTION('',(1.,2.22032253414604E-16,5.88903280134492E-17));
#815=DIRECTION('',(-2.22032253414604E-16,1.,0.));
#816=DIRECTION('',(1.,2.22032253414604E-16,5.88903280134492E-17));
#817=DIRECTION('',(-2.22032253414604E-16,1.,0.));
#818=DIRECTION('',(-1.,-2.22032253414604E-16,-5.88903280134492E-17));
#819=DIRECTION('',(0.,0.0781583251588058,0.996940959238997));
#820=DIRECTION('',(-1.,-2.22032253414604E-16,-5.88903280134492E-17));
#821=DIRECTION('',(0.,0.0781583251588058,0.996940959238997));
#822=DIRECTION('',(0.,0.,1.));
#823=DIRECTION('',(1.,0.,0.));
#824=DIRECTION('',(0.,-1.,0.));
#825=DIRECTION('',(0.,0.,-1.));
#826=DIRECTION('',(0.,-1.,0.));
#827=DIRECTION('',(0.,-1.,0.));
#828=DIRECTION('',(1.08468374467891E-30,1.,2.33363072919793E-61));
#829=DIRECTION('',(-1.,1.08468374467891E-30,0.));
#830=DIRECTION('',(0.,-1.,0.));
#831=DIRECTION('',(0.,0.,-1.));
#832=DIRECTION('',(1.08468374467891E-30,1.,2.33363072919793E-61));
#833=DIRECTION('',(-1.,1.08468374467891E-30,0.));
#834=DIRECTION('',(1.08468374467891E-30,1.,2.33363072919793E-61));
#835=DIRECTION('',(-1.,1.08468374467891E-30,0.));
#836=DIRECTION('',(0.,-1.,0.));
#837=DIRECTION('',(0.,-1.,0.));
#838=DIRECTION('',(0.,0.,1.));
#839=DIRECTION('',(1.,0.,0.));
#840=DIRECTION('',(0.,-1.,0.));
#841=DIRECTION('',(0.,0.,-1.));
#842=DIRECTION('',(0.,1.,0.));
#843=DIRECTION('',(0.,0.,1.));
#844=DIRECTION('',(0.,-1.,0.));
#845=DIRECTION('',(0.,0.,-1.));
#846=DIRECTION('',(0.,1.,0.));
#847=DIRECTION('',(0.,0.,1.));
#848=DIRECTION('',(0.,0.,1.));
#849=DIRECTION('',(1.,0.,0.));
#850=DIRECTION('',(1.,-1.11712109989428E-16,4.99857409153398E-17));
#851=DIRECTION('',(0.,0.800166669203481,0.599777710069162));
#852=DIRECTION('',(1.,-1.11712109989428E-16,4.99857409153398E-17));
#853=DIRECTION('',(0.,0.800166669203481,0.599777710069162));
#854=DIRECTION('',(1.,-1.11712109989428E-16,4.99857409153398E-17));
#855=DIRECTION('',(0.,0.800166669203481,0.599777710069162));
#856=DIRECTION('',(1.,-1.11712109989428E-16,4.99857409153398E-17));
#857=DIRECTION('',(0.,0.800166669203481,0.599777710069162));
#858=DIRECTION('',(1.,-1.11712109989428E-16,4.99857409153398E-17));
#859=DIRECTION('',(0.,0.800166669203481,0.599777710069162));
#860=DIRECTION('',(1.,-1.11712109989428E-16,4.99857409153398E-17));
#861=DIRECTION('',(0.,0.800166669203481,0.599777710069162));
#862=DIRECTION('',(0.,0.,1.));
#863=DIRECTION('',(1.,0.,0.));
#864=DIRECTION('',(8.32688846403401E-16,1.,2.9582283945788E-31));
#865=DIRECTION('',(1.,-7.93016446160826E-16,3.1720657846433E-16));
#866=DIRECTION('',(8.32688846403401E-16,1.,2.9582283945788E-31));
#867=DIRECTION('',(1.,-8.73209120491696E-16,2.49488320140485E-16));
#868=CARTESIAN_POINT('',(0.,0.,0.));
#869=CARTESIAN_POINT('',(-0.275000000000001,0.41,1.61849417808864));
#870=CARTESIAN_POINT('',(-0.275000000000001,0.41,1.5));
#871=CARTESIAN_POINT('',(-0.275000000000001,0.96,1.61849417808864));
#872=CARTESIAN_POINT('',(-0.275000000000001,0.96,1.5));
#873=CARTESIAN_POINT('',(0.274999999999999,0.96,1.61849417808864));
#874=CARTESIAN_POINT('',(0.274999999999999,0.96,1.5));
#875=CARTESIAN_POINT('',(0.274999999999999,0.41,1.61849417808864));
#876=CARTESIAN_POINT('',(0.274999999999999,0.41,1.5));
#877=CARTESIAN_POINT('',(0.275,0.41,1.7));
#878=CARTESIAN_POINT('',(0.275,0.41,1.5939514578556));
#879=CARTESIAN_POINT('',(0.275,0.41,1.5));
#880=CARTESIAN_POINT('',(0.274999999999999,0.41,1.5939514578556));
#881=CARTESIAN_POINT('',(0.274999999999999,0.419100382851299,1.5939514578556));
#882=CARTESIAN_POINT('',(0.274099488246171,0.437143610913804,1.59410720900211));
#883=CARTESIAN_POINT('',(0.270138501885038,0.463764895294245,1.59478538275587));
#884=CARTESIAN_POINT('',(0.264689471019725,0.485552223300526,1.59570003985004));
#885=CARTESIAN_POINT('',(0.258986224570155,0.502806449258912,1.59663384104044));
#886=CARTESIAN_POINT('',(0.252465177027863,0.519674300372738,1.59768213880661));
#887=CARTESIAN_POINT('',(0.242865951540156,0.539927023633817,1.59918003649611));
#888=CARTESIAN_POINT('',(0.231355480099268,0.559132596831696,1.60088290373825));
#889=CARTESIAN_POINT('',(0.220998474390307,0.573847873257588,1.60233833553359));
#890=CARTESIAN_POINT('',(0.20982917675239,0.58815825444724,1.60385031283056));
#891=CARTESIAN_POINT('',(0.194742512167454,0.60478201859626,1.6057719025321));
#892=CARTESIAN_POINT('',(0.174876609437756,0.622797633201624,1.6080637746318));
#893=CARTESIAN_POINT('',(0.156860676879274,0.636193470734897,1.60990748826305));
#894=CARTESIAN_POINT('',(0.141521486811972,0.64591991176058,1.61131111608132));
#895=CARTESIAN_POINT('',(0.125856903978542,0.654797990692834,1.61263013383123));
#896=CARTESIAN_POINT('',(0.105615631611029,0.664382418938549,1.61411199957468));
#897=CARTESIAN_POINT('',(0.0845194048203401,0.671960533859585,1.6153307605926));
#898=CARTESIAN_POINT('',(0.0671122752801586,0.676801184939151,1.61612515916022));
#899=CARTESIAN_POINT('',(0.0493555721029016,0.680801096701835,1.61678968024637));
#900=CARTESIAN_POINT('',(0.0271158499457744,0.68409926086076,1.61734655216502));
#901=CARTESIAN_POINT('',(0.00471581146418365,0.68521640327163,1.61753684112089));
#902=CARTESIAN_POINT('',(-0.0132773306823355,0.684790378098626,1.61746433409278));
#903=CARTESIAN_POINT('',(-0.0268265420466156,0.683801703826668,1.61729653449174));
#904=CARTESIAN_POINT('',(-0.0403719620766673,0.682133538172378,1.61701472927486));
#905=CARTESIAN_POINT('',(-0.0581269065608741,0.679049645942614,1.61649750057496));
#906=CARTESIAN_POINT('',(-0.0798839914426674,0.67359724885551,1.61559450020524));
#907=CARTESIAN_POINT('',(-0.105242637292883,0.66454845185639,1.61413795314444));
#908=CARTESIAN_POINT('',(-0.129925313703352,0.652878342436938,1.6123331143926));
#909=CARTESIAN_POINT('',(-0.152975204348814,0.6390470675758,1.61030170151577));
#910=CARTESIAN_POINT('',(-0.170957968468182,0.625729084001555,1.60846632697078));
#911=CARTESIAN_POINT('',(-0.184574228517318,0.614006176897945,1.60694513639736));
#912=CARTESIAN_POINT('',(-0.194431595858633,0.604635364674869,1.60578139255715));
#913=CARTESIAN_POINT('',(-0.203766057892557,0.594837699875823,1.60462251742004));
#914=CARTESIAN_POINT('',(-0.215486849108895,0.581262275046611,1.60310016632894));
#915=CARTESIAN_POINT('',(-0.228819559957423,0.563316289552169,1.60125683830391));
#916=CARTESIAN_POINT('',(-0.24038478427928,0.544103468339736,1.59954785050036));
#917=CARTESIAN_POINT('',(-0.248574521220222,0.527887493643399,1.59828926624403));
#918=CARTESIAN_POINT('',(-0.255903491291057,0.511390729602603,1.59713543959309));
#919=CARTESIAN_POINT('',(-0.263473960355102,0.490291982376728,1.5959036032381));
#920=CARTESIAN_POINT('',(-0.268958343407236,0.468549674040374,1.59498363591241));
#921=CARTESIAN_POINT('',(-0.272073937666995,0.450773966395468,1.59445395924583));
#922=CARTESIAN_POINT('',(-0.274325314425738,0.432706491342956,1.59406819406315));
#923=CARTESIAN_POINT('',(-0.275000000000001,0.419100398827523,1.5939514578556));
#924=CARTESIAN_POINT('',(-0.275000000000001,0.41,1.5939514578556));
#925=CARTESIAN_POINT('',(-0.275,0.41,1.5939514578556));
#926=CARTESIAN_POINT('',(-0.275,0.41,1.7));
#927=CARTESIAN_POINT('',(-0.275,0.41,1.5));
#928=CARTESIAN_POINT('',(-9.99200722162641E-16,0.41,1.5));
#929=CARTESIAN_POINT('',(-0.275,-0.0625,1.49));
#930=CARTESIAN_POINT('',(-0.275,-0.0625,1.71));
#931=CARTESIAN_POINT('',(-0.275,0.4325,1.49));
#932=CARTESIAN_POINT('',(-0.275,0.4325,1.71));
#933=CARTESIAN_POINT('',(-0.275,7.385,1.5939514578556));
#934=CARTESIAN_POINT('',(-0.275,-0.04,1.5939514578556));
#935=CARTESIAN_POINT('',(-0.275,-0.04,1.7));
#936=CARTESIAN_POINT('',(-0.275,-0.04,1.5));
#937=CARTESIAN_POINT('',(-0.275,0.185,1.5));
#938=CARTESIAN_POINT('',(0.274999999999999,-0.0399999999999991,1.61849417808864));
#939=CARTESIAN_POINT('',(0.274999999999999,-0.0399999999999991,1.5));
#940=CARTESIAN_POINT('',(0.275000000000001,-0.590000000000001,1.61849417808864));
#941=CARTESIAN_POINT('',(0.275000000000001,-0.590000000000001,1.5));
#942=CARTESIAN_POINT('',(-0.275000000000001,-0.590000000000002,1.61849417808864));
#943=CARTESIAN_POINT('',(-0.275000000000001,-0.590000000000002,1.5));
#944=CARTESIAN_POINT('',(-0.275000000000001,-0.04,1.61849417808864));
#945=CARTESIAN_POINT('',(-0.275000000000001,-0.04,1.5));
#946=CARTESIAN_POINT('',(-0.275000000000001,-0.04,1.5939514578556));
#947=CARTESIAN_POINT('',(-0.275000000000001,-0.0491003828512991,1.5939514578556));
#948=CARTESIAN_POINT('',(-0.274099488246173,-0.0671436109138041,1.59410720900211));
#949=CARTESIAN_POINT('',(-0.27013850188504,-0.0937648952942452,1.59478538275587));
#950=CARTESIAN_POINT('',(-0.264689471019727,-0.115552223300525,1.59570003985004));
#951=CARTESIAN_POINT('',(-0.258986224570157,-0.132806449258912,1.59663384104044));
#952=CARTESIAN_POINT('',(-0.252465177027865,-0.149674300372738,1.59768213880661));
#953=CARTESIAN_POINT('',(-0.242865951540158,-0.169927023633817,1.59918003649611));
#954=CARTESIAN_POINT('',(-0.23135548009927,-0.189132596831696,1.60088290373825));
#955=CARTESIAN_POINT('',(-0.220998474390309,-0.203847873257588,1.60233833553359));
#956=CARTESIAN_POINT('',(-0.209829176752392,-0.218158254447241,1.60385031283056));
#957=CARTESIAN_POINT('',(-0.194742512167455,-0.23478201859626,1.6057719025321));
#958=CARTESIAN_POINT('',(-0.174876609437758,-0.252797633201623,1.6080637746318));
#959=CARTESIAN_POINT('',(-0.156860676879276,-0.266193470734898,1.60990748826305));
#960=CARTESIAN_POINT('',(-0.141521486811974,-0.27591991176058,1.61131111608132));
#961=CARTESIAN_POINT('',(-0.125856903978544,-0.284797990692834,1.61263013383123));
#962=CARTESIAN_POINT('',(-0.10561563161103,-0.294382418938549,1.61411199957468));
#963=CARTESIAN_POINT('',(-0.0845194048203419,-0.301960533859585,1.6153307605926));
#964=CARTESIAN_POINT('',(-0.0671122752801604,-0.306801184939151,1.61612515916022));
#965=CARTESIAN_POINT('',(-0.0493555721029036,-0.310801096701835,1.61678968024637));
#966=CARTESIAN_POINT('',(-0.0271158499457762,-0.31409926086076,1.61734655216502));
#967=CARTESIAN_POINT('',(-0.00471581146418538,-0.31521640327163,1.61753684112089));
#968=CARTESIAN_POINT('',(0.0132773306823337,-0.314790378098625,1.61746433409278));
#969=CARTESIAN_POINT('',(0.026826542046614,-0.313801703826668,1.61729653449174));
#970=CARTESIAN_POINT('',(0.0403719620766655,-0.312133538172378,1.61701472927486));
#971=CARTESIAN_POINT('',(0.0581269065608724,-0.309049645942615,1.61649750057496));
#972=CARTESIAN_POINT('',(0.0798839914426661,-0.30359724885551,1.61559450020524));
#973=CARTESIAN_POINT('',(0.105242637292881,-0.29454845185639,1.61413795314444));
#974=CARTESIAN_POINT('',(0.12992531370335,-0.282878342436938,1.6123331143926));
#975=CARTESIAN_POINT('',(0.152975204348812,-0.2690470675758,1.61030170151577));
#976=CARTESIAN_POINT('',(0.170957968468181,-0.255729084001555,1.60846632697079));
#977=CARTESIAN_POINT('',(0.184574228517316,-0.244006176897945,1.60694513639736));
#978=CARTESIAN_POINT('',(0.194431595858632,-0.234635364674869,1.60578139255715));
#979=CARTESIAN_POINT('',(0.203766057892556,-0.224837699875823,1.60462251742004));
#980=CARTESIAN_POINT('',(0.215486849108893,-0.211262275046611,1.60310016632894));
#981=CARTESIAN_POINT('',(0.228819559957421,-0.193316289552169,1.60125683830391));
#982=CARTESIAN_POINT('',(0.240384784279279,-0.174103468339736,1.59954785050036));
#983=CARTESIAN_POINT('',(0.24857452122022,-0.157887493643399,1.59828926624404));
#984=CARTESIAN_POINT('',(0.255903491291056,-0.141390729602603,1.59713543959309));
#985=CARTESIAN_POINT('',(0.2634739603551,-0.120291982376727,1.5959036032381));
#986=CARTESIAN_POINT('',(0.268958343407234,-0.0985496740403733,1.59498363591241));
#987=CARTESIAN_POINT('',(0.272073937666993,-0.0807739663954676,1.59445395924583));
#988=CARTESIAN_POINT('',(0.274325314425735,-0.0627064913429552,1.59406819406315));
#989=CARTESIAN_POINT('',(0.274999999999999,-0.0491003988275226,1.5939514578556));
#990=CARTESIAN_POINT('',(0.274999999999999,-0.0399999999999991,1.5939514578556));
#991=CARTESIAN_POINT('',(0.275,-0.0399999999999995,1.5939514578556));
#992=CARTESIAN_POINT('',(0.275,-0.0399999999999995,1.7));
#993=CARTESIAN_POINT('',(0.275,-0.0399999999999995,1.5));
#994=CARTESIAN_POINT('',(-9.29811783123569E-16,-0.04,1.5));
#995=CARTESIAN_POINT('',(0.275,-0.0399999999999995,1.5));
#996=CARTESIAN_POINT('',(0.275,0.41,1.5));
#997=CARTESIAN_POINT('',(0.275,-0.0399999999999995,1.5939514578556));
#998=CARTESIAN_POINT('',(0.275,0.41,1.5939514578556));
#999=CARTESIAN_POINT('',(0.275,7.385,1.5939514578556));
#1000=CARTESIAN_POINT('',(0.275,0.185,1.5));
#1001=CARTESIAN_POINT('',(0.274999999999999,-0.0399999999999991,1.7));
#1002=CARTESIAN_POINT('',(0.274999999999999,-0.0399999999999991,1.59331516660273));
#1003=CARTESIAN_POINT('',(0.275000000000001,-0.590000000000001,1.7));
#1004=CARTESIAN_POINT('',(0.275000000000001,-0.590000000000001,1.59331516660273));
#1005=CARTESIAN_POINT('',(-0.275000000000001,-0.590000000000002,1.7));
#1006=CARTESIAN_POINT('',(-0.275000000000001,-0.590000000000002,1.59331516660273));
#1007=CARTESIAN_POINT('',(-0.275000000000001,-0.04,1.7));
#1008=CARTESIAN_POINT('',(-0.275000000000001,-0.04,1.59331516660273));
#1009=CARTESIAN_POINT('',(-0.275,-0.04,1.7));
#1010=CARTESIAN_POINT('',(-0.275,-0.04,1.7));
#1011=CARTESIAN_POINT('',(-9.29811783123569E-16,-0.04,1.7));
#1012=CARTESIAN_POINT('',(0.275,-0.0399999999999995,1.7));
#1013=CARTESIAN_POINT('',(0.275,-0.0399999999999995,1.7));
#1014=CARTESIAN_POINT('',(0.275,-0.0399999999999995,1.5939514578556));
#1015=CARTESIAN_POINT('',(0.275,0.41,1.5939514578556));
#1016=CARTESIAN_POINT('',(0.275,-0.0399999999999995,1.7));
#1017=CARTESIAN_POINT('',(0.275,0.41,1.7));
#1018=CARTESIAN_POINT('',(0.275,0.185,1.7));
#1019=CARTESIAN_POINT('',(0.275,0.41,1.7));
#1020=CARTESIAN_POINT('',(0.275,0.41,1.7));
#1021=CARTESIAN_POINT('',(-0.275000000000001,0.41,1.7));
#1022=CARTESIAN_POINT('',(-0.275000000000001,0.41,1.59331516660273));
#1023=CARTESIAN_POINT('',(-0.275000000000001,0.96,1.7));
#1024=CARTESIAN_POINT('',(-0.275000000000001,0.96,1.59331516660273));
#1025=CARTESIAN_POINT('',(0.274999999999999,0.96,1.7));
#1026=CARTESIAN_POINT('',(0.274999999999999,0.96,1.59331516660273));
#1027=CARTESIAN_POINT('',(0.274999999999999,0.41,1.7));
#1028=CARTESIAN_POINT('',(0.274999999999999,0.41,1.59331516660273));
#1029=CARTESIAN_POINT('',(-9.99200722162641E-16,0.41,1.7));
#1030=CARTESIAN_POINT('',(-0.275,0.41,1.7));
#1031=CARTESIAN_POINT('',(-0.275,0.41,1.7));
#1032=CARTESIAN_POINT('',(-0.275,-0.0625,1.49));
#1033=CARTESIAN_POINT('',(-0.275,-0.0625,1.71));
#1034=CARTESIAN_POINT('',(-0.275,0.4325,1.49));
#1035=CARTESIAN_POINT('',(-0.275,0.4325,1.71));
#1036=CARTESIAN_POINT('',(-0.275,0.185,1.7));
#1037=CARTESIAN_POINT('',(0.,0.,0.));
#1038=CARTESIAN_POINT('',(-0.274999999999998,5.81,1.61849417808864));
#1039=CARTESIAN_POINT('',(-0.274999999999998,5.81,1.5));
#1040=CARTESIAN_POINT('',(-0.274999999999998,6.36,1.61849417808864));
#1041=CARTESIAN_POINT('',(-0.274999999999998,6.36,1.5));
#1042=CARTESIAN_POINT('',(0.275000000000002,6.36,1.61849417808864));
#1043=CARTESIAN_POINT('',(0.275000000000002,6.36,1.5));
#1044=CARTESIAN_POINT('',(0.275000000000002,5.81,1.61849417808864));
#1045=CARTESIAN_POINT('',(0.275000000000002,5.81,1.5));
#1046=CARTESIAN_POINT('',(-0.275,5.81,1.7));
#1047=CARTESIAN_POINT('',(-0.275,5.81,1.5939514578556));
#1048=CARTESIAN_POINT('',(-0.275,5.81,1.5));
#1049=CARTESIAN_POINT('',(-0.274999999999999,5.81,1.5939514578556));
#1050=CARTESIAN_POINT('',(-0.274999999999999,5.8191003828513,1.5939514578556));
#1051=CARTESIAN_POINT('',(-0.27409948824617,5.8371436109138,1.59410720900211));
#1052=CARTESIAN_POINT('',(-0.270138501885038,5.86376489529425,1.59478538275587));
#1053=CARTESIAN_POINT('',(-0.264689471019725,5.88555222330052,1.59570003985004));
#1054=CARTESIAN_POINT('',(-0.258986224570154,5.90280644925891,1.59663384104044));
#1055=CARTESIAN_POINT('',(-0.252465177027862,5.91967430037274,1.59768213880661));
#1056=CARTESIAN_POINT('',(-0.242865951540157,5.93992702363382,1.59918003649611));
#1057=CARTESIAN_POINT('',(-0.231355480099267,5.95913259683169,1.60088290373825));
#1058=CARTESIAN_POINT('',(-0.220998474390306,5.97384787325759,1.60233833553359));
#1059=CARTESIAN_POINT('',(-0.209829176752392,5.98815825444724,1.60385031283055));
#1060=CARTESIAN_POINT('',(-0.194742512167451,6.00478201859626,1.6057719025321));
#1061=CARTESIAN_POINT('',(-0.174876609437756,6.02279763320162,1.6080637746318));
#1062=CARTESIAN_POINT('',(-0.156860676879274,6.0361934707349,1.60990748826305));
#1063=CARTESIAN_POINT('',(-0.141521486811971,6.04591991176058,1.61131111608132));
#1064=CARTESIAN_POINT('',(-0.125856903978541,6.05479799069283,1.61263013383123));
#1065=CARTESIAN_POINT('',(-0.105615631611029,6.06438241893855,1.61411199957468));
#1066=CARTESIAN_POINT('',(-0.0845194048203397,6.07196053385958,1.61533076059259));
#1067=CARTESIAN_POINT('',(-0.0671122752801592,6.07680118493916,1.61612515916022));
#1068=CARTESIAN_POINT('',(-0.0493555721029017,6.08080109670183,1.61678968024637));
#1069=CARTESIAN_POINT('',(-0.0271158499457744,6.08409926086076,1.61734655216502));
#1070=CARTESIAN_POINT('',(-0.00471581146418396,6.08521640327163,1.61753684112089));
#1071=CARTESIAN_POINT('',(0.0132773306823358,6.08479037809862,1.61746433409278));
#1072=CARTESIAN_POINT('',(0.0268265420466156,6.08380170382667,1.61729653449174));
#1073=CARTESIAN_POINT('',(0.0403719620766676,6.08213353817238,1.61701472927486));
#1074=CARTESIAN_POINT('',(0.0581269065608732,6.07904964594262,1.61649750057496));
#1075=CARTESIAN_POINT('',(0.0798839914426679,6.07359724885551,1.61559450020524));
#1076=CARTESIAN_POINT('',(0.105242637292884,6.06454845185639,1.61413795314444));
#1077=CARTESIAN_POINT('',(0.129925313703352,6.05287834243694,1.6123331143926));
#1078=CARTESIAN_POINT('',(0.152975204348813,6.0390470675758,1.61030170151577));
#1079=CARTESIAN_POINT('',(0.170957968468182,6.02572908400156,1.60846632697078));
#1080=CARTESIAN_POINT('',(0.18457422851732,6.01400617689794,1.60694513639736));
#1081=CARTESIAN_POINT('',(0.194431595858635,6.00463536467487,1.60578139255715));
#1082=CARTESIAN_POINT('',(0.203766057892557,5.99483769987582,1.60462251742004));
#1083=CARTESIAN_POINT('',(0.215486849108895,5.98126227504661,1.60310016632894));
#1084=CARTESIAN_POINT('',(0.228819559957424,5.96331628955217,1.60125683830391));
#1085=CARTESIAN_POINT('',(0.240384784279281,5.94410346833974,1.59954785050036));
#1086=CARTESIAN_POINT('',(0.248574521220223,5.9278874936434,1.59828926624403));
#1087=CARTESIAN_POINT('',(0.255903491291057,5.9113907296026,1.59713543959309));
#1088=CARTESIAN_POINT('',(0.263473960355103,5.89029198237673,1.5959036032381));
#1089=CARTESIAN_POINT('',(0.268958343407236,5.86854967404037,1.59498363591241));
#1090=CARTESIAN_POINT('',(0.272073937666996,5.85077396639547,1.59445395924583));
#1091=CARTESIAN_POINT('',(0.274325314425738,5.83270649134296,1.59406819406315));
#1092=CARTESIAN_POINT('',(0.275000000000002,5.81910039882752,1.5939514578556));
#1093=CARTESIAN_POINT('',(0.275000000000002,5.81,1.5939514578556));
#1094=CARTESIAN_POINT('',(0.275,5.81,1.5939514578556));
#1095=CARTESIAN_POINT('',(0.275,5.81,1.7));
#1096=CARTESIAN_POINT('',(0.275,5.81,1.5));
#1097=CARTESIAN_POINT('',(1.79023462720806E-15,5.81,1.5));
#1098=CARTESIAN_POINT('',(-0.275,5.36,1.5));
#1099=CARTESIAN_POINT('',(-0.275,5.81,1.5));
#1100=CARTESIAN_POINT('',(-0.275,5.36,1.5939514578556));
#1101=CARTESIAN_POINT('',(-0.275,5.81,1.5939514578556));
#1102=CARTESIAN_POINT('',(-0.275,5.36,1.7));
#1103=CARTESIAN_POINT('',(-0.275,5.36,1.5939514578556));
#1104=CARTESIAN_POINT('',(-0.275,5.36,1.5));
#1105=CARTESIAN_POINT('',(-0.275,7.385,1.5939514578556));
#1106=CARTESIAN_POINT('',(-0.275,5.585,1.5));
#1107=CARTESIAN_POINT('',(0.275000000000002,5.36,1.61849417808864));
#1108=CARTESIAN_POINT('',(0.275000000000002,5.36,1.5));
#1109=CARTESIAN_POINT('',(0.275000000000003,4.81,1.61849417808864));
#1110=CARTESIAN_POINT('',(0.275000000000003,4.81,1.5));
#1111=CARTESIAN_POINT('',(-0.274999999999998,4.81,1.61849417808864));
#1112=CARTESIAN_POINT('',(-0.274999999999998,4.81,1.5));
#1113=CARTESIAN_POINT('',(-0.274999999999998,5.36,1.61849417808864));
#1114=CARTESIAN_POINT('',(-0.274999999999998,5.36,1.5));
#1115=CARTESIAN_POINT('',(0.275,5.36,1.7));
#1116=CARTESIAN_POINT('',(0.275,5.36,1.5939514578556));
#1117=CARTESIAN_POINT('',(0.275,5.36,1.5));
#1118=CARTESIAN_POINT('',(0.275000000000001,5.36,1.5939514578556));
#1119=CARTESIAN_POINT('',(0.275000000000001,5.3508996171487,1.5939514578556));
#1120=CARTESIAN_POINT('',(0.274099488246174,5.33285638908619,1.59410720900211));
#1121=CARTESIAN_POINT('',(0.270138501885041,5.30623510470576,1.59478538275587));
#1122=CARTESIAN_POINT('',(0.264689471019728,5.28444777669947,1.59570003985004));
#1123=CARTESIAN_POINT('',(0.258986224570158,5.26719355074109,1.59663384104044));
#1124=CARTESIAN_POINT('',(0.252465177027866,5.25032569962726,1.59768213880661));
#1125=CARTESIAN_POINT('',(0.242865951540158,5.23007297636618,1.59918003649611));
#1126=CARTESIAN_POINT('',(0.23135548009927,5.21086740316831,1.60088290373825));
#1127=CARTESIAN_POINT('',(0.220998474390311,5.19615212674242,1.60233833553359));
#1128=CARTESIAN_POINT('',(0.209829176752391,5.18184174555275,1.60385031283055));
#1129=CARTESIAN_POINT('',(0.194742512167457,5.16521798140374,1.6057719025321));
#1130=CARTESIAN_POINT('',(0.174876609437758,5.14720236679838,1.6080637746318));
#1131=CARTESIAN_POINT('',(0.156860676879276,5.1338065292651,1.60990748826305));
#1132=CARTESIAN_POINT('',(0.141521486811974,5.12408008823942,1.61131111608132));
#1133=CARTESIAN_POINT('',(0.125856903978546,5.11520200930716,1.61263013383123));
#1134=CARTESIAN_POINT('',(0.105615631611032,5.10561758106145,1.61411199957468));
#1135=CARTESIAN_POINT('',(0.0845194048203431,5.09803946614041,1.6153307605926));
#1136=CARTESIAN_POINT('',(0.067112275280162,5.09319881506085,1.61612515916022));
#1137=CARTESIAN_POINT('',(0.0493555721029041,5.08919890329816,1.61678968024637));
#1138=CARTESIAN_POINT('',(0.0271158499457774,5.08590073913924,1.61734655216502));
#1139=CARTESIAN_POINT('',(0.0047158114641865,5.08478359672837,1.61753684112089));
#1140=CARTESIAN_POINT('',(-0.0132773306823325,5.08520962190138,1.61746433409278));
#1141=CARTESIAN_POINT('',(-0.026826542046613,5.08619829617334,1.61729653449174));
#1142=CARTESIAN_POINT('',(-0.0403719620766639,5.08786646182762,1.61701472927486));
#1143=CARTESIAN_POINT('',(-0.0581269065608714,5.09095035405739,1.61649750057496));
#1144=CARTESIAN_POINT('',(-0.0798839914426644,5.09640275114449,1.61559450020524));
#1145=CARTESIAN_POINT('',(-0.105242637292881,5.10545154814361,1.61413795314444));
#1146=CARTESIAN_POINT('',(-0.129925313703348,5.11712165756306,1.6123331143926));
#1147=CARTESIAN_POINT('',(-0.152975204348811,5.1309529324242,1.61030170151577));
#1148=CARTESIAN_POINT('',(-0.17095796846818,5.14427091599845,1.60846632697078));
#1149=CARTESIAN_POINT('',(-0.184574228517315,5.15599382310206,1.60694513639736));
#1150=CARTESIAN_POINT('',(-0.194431595858632,5.16536463532513,1.60578139255715));
#1151=CARTESIAN_POINT('',(-0.203766057892553,5.17516230012418,1.60462251742004));
#1152=CARTESIAN_POINT('',(-0.215486849108893,5.18873772495339,1.60310016632894));
#1153=CARTESIAN_POINT('',(-0.22881955995742,5.20668371044783,1.60125683830391));
#1154=CARTESIAN_POINT('',(-0.240384784279278,5.22589653166026,1.59954785050036));
#1155=CARTESIAN_POINT('',(-0.248574521220218,5.2421125063566,1.59828926624403));
#1156=CARTESIAN_POINT('',(-0.255903491291054,5.25860927039739,1.59713543959309));
#1157=CARTESIAN_POINT('',(-0.263473960355099,5.27970801762327,1.5959036032381));
#1158=CARTESIAN_POINT('',(-0.268958343407233,5.30145032595963,1.59498363591241));
#1159=CARTESIAN_POINT('',(-0.272073937666992,5.31922603360453,1.59445395924583));
#1160=CARTESIAN_POINT('',(-0.274325314425735,5.33729350865704,1.59406819406315));
#1161=CARTESIAN_POINT('',(-0.274999999999998,5.35089960117248,1.5939514578556));
#1162=CARTESIAN_POINT('',(-0.274999999999998,5.36,1.5939514578556));
#1163=CARTESIAN_POINT('',(1.6375789613221E-15,5.36,1.5));
#1164=CARTESIAN_POINT('',(0.275,5.36,1.5939514578556));
#1165=CARTESIAN_POINT('',(0.275,5.81,1.5939514578556));
#1166=CARTESIAN_POINT('',(0.275,5.36,1.5));
#1167=CARTESIAN_POINT('',(0.275,5.81,1.5));
#1168=CARTESIAN_POINT('',(0.275,7.385,1.5939514578556));
#1169=CARTESIAN_POINT('',(0.275,5.585,1.5));
#1170=CARTESIAN_POINT('',(0.275,5.36,1.7));
#1171=CARTESIAN_POINT('',(0.275,5.81,1.7));
#1172=CARTESIAN_POINT('',(0.275,5.36,1.5939514578556));
#1173=CARTESIAN_POINT('',(0.275,5.81,1.5939514578556));
#1174=CARTESIAN_POINT('',(0.275,5.81,1.7));
#1175=CARTESIAN_POINT('',(0.275,5.81,1.7));
#1176=CARTESIAN_POINT('',(0.275,5.585,1.7));
#1177=CARTESIAN_POINT('',(0.275,5.36,1.7));
#1178=CARTESIAN_POINT('',(0.275,5.36,1.7));
#1179=CARTESIAN_POINT('',(0.275000000000002,5.36,1.7));
#1180=CARTESIAN_POINT('',(0.275000000000002,5.36,1.59331516660273));
#1181=CARTESIAN_POINT('',(0.275000000000003,4.81,1.7));
#1182=CARTESIAN_POINT('',(0.275000000000003,4.81,1.59331516660273));
#1183=CARTESIAN_POINT('',(-0.274999999999998,4.81,1.7));
#1184=CARTESIAN_POINT('',(-0.274999999999998,4.81,1.59331516660273));
#1185=CARTESIAN_POINT('',(-0.274999999999998,5.36,1.7));
#1186=CARTESIAN_POINT('',(-0.274999999999998,5.36,1.59331516660273));
#1187=CARTESIAN_POINT('',(1.6375789613221E-15,5.36,1.7));
#1188=CARTESIAN_POINT('',(-0.275,5.36,1.7));
#1189=CARTESIAN_POINT('',(-0.275,5.36,1.7));
#1190=CARTESIAN_POINT('',(-0.275,5.36,1.5939514578556));
#1191=CARTESIAN_POINT('',(-0.275,5.81,1.5939514578556));
#1192=CARTESIAN_POINT('',(-0.275,5.36,1.7));
#1193=CARTESIAN_POINT('',(-0.275,5.81,1.7));
#1194=CARTESIAN_POINT('',(-0.275,5.585,1.7));
#1195=CARTESIAN_POINT('',(-0.275,5.81,1.7));
#1196=CARTESIAN_POINT('',(-0.275,5.81,1.7));
#1197=CARTESIAN_POINT('',(-0.274999999999998,5.81,1.7));
#1198=CARTESIAN_POINT('',(-0.274999999999998,5.81,1.59331516660273));
#1199=CARTESIAN_POINT('',(-0.274999999999998,6.36,1.7));
#1200=CARTESIAN_POINT('',(-0.274999999999998,6.36,1.59331516660273));
#1201=CARTESIAN_POINT('',(0.275000000000002,6.36,1.7));
#1202=CARTESIAN_POINT('',(0.275000000000002,6.36,1.59331516660273));
#1203=CARTESIAN_POINT('',(0.275000000000002,5.81,1.7));
#1204=CARTESIAN_POINT('',(0.275000000000002,5.81,1.59331516660273));
#1205=CARTESIAN_POINT('',(1.79023462720806E-15,5.81,1.7));
#1206=CARTESIAN_POINT('',(0.,0.,0.));
#1207=CARTESIAN_POINT('',(-1.61749999999999,-1.2825,-3.79392791604731E-31));
#1208=CARTESIAN_POINT('',(-1.61749999999999,-0.867499999999997,-2.5662631322971E-31));
#1209=CARTESIAN_POINT('',(-1.61749999999999,-1.2825,3.235));
#1210=CARTESIAN_POINT('',(-1.61749999999999,-0.867499999999997,3.235));
#1211=CARTESIAN_POINT('',(1.61750000000001,-1.2825,3.235));
#1212=CARTESIAN_POINT('',(1.61750000000001,-0.8675,3.235));
#1213=CARTESIAN_POINT('',(1.61750000000001,-1.2825,1.98086619762084E-16));
#1214=CARTESIAN_POINT('',(1.61750000000001,-0.8675,1.98086619762084E-16));
#1215=CARTESIAN_POINT('',(6.22936432853165E-15,-1.2825,-3.79392791604731E-31));
#1216=CARTESIAN_POINT('',(-1.61749999999999,-1.2825,-3.79392791604731E-31));
#1217=CARTESIAN_POINT('',(1.61750000000001,-1.2825,1.98086619762084E-16));
#1218=CARTESIAN_POINT('',(1.61750000000001,-1.30325,1.98086619762084E-16));
#1219=CARTESIAN_POINT('',(1.61750000000001,-0.846750000000003,1.98086619762084E-16));
#1220=CARTESIAN_POINT('',(1.61750000000001,-0.8675,1.98086619762084E-16));
#1221=CARTESIAN_POINT('',(6.57493019978906E-15,-0.8675,-2.56626313229711E-31));
#1222=CARTESIAN_POINT('',(-1.61749999999999,-0.8675,-2.56626313229711E-31));
#1223=CARTESIAN_POINT('',(-1.61749999999999,-1.30325,-3.85531115523482E-31));
#1224=CARTESIAN_POINT('',(-1.61749999999999,-0.84675,-2.5048798931096E-31));
#1225=CARTESIAN_POINT('',(1.61750000000001,-1.2825,1.98086619762084E-16));
#1226=CARTESIAN_POINT('',(1.61750000000001,-0.8675,1.98086619762084E-16));
#1227=CARTESIAN_POINT('',(1.61750000000001,-1.2825,-3.235));
#1228=CARTESIAN_POINT('',(1.61750000000001,-0.8675,-3.235));
#1229=CARTESIAN_POINT('',(-1.61749999999999,-1.2825,-3.235));
#1230=CARTESIAN_POINT('',(-1.61749999999999,-0.867499999999997,-3.235));
#1231=CARTESIAN_POINT('',(-1.61749999999999,-1.2825,-3.79392791604731E-31));
#1232=CARTESIAN_POINT('',(-1.61749999999999,-0.867499999999997,-2.5662631322971E-31));
#1233=CARTESIAN_POINT('',(6.22936432853165E-15,-1.2825,-3.79392791604731E-31));
#1234=CARTESIAN_POINT('',(6.57493019978906E-15,-0.8675,-2.56626313229711E-31));
#1235=CARTESIAN_POINT('',(0.,0.,0.));
#1236=CARTESIAN_POINT('',(-1.66,-0.615,-6.08197014759579E-17));
#1237=CARTESIAN_POINT('',(-1.58259748217072,-0.615,-5.62614418119249E-17));
#1238=CARTESIAN_POINT('',(-1.66,-0.615,-0.66));
#1239=CARTESIAN_POINT('',(-1.58259748217072,-0.615,-0.66));
#1240=CARTESIAN_POINT('',(-1.66,0.045,-0.66));
#1241=CARTESIAN_POINT('',(-1.58259748217072,0.0450000000000001,-0.66));
#1242=CARTESIAN_POINT('',(-1.66,0.045,-1.01233045847821E-16));
#1243=CARTESIAN_POINT('',(-1.58259748217072,0.0450000000000001,-9.66747861837875E-17));
#1244=CARTESIAN_POINT('',(-1.66,-0.285,-1.01233045847821E-16));
#1245=CARTESIAN_POINT('',(-1.66,0.045,-9.8953916015804E-17));
#1246=CARTESIAN_POINT('',(-1.66,-0.615,-5.85405716439414E-17));
#1247=CARTESIAN_POINT('',(-1.666,-0.615,-6.11730434440386E-17));
#1248=CARTESIAN_POINT('',(-1.534,-0.615,-5.33995201462633E-17));
#1249=CARTESIAN_POINT('',(-1.61749999999999,-0.615,-5.8316862535386E-17));
#1250=CARTESIAN_POINT('',(-1.6175,0.045,-9.38959416942411E-17));
#1251=CARTESIAN_POINT('',(-1.6175,0.045,-0.010932592908876));
#1252=CARTESIAN_POINT('',(-1.61727852923927,0.0439169859899678,-0.0326079483772618));
#1253=CARTESIAN_POINT('',(-1.61631364055002,0.039153712123705,-0.0645860934167933));
#1254=CARTESIAN_POINT('',(-1.61501061004076,0.0326011326005884,-0.0907573158265619));
#1255=CARTESIAN_POINT('',(-1.61367832246804,0.0257430828101863,-0.111480500158534));
#1256=CARTESIAN_POINT('',(-1.61255688984523,0.0198702702131892,-0.126655697687045));
#1257=CARTESIAN_POINT('',(-1.61132691186862,0.0133010925555723,-0.141433006692692));
#1258=CARTESIAN_POINT('',(-1.60999736472728,0.00603931821906374,-0.155828782660197));
#1259=CARTESIAN_POINT('',(-1.60857828215685,-0.00190982534625255,-0.169842839621209));
#1260=CARTESIAN_POINT('',(-1.6070791467857,-0.0105493208628897,-0.183476949100074));
#1261=CARTESIAN_POINT('',(-1.60551035480308,-0.0198814982270315,-0.196724940352632));
#1262=CARTESIAN_POINT('',(-1.60333619933269,-0.0332850526299442,-0.213883269392962));
#1263=CARTESIAN_POINT('',(-1.60056884045896,-0.0513698791469104,-0.233797213737439));
#1264=CARTESIAN_POINT('',(-1.59780601831773,-0.0712298601913913,-0.251801912165458));
#1265=CARTESIAN_POINT('',(-1.59564688078066,-0.088180335259949,-0.265045461842907));
#1266=CARTESIAN_POINT('',(-1.59406430686088,-0.101437470282212,-0.274396488265461));
#1267=CARTESIAN_POINT('',(-1.59253317544905,-0.115235757374927,-0.28314027238375));
#1268=CARTESIAN_POINT('',(-1.59109273449616,-0.129318427052594,-0.291118664418959));
#1269=CARTESIAN_POINT('',(-1.58974633217321,-0.143729467220888,-0.298377701480733));
#1270=CARTESIAN_POINT('',(-1.58850458576236,-0.158453872374973,-0.30491406059648));
#1271=CARTESIAN_POINT('',(-1.58737602082872,-0.173496567519732,-0.310731222050733));
#1272=CARTESIAN_POINT('',(-1.5863700788915,-0.188855487320074,-0.315822625961577));
#1273=CARTESIAN_POINT('',(-1.5854950544285,-0.20455030521624,-0.320183067891817));
#1274=CARTESIAN_POINT('',(-1.58452026088714,-0.225863113606709,-0.324977601200573));
#1275=CARTESIAN_POINT('',(-1.58370275559593,-0.252557769513386,-0.328929442303085));
#1276=CARTESIAN_POINT('',(-1.58342436825754,-0.279468150210803,-0.330262537362979));
#1277=CARTESIAN_POINT('',(-1.58353307926217,-0.301089086313246,-0.329741480029792));
#1278=CARTESIAN_POINT('',(-1.58378235969039,-0.317388585403293,-0.328543053697327));
#1279=CARTESIAN_POINT('',(-1.58419866942745,-0.333639221753859,-0.326531496510315));
#1280=CARTESIAN_POINT('',(-1.58496144783428,-0.354949661150539,-0.322817130536093));
#1281=CARTESIAN_POINT('',(-1.58629100879275,-0.3810710895953,-0.316254419513175));
#1282=CARTESIAN_POINT('',(-1.58807423342531,-0.406440548263647,-0.307178776756328));
#1283=CARTESIAN_POINT('',(-1.58975371828319,-0.426360364745043,-0.298339184567644));
#1284=CARTESIAN_POINT('',(-1.59156508013831,-0.445722471087112,-0.288570038275961));
#1285=CARTESIAN_POINT('',(-1.59353886508868,-0.464152911032599,-0.277498542050471));
#1286=CARTESIAN_POINT('',(-1.59563187490375,-0.48169722749552,-0.265135315324085));
#1287=CARTESIAN_POINT('',(-1.59725001572112,-0.49440949271471,-0.255214417554533));
#1288=CARTESIAN_POINT('',(-1.59890426173804,-0.506666826974718,-0.244647048028464));
#1289=CARTESIAN_POINT('',(-1.60114869003231,-0.522430636738713,-0.229637109185403));
#1290=CARTESIAN_POINT('',(-1.60391704460608,-0.540496610355508,-0.209681355425288));
#1291=CARTESIAN_POINT('',(-1.60709304986729,-0.559673318140505,-0.183846754378823));
#1292=CARTESIAN_POINT('',(-1.60954278448164,-0.573557024607513,-0.160754780754727));
#1293=CARTESIAN_POINT('',(-1.6113409148625,-0.583377250516522,-0.141279039316837));
#1294=CARTESIAN_POINT('',(-1.61257270235776,-0.589953683365928,-0.126453046292635));
#1295=CARTESIAN_POINT('',(-1.61368471802092,-0.595775828454312,-0.111378775630222));
#1296=CARTESIAN_POINT('',(-1.61466933947189,-0.600844667975936,-0.0960667175049131));
#1297=CARTESIAN_POINT('',(-1.61552028232837,-0.605163209805147,-0.0805144128078796));
#1298=CARTESIAN_POINT('',(-1.61623075646815,-0.608726446700106,-0.0647213280255835));
#1299=CARTESIAN_POINT('',(-1.6167943192463,-0.611526379156379,-0.0486819634233302));
#1300=CARTESIAN_POINT('',(-1.61733892830896,-0.614212681159643,-0.0269703438705931));
#1301=CARTESIAN_POINT('',(-1.61749999999999,-0.615,-0.0107822772874932));
#1302=CARTESIAN_POINT('',(-1.61749999999999,-0.615,-5.8316862535386E-17));
#1303=CARTESIAN_POINT('',(-1.6175,0.045,-9.38959416942411E-17));
#1304=CARTESIAN_POINT('',(-1.666,0.045,-1.01586387815901E-16));
#1305=CARTESIAN_POINT('',(-1.534,0.0450000000000001,-9.3812864518126E-17));
#1306=CARTESIAN_POINT('',(-1.617965,-0.615,-5.83442465379126E-17));
#1307=CARTESIAN_POINT('',(-1.54,-0.615,-5.3752862114344E-17));
#1308=CARTESIAN_POINT('',(-1.617965,-0.615,-0.66));
#1309=CARTESIAN_POINT('',(-1.54,-0.615,-0.66));
#1310=CARTESIAN_POINT('',(-1.617965,0.0450000000000001,-0.66));
#1311=CARTESIAN_POINT('',(-1.54,0.0450000000000001,-0.66));
#1312=CARTESIAN_POINT('',(-1.617965,0.0450000000000001,-9.87575909097753E-17));
#1313=CARTESIAN_POINT('',(-1.54,0.0450000000000001,-9.41662064862067E-17));
#1314=CARTESIAN_POINT('',(-1.666,-0.615,-6.11730434440386E-17));
#1315=CARTESIAN_POINT('',(-1.534,-0.615,-5.33995201462633E-17));
#1316=CARTESIAN_POINT('',(-1.54,-0.615,-5.60602175614267E-17));
#1317=CARTESIAN_POINT('',(-1.54,-0.285,-9.41662064862068E-17));
#1318=CARTESIAN_POINT('',(-1.54,0.045,-9.41662064862068E-17));
#1319=CARTESIAN_POINT('',(-1.666,0.045,-1.01586387815901E-16));
#1320=CARTESIAN_POINT('',(-1.534,0.0450000000000001,-9.3812864518126E-17));
#1321=CARTESIAN_POINT('',(-1.617965,0.0450000000000001,-9.87575909097753E-17));
#1322=CARTESIAN_POINT('',(-1.54,0.0450000000000001,-9.41662064862067E-17));
#1323=CARTESIAN_POINT('',(-1.617965,0.0450000000000001,0.66));
#1324=CARTESIAN_POINT('',(-1.54,0.0450000000000001,0.66));
#1325=CARTESIAN_POINT('',(-1.617965,-0.615,0.66));
#1326=CARTESIAN_POINT('',(-1.54,-0.615,0.66));
#1327=CARTESIAN_POINT('',(-1.617965,-0.615,-5.83442465379126E-17));
#1328=CARTESIAN_POINT('',(-1.54,-0.615,-5.3752862114344E-17));
#1329=CARTESIAN_POINT('',(-1.61749999999999,-0.615,-5.8316862535386E-17));
#1330=CARTESIAN_POINT('',(-1.61749999999999,-0.615,0.0107797327405815));
#1331=CARTESIAN_POINT('',(-1.61733831189343,-0.61420955204153,0.0269204484725944));
#1332=CARTESIAN_POINT('',(-1.61680321974052,-0.611570363585715,0.0483723106178542));
#1333=CARTESIAN_POINT('',(-1.61624218272743,-0.608783527129012,0.0644484908520604));
#1334=CARTESIAN_POINT('',(-1.61552531055546,-0.605188720684197,0.0804224322387822));
#1335=CARTESIAN_POINT('',(-1.61438587272498,-0.599406122352864,0.101253756109775));
#1336=CARTESIAN_POINT('',(-1.61263153073628,-0.590323640731574,0.126583040269164));
#1337=CARTESIAN_POINT('',(-1.61049472300674,-0.578823559464386,0.150908919720162));
#1338=CARTESIAN_POINT('',(-1.60857972043732,-0.568099375869984,0.169834000290643));
#1339=CARTESIAN_POINT('',(-1.60656520976872,-0.556487610693108,0.188145681587069));
#1340=CARTESIAN_POINT('',(-1.60444417779582,-0.543679350892348,0.205391881120751));
#1341=CARTESIAN_POINT('',(-1.60225892779846,-0.529674172517655,0.221632466614429));
#1342=CARTESIAN_POINT('',(-1.60059955114034,-0.518570038300021,0.233305811530572));
#1343=CARTESIAN_POINT('',(-1.59893271872357,-0.506871512076932,0.244460896243127));
#1344=CARTESIAN_POINT('',(-1.59726440593791,-0.494521532342446,0.255125884591442));
#1345=CARTESIAN_POINT('',(-1.59563710380772,-0.481740424577085,0.265104181777978));
#1346=CARTESIAN_POINT('',(-1.59353953049558,-0.464160255359286,0.277495068493988));
#1347=CARTESIAN_POINT('',(-1.5910777682033,-0.441165251301384,0.291302447595103));
#1348=CARTESIAN_POINT('',(-1.5889027023412,-0.416841910636159,0.302861317510018));
#1349=CARTESIAN_POINT('',(-1.58737446054348,-0.396489560283534,0.31073960840912));
#1350=CARTESIAN_POINT('',(-1.58636507186561,-0.38106078252683,0.315847679277347));
#1351=CARTESIAN_POINT('',(-1.585496893495,-0.365472340477617,0.320173705623762));
#1352=CARTESIAN_POINT('',(-1.5847751338578,-0.349724852808007,0.323724366929513));
#1353=CARTESIAN_POINT('',(-1.58420466551322,-0.333819272421609,0.326502345426898));
#1354=CARTESIAN_POINT('',(-1.58379048218634,-0.317752689056453,0.328503909489581));
#1355=CARTESIAN_POINT('',(-1.58353730487995,-0.301530650366554,0.329721211163796));
#1356=CARTESIAN_POINT('',(-1.58342224454994,-0.279652355469057,0.330272711251994));
#1357=CARTESIAN_POINT('',(-1.58370077330892,-0.252648430252441,0.328939066002626));
#1358=CARTESIAN_POINT('',(-1.58451602460648,-0.226009660174618,0.324997907652747));
#1359=CARTESIAN_POINT('',(-1.585475956505,-0.204936280030047,0.320277379766782));
#1360=CARTESIAN_POINT('',(-1.58634656689319,-0.189236794694892,0.315940796546215));
#1361=CARTESIAN_POINT('',(-1.58736159290088,-0.173695415098981,0.310805171806415));
#1362=CARTESIAN_POINT('',(-1.58849449948277,-0.158578966809482,0.304966676721888));
#1363=CARTESIAN_POINT('',(-1.58973831879036,-0.14381913287946,0.298420486581504));
#1364=CARTESIAN_POINT('',(-1.59153030699857,-0.124629112952126,0.288759921142759));
#1365=CARTESIAN_POINT('',(-1.59399350146076,-0.101560502588847,0.274959735066666));
#1366=CARTESIAN_POINT('',(-1.59724030445276,-0.075292289880423,0.255489331672882));
#1367=CARTESIAN_POINT('',(-1.60055991906644,-0.0514328391485459,0.233857963108673));
#1368=CARTESIAN_POINT('',(-1.60331890784101,-0.0333980473963243,0.214006197499858));
#1369=CARTESIAN_POINT('',(-1.60547128062285,-0.0201184401416858,0.197042380764852));
#1370=CARTESIAN_POINT('',(-1.60705193775755,-0.0107075778643083,0.183718132264199));
#1371=CARTESIAN_POINT('',(-1.60856210183345,-0.0020013779412219,0.169997484019168));
#1372=CARTESIAN_POINT('',(-1.61045978666044,0.0086309936964857,0.151271792440831));
#1373=CARTESIAN_POINT('',(-1.61259724176559,0.0201432745969544,0.127015167147553));
#1374=CARTESIAN_POINT('',(-1.61436059085719,0.0292768569793571,0.101671924913145));
#1375=CARTESIAN_POINT('',(-1.61551442317481,0.0351339419756281,0.080645214526497));
#1376=CARTESIAN_POINT('',(-1.61646935039947,0.039922848569892,0.0594240817384024));
#1377=CARTESIAN_POINT('',(-1.61727843154239,0.0439163605652245,0.0326452421067555));
#1378=CARTESIAN_POINT('',(-1.6175,0.045,0.0109300128884607));
#1379=CARTESIAN_POINT('',(-1.6175,0.045,-9.38959416942411E-17));
#1380=CARTESIAN_POINT('',(-1.54,-0.285,-9.41662064862068E-17));
#1381=CARTESIAN_POINT('',(-1.66,0.045,-1.01233045847821E-16));
#1382=CARTESIAN_POINT('',(-1.58284693644274,0.0450000000000001,-9.66894766276911E-17));
#1383=CARTESIAN_POINT('',(-1.66,0.045,0.66));
#1384=CARTESIAN_POINT('',(-1.58284693644274,0.0450000000000001,0.66));
#1385=CARTESIAN_POINT('',(-1.66,-0.615,0.66));
#1386=CARTESIAN_POINT('',(-1.58284693644274,-0.615,0.66));
#1387=CARTESIAN_POINT('',(-1.66,-0.615,-6.08197014759579E-17));
#1388=CARTESIAN_POINT('',(-1.58284693644274,-0.615,-5.62761322558284E-17));
#1389=CARTESIAN_POINT('',(-1.66,-0.285,-1.01233045847821E-16));
#1390=CARTESIAN_POINT('',(-1.66,-0.259207752697594,0.328990516548869));
#1391=CARTESIAN_POINT('',(-1.66,-0.285,-1.01233045847821E-16));
#1392=CARTESIAN_POINT('',(0.,0.,0.));
#1393=CARTESIAN_POINT('',(6.22936432853165E-15,7.385,-1.6175));
#1394=CARTESIAN_POINT('',(6.22936432853165E-15,-0.8675,-1.6175));
#1395=CARTESIAN_POINT('',(3.23500000000001,7.385,-1.6175));
#1396=CARTESIAN_POINT('',(3.23500000000001,-0.8675,-1.6175));
#1397=CARTESIAN_POINT('',(3.23500000000001,7.385,1.6175));
#1398=CARTESIAN_POINT('',(3.23500000000001,-0.8675,1.6175));
#1399=CARTESIAN_POINT('',(6.42745094829373E-15,7.385,1.6175));
#1400=CARTESIAN_POINT('',(6.42745094829373E-15,-0.8675,1.6175));
#1401=CARTESIAN_POINT('',(1.61743763230451,2.70528800813372,-0.0173640358341615));
#1402=CARTESIAN_POINT('',(1.6175311857046,2.70485598349921,2.87156466310641E-06));
#1403=CARTESIAN_POINT('',(1.6174376248771,2.70528805786945,0.0173525495755125));
#1404=CARTESIAN_POINT('',(1.6170698602544,2.70699088051068,0.0402394810477537));
#1405=CARTESIAN_POINT('',(1.61616516344752,2.71120201133545,0.0685073185823146));
#1406=CARTESIAN_POINT('',(1.61469947709563,2.71815035477992,0.0962569316511229));
#1407=CARTESIAN_POINT('',(1.61320091248985,2.72542165214522,0.118230427342525));
#1408=CARTESIAN_POINT('',(1.61193861388593,2.73165228667002,0.134330860771434));
#1409=CARTESIAN_POINT('',(1.61055453773909,2.73861908903459,0.150002547547675));
#1410=CARTESIAN_POINT('',(1.6090584835718,2.74631926642256,0.165267787821709));
#1411=CARTESIAN_POINT('',(1.60746186740477,2.75474633890209,0.180125263834475));
#1412=CARTESIAN_POINT('',(1.60577521684122,2.76390392097827,0.194578382702955));
#1413=CARTESIAN_POINT('',(1.60401066911665,2.77379157074691,0.20861747011897));
#1414=CARTESIAN_POINT('',(1.60156359216066,2.78800001726047,0.226810953737237));
#1415=CARTESIAN_POINT('',(1.59844689042436,2.80717893385538,0.247934899095363));
#1416=CARTESIAN_POINT('',(1.59533600560809,2.82822906101116,0.267023929753887));
#1417=CARTESIAN_POINT('',(1.59290437407131,2.84619385414236,0.281065433458462));
#1418=CARTESIAN_POINT('',(1.59112241949462,2.86023844615917,0.290976830968196));
#1419=CARTESIAN_POINT('',(1.58939651400375,2.87486900856233,0.300253556907771));
#1420=CARTESIAN_POINT('',(1.58777221494971,2.88980462688563,0.308720201013831));
#1421=CARTESIAN_POINT('',(1.58625396843497,2.90508581139574,0.31642241782164));
#1422=CARTESIAN_POINT('',(1.5848535504662,2.92069843021842,0.323357929251832));
#1423=CARTESIAN_POINT('',(1.58358064301627,2.93664669810686,0.329530305257152));
#1424=CARTESIAN_POINT('',(1.58244576934404,2.95293060159114,0.33493336329977));
#1425=CARTESIAN_POINT('',(1.58145865370293,2.96956315775645,0.33956004774941));
#1426=CARTESIAN_POINT('',(1.58035716544401,2.99217819263311,0.344655342257654));
#1427=CARTESIAN_POINT('',(1.57943305765472,3.02050345575039,0.348856117992439));
#1428=CARTESIAN_POINT('',(1.57911748243096,3.04904689027564,0.350277071743158));
#1429=CARTESIAN_POINT('',(1.57923890203974,3.07197826690442,0.349729854259151));
#1430=CARTESIAN_POINT('',(1.57951888462434,3.08925592526449,0.348464202701674));
#1431=CARTESIAN_POINT('',(1.57998786544689,3.10650715351161,0.346333429337522));
#1432=CARTESIAN_POINT('',(1.58084753241926,3.12911954535304,0.3423970373573));
#1433=CARTESIAN_POINT('',(1.58234621258682,3.15683069562587,0.335440518894558));
#1434=CARTESIAN_POINT('',(1.58435572271161,3.18373423587918,0.325821485615436));
#1435=CARTESIAN_POINT('',(1.58624745781382,3.20485256491661,0.316455887944048));
#1436=CARTESIAN_POINT('',(1.5882892713861,3.22539611023637,0.306096690675327));
#1437=CARTESIAN_POINT('',(1.5905129715924,3.24494156412025,0.294360951454892));
#1438=CARTESIAN_POINT('',(1.5928703819459,3.26354614284515,0.281257488436457));
#1439=CARTESIAN_POINT('',(1.59469256278403,3.27702544923024,0.270743737124904));
#1440=CARTESIAN_POINT('',(1.59655487390879,3.29002028467948,0.259547024691019));
#1441=CARTESIAN_POINT('',(1.59845009976714,3.30255803801473,0.247617438084981));
#1442=CARTESIAN_POINT('',(1.60032875463198,3.31440076096121,0.235178456788604));
#1443=CARTESIAN_POINT('',(1.60279524015983,3.3292927929331,0.217922537918747));
#1444=CARTESIAN_POINT('',(1.60577468007983,3.3462421792162,0.195103717145991));
#1445=CARTESIAN_POINT('',(1.60853192523338,3.36096964176547,0.170632866333964));
#1446=CARTESIAN_POINT('',(1.61055665616226,3.37139231046459,0.149985804776972));
#1447=CARTESIAN_POINT('',(1.61194422267654,3.37837549220979,0.134262114217725));
#1448=CARTESIAN_POINT('',(1.61319676697787,3.38455760503022,0.11827709947483));
#1449=CARTESIAN_POINT('',(1.61430596493084,3.38994087277738,0.102039669850308));
#1450=CARTESIAN_POINT('',(1.61526472927587,3.39452827974408,0.0855480321935212));
#1451=CARTESIAN_POINT('',(1.61606550158728,3.39831480602905,0.0688004804934068));
#1452=CARTESIAN_POINT('',(1.61670097266982,3.40129160367855,0.0517948663033732));
#1453=CARTESIAN_POINT('',(1.61731608879123,3.40415236472129,0.0287612031905258));
#1454=CARTESIAN_POINT('',(1.61762112182616,3.40555825941391,0.000127173289883116));
#1455=CARTESIAN_POINT('',(1.61732051360238,3.40417270856004,-0.0284218421875889));
#1456=CARTESIAN_POINT('',(1.61672006774634,3.4013806166452,-0.0511814605012535));
#1457=CARTESIAN_POINT('',(1.61609015744556,3.39843085690978,-0.0682338477441227));
#1458=CARTESIAN_POINT('',(1.61528432121937,3.39462156287755,-0.0851879532847734));
#1459=CARTESIAN_POINT('',(1.61432334465775,3.39002463267808,-0.101767061451611));
#1460=CARTESIAN_POINT('',(1.61321387938367,3.38464137622104,-0.1180441234053));
#1461=CARTESIAN_POINT('',(1.61154898544566,3.37642574282961,-0.139328958957612));
#1462=CARTESIAN_POINT('',(1.60962590474955,3.3666728154858,-0.159973510141404));
#1463=CARTESIAN_POINT('',(1.60747132862315,3.35530539977503,-0.180046086699885));
#1464=CARTESIAN_POINT('',(1.60520399811143,3.34299445310476,-0.199471938736101));
#1465=CARTESIAN_POINT('',(1.60281649542683,3.32941616404523,-0.21776504133766));
#1466=CARTESIAN_POINT('',(1.60035613019886,3.31456906779175,-0.234991618981255));
#1467=CARTESIAN_POINT('',(1.59848756572542,3.3027975784033,-0.247373599614381));
#1468=CARTESIAN_POINT('',(1.59661029600245,3.29039604024958,-0.259206020245209));
#1469=CARTESIAN_POINT('',(1.5947310202721,3.27730388746281,-0.270518914448507));
#1470=CARTESIAN_POINT('',(1.59289748338084,3.26375380186381,-0.281104444778308));
#1471=CARTESIAN_POINT('',(1.59053355291751,3.24511521779587,-0.294250348352786));
#1472=CARTESIAN_POINT('',(1.58775814712934,3.22073371360929,-0.308901337583038));
#1473=CARTESIAN_POINT('',(1.58530471635324,3.19494078552366,-0.321169375002656));
#1474=CARTESIAN_POINT('',(1.58358007652831,3.17335482401045,-0.329533492314098));
#1475=CARTESIAN_POINT('',(1.58244057394863,3.15698849459066,-0.334957830829019));
#1476=CARTESIAN_POINT('',(1.58146025231333,3.14045249159464,-0.339552335275481));
#1477=CARTESIAN_POINT('',(1.58064500042357,3.12374686330383,-0.343324244836092));
#1478=CARTESIAN_POINT('',(1.58000038129321,3.1068727666557,-0.346276283289087));
#1479=CARTESIAN_POINT('',(1.57953207598882,3.08982688318097,-0.348404433858258));
#1480=CARTESIAN_POINT('',(1.5792454622815,3.07261561118612,-0.349700264322081));
#1481=CARTESIAN_POINT('',(1.57911444772059,3.04939976031904,-0.350290744764088));
#1482=CARTESIAN_POINT('',(1.57942760188335,3.02074436739081,-0.348880861396401));
#1483=CARTESIAN_POINT('',(1.58034667266068,2.99247866169945,-0.344703007609439));
#1484=CARTESIAN_POINT('',(1.5814291626237,2.97011930841345,-0.33969708906278));
#1485=CARTESIAN_POINT('',(1.5824110565307,2.95346136285702,-0.335097418154596));
#1486=CARTESIAN_POINT('',(1.58355559465619,2.93697487166481,-0.329650899689188));
#1487=CARTESIAN_POINT('',(1.58483294715566,2.92093976925751,-0.323458962911226));
#1488=CARTESIAN_POINT('',(1.58623523247808,2.9052835132491,-0.316516361679114));
#1489=CARTESIAN_POINT('',(1.58825537419144,2.88492719151414,-0.306270807067761));
#1490=CARTESIAN_POINT('',(1.59047623163673,2.86535756139002,-0.294561488098134));
#1491=CARTESIAN_POINT('',(1.59286138617744,2.84651877200048,-0.28131001634703));
#1492=CARTESIAN_POINT('',(1.59531240541726,2.82839095980442,-0.267166835171772));
#1493=CARTESIAN_POINT('',(1.59780509332111,2.8115179301769,-0.251877220484559));
#1494=CARTESIAN_POINT('',(1.60029214160502,2.7958254440725,-0.235426562774118));
#1495=CARTESIAN_POINT('',(1.60214101630236,2.78465250653373,-0.222507370080344));
#1496=CARTESIAN_POINT('',(1.6039588132745,2.77408754554427,-0.209014784443653));
#1497=CARTESIAN_POINT('',(1.60573881448062,2.76410354142776,-0.194881929170714));
#1498=CARTESIAN_POINT('',(1.60743824801716,2.7548723658757,-0.180337471006441));
#1499=CARTESIAN_POINT('',(1.60957432238136,2.74359460208936,-0.160481240173031));
#1500=CARTESIAN_POINT('',(1.61198038276594,2.73138109326549,-0.134756367768521));
#1501=CARTESIAN_POINT('',(1.61396575554303,2.72168748788884,-0.107870362545473));
#1502=CARTESIAN_POINT('',(1.61526493841862,2.71547042196969,-0.085558554852646));
#1503=CARTESIAN_POINT('',(1.6163396827972,2.71038921413009,-0.0630500596052772));
#1504=CARTESIAN_POINT('',(1.61706836523512,2.7069978848221,-0.0403176494477184));
#1505=CARTESIAN_POINT('',(1.61743763230451,2.70528800813372,-0.0173640358341615));
#1506=CARTESIAN_POINT('',(1.6175311857046,2.70485598349921,2.87156466310641E-06));
#1507=CARTESIAN_POINT('',(1.6174376248771,2.70528805786945,0.0173525495755125));
#1508=CARTESIAN_POINT('',(1.6175,2.705,5.59573372018795E-16));
#1509=CARTESIAN_POINT('',(6.22936432853165E-15,7.385,-3.79392791604731E-31));
#1510=CARTESIAN_POINT('',(6.22936432853165E-15,7.385,-1.6175));
#1511=CARTESIAN_POINT('',(6.42745094829373E-15,7.385,1.6175));
#1512=CARTESIAN_POINT('',(6.42745094829373E-15,7.797625,1.6175));
#1513=CARTESIAN_POINT('',(6.42745094829373E-15,-1.280125,1.6175));
#1514=CARTESIAN_POINT('',(6.42745094829374E-15,6.085,1.6175));
#1515=CARTESIAN_POINT('',(0.275000000000001,5.81,1.5939514578556));
#1516=CARTESIAN_POINT('',(0.275000000000001,5.81910498275663,1.5939514578556));
#1517=CARTESIAN_POINT('',(0.274098580453494,5.83715690688868,1.59410736631743));
#1518=CARTESIAN_POINT('',(0.270133921750046,5.86378986494018,1.59478616382137));
#1519=CARTESIAN_POINT('',(0.264680108972795,5.88558574239481,1.59570159926271));
#1520=CARTESIAN_POINT('',(0.258972075372115,5.90284627881344,1.59663614046264));
#1521=CARTESIAN_POINT('',(0.252444173832303,5.91972341219503,1.59768547090363));
#1522=CARTESIAN_POINT('',(0.242836115673386,5.93998359675618,1.59918459809881));
#1523=CARTESIAN_POINT('',(0.231315758905417,5.95919451915342,1.6008886644852));
#1524=CARTESIAN_POINT('',(0.220951374882861,5.97391151129424,1.60234484096228));
#1525=CARTESIAN_POINT('',(0.209772583053832,5.98822535007189,1.60385775003714));
#1526=CARTESIAN_POINT('',(0.194669755323971,6.0048555311523,1.60578080200052));
#1527=CARTESIAN_POINT('',(0.174786566800549,6.02287201554323,1.60807362900962));
#1528=CARTESIAN_POINT('',(0.156758496218164,6.0362645736946,1.60991748696613));
#1529=CARTESIAN_POINT('',(0.141406838342614,6.04598881204494,1.6113212074054));
#1530=CARTESIAN_POINT('',(0.125727447366643,6.05486486892958,1.61264029362255));
#1531=CARTESIAN_POINT('',(0.105470242954015,6.06444321449423,1.61412160168701));
#1532=CARTESIAN_POINT('',(0.0843591941872596,6.07201236796,1.61533917953312));
#1533=CARTESIAN_POINT('',(0.0669429505651804,6.07684382052478,1.61613220267767));
#1534=CARTESIAN_POINT('',(0.0491735049163637,6.08083455541191,1.6167952951677));
#1535=CARTESIAN_POINT('',(0.0269178641197791,6.08411922249489,1.61734993442989));
#1536=CARTESIAN_POINT('',(0.00898896377893352,6.085,1.6175));
#1537=CARTESIAN_POINT('',(6.42745094829374E-15,6.085,1.6175));
#1538=CARTESIAN_POINT('',(0.275,5.81,1.5939514578556));
#1539=CARTESIAN_POINT('',(0.275,7.385,1.5939514578556));
#1540=CARTESIAN_POINT('',(0.275,5.36,1.5939514578556));
#1541=CARTESIAN_POINT('',(6.42745094829374E-15,5.085,1.6175));
#1542=CARTESIAN_POINT('',(0.00449005092810536,5.085,1.6175));
#1543=CARTESIAN_POINT('',(0.0134815196895184,5.08521969979995,1.61746262590073));
#1544=CARTESIAN_POINT('',(0.0270213363874542,5.08621756893778,1.61729326798406));
#1545=CARTESIAN_POINT('',(0.0405605451260232,5.08789458517676,1.61700999349));
#1546=CARTESIAN_POINT('',(0.0583061441744097,5.09098935960021,1.61649099910865));
#1547=CARTESIAN_POINT('',(0.0800498574148018,5.09645355681039,1.61558619249861));
#1548=CARTESIAN_POINT('',(0.105388257412889,5.10551235005795,1.61412834782487));
#1549=CARTESIAN_POINT('',(0.13005264783403,5.11719022173393,1.61232276785665));
#1550=CARTESIAN_POINT('',(0.153086647988605,5.13102786042528,1.61029103213018));
#1551=CARTESIAN_POINT('',(0.171053772930924,5.14434724006292,1.60845609288507));
#1552=CARTESIAN_POINT('',(0.184657095220677,5.15606902846313,1.60693559447012));
#1553=CARTESIAN_POINT('',(0.19450452489167,5.16543765065299,1.60577254483184));
#1554=CARTESIAN_POINT('',(0.203833100301139,5.17523632678333,1.60461399100379));
#1555=CARTESIAN_POINT('',(0.215544198483197,5.18881027293564,1.60309242478425));
#1556=CARTESIAN_POINT('',(0.228865068130756,5.20675246700073,1.60125028877758));
#1557=CARTESIAN_POINT('',(0.240417905167707,5.22595664158772,1.59954285044758));
#1558=CARTESIAN_POINT('',(0.24859915068601,5.24216465431402,1.5982854295738));
#1559=CARTESIAN_POINT('',(0.255923087237426,5.25865908739384,1.59713228996498));
#1560=CARTESIAN_POINT('',(0.26348624039024,5.27974981380118,1.59590156176636));
#1561=CARTESIAN_POINT('',(0.268964832207745,5.30148166725305,1.59498253804703));
#1562=CARTESIAN_POINT('',(0.272076719115699,5.31924563834535,1.59445348359927));
#1563=CARTESIAN_POINT('',(0.274325805500247,5.33730259084735,1.59406810868484));
#1564=CARTESIAN_POINT('',(0.275000000000002,5.35090398391601,1.5939514578556));
#1565=CARTESIAN_POINT('',(0.275000000000002,5.36,1.5939514578556));
#1566=CARTESIAN_POINT('',(6.42745094829374E-15,5.085,1.6175));
#1567=CARTESIAN_POINT('',(6.42745094829373E-15,7.797625,1.6175));
#1568=CARTESIAN_POINT('',(6.42745094829373E-15,-1.280125,1.6175));
#1569=CARTESIAN_POINT('',(6.42745094829374E-15,0.685000000000001,1.6175));
#1570=CARTESIAN_POINT('',(6.42745094829373E-15,0.684999999999999,1.6175));
#1571=CARTESIAN_POINT('',(0.00449005092810534,0.684999999999999,1.6175));
#1572=CARTESIAN_POINT('',(0.0134815196895183,0.684780300200043,1.61746262590073));
#1573=CARTESIAN_POINT('',(0.0270213363874542,0.683782431062225,1.61729326798406));
#1574=CARTESIAN_POINT('',(0.0405605451260231,0.682105414823238,1.61700999349));
#1575=CARTESIAN_POINT('',(0.0583061441744095,0.679010640399797,1.61649099910864));
#1576=CARTESIAN_POINT('',(0.0800498574148007,0.673546443189607,1.61558619249861));
#1577=CARTESIAN_POINT('',(0.105388257412888,0.664487649942056,1.61412834782487));
#1578=CARTESIAN_POINT('',(0.13005264783403,0.652809778266067,1.61232276785665));
#1579=CARTESIAN_POINT('',(0.153086647988603,0.638972139574718,1.61029103213018));
#1580=CARTESIAN_POINT('',(0.171053772930924,0.62565275993708,1.60845609288507));
#1581=CARTESIAN_POINT('',(0.184657095220675,0.613930971536866,1.60693559447012));
#1582=CARTESIAN_POINT('',(0.194504524891669,0.604562349347013,1.60577254483184));
#1583=CARTESIAN_POINT('',(0.203833100301136,0.594763673216666,1.60461399100379));
#1584=CARTESIAN_POINT('',(0.215544198483195,0.581189727064355,1.60309242478425));
#1585=CARTESIAN_POINT('',(0.228865068130753,0.563247532999271,1.60125028877758));
#1586=CARTESIAN_POINT('',(0.240417905167705,0.544043358412286,1.59954285044758));
#1587=CARTESIAN_POINT('',(0.248599150686008,0.527835345685978,1.5982854295738));
#1588=CARTESIAN_POINT('',(0.255923087237423,0.511340912606162,1.59713228996498));
#1589=CARTESIAN_POINT('',(0.263486240390238,0.49025018619882,1.59590156176636));
#1590=CARTESIAN_POINT('',(0.268964832207742,0.46851833274695,1.59498253804703));
#1591=CARTESIAN_POINT('',(0.272076719115697,0.450754361654651,1.59445348359927));
#1592=CARTESIAN_POINT('',(0.274325805500243,0.432697409152652,1.59406810868484));
#1593=CARTESIAN_POINT('',(0.274999999999999,0.419096016083987,1.5939514578556));
#1594=CARTESIAN_POINT('',(0.274999999999999,0.41,1.5939514578556));
#1595=CARTESIAN_POINT('',(0.275,0.41,1.5939514578556));
#1596=CARTESIAN_POINT('',(0.275,7.385,1.5939514578556));
#1597=CARTESIAN_POINT('',(0.275,-0.04,1.5939514578556));
#1598=CARTESIAN_POINT('',(0.274999999999999,-0.04,1.5939514578556));
#1599=CARTESIAN_POINT('',(0.274999999999999,-0.0491049827566325,1.5939514578556));
#1600=CARTESIAN_POINT('',(0.27409858045349,-0.0671569068886857,1.59410736631743));
#1601=CARTESIAN_POINT('',(0.270133921750044,-0.0937898649401823,1.59478616382137));
#1602=CARTESIAN_POINT('',(0.264680108972792,-0.115585742394803,1.59570159926271));
#1603=CARTESIAN_POINT('',(0.258972075372112,-0.132846278813442,1.59663614046264));
#1604=CARTESIAN_POINT('',(0.2524441738323,-0.149723412195024,1.59768547090363));
#1605=CARTESIAN_POINT('',(0.242836115673385,-0.169983596756188,1.59918459809882));
#1606=CARTESIAN_POINT('',(0.231315758905415,-0.189194519153417,1.6008886644852));
#1607=CARTESIAN_POINT('',(0.220951374882859,-0.20391151129424,1.60234484096228));
#1608=CARTESIAN_POINT('',(0.209772583053828,-0.218225350071889,1.60385775003714));
#1609=CARTESIAN_POINT('',(0.19466975532397,-0.234855531152303,1.60578080200052));
#1610=CARTESIAN_POINT('',(0.174786566800547,-0.252872015543229,1.60807362900962));
#1611=CARTESIAN_POINT('',(0.156758496218164,-0.266264573694594,1.60991748696613));
#1612=CARTESIAN_POINT('',(0.141406838342612,-0.275988812044941,1.6113212074054));
#1613=CARTESIAN_POINT('',(0.125727447366642,-0.284864868929572,1.61264029362255));
#1614=CARTESIAN_POINT('',(0.105470242954016,-0.294443214494237,1.61412160168701));
#1615=CARTESIAN_POINT('',(0.0843591941872585,-0.30201236796,1.61533917953312));
#1616=CARTESIAN_POINT('',(0.0669429505651806,-0.306843820524781,1.61613220267767));
#1617=CARTESIAN_POINT('',(0.0491735049163631,-0.310834555411909,1.6167952951677));
#1618=CARTESIAN_POINT('',(0.0269178641197787,-0.314119222494891,1.61734993442989));
#1619=CARTESIAN_POINT('',(0.00898896377893349,-0.315,1.6175));
#1620=CARTESIAN_POINT('',(6.42745094829374E-15,-0.315,1.6175));
#1621=CARTESIAN_POINT('',(6.42745094829374E-15,-0.315,1.6175));
#1622=CARTESIAN_POINT('',(6.42745094829373E-15,7.797625,1.6175));
#1623=CARTESIAN_POINT('',(6.42745094829373E-15,-1.280125,1.6175));
#1624=CARTESIAN_POINT('',(6.42745094829373E-15,-0.8675,1.6175));
#1625=CARTESIAN_POINT('',(6.22936432853165E-15,-0.8675,-3.79392791604731E-31));
#1626=CARTESIAN_POINT('',(6.22936432853165E-15,-0.8675,-1.6175));
#1627=CARTESIAN_POINT('',(6.22936432853165E-15,7.797625,-1.6175));
#1628=CARTESIAN_POINT('',(6.22936432853165E-15,-1.280125,-1.6175));
#1629=CARTESIAN_POINT('',(6.42745094829373E-15,7.385,1.6175));
#1630=CARTESIAN_POINT('',(6.42745094829373E-15,-0.8675,1.6175));
#1631=CARTESIAN_POINT('',(-3.23499999999999,7.385,1.6175));
#1632=CARTESIAN_POINT('',(-3.23499999999999,-0.867499999999999,1.6175));
#1633=CARTESIAN_POINT('',(-3.23499999999999,7.385,-1.6175));
#1634=CARTESIAN_POINT('',(-3.23499999999999,-0.867499999999999,-1.6175));
#1635=CARTESIAN_POINT('',(6.22936432853165E-15,7.385,-1.6175));
#1636=CARTESIAN_POINT('',(6.22936432853165E-15,-0.8675,-1.6175));
#1637=CARTESIAN_POINT('',(6.22936432853165E-15,7.385,-3.79392791604731E-31));
#1638=CARTESIAN_POINT('',(6.22936432853165E-15,-0.8675,-3.79392791604731E-31));
#1639=CARTESIAN_POINT('',(-1.61749999999999,-0.8675,-3.79392791604731E-31));
#1640=CARTESIAN_POINT('',(6.22936432853165E-15,-0.8675,-3.79392791604731E-31));
#1641=CARTESIAN_POINT('',(6.42745094829374E-15,-0.315,1.6175));
#1642=CARTESIAN_POINT('',(-0.00449005092809264,-0.315,1.6175));
#1643=CARTESIAN_POINT('',(-0.0134815196895058,-0.314780300200044,1.61746262590073));
#1644=CARTESIAN_POINT('',(-0.027021336387442,-0.313782431062227,1.61729326798406));
#1645=CARTESIAN_POINT('',(-0.0405605451260117,-0.312105414823238,1.61700999349));
#1646=CARTESIAN_POINT('',(-0.0583061441743993,-0.309010640399803,1.61649099910864));
#1647=CARTESIAN_POINT('',(-0.0800498574147912,-0.30354644318961,1.61558619249861));
#1648=CARTESIAN_POINT('',(-0.10538825741288,-0.294487649942061,1.61412834782487));
#1649=CARTESIAN_POINT('',(-0.130052647834023,-0.282809778266073,1.61232276785665));
#1650=CARTESIAN_POINT('',(-0.153086647988598,-0.268972139574721,1.61029103213018));
#1651=CARTESIAN_POINT('',(-0.171053772930918,-0.255652759937085,1.60845609288507));
#1652=CARTESIAN_POINT('',(-0.184657095220673,-0.243930971536872,1.60693559447012));
#1653=CARTESIAN_POINT('',(-0.194504524891664,-0.234562349347018,1.60577254483184));
#1654=CARTESIAN_POINT('',(-0.203833100301134,-0.22476367321667,1.60461399100379));
#1655=CARTESIAN_POINT('',(-0.215544198483192,-0.211189727064362,1.60309242478425));
#1656=CARTESIAN_POINT('',(-0.228865068130753,-0.193247532999274,1.60125028877758));
#1657=CARTESIAN_POINT('',(-0.240417905167703,-0.174043358412291,1.59954285044758));
#1658=CARTESIAN_POINT('',(-0.248599150686009,-0.157835345685982,1.5982854295738));
#1659=CARTESIAN_POINT('',(-0.255923087237424,-0.141340912606168,1.59713228996498));
#1660=CARTESIAN_POINT('',(-0.263486240390238,-0.120250186198821,1.59590156176636));
#1661=CARTESIAN_POINT('',(-0.268964832207745,-0.0985183327469511,1.59498253804703));
#1662=CARTESIAN_POINT('',(-0.272076719115698,-0.080754361654654,1.59445348359927));
#1663=CARTESIAN_POINT('',(-0.274325805500246,-0.0626974091526528,1.59406810868484));
#1664=CARTESIAN_POINT('',(-0.275000000000001,-0.0490960160839875,1.5939514578556));
#1665=CARTESIAN_POINT('',(-0.275000000000001,-0.0400000000000001,1.5939514578556));
#1666=CARTESIAN_POINT('',(-0.275,-0.04,1.5939514578556));
#1667=CARTESIAN_POINT('',(-0.275,7.385,1.5939514578556));
#1668=CARTESIAN_POINT('',(-0.275,0.41,1.5939514578556));
#1669=CARTESIAN_POINT('',(-0.275000000000001,0.41,1.5939514578556));
#1670=CARTESIAN_POINT('',(-0.275000000000001,0.419104982756633,1.5939514578556));
#1671=CARTESIAN_POINT('',(-0.274098580453493,0.437156906888687,1.59410736631743));
#1672=CARTESIAN_POINT('',(-0.270133921750045,0.463789864940183,1.59478616382136));
#1673=CARTESIAN_POINT('',(-0.264680108972793,0.485585742394807,1.59570159926271));
#1674=CARTESIAN_POINT('',(-0.258972075372114,0.502846278813446,1.59663614046264));
#1675=CARTESIAN_POINT('',(-0.2524441738323,0.519723412195028,1.59768547090363));
#1676=CARTESIAN_POINT('',(-0.242836115673384,0.539983596756192,1.59918459809881));
#1677=CARTESIAN_POINT('',(-0.231315758905414,0.559194519153421,1.6008886644852));
#1678=CARTESIAN_POINT('',(-0.220951374882858,0.573911511294247,1.60234484096228));
#1679=CARTESIAN_POINT('',(-0.209772583053825,0.588225350071892,1.60385775003714));
#1680=CARTESIAN_POINT('',(-0.194669755323967,0.604855531152311,1.60578080200052));
#1681=CARTESIAN_POINT('',(-0.174786566800542,0.622872015543231,1.60807362900962));
#1682=CARTESIAN_POINT('',(-0.156758496218159,0.636264573694601,1.60991748696613));
#1683=CARTESIAN_POINT('',(-0.141406838342606,0.645988812044946,1.6113212074054));
#1684=CARTESIAN_POINT('',(-0.125727447366635,0.654864868929577,1.61264029362255));
#1685=CARTESIAN_POINT('',(-0.105470242954007,0.664443214494242,1.61412160168701));
#1686=CARTESIAN_POINT('',(-0.0843591941872499,0.672012367960004,1.61533917953312));
#1687=CARTESIAN_POINT('',(-0.0669429505651697,0.676843820524784,1.61613220267767));
#1688=CARTESIAN_POINT('',(-0.0491735049163522,0.680834555411911,1.6167952951677));
#1689=CARTESIAN_POINT('',(-0.0269178641197664,0.684119222494893,1.61734993442989));
#1690=CARTESIAN_POINT('',(-0.00898896377892096,0.685,1.6175));
#1691=CARTESIAN_POINT('',(6.42745094829373E-15,0.684999999999999,1.6175));
#1692=CARTESIAN_POINT('',(-0.274999999999999,5.36,1.5939514578556));
#1693=CARTESIAN_POINT('',(-0.274999999999999,5.35089501724337,1.5939514578556));
#1694=CARTESIAN_POINT('',(-0.274098580453491,5.33284309311131,1.59410736631743));
#1695=CARTESIAN_POINT('',(-0.270133921750043,5.30621013505982,1.59478616382136));
#1696=CARTESIAN_POINT('',(-0.264680108972792,5.28441425760519,1.59570159926271));
#1697=CARTESIAN_POINT('',(-0.258972075372109,5.26715372118656,1.59663614046264));
#1698=CARTESIAN_POINT('',(-0.252444173832299,5.25027658780497,1.59768547090363));
#1699=CARTESIAN_POINT('',(-0.242836115673381,5.23001640324381,1.59918459809882));
#1700=CARTESIAN_POINT('',(-0.231315758905412,5.21080548084658,1.6008886644852));
#1701=CARTESIAN_POINT('',(-0.220951374882855,5.19608848870576,1.60234484096228));
#1702=CARTESIAN_POINT('',(-0.209772583053824,5.1817746499281,1.60385775003714));
#1703=CARTESIAN_POINT('',(-0.194669755323964,5.16514446884769,1.60578080200052));
#1704=CARTESIAN_POINT('',(-0.174786566800541,5.14712798445677,1.60807362900962));
#1705=CARTESIAN_POINT('',(-0.156758496218157,5.1337354263054,1.60991748696613));
#1706=CARTESIAN_POINT('',(-0.141406838342604,5.12401118795506,1.6113212074054));
#1707=CARTESIAN_POINT('',(-0.125727447366633,5.11513513107042,1.61264029362255));
#1708=CARTESIAN_POINT('',(-0.105470242954006,5.10555678550576,1.61412160168701));
#1709=CARTESIAN_POINT('',(-0.084359194187249,5.09798763204,1.61533917953312));
#1710=CARTESIAN_POINT('',(-0.066942950565169,5.09315617947522,1.61613220267767));
#1711=CARTESIAN_POINT('',(-0.0491735049163514,5.08916544458809,1.6167952951677));
#1712=CARTESIAN_POINT('',(-0.0269178641197667,5.08588077750511,1.61734993442989));
#1713=CARTESIAN_POINT('',(-0.00898896377892086,5.085,1.6175));
#1714=CARTESIAN_POINT('',(6.42745094829374E-15,5.085,1.6175));
#1715=CARTESIAN_POINT('',(-0.275,5.36,1.5939514578556));
#1716=CARTESIAN_POINT('',(-0.275,7.385,1.5939514578556));
#1717=CARTESIAN_POINT('',(-0.275,5.81,1.5939514578556));
#1718=CARTESIAN_POINT('',(6.42745094829374E-15,6.085,1.6175));
#1719=CARTESIAN_POINT('',(-0.00449005092809257,6.085,1.6175));
#1720=CARTESIAN_POINT('',(-0.0134815196895059,6.08478030020005,1.61746262590073));
#1721=CARTESIAN_POINT('',(-0.027021336387442,6.08378243106223,1.61729326798406));
#1722=CARTESIAN_POINT('',(-0.0405605451260117,6.08210541482324,1.61700999349));
#1723=CARTESIAN_POINT('',(-0.0583061441743992,6.0790106403998,1.61649099910865));
#1724=CARTESIAN_POINT('',(-0.0800498574147901,6.07354644318961,1.61558619249861));
#1725=CARTESIAN_POINT('',(-0.105388257412879,6.06448764994206,1.61412834782487));
#1726=CARTESIAN_POINT('',(-0.130052647834021,6.05280977826607,1.61232276785665));
#1727=CARTESIAN_POINT('',(-0.153086647988596,6.03897213957472,1.61029103213018));
#1728=CARTESIAN_POINT('',(-0.171053772930916,6.02565275993708,1.60845609288507));
#1729=CARTESIAN_POINT('',(-0.18465709522067,6.01393097153687,1.60693559447012));
#1730=CARTESIAN_POINT('',(-0.194504524891664,6.00456234934702,1.60577254483184));
#1731=CARTESIAN_POINT('',(-0.203833100301133,5.99476367321667,1.60461399100379));
#1732=CARTESIAN_POINT('',(-0.215544198483191,5.98118972706436,1.60309242478425));
#1733=CARTESIAN_POINT('',(-0.228865068130749,5.96324753299927,1.60125028877758));
#1734=CARTESIAN_POINT('',(-0.240417905167703,5.94404335841229,1.59954285044758));
#1735=CARTESIAN_POINT('',(-0.248599150686006,5.92783534568598,1.5982854295738));
#1736=CARTESIAN_POINT('',(-0.255923087237422,5.91134091260617,1.59713228996498));
#1737=CARTESIAN_POINT('',(-0.263486240390237,5.89025018619882,1.59590156176636));
#1738=CARTESIAN_POINT('',(-0.26896483220774,5.86851833274695,1.59498253804703));
#1739=CARTESIAN_POINT('',(-0.272076719115696,5.85075436165465,1.59445348359927));
#1740=CARTESIAN_POINT('',(-0.274325805500243,5.83269740915265,1.59406810868484));
#1741=CARTESIAN_POINT('',(-0.274999999999998,5.81909601608399,1.5939514578556));
#1742=CARTESIAN_POINT('',(-0.274999999999999,5.81,1.5939514578556));
#1743=CARTESIAN_POINT('',(-1.61744460211763,0.0447286756211812,-0.0163665768726431));
#1744=CARTESIAN_POINT('',(-1.61752770207312,0.0451356814170282,2.83349000438065E-06));
#1745=CARTESIAN_POINT('',(-1.61744458958988,0.0447285987107071,0.0163552429126251));
#1746=CARTESIAN_POINT('',(-1.61711787056751,0.0431241264001408,0.0379277304063157));
#1747=CARTESIAN_POINT('',(-1.61631411823311,0.0391559958900212,0.0645732063654789));
#1748=CARTESIAN_POINT('',(-1.61501199047548,0.0326080917273117,0.0907314555649479));
#1749=CARTESIAN_POINT('',(-1.61368069816086,0.0257554427450221,0.111446187954191));
#1750=CARTESIAN_POINT('',(-1.6121852568664,0.0179240802894739,0.131687819024092));
#1751=CARTESIAN_POINT('',(-1.61047300247129,0.0087030716003586,0.15112906261643));
#1752=CARTESIAN_POINT('',(-1.60858165732257,-0.00189064412684548,0.169810850176183));
#1753=CARTESIAN_POINT('',(-1.60708333200481,-0.0105249142973118,0.183440055376119));
#1754=CARTESIAN_POINT('',(-1.60551604676932,-0.0198471280305087,0.196678350486792));
#1755=CARTESIAN_POINT('',(-1.60334223679613,-0.0332465742811093,0.213838266319037));
#1756=CARTESIAN_POINT('',(-1.60057343703139,-0.0513383441292414,0.233766028849788));
#1757=CARTESIAN_POINT('',(-1.59781119236951,-0.0711914150484843,0.251769019241751));
#1758=CARTESIAN_POINT('',(-1.595652664138,-0.0881337135594978,0.265010584781937));
#1759=CARTESIAN_POINT('',(-1.59407136942991,-0.101376361792544,0.274355437089072));
#1760=CARTESIAN_POINT('',(-1.59253957855524,-0.115175539570435,0.283104337897961));
#1761=CARTESIAN_POINT('',(-1.59109809173725,-0.129263590787089,0.291089427429582));
#1762=CARTESIAN_POINT('',(-1.58975114678297,-0.143675313780462,0.298352070621015));
#1763=CARTESIAN_POINT('',(-1.58850904266955,-0.158398100703116,0.304890852060476));
#1764=CARTESIAN_POINT('',(-1.58738033499929,-0.173435359068709,0.310709190305221));
#1765=CARTESIAN_POINT('',(-1.58637425375491,-0.188787463798454,0.315801651771899));
#1766=CARTESIAN_POINT('',(-1.58549943837824,-0.204464453474505,0.320161369488633));
#1767=CARTESIAN_POINT('',(-1.58452310923081,-0.225784804360491,0.324963766474245));
#1768=CARTESIAN_POINT('',(-1.58370418444604,-0.252488291782135,0.328922580936902));
#1769=CARTESIAN_POINT('',(-1.58342466488414,-0.27939201332457,0.330261115594441));
#1770=CARTESIAN_POINT('',(-1.58353228305345,-0.3010047757961,0.329745298775354));
#1771=CARTESIAN_POINT('',(-1.58378025774903,-0.317285019656489,0.328553177430088));
#1772=CARTESIAN_POINT('',(-1.58419585545066,-0.333549074941108,0.32654514088718));
#1773=CARTESIAN_POINT('',(-1.58495775582226,-0.35486631348303,0.322835228621091));
#1774=CARTESIAN_POINT('',(-1.58628608197286,-0.380989657460557,0.31627905916708));
#1775=CARTESIAN_POINT('',(-1.58806751785636,-0.406351440222519,0.307213302705837));
#1776=CARTESIAN_POINT('',(-1.58974449464572,-0.42625670379607,0.298388292666074));
#1777=CARTESIAN_POINT('',(-1.5915565372807,-0.445638889754717,0.288617189561875));
#1778=CARTESIAN_POINT('',(-1.59352976035563,-0.464071857014445,0.277550680280831));
#1779=CARTESIAN_POINT('',(-1.595622010589,-0.481617210604716,0.265194601225012));
#1780=CARTESIAN_POINT('',(-1.59723934309714,-0.494328014362122,0.255281082470555));
#1781=CARTESIAN_POINT('',(-1.59889221601749,-0.50657974774292,0.244725519996214));
#1782=CARTESIAN_POINT('',(-1.60057495605256,-0.518403601809088,0.233476363338327));
#1783=CARTESIAN_POINT('',(-1.60224440413484,-0.529579591349681,0.22173807054149));
#1784=CARTESIAN_POINT('',(-1.60443561849414,-0.543626982670358,0.205460100431017));
#1785=CARTESIAN_POINT('',(-1.60708262148477,-0.559611998522005,0.183936726886971));
#1786=CARTESIAN_POINT('',(-1.6095313172161,-0.573493124191462,0.160868796181169));
#1787=CARTESIAN_POINT('',(-1.61133024130933,-0.583319666155907,0.141400829623589));
#1788=CARTESIAN_POINT('',(-1.6125637521327,-0.589906411820966,0.126567346545502));
#1789=CARTESIAN_POINT('',(-1.61367683197495,-0.595734907869844,0.111492907766014));
#1790=CARTESIAN_POINT('',(-1.61466243395341,-0.600809388705238,0.0961825120676336));
#1791=CARTESIAN_POINT('',(-1.6155142083328,-0.605132577554049,0.0806358624962818));
#1792=CARTESIAN_POINT('',(-1.61622554171937,-0.608700423158853,0.0648502259486166));
#1793=CARTESIAN_POINT('',(-1.61678988803242,-0.611504451963303,0.048827847843588));
#1794=CARTESIAN_POINT('',(-1.61733654871649,-0.61420101888316,0.0271149527640718));
#1795=CARTESIAN_POINT('',(-1.61760764107428,-0.615526186164755,0.000115800363088527));
#1796=CARTESIAN_POINT('',(-1.61734050019176,-0.614220286022803,-0.0267909529105535));
#1797=CARTESIAN_POINT('',(-1.61680712433626,-0.611589671556366,-0.0482401547047851));
#1798=CARTESIAN_POINT('',(-1.61624797348291,-0.608812413203822,-0.0643030723323465));
#1799=CARTESIAN_POINT('',(-1.61553185843089,-0.605221728267098,-0.0802921188875525));
#1800=CARTESIAN_POINT('',(-1.61467783829773,-0.600888141191935,-0.0959261876954906));
#1801=CARTESIAN_POINT('',(-1.61369198212059,-0.595813608898785,-0.11127409417861));
#1802=CARTESIAN_POINT('',(-1.61221283014472,-0.58806967619595,-0.131340551955307));
#1803=CARTESIAN_POINT('',(-1.61007747605304,-0.57657999941538,-0.155675062064972));
#1804=CARTESIAN_POINT('',(-1.60710623195667,-0.55975381280114,-0.183747513004484));
#1805=CARTESIAN_POINT('',(-1.60445472741223,-0.543744558922275,-0.205308861178671));
#1806=CARTESIAN_POINT('',(-1.60226946989294,-0.529743170922239,-0.221556457272624));
#1807=CARTESIAN_POINT('',(-1.60061035951686,-0.518643993462961,-0.233231620193567));
#1808=CARTESIAN_POINT('',(-1.59894412904219,-0.506953515968981,-0.244386223188008));
#1809=CARTESIAN_POINT('',(-1.59727634395142,-0.494612553792353,-0.255051249167913));
#1810=CARTESIAN_POINT('',(-1.59564703481922,-0.481821135155538,-0.265044565408263));
#1811=CARTESIAN_POINT('',(-1.59354822742997,-0.464237674825896,-0.277445269021755));
#1812=CARTESIAN_POINT('',(-1.59108523044804,-0.441240894525981,-0.291261797426234));
#1813=CARTESIAN_POINT('',(-1.58891015438457,-0.416930764673828,-0.302822238749831));
#1814=CARTESIAN_POINT('',(-1.5873812553767,-0.396586524117541,-0.310704942321962));
#1815=CARTESIAN_POINT('',(-1.58637002917007,-0.381143276902472,-0.315822823982525));
#1816=CARTESIAN_POINT('',(-1.58550081663413,-0.36554978826258,-0.32015429560072));
#1817=CARTESIAN_POINT('',(-1.58477814309977,-0.349798644334971,-0.323709649848737));
#1818=CARTESIAN_POINT('',(-1.58420695475586,-0.333893422649383,-0.326491245949789));
#1819=CARTESIAN_POINT('',(-1.58379209471235,-0.317829334390855,-0.328496140596778));
#1820=CARTESIAN_POINT('',(-1.5835382396494,-0.301617542499171,-0.329716725211926));
#1821=CARTESIAN_POINT('',(-1.58342189258998,-0.279736987485997,-0.330274400165577));
#1822=CARTESIAN_POINT('',(-1.58369941535258,-0.252709268832959,-0.328945584167285));
#1823=CARTESIAN_POINT('',(-1.58451378126445,-0.22607008030478,-0.325008826286575));
#1824=CARTESIAN_POINT('',(-1.58547285856946,-0.204998187709151,-0.3202926894305));
#1825=CARTESIAN_POINT('',(-1.58634216146199,-0.189309896927531,-0.315962894352576));
#1826=CARTESIAN_POINT('',(-1.58735717476474,-0.173757785237673,-0.310827739183162));
#1827=CARTESIAN_POINT('',(-1.58849034784564,-0.158630802898063,-0.304988317924973));
#1828=CARTESIAN_POINT('',(-1.58973426203975,-0.14386478652081,-0.298442044489621));
#1829=CARTESIAN_POINT('',(-1.59152610058151,-0.124670069292967,-0.288783327526482));
#1830=CARTESIAN_POINT('',(-1.59349641323447,-0.106217793060149,-0.277743675658543));
#1831=CARTESIAN_POINT('',(-1.59561043025412,-0.0884731450755879,-0.265265764152026));
#1832=CARTESIAN_POINT('',(-1.59778922033141,-0.07135085306502,-0.251910679571324));
#1833=CARTESIAN_POINT('',(-1.60055632293074,-0.0514562978661968,-0.233883006000604));
#1834=CARTESIAN_POINT('',(-1.60331543518916,-0.0334202994838042,-0.214032083831159));
#1835=CARTESIAN_POINT('',(-1.60546735156888,-0.020142295285586,-0.19707414053567));
#1836=CARTESIAN_POINT('',(-1.60704708396093,-0.0107359774290819,-0.183760646958772));
#1837=CARTESIAN_POINT('',(-1.6085591982618,-0.00201777958510918,-0.170025321674741));
#1838=CARTESIAN_POINT('',(-1.61045781167042,0.00862020530406275,-0.151293024752845));
#1839=CARTESIAN_POINT('',(-1.61259597145773,0.0201365924091494,-0.127031473563725));
#1840=CARTESIAN_POINT('',(-1.61435907872345,0.0292690648828785,-0.101694577756781));
#1841=CARTESIAN_POINT('',(-1.61551268232138,0.0351251742521723,-0.0806802082892817));
#1842=CARTESIAN_POINT('',(-1.61646888552036,0.0399205343921673,-0.0594403340859549));
#1843=CARTESIAN_POINT('',(-1.61711642503238,0.0431169452980067,-0.038007162525771));
#1844=CARTESIAN_POINT('',(-1.61744460211763,0.0447286756211812,-0.0163665768726431));
#1845=CARTESIAN_POINT('',(-1.61752770207312,0.0451356814170282,2.83349000438065E-06));
#1846=CARTESIAN_POINT('',(-1.61744458958988,0.0447285987107071,0.0163552429126251));
#1847=CARTESIAN_POINT('',(-1.6175,0.0450000000000002,-2.87582640008568E-17));
#1848=CARTESIAN_POINT('',(0.,0.,0.));
#1849=CARTESIAN_POINT('',(6.42745094829373E-15,7.385,-1.6175));
#1850=CARTESIAN_POINT('',(6.42745094829373E-15,9.385,-1.6175));
#1851=CARTESIAN_POINT('',(-3.23499999999999,7.385,-1.6175));
#1852=CARTESIAN_POINT('',(-3.23499999999999,9.385,-1.6175));
#1853=CARTESIAN_POINT('',(-3.23499999999999,7.385,1.6175));
#1854=CARTESIAN_POINT('',(-3.23499999999999,9.385,1.6175));
#1855=CARTESIAN_POINT('',(6.22936432853165E-15,7.385,1.6175));
#1856=CARTESIAN_POINT('',(6.22936432853165E-15,9.385,1.6175));
#1857=CARTESIAN_POINT('',(6.22936432853165E-15,7.385,-3.79392791604731E-31));
#1858=CARTESIAN_POINT('',(6.22936432853165E-15,7.385,1.6175));
#1859=CARTESIAN_POINT('',(6.42745094829373E-15,7.385,-1.6175));
#1860=CARTESIAN_POINT('',(6.42745094829373E-15,7.285,-1.6175));
#1861=CARTESIAN_POINT('',(6.42745094829373E-15,9.485,-1.6175));
#1862=CARTESIAN_POINT('',(6.42745094829373E-15,9.385,-1.6175));
#1863=CARTESIAN_POINT('',(6.22936432853165E-15,9.385,-3.79392791604731E-31));
#1864=CARTESIAN_POINT('',(6.22936432853165E-15,9.385,1.6175));
#1865=CARTESIAN_POINT('',(6.22936432853165E-15,7.285,1.6175));
#1866=CARTESIAN_POINT('',(6.22936432853165E-15,9.485,1.6175));
#1867=CARTESIAN_POINT('',(6.22936432853165E-15,7.385,1.6175));
#1868=CARTESIAN_POINT('',(6.22936432853165E-15,9.385,1.6175));
#1869=CARTESIAN_POINT('',(3.23500000000001,7.385,1.6175));
#1870=CARTESIAN_POINT('',(3.23500000000001,9.385,1.6175));
#1871=CARTESIAN_POINT('',(3.23500000000001,7.385,-1.6175));
#1872=CARTESIAN_POINT('',(3.23500000000001,9.385,-1.6175));
#1873=CARTESIAN_POINT('',(6.42745094829373E-15,7.385,-1.6175));
#1874=CARTESIAN_POINT('',(6.42745094829373E-15,9.385,-1.6175));
#1875=CARTESIAN_POINT('',(6.22936432853165E-15,7.385,-3.79392791604731E-31));
#1876=CARTESIAN_POINT('',(6.22936432853165E-15,9.385,-3.79392791604731E-31));
#1877=CARTESIAN_POINT('',(0.,0.,0.));
#1878=CARTESIAN_POINT('',(1.7,3.405,6.16295400669771E-16));
#1879=CARTESIAN_POINT('',(1.57799014884227,3.405,6.10196647860682E-16));
#1880=CARTESIAN_POINT('',(1.7,3.405,-0.699999999999999));
#1881=CARTESIAN_POINT('',(1.57799014884227,3.405,-0.699999999999999));
#1882=CARTESIAN_POINT('',(1.7,2.705,-0.699999999999999));
#1883=CARTESIAN_POINT('',(1.57799014884227,2.705,-0.699999999999999));
#1884=CARTESIAN_POINT('',(1.7,2.705,5.73432762699614E-16));
#1885=CARTESIAN_POINT('',(1.57799014884227,2.705,5.67334009890524E-16));
#1886=CARTESIAN_POINT('',(1.7,3.055,5.73432762699614E-16));
#1887=CARTESIAN_POINT('',(1.7,2.705,5.70383386295069E-16));
#1888=CARTESIAN_POINT('',(1.7,3.405,6.13246024265227E-16));
#1889=CARTESIAN_POINT('',(1.71,3.405,6.16795258078925E-16));
#1890=CARTESIAN_POINT('',(1.49,3.405,6.0579839507755E-16));
#1891=CARTESIAN_POINT('',(1.61750000000001,3.405,6.12171577044256E-16));
#1892=CARTESIAN_POINT('',(1.6175,2.705,5.71842782470389E-16));
#1893=CARTESIAN_POINT('',(1.6175,2.705,-0.0115986990353692));
#1894=CARTESIAN_POINT('',(1.61725066247304,2.70614963060675,-0.0346014076190377));
#1895=CARTESIAN_POINT('',(1.6161637541795,2.71120845814232,-0.068548701689627));
#1896=CARTESIAN_POINT('',(1.61469359494722,2.71817836942954,-0.0963599831474507));
#1897=CARTESIAN_POINT('',(1.61319171317211,2.72546668155982,-0.118354951415797));
#1898=CARTESIAN_POINT('',(1.61193163934277,2.7316871115994,-0.134413188707033));
#1899=CARTESIAN_POINT('',(1.61054785836108,2.73865308628344,-0.150074124253758));
#1900=CARTESIAN_POINT('',(1.60905165949397,2.74635479022288,-0.165334253986437));
#1901=CARTESIAN_POINT('',(1.60745356879606,2.75479070633759,-0.180199486569741));
#1902=CARTESIAN_POINT('',(1.60576486750294,2.76396070713974,-0.19466458434287));
#1903=CARTESIAN_POINT('',(1.6039944850318,2.7738836588514,-0.208742181659351));
#1904=CARTESIAN_POINT('',(1.60154953889969,2.78808485778158,-0.226908630189957));
#1905=CARTESIAN_POINT('',(1.59843824720944,2.8072349483524,-0.247989976136191));
#1906=CARTESIAN_POINT('',(1.59532586064913,2.82830003253862,-0.267084686926628));
#1907=CARTESIAN_POINT('',(1.59289210715041,2.84628646183472,-0.281135248291752));
#1908=CARTESIAN_POINT('',(1.59110439683387,2.86038529251847,-0.291075382800623));
#1909=CARTESIAN_POINT('',(1.58938329319245,2.87498686398932,-0.300323226638899));
#1910=CARTESIAN_POINT('',(1.58722182575652,2.89487221386766,-0.311587603832592));
#1911=CARTESIAN_POINT('',(1.58478266540438,2.92061859516997,-0.323773466585313));
#1912=CARTESIAN_POINT('',(1.58236357785936,2.95285935420636,-0.335360362997686));
#1913=CARTESIAN_POINT('',(1.58053602269914,2.98664266066139,-0.343842245167274));
#1914=CARTESIAN_POINT('',(1.57961550807968,3.01494049193192,-0.34802702122774));
#1915=CARTESIAN_POINT('',(1.57924236666033,3.03773239277825,-0.349714241986646));
#1916=CARTESIAN_POINT('',(1.57914784757066,3.05489629658754,-0.350140358947328));
#1917=CARTESIAN_POINT('',(1.57924013836333,3.07211539907837,-0.349724245673153));
#1918=CARTESIAN_POINT('',(1.57952331176857,3.08945920917417,-0.348444158521822));
#1919=CARTESIAN_POINT('',(1.57999257433056,3.10664483026271,-0.346311947337854));
#1920=CARTESIAN_POINT('',(1.58085295449171,3.12923372648111,-0.34237201989525));
#1921=CARTESIAN_POINT('',(1.58235252956246,3.15693005706267,-0.335410839569482));
#1922=CARTESIAN_POINT('',(1.58436697656868,3.18387619027085,-0.325767194463565));
#1923=CARTESIAN_POINT('',(1.58626374856327,3.20502419573203,-0.316374198747659));
#1924=CARTESIAN_POINT('',(1.58779170192619,3.22038290445983,-0.308620211761628));
#1925=CARTESIAN_POINT('',(1.58941295327547,3.23527192113371,-0.300165684686662));
#1926=CARTESIAN_POINT('',(1.59111438521715,3.24969155644369,-0.291019361680172));
#1927=CARTESIAN_POINT('',(1.59288360009233,3.26364705716796,-0.281182680301922));
#1928=CARTESIAN_POINT('',(1.59470776304589,3.27713509320629,-0.2706546141866));
#1929=CARTESIAN_POINT('',(1.59657555460507,3.29016105411062,-0.259420202420356));
#1930=CARTESIAN_POINT('',(1.59910095693407,3.30685709846463,-0.243514584355559));
#1931=CARTESIAN_POINT('',(1.60221171906353,3.32597405760938,-0.222395339953291));
#1932=CARTESIAN_POINT('',(1.60519188101588,3.34292583083626,-0.199564637370591));
#1933=CARTESIAN_POINT('',(1.60744408357973,3.3551589381589,-0.180285669788225));
#1934=CARTESIAN_POINT('',(1.60905695379021,3.36367370710471,-0.16528913209125));
#1935=CARTESIAN_POINT('',(1.61057208195745,3.37147058070542,-0.149818696443398));
#1936=CARTESIAN_POINT('',(1.61195560709091,3.37843213277662,-0.134124534402815));
#1937=CARTESIAN_POINT('',(1.61320598886032,3.38460273780188,-0.118151179128521));
#1938=CARTESIAN_POINT('',(1.61468324767962,3.39177120308576,-0.0965005233509738));
#1939=CARTESIAN_POINT('',(1.61586056515854,3.39735483322303,-0.0743303356186909));
#1940=CARTESIAN_POINT('',(1.61670809806084,3.40132489080035,-0.0515739696300392));
#1941=CARTESIAN_POINT('',(1.61731880803199,3.40416487519528,-0.0285863239198597));
#1942=CARTESIAN_POINT('',(1.61750000000001,3.405,-0.0114337185653334));
#1943=CARTESIAN_POINT('',(1.61750000000001,3.405,6.12171577044256E-16));
#1944=CARTESIAN_POINT('',(1.6175,2.705,5.71842782470389E-16));
#1945=CARTESIAN_POINT('',(1.71,2.705,5.73932620108767E-16));
#1946=CARTESIAN_POINT('',(1.49,2.705,5.62935757107393E-16));
#1947=CARTESIAN_POINT('',(1.61820500000001,3.405,6.12206816991601E-16));
#1948=CARTESIAN_POINT('',(1.5,3.405,6.06298252486703E-16));
#1949=CARTESIAN_POINT('',(1.61820500000001,3.405,-0.699999999999999));
#1950=CARTESIAN_POINT('',(1.5,3.405,-0.699999999999999));
#1951=CARTESIAN_POINT('',(1.61820500000001,2.705,-0.699999999999999));
#1952=CARTESIAN_POINT('',(1.5,2.705,-0.699999999999999));
#1953=CARTESIAN_POINT('',(1.61820500000001,2.705,5.69344179021444E-16));
#1954=CARTESIAN_POINT('',(1.5,2.705,5.63435614516546E-16));
#1955=CARTESIAN_POINT('',(1.71,3.405,6.16795258078925E-16));
#1956=CARTESIAN_POINT('',(1.49,3.405,6.0579839507755E-16));
#1957=CARTESIAN_POINT('',(1.5,3.405,6.09262932139397E-16));
#1958=CARTESIAN_POINT('',(1.5,3.055,5.63435614516546E-16));
#1959=CARTESIAN_POINT('',(1.5,2.705,5.6640029416924E-16));
#1960=CARTESIAN_POINT('',(1.71,2.705,5.73932620108767E-16));
#1961=CARTESIAN_POINT('',(1.49,2.705,5.62935757107393E-16));
#1962=CARTESIAN_POINT('',(1.61820500000001,2.705,5.69344179021444E-16));
#1963=CARTESIAN_POINT('',(1.5,2.705,5.63435614516546E-16));
#1964=CARTESIAN_POINT('',(1.61820500000001,2.705,0.7));
#1965=CARTESIAN_POINT('',(1.5,2.705,0.7));
#1966=CARTESIAN_POINT('',(1.61820500000001,3.405,0.7));
#1967=CARTESIAN_POINT('',(1.5,3.405,0.700000000000001));
#1968=CARTESIAN_POINT('',(1.61820500000001,3.405,6.12206816991601E-16));
#1969=CARTESIAN_POINT('',(1.5,3.405,6.06298252486703E-16));
#1970=CARTESIAN_POINT('',(1.61750000000001,3.405,6.12171577044256E-16));
#1971=CARTESIAN_POINT('',(1.61750000000001,3.405,0.011431724899156));
#1972=CARTESIAN_POINT('',(1.61731801179589,3.4041611310946,0.0285635543401265));
#1973=CARTESIAN_POINT('',(1.6167151201928,3.40135757168002,0.0513440653859287));
#1974=CARTESIAN_POINT('',(1.61608065814461,3.39838617755692,0.0684583680519357));
#1975=CARTESIAN_POINT('',(1.61527570465719,3.39458058150903,0.0853469261023229));
#1976=CARTESIAN_POINT('',(1.61399435419698,3.3884502996361,0.107423170071635));
#1977=CARTESIAN_POINT('',(1.61202066797941,3.37881864622377,0.134278434638272));
#1978=CARTESIAN_POINT('',(1.60961220599548,3.36660268948615,0.160113725887447));
#1979=CARTESIAN_POINT('',(1.60745222114576,3.35520306453713,0.180216044671546));
#1980=CARTESIAN_POINT('',(1.60575638282429,3.3459923907398,0.194733733362595));
#1981=CARTESIAN_POINT('',(1.60399768517233,3.33613306435572,0.208713758047851));
#1982=CARTESIAN_POINT('',(1.60218909137404,3.32563171120185,0.222160702899868));
#1983=CARTESIAN_POINT('',(1.60034332757211,3.31449017740805,0.235078718261244));
#1984=CARTESIAN_POINT('',(1.59847326141999,3.30270571098623,0.247466311117431));
#1985=CARTESIAN_POINT('',(1.59659161182352,3.29026984045873,0.259321364187157));
#1986=CARTESIAN_POINT('',(1.59408645350542,3.27280620221575,0.274394135840478));
#1987=CARTESIAN_POINT('',(1.59107888610182,3.24990894214384,0.291371644052152));
#1988=CARTESIAN_POINT('',(1.58830404915349,3.22552774760127,0.306019283643772));
#1989=CARTESIAN_POINT('',(1.58627526669597,3.20514134166223,0.316316000000712));
#1990=CARTESIAN_POINT('',(1.5848605973405,3.18939351414248,0.32332407824665));
#1991=CARTESIAN_POINT('',(1.58356912067052,3.17320643548529,0.329585974433936));
#1992=CARTESIAN_POINT('',(1.58243382634566,3.15688206865263,0.334989635051257));
#1993=CARTESIAN_POINT('',(1.58145539399355,3.14036187831958,0.33957493418111));
#1994=CARTESIAN_POINT('',(1.58064137918427,3.12366370907859,0.343340901484822));
#1995=CARTESIAN_POINT('',(1.57999736106137,3.10678126943587,0.346290058242606));
#1996=CARTESIAN_POINT('',(1.57952957516488,3.0897207671068,0.34841576732944));
#1997=CARTESIAN_POINT('',(1.57924360222138,3.0724549015927,0.349708658989879));
#1998=CARTESIAN_POINT('',(1.57911527470625,3.04927502672286,0.350287011939934));
#1999=CARTESIAN_POINT('',(1.57942925530072,3.02067610550362,0.348873403966485));
#2000=CARTESIAN_POINT('',(1.58034971175768,2.99240075049463,0.344689087736455));
#2001=CARTESIAN_POINT('',(1.58143411009716,2.97002383596582,0.339674147781515));
#2002=CARTESIAN_POINT('',(1.58242097274431,2.95330681100599,0.335050622004977));
#2003=CARTESIAN_POINT('',(1.58356293916073,2.93687913320035,0.329615549586834));
#2004=CARTESIAN_POINT('',(1.58526464374863,2.91552801306972,0.321365724265));
#2005=CARTESIAN_POINT('',(1.58770539067597,2.88976853923681,0.309171170007278));
#2006=CARTESIAN_POINT('',(1.59048497242103,2.86528228462779,0.294515156977662));
#2007=CARTESIAN_POINT('',(1.59287589454785,2.84640831486668,0.281227787425282));
#2008=CARTESIAN_POINT('',(1.59470832496341,2.83286122790805,0.270651241811511));
#2009=CARTESIAN_POINT('',(1.59656487714405,2.81991417060843,0.25948369377296));
#2010=CARTESIAN_POINT('',(1.59843250032763,2.80755806457926,0.247728296950081));
#2011=CARTESIAN_POINT('',(1.60029789142431,2.79579000179847,0.235387531572726));
#2012=CARTESIAN_POINT('',(1.60214811946026,2.78461022591961,0.22245664328003));
#2013=CARTESIAN_POINT('',(1.60396942385832,2.77402669751526,0.208934162085361));
#2014=CARTESIAN_POINT('',(1.60634402909782,2.76071138105076,0.19006977993835));
#2015=CARTESIAN_POINT('',(1.6090962923732,2.74602200248174,0.165591290350414));
#2016=CARTESIAN_POINT('',(1.61150174910766,2.73381041876439,0.139875544195894));
#2017=CARTESIAN_POINT('',(1.61317580800008,2.72554478093539,0.118564588922999));
#2018=CARTESIAN_POINT('',(1.61429618651236,2.72010591138159,0.102206344266924));
#2019=CARTESIAN_POINT('',(1.61527025754152,2.71544520037892,0.0854564923972574));
#2020=CARTESIAN_POINT('',(1.61634101542401,2.71038300157096,0.0630065156991032));
#2021=CARTESIAN_POINT('',(1.61725072402747,2.70614948322349,0.0346236292760706));
#2022=CARTESIAN_POINT('',(1.6175,2.705,0.0115966766019991));
#2023=CARTESIAN_POINT('',(1.6175,2.705,5.71842782470389E-16));
#2024=CARTESIAN_POINT('',(1.5,3.055,5.63435614516546E-16));
#2025=CARTESIAN_POINT('',(1.5,3.33505833422122,0.209922198524207));
#2026=CARTESIAN_POINT('',(1.5,3.055,5.63435614516546E-16));
#2027=CARTESIAN_POINT('',(1.7,2.705,5.73432762699614E-16));
#2028=CARTESIAN_POINT('',(1.57816954049942,2.705,5.67342976915421E-16));
#2029=CARTESIAN_POINT('',(1.7,2.705,0.7));
#2030=CARTESIAN_POINT('',(1.57816954049942,2.705,0.7));
#2031=CARTESIAN_POINT('',(1.7,3.405,0.700000000000001));
#2032=CARTESIAN_POINT('',(1.57816954049942,3.405,0.700000000000001));
#2033=CARTESIAN_POINT('',(1.7,3.405,6.16295400669771E-16));
#2034=CARTESIAN_POINT('',(1.57816954049942,3.405,6.10205614885579E-16));
#2035=CARTESIAN_POINT('',(1.7,3.055,5.73432762699614E-16));
#2036=CARTESIAN_POINT('',(1.7,3.33505833422122,0.209922198524207));
#2037=CARTESIAN_POINT('',(1.7,3.055,5.73432762699614E-16));
#2038=CARTESIAN_POINT('',(0.,0.,0.));
#2039=CARTESIAN_POINT('',(-1.81215101456157,-1.2825,-1.80760448268345));
#2040=CARTESIAN_POINT('',(-1.81215101456157,-1.2825,1.81528082004767));
#2041=CARTESIAN_POINT('',(1.80142435992781,-1.2825,-1.80760448268345));
#2042=CARTESIAN_POINT('',(1.80142435992781,-1.2825,1.81528082004767));
#2043=CARTESIAN_POINT('',(6.22936432853165E-15,-1.2825,-3.79392791604731E-31));
#2044=CARTESIAN_POINT('',(1.40000000000001,-1.2825,4.44089209850062E-16));
#2045=CARTESIAN_POINT('',(6.22936432853165E-15,-1.2825,-3.79392791604731E-31));
#2046=CARTESIAN_POINT('',(1.78000000000001,-1.2825,4.44089209850063E-16));
#2047=MECHANICAL_DESIGN_GEOMETRIC_PRESENTATION_REPRESENTATION('',(#610),#2055);
#2048=MECHANICAL_DESIGN_GEOMETRIC_PRESENTATION_REPRESENTATION('',(#611),#2056);
#2049=MECHANICAL_DESIGN_GEOMETRIC_PRESENTATION_REPRESENTATION('',(#612,#26,#27),#2057);
#2050=MECHANICAL_DESIGN_GEOMETRIC_PRESENTATION_REPRESENTATION('',(#613),#2058);
#2051=MECHANICAL_DESIGN_GEOMETRIC_PRESENTATION_REPRESENTATION('',(#614),#2059);
#2052=MECHANICAL_DESIGN_GEOMETRIC_PRESENTATION_REPRESENTATION('',(#615),#2060);
#2053=MECHANICAL_DESIGN_GEOMETRIC_PRESENTATION_REPRESENTATION('',(#616),#2061);
#2054=MECHANICAL_DESIGN_GEOMETRIC_PRESENTATION_REPRESENTATION('',(#617),#2062);
#2055=(
GEOMETRIC_REPRESENTATION_CONTEXT(3)
GLOBAL_UNCERTAINTY_ASSIGNED_CONTEXT((#2063))
GLOBAL_UNIT_ASSIGNED_CONTEXT((#2087,#2079,#2071))
REPRESENTATION_CONTEXT('opening_1','TOP_LEVEL_ASSEMBLY_PART')
);
#2056=(
GEOMETRIC_REPRESENTATION_CONTEXT(3)
GLOBAL_UNCERTAINTY_ASSIGNED_CONTEXT((#2064))
GLOBAL_UNIT_ASSIGNED_CONTEXT((#2088,#2080,#2072))
REPRESENTATION_CONTEXT('opening_0','TOP_LEVEL_ASSEMBLY_PART')
);
#2057=(
GEOMETRIC_REPRESENTATION_CONTEXT(3)
GLOBAL_UNCERTAINTY_ASSIGNED_CONTEXT((#2065))
GLOBAL_UNIT_ASSIGNED_CONTEXT((#2089,#2081,#2073))
REPRESENTATION_CONTEXT('skir_carbo_und','TOP_LEVEL_ASSEMBLY_PART')
);
#2058=(
GEOMETRIC_REPRESENTATION_CONTEXT(3)
GLOBAL_UNCERTAINTY_ASSIGNED_CONTEXT((#2066))
GLOBAL_UNIT_ASSIGNED_CONTEXT((#2090,#2082,#2074))
REPRESENTATION_CONTEXT('Surface 7','TOP_LEVEL_ASSEMBLY_PART')
);
#2059=(
GEOMETRIC_REPRESENTATION_CONTEXT(3)
GLOBAL_UNCERTAINTY_ASSIGNED_CONTEXT((#2067))
GLOBAL_UNIT_ASSIGNED_CONTEXT((#2091,#2083,#2075))
REPRESENTATION_CONTEXT('skir_carbo_mid','TOP_LEVEL_ASSEMBLY_PART')
);
#2060=(
GEOMETRIC_REPRESENTATION_CONTEXT(3)
GLOBAL_UNCERTAINTY_ASSIGNED_CONTEXT((#2068))
GLOBAL_UNIT_ASSIGNED_CONTEXT((#2092,#2084,#2076))
REPRESENTATION_CONTEXT('skir_sless','TOP_LEVEL_ASSEMBLY_PART')
);
#2061=(
GEOMETRIC_REPRESENTATION_CONTEXT(3)
GLOBAL_UNCERTAINTY_ASSIGNED_CONTEXT((#2069))
GLOBAL_UNIT_ASSIGNED_CONTEXT((#2093,#2085,#2077))
REPRESENTATION_CONTEXT('Surface 6','TOP_LEVEL_ASSEMBLY_PART')
);
#2062=(
GEOMETRIC_REPRESENTATION_CONTEXT(3)
GLOBAL_UNCERTAINTY_ASSIGNED_CONTEXT((#2070))
GLOBAL_UNIT_ASSIGNED_CONTEXT((#2094,#2086,#2078))
REPRESENTATION_CONTEXT('base_plate','TOP_LEVEL_ASSEMBLY_PART')
);
#2063=UNCERTAINTY_MEASURE_WITH_UNIT(LENGTH_MEASURE(2.E-05),#2087,'DISTANCE_ACCURACY_VALUE','Maximum Tolerance applied to model');
#2064=UNCERTAINTY_MEASURE_WITH_UNIT(LENGTH_MEASURE(2.E-05),#2088,'DISTANCE_ACCURACY_VALUE','Maximum Tolerance applied to model');
#2065=UNCERTAINTY_MEASURE_WITH_UNIT(LENGTH_MEASURE(1.E-08),#2089,'DISTANCE_ACCURACY_VALUE','Maximum Tolerance applied to model');
#2066=UNCERTAINTY_MEASURE_WITH_UNIT(LENGTH_MEASURE(2.E-05),#2090,'DISTANCE_ACCURACY_VALUE','Maximum Tolerance applied to model');
#2067=UNCERTAINTY_MEASURE_WITH_UNIT(LENGTH_MEASURE(2.E-05),#2091,'DISTANCE_ACCURACY_VALUE','Maximum Tolerance applied to model');
#2068=UNCERTAINTY_MEASURE_WITH_UNIT(LENGTH_MEASURE(1.E-08),#2092,'DISTANCE_ACCURACY_VALUE','Maximum Tolerance applied to model');
#2069=UNCERTAINTY_MEASURE_WITH_UNIT(LENGTH_MEASURE(2.E-05),#2093,'DISTANCE_ACCURACY_VALUE','Maximum Tolerance applied to model');
#2070=UNCERTAINTY_MEASURE_WITH_UNIT(LENGTH_MEASURE(1.E-08),#2094,'DISTANCE_ACCURACY_VALUE','Maximum Tolerance applied to model');
#2071=(
NAMED_UNIT(*)
SI_UNIT($,.STERADIAN.)
SOLID_ANGLE_UNIT()
);
#2072=(
NAMED_UNIT(*)
SI_UNIT($,.STERADIAN.)
SOLID_ANGLE_UNIT()
);
#2073=(
NAMED_UNIT(*)
SI_UNIT($,.STERADIAN.)
SOLID_ANGLE_UNIT()
);
#2074=(
NAMED_UNIT(*)
SI_UNIT($,.STERADIAN.)
SOLID_ANGLE_UNIT()
);
#2075=(
NAMED_UNIT(*)
SI_UNIT($,.STERADIAN.)
SOLID_ANGLE_UNIT()
);
#2076=(
NAMED_UNIT(*)
SI_UNIT($,.STERADIAN.)
SOLID_ANGLE_UNIT()
);
#2077=(
NAMED_UNIT(*)
SI_UNIT($,.STERADIAN.)
SOLID_ANGLE_UNIT()
);
#2078=(
NAMED_UNIT(*)
SI_UNIT($,.STERADIAN.)
SOLID_ANGLE_UNIT()
);
#2079=(
NAMED_UNIT(*)
PLANE_ANGLE_UNIT()
SI_UNIT($,.RADIAN.)
);
#2080=(
NAMED_UNIT(*)
PLANE_ANGLE_UNIT()
SI_UNIT($,.RADIAN.)
);
#2081=(
NAMED_UNIT(*)
PLANE_ANGLE_UNIT()
SI_UNIT($,.RADIAN.)
);
#2082=(
NAMED_UNIT(*)
PLANE_ANGLE_UNIT()
SI_UNIT($,.RADIAN.)
);
#2083=(
NAMED_UNIT(*)
PLANE_ANGLE_UNIT()
SI_UNIT($,.RADIAN.)
);
#2084=(
NAMED_UNIT(*)
PLANE_ANGLE_UNIT()
SI_UNIT($,.RADIAN.)
);
#2085=(
NAMED_UNIT(*)
PLANE_ANGLE_UNIT()
SI_UNIT($,.RADIAN.)
);
#2086=(
NAMED_UNIT(*)
PLANE_ANGLE_UNIT()
SI_UNIT($,.RADIAN.)
);
#2087=(
LENGTH_UNIT()
NAMED_UNIT(*)
SI_UNIT($,.METRE.)
);
#2088=(
LENGTH_UNIT()
NAMED_UNIT(*)
SI_UNIT($,.METRE.)
);
#2089=(
LENGTH_UNIT()
NAMED_UNIT(*)
SI_UNIT($,.METRE.)
);
#2090=(
LENGTH_UNIT()
NAMED_UNIT(*)
SI_UNIT($,.METRE.)
);
#2091=(
LENGTH_UNIT()
NAMED_UNIT(*)
SI_UNIT($,.METRE.)
);
#2092=(
LENGTH_UNIT()
NAMED_UNIT(*)
SI_UNIT($,.METRE.)
);
#2093=(
LENGTH_UNIT()
NAMED_UNIT(*)
SI_UNIT($,.METRE.)
);
#2094=(
LENGTH_UNIT()
NAMED_UNIT(*)
SI_UNIT($,.METRE.)
);
#2095=PRODUCT_DEFINITION_SHAPE('','',#2103);
#2096=PRODUCT_DEFINITION_SHAPE('','',#2104);
#2097=PRODUCT_DEFINITION_SHAPE('','',#2105);
#2098=PRODUCT_DEFINITION_SHAPE('','',#2106);
#2099=PRODUCT_DEFINITION_SHAPE('','',#2107);
#2100=PRODUCT_DEFINITION_SHAPE('','',#2108);
#2101=PRODUCT_DEFINITION_SHAPE('','',#2109);
#2102=PRODUCT_DEFINITION_SHAPE('','',#2110);
#2103=PRODUCT_DEFINITION('','',#2119,#2111);
#2104=PRODUCT_DEFINITION('','',#2120,#2112);
#2105=PRODUCT_DEFINITION('','',#2121,#2113);
#2106=PRODUCT_DEFINITION('','',#2122,#2114);
#2107=PRODUCT_DEFINITION('','',#2123,#2115);
#2108=PRODUCT_DEFINITION('','',#2124,#2116);
#2109=PRODUCT_DEFINITION('','',#2125,#2117);
#2110=PRODUCT_DEFINITION('','',#2126,#2118);
#2111=PRODUCT_DEFINITION_CONTEXT('',#2167,'design');
#2112=PRODUCT_DEFINITION_CONTEXT('',#2168,'design');
#2113=PRODUCT_DEFINITION_CONTEXT('',#2169,'design');
#2114=PRODUCT_DEFINITION_CONTEXT('',#2170,'design');
#2115=PRODUCT_DEFINITION_CONTEXT('',#2171,'design');
#2116=PRODUCT_DEFINITION_CONTEXT('',#2172,'design');
#2117=PRODUCT_DEFINITION_CONTEXT('',#2173,'design');
#2118=PRODUCT_DEFINITION_CONTEXT('',#2174,'design');
#2119=PRODUCT_DEFINITION_FORMATION_WITH_SPECIFIED_SOURCE('','',#2135,.NOT_KNOWN.);
#2120=PRODUCT_DEFINITION_FORMATION_WITH_SPECIFIED_SOURCE('','',#2136,.NOT_KNOWN.);
#2121=PRODUCT_DEFINITION_FORMATION_WITH_SPECIFIED_SOURCE('','',#2137,.NOT_KNOWN.);
#2122=PRODUCT_DEFINITION_FORMATION_WITH_SPECIFIED_SOURCE('','',#2138,.NOT_KNOWN.);
#2123=PRODUCT_DEFINITION_FORMATION_WITH_SPECIFIED_SOURCE('','',#2139,.NOT_KNOWN.);
#2124=PRODUCT_DEFINITION_FORMATION_WITH_SPECIFIED_SOURCE('','',#2140,.NOT_KNOWN.);
#2125=PRODUCT_DEFINITION_FORMATION_WITH_SPECIFIED_SOURCE('','',#2141,.NOT_KNOWN.);
#2126=PRODUCT_DEFINITION_FORMATION_WITH_SPECIFIED_SOURCE('','',#2142,.NOT_KNOWN.);
#2127=PRODUCT_RELATED_PRODUCT_CATEGORY('','',(#2135));
#2128=PRODUCT_RELATED_PRODUCT_CATEGORY('','',(#2136));
#2129=PRODUCT_RELATED_PRODUCT_CATEGORY('','',(#2137));
#2130=PRODUCT_RELATED_PRODUCT_CATEGORY('','',(#2138));
#2131=PRODUCT_RELATED_PRODUCT_CATEGORY('','',(#2139));
#2132=PRODUCT_RELATED_PRODUCT_CATEGORY('','',(#2140));
#2133=PRODUCT_RELATED_PRODUCT_CATEGORY('','',(#2141));
#2134=PRODUCT_RELATED_PRODUCT_CATEGORY('','',(#2142));
#2135=PRODUCT('opening_1','opening_1','opening_1',(#2151));
#2136=PRODUCT('opening_0','opening_0','opening_0',(#2152));
#2137=PRODUCT('skir_carbo_und','skir_carbo_und','skir_carbo_und',(#2153));
#2138=PRODUCT('Surface 7','Surface 7','Surface 7',(#2154));
#2139=PRODUCT('skir_carbo_mid','skir_carbo_mid','skir_carbo_mid',(#2155));
#2140=PRODUCT('skir_sless','skir_sless','skir_sless',(#2156));
#2141=PRODUCT('Surface 6','Surface 6','Surface 6',(#2157));
#2142=PRODUCT('base_plate','base_plate','base_plate',(#2158));
#2143=PRODUCT_CATEGORY('','');
#2144=PRODUCT_CATEGORY('','');
#2145=PRODUCT_CATEGORY('','');
#2146=PRODUCT_CATEGORY('','');
#2147=PRODUCT_CATEGORY('','');
#2148=PRODUCT_CATEGORY('','');
#2149=PRODUCT_CATEGORY('','');
#2150=PRODUCT_CATEGORY('','');
#2151=PRODUCT_CONTEXT('',#2167,'mechanical');
#2152=PRODUCT_CONTEXT('',#2168,'mechanical');
#2153=PRODUCT_CONTEXT('',#2169,'mechanical');
#2154=PRODUCT_CONTEXT('',#2170,'mechanical');
#2155=PRODUCT_CONTEXT('',#2171,'mechanical');
#2156=PRODUCT_CONTEXT('',#2172,'mechanical');
#2157=PRODUCT_CONTEXT('',#2173,'mechanical');
#2158=PRODUCT_CONTEXT('',#2174,'mechanical');
#2159=APPLICATION_PROTOCOL_DEFINITION('international standard','ap242_managed_model_based_3d_engineering',2020,#2167);
#2160=APPLICATION_PROTOCOL_DEFINITION('international standard','ap242_managed_model_based_3d_engineering',2020,#2168);
#2161=APPLICATION_PROTOCOL_DEFINITION('international standard','ap242_managed_model_based_3d_engineering',2020,#2169);
#2162=APPLICATION_PROTOCOL_DEFINITION('international standard','ap242_managed_model_based_3d_engineering',2020,#2170);
#2163=APPLICATION_PROTOCOL_DEFINITION('international standard','ap242_managed_model_based_3d_engineering',2020,#2171);
#2164=APPLICATION_PROTOCOL_DEFINITION('international standard','ap242_managed_model_based_3d_engineering',2020,#2172);
#2165=APPLICATION_PROTOCOL_DEFINITION('international standard','ap242_managed_model_based_3d_engineering',2020,#2173);
#2166=APPLICATION_PROTOCOL_DEFINITION('international standard','ap242_managed_model_based_3d_engineering',2020,#2174);
#2167=APPLICATION_CONTEXT('managed model based 3d engineering');
#2168=APPLICATION_CONTEXT('managed model based 3d engineering');
#2169=APPLICATION_CONTEXT('managed model based 3d engineering');
#2170=APPLICATION_CONTEXT('managed model based 3d engineering');
#2171=APPLICATION_CONTEXT('managed model based 3d engineering');
#2172=APPLICATION_CONTEXT('managed model based 3d engineering');
#2173=APPLICATION_CONTEXT('managed model based 3d engineering');
#2174=APPLICATION_CONTEXT('managed model based 3d engineering');
ENDSEC;
END-ISO-10303-21;
