ISO-10303-21;
HEADER;
/*Generated by software containing ST-Developer
 * from STEP Tools, Inc. (www.steptools.com) 
 */
/*OPTION: using custom renumber hook */
/*description */
/*implementation_level */
FILE_DESCRIPTION(('STEP AP242 Edition 2','STEP AP242 Edition 2''CAx-IF Rec.Pracs.---Representation and Presentation of Product Manufa
cturing Information (PMI)---4.0---2014-10-13','STEP AP242 Edition 2''CAx-IF Rec.Pracs.---Representation and Presentation of Product Manufa
cturing Information (PMI)---4.0---2014-10-13''CAx-IF Rec.Pracs.---3D Tessellated Geometry---0.4---2014-09-14','STEP AP242 Edition 2''CAx-IF Rec.Pracs.---Representation and Presentation of Product Manufa
cturing Information (PMI)---4.0---2014-10-13''CAx-IF Rec.Pracs.---3D Tessellated Geometry---0.4---2014-09-14''2;1','STEP AP242 Edition 2''CAx-IF Rec.Pracs.---Representation and Presentation of Product Manufa
cturing Information (PMI)---4.0---2014-10-13''CAx-IF Rec.Pracs.---3D Tessellated Geometry---0.4---2014-09-14''2;1''CAx-IF Rec.Pracs.---User Defined Attributes---1.5---2016-08-15'),'2;1');
/*name */
/*time_stamp */
/*author */
/*organization */
/*preprocessor_version */
/*originating_system */
/*authorisation */
FILE_NAME('/vol/tmp/translate-4440589303919714550/SKIRT_730-C-501_260130.step','2026-02-21T12:27:02',(''),(''),'ST-DEVELOPER v20','ONSHAPE BY PTC INC, 1.211','  ');
FILE_SCHEMA(('AP242_MANAGED_MODEL_BASED_3D_ENGINEERING_MIM_LF { 1 0 10303 442 3 1 4 }'));
ENDSEC;
DATA;
#10=B_SPLINE_CURVE_WITH_KNOTS('',3,(#2963,#2964,#2965,#2966,#2967,#2968,#2969,#2970,#2971,#2972,#2973,#2974,#2975,#2976,#2977,#2978,#2979,#2980,#2981,#2982,#2983,#2984,#2985,#2986,#2987,#2988,#2989,#2990,#2991,#2992,#2993,#2994,#2995,#2996,#2997,#2998,#2999,#3000,#3001,#3002,#3003,#3004,#3005,#3006,#3007,#3008,#3009,#3010,#3011,#3012,#3013,#3014,#3015,#3016,#3017,#3018,#3019,#3020,#3021,#3022,#3023,#3024,#3025,#3026,#3027,#3028,#3029,#3030,#3031,#3032,#3033,#3034,#3035,#3036,#3037,#3038,#3039,#3040,#3041,#3042,#3043,#3044,#3045,#3046,#3047,#3048,#3049,#3050,#3051,#3052,#3053,#3054,#3055,#3056,#3057,#3058,#3059,#3060,#3061,#3062,#3063,#3064,#3065,#3066,#3067,#3068,#3069),.UNSPECIFIED.,.T.,.F.,(1,1,1,1,1,1,1,1,1,1,1,1,1,1,1,1,1,1,1,1,1,1,1,1,1,1,1,1,1,1,1,1,1,1,1,1,1,1,1,1,1,1,1,1,1,1,1,1,1,1,1,1,1,1,1,1,1,1,1,1,1,1,1,1,1,1,1,1,1,1,1,1,1,1,1,1,1,1,1,1,1,1,1,1,1,1,1,1,1,1,1,1,1,1,1,1,1,1,1,1,1,1,1,1,1,1,1,1,1,1,1),(-0.0685855158880759,-0.034292757944038,-0.017146378972019,5.12278473325907E-18,0.017146378972019,0.034292757944038,0.068585515888076,0.102878273832114,0.120024652804133,0.137171031776152,0.154317410748171,0.17146378972019,0.188610168692209,0.205756547664228,0.222902926636247,0.240049305608266,0.274342063552304,0.308634821496342,0.325781200468361,0.34292757944038,0.360073958412399,0.377220337384418,0.394366716356437,0.411513095328456,0.428659474300475,0.445805853272494,0.462952232244513,0.480098611216532,0.51439136916057,0.548684127104608,0.565830506076627,0.582976885048646,0.600123264020665,0.617269642992684,0.651562400936722,0.68585515888076,0.703001537852779,0.720147916824798,0.754440674768836,0.771587053740856,0.788733432712875,0.805879811684894,0.823026190656913,0.840172569628931,0.85731894860095,0.891611706544989,0.925904464489027,0.943050843461046,0.960197222433065,0.977343601405084,0.994489980377103,1.01163635934912,1.02878273832114,1.04592911729316,1.06307549626518,1.09736825420922,1.13166101215325,1.14880739112527,1.16595377009729,1.18310014906931,1.20024652804133,1.21739290701335,1.23453928598537,1.26883204392941,1.28597842290143,1.30312480187344,1.33741755981748,1.3545639387895,1.37171031776152,1.38885669673354,1.40600307570556,1.42314945467758,1.4402958336496,1.47458859159363,1.50888134953767,1.52602772850969,1.54317410748171,1.56032048645373,1.57746686542575,1.59461324439777,1.61175962336979,1.62890600234181,1.64605238131383,1.68034513925786,1.7146378972019,1.73178427617392,1.74893065514594,1.76607703411796,1.78322341308998,1.800369792062,1.81751617103402,1.85180892897805,1.86895530795007,1.88610168692209,1.92039444486613,1.93754082383815,1.95468720281017,1.97183358178219,1.98897996075421,2.00612633972622,2.02327271869824,2.05756547664228,2.09185823458632,2.10900461355834,2.12615099253036,2.1604437504744,2.17759012944641,2.19473650841843,2.21188288739045,2.22902926636247,2.26332202430651),.UNSPECIFIED.);
#11=B_SPLINE_CURVE_WITH_KNOTS('',3,(#3074,#3075,#3076,#3077,#3078,#3079,#3080,#3081,#3082,#3083,#3084,#3085,#3086,#3087,#3088,#3089,#3090,#3091,#3092,#3093,#3094,#3095,#3096,#3097,#3098,#3099,#3100,#3101,#3102,#3103,#3104,#3105,#3106,#3107,#3108,#3109,#3110,#3111,#3112,#3113,#3114,#3115,#3116,#3117,#3118),.UNSPECIFIED.,.F.,.F.,(4,1,1,1,1,1,1,1,1,1,1,1,1,1,1,1,1,1,1,1,1,1,1,1,1,1,1,1,1,1,1,1,1,1,1,1,1,1,1,1,1,1,4),(0.,0.0269100837497035,0.0538201674994071,0.0807302512491106,0.0941852931239624,0.107640334998814,0.134550418748518,0.161460502498221,0.174915544373073,0.188370586247925,0.215280669997628,0.242190753747332,0.269100837497035,0.282555879371887,0.296010921246739,0.322921004996442,0.349831088746146,0.363286130620998,0.37674117249585,0.403651256245553,0.430561339995257,0.444016381870108,0.45747142374496,0.470926465619812,0.484381507494664,0.511291591244367,0.538201674994071,0.565111758743774,0.592021842493478,0.618931926243181,0.632386968118033,0.645842009992885,0.659297051867737,0.672752093742589,0.699662177492292,0.726572261241996,0.740027303116847,0.753482344991699,0.780392428741403,0.807302512491106,0.820757554365958,0.83421259624081,0.861122679990513),.UNSPECIFIED.);
#12=B_SPLINE_CURVE_WITH_KNOTS('',3,(#3122,#3123,#3124,#3125,#3126,#3127,#3128,#3129,#3130,#3131,#3132,#3133,#3134,#3135,#3136,#3137,#3138,#3139,#3140,#3141,#3142,#3143,#3144,#3145,#3146,#3147,#3148,#3149,#3150,#3151,#3152,#3153,#3154,#3155,#3156,#3157,#3158,#3159,#3160,#3161,#3162,#3163,#3164,#3165,#3166),.UNSPECIFIED.,.F.,.F.,(4,1,1,1,1,1,1,1,1,1,1,1,1,1,1,1,1,1,1,1,1,1,1,1,1,1,1,1,1,1,1,1,1,1,1,1,1,1,1,1,1,1,4),(0.,0.0269100837497033,0.0538201674994067,0.08073025124911,0.0941852931239616,0.107640334998813,0.134550418748517,0.16146050249822,0.174915544373072,0.188370586247923,0.215280669997627,0.24219075374733,0.269100837497033,0.282555879371885,0.296010921246737,0.32292100499644,0.349831088746143,0.363286130620995,0.376741172495847,0.40365125624555,0.430561339995253,0.444016381870105,0.457471423744957,0.470926465619808,0.48438150749466,0.511291591244363,0.538201674994066,0.56511175874377,0.592021842493473,0.618931926243177,0.632386968118028,0.64584200999288,0.659297051867731,0.672752093742583,0.699662177492286,0.72657226124199,0.740027303116841,0.753482344991693,0.780392428741396,0.8073025124911,0.820757554365951,0.834212596240803,0.861122679990506),.UNSPECIFIED.);
#13=B_SPLINE_CURVE_WITH_KNOTS('',3,(#3174,#3175,#3176,#3177,#3178,#3179,#3180,#3181,#3182,#3183,#3184,#3185,#3186,#3187,#3188,#3189,#3190,#3191,#3192,#3193,#3194,#3195,#3196,#3197,#3198,#3199,#3200,#3201,#3202,#3203,#3204,#3205,#3206,#3207,#3208,#3209,#3210,#3211,#3212,#3213,#3214,#3215,#3216,#3217,#3218),.UNSPECIFIED.,.F.,.F.,(4,1,1,1,1,1,1,1,1,1,1,1,1,1,1,1,1,1,1,1,1,1,1,1,1,1,1,1,1,1,1,1,1,1,1,1,1,1,1,1,1,1,4),(6.00164184077176E-16,0.0269100837497041,0.0538201674994075,0.080730251249111,0.0941852931239627,0.107640334998814,0.134550418748518,0.161460502498221,0.174915544373073,0.188370586247925,0.215280669997628,0.242190753747332,0.269100837497035,0.282555879371887,0.296010921246739,0.322921004996442,0.349831088746146,0.363286130620997,0.376741172495849,0.403651256245553,0.430561339995256,0.444016381870108,0.457471423744959,0.470926465619811,0.484381507494663,0.511291591244366,0.53820167499407,0.565111758743773,0.592021842493477,0.61893192624318,0.632386968118032,0.645842009992884,0.659297051867735,0.672752093742587,0.699662177492291,0.726572261241994,0.740027303116846,0.753482344991698,0.780392428741401,0.807302512491104,0.820757554365956,0.834212596240808,0.861122679990511),.UNSPECIFIED.);
#14=B_SPLINE_CURVE_WITH_KNOTS('',3,(#3222,#3223,#3224,#3225,#3226,#3227,#3228,#3229,#3230,#3231,#3232,#3233,#3234,#3235,#3236,#3237,#3238,#3239,#3240,#3241,#3242,#3243,#3244,#3245,#3246,#3247,#3248,#3249,#3250,#3251,#3252,#3253,#3254,#3255,#3256,#3257,#3258,#3259,#3260,#3261,#3262,#3263,#3264,#3265,#3266),.UNSPECIFIED.,.F.,.F.,(4,1,1,1,1,1,1,1,1,1,1,1,1,1,1,1,1,1,1,1,1,1,1,1,1,1,1,1,1,1,1,1,1,1,1,1,1,1,1,1,1,1,4),(0.,0.0269100837497034,0.0538201674994068,0.0807302512491102,0.0941852931239619,0.107640334998814,0.134550418748517,0.16146050249822,0.174915544373072,0.188370586247924,0.215280669997627,0.242190753747331,0.269100837497034,0.282555879371886,0.296010921246737,0.322921004996441,0.349831088746144,0.363286130620996,0.376741172495848,0.403651256245551,0.430561339995254,0.444016381870106,0.457471423744958,0.47092646561981,0.484381507494661,0.511291591244365,0.538201674994068,0.565111758743772,0.592021842493475,0.618931926243178,0.63238696811803,0.645842009992882,0.659297051867733,0.672752093742585,0.699662177492288,0.726572261241992,0.740027303116844,0.753482344991695,0.780392428741399,0.807302512491102,0.820757554365954,0.834212596240806,0.861122679990509),.UNSPECIFIED.);
#15=B_SPLINE_CURVE_WITH_KNOTS('',3,(#3267,#3268,#3269,#3270,#3271,#3272,#3273,#3274,#3275,#3276,#3277,#3278,#3279,#3280,#3281,#3282,#3283,#3284,#3285,#3286,#3287,#3288,#3289,#3290,#3291,#3292,#3293,#3294,#3295,#3296,#3297,#3298,#3299,#3300,#3301,#3302,#3303,#3304,#3305,#3306,#3307,#3308,#3309,#3310,#3311,#3312,#3313,#3314,#3315,#3316,#3317,#3318,#3319,#3320,#3321,#3322,#3323,#3324,#3325,#3326,#3327,#3328,#3329,#3330,#3331,#3332,#3333,#3334,#3335,#3336,#3337,#3338,#3339,#3340,#3341,#3342,#3343,#3344,#3345,#3346,#3347,#3348,#3349,#3350,#3351,#3352,#3353,#3354,#3355,#3356,#3357,#3358,#3359,#3360,#3361,#3362,#3363,#3364,#3365,#3366,#3367,#3368,#3369,#3370),.UNSPECIFIED.,.T.,.F.,(1,1,1,1,1,1,1,1,1,1,1,1,1,1,1,1,1,1,1,1,1,1,1,1,1,1,1,1,1,1,1,1,1,1,1,1,1,1,1,1,1,1,1,1,1,1,1,1,1,1,1,1,1,1,1,1,1,1,1,1,1,1,1,1,1,1,1,1,1,1,1,1,1,1,1,1,1,1,1,1,1,1,1,1,1,1,1,1,1,1,1,1,1,1,1,1,1,1,1,1,1,1,1,1,1,1,1,1),(-0.0646447767399052,-0.0323223883699524,-0.0161611941849764,1.38889816927763E-17,0.0161611941849763,0.0323223883699527,0.0646447767399053,0.0969671651098579,0.113128359294834,0.129289553479811,0.161611941849763,0.17777313603474,0.193934330219716,0.210095524404692,0.226256718589668,0.258579106959621,0.290901495329574,0.30706268951455,0.323223883699526,0.339385077884503,0.355546272069479,0.371707466254455,0.387868660439432,0.404029854624408,0.420191048809384,0.436352242994361,0.452513437179337,0.48483582554929,0.517158213919242,0.533319408104219,0.549480602289195,0.565641796474171,0.581802990659148,0.6141253790291,0.646447767399053,0.662608961584029,0.678770155769005,0.711092544138958,0.727253738323934,0.743414932508911,0.759576126693887,0.775737320878863,0.79189851506384,0.808059709248816,0.840382097618769,0.872704485988721,0.888865680173698,0.905026874358674,0.92118806854365,0.937349262728627,0.953510456913603,0.969671651098579,0.985832845283556,1.00199403946853,1.03431642783848,1.06663881620844,1.08280001039341,1.09896120457839,1.11512239876337,1.13128359294834,1.14744478713332,1.1636059813183,1.19592836968825,1.2282507580582,1.26057314642815,1.27673434061313,1.29289553479811,1.30905672898308,1.32521792316806,1.34137911735303,1.35754031153801,1.38986269990796,1.42218508827792,1.43834628246289,1.45450747664787,1.47066867083285,1.48682986501782,1.5029910592028,1.51915225338777,1.53531344757275,1.55147464175773,1.58379703012768,1.61611941849763,1.63228061268261,1.64844180686758,1.66460300105256,1.68076419523754,1.69692538942251,1.71308658360749,1.74540897197744,1.76157016616242,1.7777313603474,1.81005374871735,1.8423761370873,1.85853733127228,1.87469852545725,1.89085971964223,1.90702091382721,1.93934330219716,1.97166569056711,1.98782688475209,2.00398807893706,2.03631046730702,2.05247166149199,2.06863285567697,2.08479404986195,2.10095524404692,2.13327763241687),.UNSPECIFIED.);
#16=OVER_RIDING_STYLED_ITEM('',(#1509),#1361,#1459);
#17=LINE('',#2495,#197);
#18=LINE('',#2498,#198);
#19=LINE('',#2500,#199);
#20=LINE('',#2502,#200);
#21=LINE('',#2505,#201);
#22=LINE('',#2508,#202);
#23=LINE('',#2510,#203);
#24=LINE('',#2512,#204);
#25=LINE('',#2515,#205);
#26=LINE('',#2518,#206);
#27=LINE('',#2520,#207);
#28=LINE('',#2522,#208);
#29=LINE('',#2525,#209);
#30=LINE('',#2528,#210);
#31=LINE('',#2530,#211);
#32=LINE('',#2532,#212);
#33=LINE('',#2535,#213);
#34=LINE('',#2538,#214);
#35=LINE('',#2540,#215);
#36=LINE('',#2542,#216);
#37=LINE('',#2545,#217);
#38=LINE('',#2548,#218);
#39=LINE('',#2550,#219);
#40=LINE('',#2552,#220);
#41=LINE('',#2555,#221);
#42=LINE('',#2558,#222);
#43=LINE('',#2560,#223);
#44=LINE('',#2562,#224);
#45=LINE('',#2565,#225);
#46=LINE('',#2568,#226);
#47=LINE('',#2570,#227);
#48=LINE('',#2572,#228);
#49=LINE('',#2575,#229);
#50=LINE('',#2578,#230);
#51=LINE('',#2580,#231);
#52=LINE('',#2582,#232);
#53=LINE('',#2585,#233);
#54=LINE('',#2588,#234);
#55=LINE('',#2590,#235);
#56=LINE('',#2592,#236);
#57=LINE('',#2595,#237);
#58=LINE('',#2598,#238);
#59=LINE('',#2600,#239);
#60=LINE('',#2602,#240);
#61=LINE('',#2605,#241);
#62=LINE('',#2608,#242);
#63=LINE('',#2610,#243);
#64=LINE('',#2612,#244);
#65=LINE('',#2615,#245);
#66=LINE('',#2618,#246);
#67=LINE('',#2620,#247);
#68=LINE('',#2622,#248);
#69=LINE('',#2625,#249);
#70=LINE('',#2628,#250);
#71=LINE('',#2630,#251);
#72=LINE('',#2632,#252);
#73=LINE('',#2635,#253);
#74=LINE('',#2638,#254);
#75=LINE('',#2640,#255);
#76=LINE('',#2642,#256);
#77=LINE('',#2645,#257);
#78=LINE('',#2648,#258);
#79=LINE('',#2650,#259);
#80=LINE('',#2652,#260);
#81=LINE('',#2655,#261);
#82=LINE('',#2658,#262);
#83=LINE('',#2660,#263);
#84=LINE('',#2662,#264);
#85=LINE('',#2665,#265);
#86=LINE('',#2668,#266);
#87=LINE('',#2670,#267);
#88=LINE('',#2672,#268);
#89=LINE('',#2675,#269);
#90=LINE('',#2678,#270);
#91=LINE('',#2680,#271);
#92=LINE('',#2682,#272);
#93=LINE('',#2685,#273);
#94=LINE('',#2688,#274);
#95=LINE('',#2690,#275);
#96=LINE('',#2692,#276);
#97=LINE('',#2695,#277);
#98=LINE('',#2698,#278);
#99=LINE('',#2700,#279);
#100=LINE('',#2702,#280);
#101=LINE('',#2705,#281);
#102=LINE('',#2708,#282);
#103=LINE('',#2710,#283);
#104=LINE('',#2712,#284);
#105=LINE('',#2715,#285);
#106=LINE('',#2718,#286);
#107=LINE('',#2720,#287);
#108=LINE('',#2722,#288);
#109=LINE('',#2725,#289);
#110=LINE('',#2728,#290);
#111=LINE('',#2730,#291);
#112=LINE('',#2732,#292);
#113=LINE('',#2735,#293);
#114=LINE('',#2738,#294);
#115=LINE('',#2740,#295);
#116=LINE('',#2742,#296);
#117=LINE('',#2745,#297);
#118=LINE('',#2748,#298);
#119=LINE('',#2750,#299);
#120=LINE('',#2752,#300);
#121=LINE('',#2755,#301);
#122=LINE('',#2758,#302);
#123=LINE('',#2760,#303);
#124=LINE('',#2762,#304);
#125=LINE('',#2765,#305);
#126=LINE('',#2768,#306);
#127=LINE('',#2770,#307);
#128=LINE('',#2772,#308);
#129=LINE('',#2775,#309);
#130=LINE('',#2778,#310);
#131=LINE('',#2780,#311);
#132=LINE('',#2782,#312);
#133=LINE('',#2785,#313);
#134=LINE('',#2788,#314);
#135=LINE('',#2790,#315);
#136=LINE('',#2792,#316);
#137=LINE('',#2795,#317);
#138=LINE('',#2798,#318);
#139=LINE('',#2800,#319);
#140=LINE('',#2802,#320);
#141=LINE('',#2805,#321);
#142=LINE('',#2808,#322);
#143=LINE('',#2810,#323);
#144=LINE('',#2812,#324);
#145=LINE('',#2815,#325);
#146=LINE('',#2818,#326);
#147=LINE('',#2820,#327);
#148=LINE('',#2822,#328);
#149=LINE('',#2825,#329);
#150=LINE('',#2828,#330);
#151=LINE('',#2830,#331);
#152=LINE('',#2832,#332);
#153=LINE('',#2835,#333);
#154=LINE('',#2838,#334);
#155=LINE('',#2840,#335);
#156=LINE('',#2842,#336);
#157=LINE('',#2845,#337);
#158=LINE('',#2848,#338);
#159=LINE('',#2850,#339);
#160=LINE('',#2852,#340);
#161=LINE('',#2855,#341);
#162=LINE('',#2858,#342);
#163=LINE('',#2860,#343);
#164=LINE('',#2862,#344);
#165=LINE('',#2865,#345);
#166=LINE('',#2868,#346);
#167=LINE('',#2870,#347);
#168=LINE('',#2872,#348);
#169=LINE('',#2875,#349);
#170=LINE('',#2878,#350);
#171=LINE('',#2880,#351);
#172=LINE('',#2882,#352);
#173=LINE('',#2885,#353);
#174=LINE('',#2888,#354);
#175=LINE('',#2890,#355);
#176=LINE('',#2892,#356);
#177=LINE('',#2910,#357);
#178=LINE('',#2914,#358);
#179=LINE('',#2916,#359);
#180=LINE('',#2918,#360);
#181=LINE('',#2920,#361);
#182=LINE('',#2926,#362);
#183=LINE('',#2928,#363);
#184=LINE('',#2929,#364);
#185=LINE('',#2932,#365);
#186=LINE('',#2935,#366);
#187=LINE('',#2937,#367);
#188=LINE('',#2939,#368);
#189=LINE('',#2945,#369);
#190=LINE('',#2947,#370);
#191=LINE('',#2949,#371);
#192=LINE('',#2951,#372);
#193=LINE('',#3071,#373);
#194=LINE('',#3120,#374);
#195=LINE('',#3171,#375);
#196=LINE('',#3220,#376);
#197=VECTOR('',#2071,1.);
#198=VECTOR('',#2072,1.);
#199=VECTOR('',#2073,1.);
#200=VECTOR('',#2074,1.);
#201=VECTOR('',#2079,1.);
#202=VECTOR('',#2080,1.);
#203=VECTOR('',#2081,1.);
#204=VECTOR('',#2082,1.);
#205=VECTOR('',#2087,1.);
#206=VECTOR('',#2088,1.);
#207=VECTOR('',#2089,1.);
#208=VECTOR('',#2090,1.);
#209=VECTOR('',#2095,1.);
#210=VECTOR('',#2096,1.);
#211=VECTOR('',#2097,1.);
#212=VECTOR('',#2098,1.);
#213=VECTOR('',#2103,1.);
#214=VECTOR('',#2104,1.);
#215=VECTOR('',#2105,1.);
#216=VECTOR('',#2106,1.);
#217=VECTOR('',#2111,1.);
#218=VECTOR('',#2112,1.);
#219=VECTOR('',#2113,1.);
#220=VECTOR('',#2114,1.);
#221=VECTOR('',#2119,1.);
#222=VECTOR('',#2120,1.);
#223=VECTOR('',#2121,1.);
#224=VECTOR('',#2122,1.);
#225=VECTOR('',#2127,1.);
#226=VECTOR('',#2128,1.);
#227=VECTOR('',#2129,1.);
#228=VECTOR('',#2130,1.);
#229=VECTOR('',#2135,1.);
#230=VECTOR('',#2136,1.);
#231=VECTOR('',#2137,1.);
#232=VECTOR('',#2138,1.);
#233=VECTOR('',#2143,1.);
#234=VECTOR('',#2144,1.);
#235=VECTOR('',#2145,1.);
#236=VECTOR('',#2146,1.);
#237=VECTOR('',#2151,1.);
#238=VECTOR('',#2152,1.);
#239=VECTOR('',#2153,1.);
#240=VECTOR('',#2154,1.);
#241=VECTOR('',#2159,1.);
#242=VECTOR('',#2160,1.);
#243=VECTOR('',#2161,1.);
#244=VECTOR('',#2162,1.);
#245=VECTOR('',#2167,1.);
#246=VECTOR('',#2168,1.);
#247=VECTOR('',#2169,1.);
#248=VECTOR('',#2170,1.);
#249=VECTOR('',#2175,1.);
#250=VECTOR('',#2176,1.);
#251=VECTOR('',#2177,1.);
#252=VECTOR('',#2178,1.);
#253=VECTOR('',#2183,1.);
#254=VECTOR('',#2184,1.);
#255=VECTOR('',#2185,1.);
#256=VECTOR('',#2186,1.);
#257=VECTOR('',#2191,1.);
#258=VECTOR('',#2192,1.);
#259=VECTOR('',#2193,1.);
#260=VECTOR('',#2194,1.);
#261=VECTOR('',#2199,1.);
#262=VECTOR('',#2200,1.);
#263=VECTOR('',#2201,1.);
#264=VECTOR('',#2202,1.);
#265=VECTOR('',#2207,1.);
#266=VECTOR('',#2208,1.);
#267=VECTOR('',#2209,1.);
#268=VECTOR('',#2210,1.);
#269=VECTOR('',#2215,1.);
#270=VECTOR('',#2216,1.);
#271=VECTOR('',#2217,1.);
#272=VECTOR('',#2218,1.);
#273=VECTOR('',#2223,1.);
#274=VECTOR('',#2224,1.);
#275=VECTOR('',#2225,1.);
#276=VECTOR('',#2226,1.);
#277=VECTOR('',#2231,1.);
#278=VECTOR('',#2232,1.);
#279=VECTOR('',#2233,1.);
#280=VECTOR('',#2234,1.);
#281=VECTOR('',#2239,1.);
#282=VECTOR('',#2240,1.);
#283=VECTOR('',#2241,1.);
#284=VECTOR('',#2242,1.);
#285=VECTOR('',#2247,1.);
#286=VECTOR('',#2248,1.);
#287=VECTOR('',#2249,1.);
#288=VECTOR('',#2250,1.);
#289=VECTOR('',#2255,1.);
#290=VECTOR('',#2256,1.);
#291=VECTOR('',#2257,1.);
#292=VECTOR('',#2258,1.);
#293=VECTOR('',#2263,1.);
#294=VECTOR('',#2264,1.);
#295=VECTOR('',#2265,1.);
#296=VECTOR('',#2266,1.);
#297=VECTOR('',#2271,1.);
#298=VECTOR('',#2272,1.);
#299=VECTOR('',#2273,1.);
#300=VECTOR('',#2274,1.);
#301=VECTOR('',#2279,1.);
#302=VECTOR('',#2280,1.);
#303=VECTOR('',#2281,1.);
#304=VECTOR('',#2282,1.);
#305=VECTOR('',#2287,1.);
#306=VECTOR('',#2288,1.);
#307=VECTOR('',#2289,1.);
#308=VECTOR('',#2290,1.);
#309=VECTOR('',#2295,1.);
#310=VECTOR('',#2296,1.);
#311=VECTOR('',#2297,1.);
#312=VECTOR('',#2298,1.);
#313=VECTOR('',#2303,1.);
#314=VECTOR('',#2304,1.);
#315=VECTOR('',#2305,1.);
#316=VECTOR('',#2306,1.);
#317=VECTOR('',#2311,1.);
#318=VECTOR('',#2312,1.);
#319=VECTOR('',#2313,1.);
#320=VECTOR('',#2314,1.);
#321=VECTOR('',#2319,1.);
#322=VECTOR('',#2320,1.);
#323=VECTOR('',#2321,1.);
#324=VECTOR('',#2322,1.);
#325=VECTOR('',#2327,1.);
#326=VECTOR('',#2328,1.);
#327=VECTOR('',#2329,1.);
#328=VECTOR('',#2330,1.);
#329=VECTOR('',#2335,1.);
#330=VECTOR('',#2336,1.);
#331=VECTOR('',#2337,1.);
#332=VECTOR('',#2338,1.);
#333=VECTOR('',#2343,1.);
#334=VECTOR('',#2344,1.);
#335=VECTOR('',#2345,1.);
#336=VECTOR('',#2346,1.);
#337=VECTOR('',#2351,1.);
#338=VECTOR('',#2352,1.);
#339=VECTOR('',#2353,1.);
#340=VECTOR('',#2354,1.);
#341=VECTOR('',#2359,1.);
#342=VECTOR('',#2360,1.);
#343=VECTOR('',#2361,1.);
#344=VECTOR('',#2362,1.);
#345=VECTOR('',#2367,1.);
#346=VECTOR('',#2368,1.);
#347=VECTOR('',#2369,1.);
#348=VECTOR('',#2370,1.);
#349=VECTOR('',#2375,1.);
#350=VECTOR('',#2376,1.);
#351=VECTOR('',#2377,1.);
#352=VECTOR('',#2378,1.);
#353=VECTOR('',#2383,1.);
#354=VECTOR('',#2384,1.);
#355=VECTOR('',#2385,1.);
#356=VECTOR('',#2386,1.);
#357=VECTOR('',#2409,1.);
#358=VECTOR('',#2412,1.);
#359=VECTOR('',#2415,1.);
#360=VECTOR('',#2416,1.);
#361=VECTOR('',#2417,1.);
#362=VECTOR('',#2424,1.);
#363=VECTOR('',#2427,1.);
#364=VECTOR('',#2428,1.);
#365=VECTOR('',#2433,1.);
#366=VECTOR('',#2434,1.);
#367=VECTOR('',#2435,1.);
#368=VECTOR('',#2436,1.);
#369=VECTOR('',#2443,1.);
#370=VECTOR('',#2446,1.);
#371=VECTOR('',#2447,1.);
#372=VECTOR('',#2448,1.);
#373=VECTOR('',#2467,1.);
#374=VECTOR('',#2468,1.);
#375=VECTOR('',#2473,1.);
#376=VECTOR('',#2474,1.);
#377=PLANE('',#1922);
#378=PLANE('',#1926);
#379=PLANE('',#1930);
#380=PLANE('',#1932);
#381=PLANE('',#1934);
#382=PLANE('',#1936);
#383=PLANE('',#1938);
#384=PLANE('',#1940);
#385=PLANE('',#1942);
#386=PLANE('',#1944);
#387=PLANE('',#1946);
#388=PLANE('',#1948);
#389=PLANE('',#1950);
#390=PLANE('',#1952);
#391=PLANE('',#1954);
#392=PLANE('',#1956);
#393=PLANE('',#1958);
#394=PLANE('',#1960);
#395=PLANE('',#1962);
#396=PLANE('',#1964);
#397=PLANE('',#1966);
#398=PLANE('',#1968);
#399=PLANE('',#1970);
#400=PLANE('',#1972);
#401=PLANE('',#1974);
#402=PLANE('',#1976);
#403=PLANE('',#1978);
#404=PLANE('',#1980);
#405=PLANE('',#1982);
#406=PLANE('',#1984);
#407=PLANE('',#1986);
#408=PLANE('',#1988);
#409=PLANE('',#1990);
#410=PLANE('',#1992);
#411=PLANE('',#1994);
#412=PLANE('',#1996);
#413=PLANE('',#1998);
#414=PLANE('',#2000);
#415=PLANE('',#2002);
#416=PLANE('',#2004);
#417=PLANE('',#2006);
#418=PLANE('',#2008);
#419=PLANE('',#2021);
#420=PLANE('',#2025);
#421=PLANE('',#2027);
#422=PLANE('',#2031);
#423=SHAPE_REPRESENTATION_RELATIONSHIP('','',#1868,#472);
#424=SHAPE_REPRESENTATION_RELATIONSHIP('','',#1869,#473);
#425=SHAPE_REPRESENTATION_RELATIONSHIP('','',#1870,#474);
#426=SHAPE_REPRESENTATION_RELATIONSHIP('','',#1871,#475);
#427=SHAPE_REPRESENTATION_RELATIONSHIP('','',#1872,#476);
#428=SHAPE_REPRESENTATION_RELATIONSHIP('','',#1873,#477);
#429=SHAPE_REPRESENTATION_RELATIONSHIP('','',#1874,#478);
#430=SHAPE_REPRESENTATION_RELATIONSHIP('','',#1875,#479);
#431=SHAPE_REPRESENTATION_RELATIONSHIP('','',#1876,#480);
#432=SHAPE_REPRESENTATION_RELATIONSHIP('','',#1877,#481);
#433=SHAPE_REPRESENTATION_RELATIONSHIP('','',#1878,#482);
#434=SHAPE_REPRESENTATION_RELATIONSHIP('','',#1879,#483);
#435=SHAPE_REPRESENTATION_RELATIONSHIP('','',#1880,#484);
#436=SHAPE_REPRESENTATION_RELATIONSHIP('','',#1881,#485);
#437=SHAPE_REPRESENTATION_RELATIONSHIP('','',#1882,#486);
#438=SHAPE_REPRESENTATION_RELATIONSHIP('','',#1883,#487);
#439=SHAPE_REPRESENTATION_RELATIONSHIP('','',#1884,#488);
#440=SHAPE_REPRESENTATION_RELATIONSHIP('','',#1885,#489);
#441=SHAPE_REPRESENTATION_RELATIONSHIP('','',#1886,#490);
#442=SHAPE_REPRESENTATION_RELATIONSHIP('','',#1887,#491);
#443=SHAPE_REPRESENTATION_RELATIONSHIP('','',#1888,#492);
#444=SHAPE_REPRESENTATION_RELATIONSHIP('','',#1889,#493);
#445=SHAPE_REPRESENTATION_RELATIONSHIP('','',#1890,#494);
#446=SHAPE_REPRESENTATION_RELATIONSHIP('','',#1891,#495);
#447=SHAPE_REPRESENTATION_RELATIONSHIP('','',#1892,#496);
#448=SHAPE_REPRESENTATION_RELATIONSHIP('','',#1893,#497);
#449=SHAPE_REPRESENTATION_RELATIONSHIP('','',#1894,#498);
#450=SHAPE_REPRESENTATION_RELATIONSHIP('','',#1895,#499);
#451=SHAPE_REPRESENTATION_RELATIONSHIP('','',#1896,#500);
#452=SHAPE_REPRESENTATION_RELATIONSHIP('','',#1897,#501);
#453=SHAPE_REPRESENTATION_RELATIONSHIP('','',#1898,#502);
#454=SHAPE_REPRESENTATION_RELATIONSHIP('','',#1899,#503);
#455=SHAPE_REPRESENTATION_RELATIONSHIP('','',#1900,#504);
#456=SHAPE_REPRESENTATION_RELATIONSHIP('','',#1901,#505);
#457=SHAPE_REPRESENTATION_RELATIONSHIP('','',#1902,#506);
#458=SHAPE_REPRESENTATION_RELATIONSHIP('','',#1903,#507);
#459=SHAPE_REPRESENTATION_RELATIONSHIP('','',#1904,#508);
#460=SHAPE_REPRESENTATION_RELATIONSHIP('','',#1905,#509);
#461=SHAPE_REPRESENTATION_RELATIONSHIP('','',#1906,#510);
#462=SHAPE_REPRESENTATION_RELATIONSHIP('','',#1907,#511);
#463=SHAPE_REPRESENTATION_RELATIONSHIP('','',#1908,#512);
#464=SHAPE_REPRESENTATION_RELATIONSHIP('','',#1909,#513);
#465=SHAPE_REPRESENTATION_RELATIONSHIP('','',#1910,#514);
#466=SHAPE_REPRESENTATION_RELATIONSHIP('','',#1911,#515);
#467=SHAPE_REPRESENTATION_RELATIONSHIP('','',#1912,#516);
#468=SHAPE_REPRESENTATION_RELATIONSHIP('','',#1913,#517);
#469=SHAPE_REPRESENTATION_RELATIONSHIP('','',#1914,#518);
#470=SHAPE_REPRESENTATION_RELATIONSHIP('','',#1915,#519);
#471=SHAPE_REPRESENTATION_RELATIONSHIP('','',#1916,#520);
#472=MANIFOLD_SURFACE_SHAPE_REPRESENTATION('',(#1770),#3421);
#473=MANIFOLD_SURFACE_SHAPE_REPRESENTATION('',(#1771),#3422);
#474=MANIFOLD_SURFACE_SHAPE_REPRESENTATION('',(#1772),#3423);
#475=MANIFOLD_SURFACE_SHAPE_REPRESENTATION('',(#1773),#3424);
#476=MANIFOLD_SURFACE_SHAPE_REPRESENTATION('',(#1774),#3425);
#477=MANIFOLD_SURFACE_SHAPE_REPRESENTATION('',(#1775),#3426);
#478=MANIFOLD_SURFACE_SHAPE_REPRESENTATION('',(#1776),#3427);
#479=MANIFOLD_SURFACE_SHAPE_REPRESENTATION('',(#1777),#3428);
#480=MANIFOLD_SURFACE_SHAPE_REPRESENTATION('',(#1778),#3429);
#481=MANIFOLD_SURFACE_SHAPE_REPRESENTATION('',(#1779),#3430);
#482=MANIFOLD_SURFACE_SHAPE_REPRESENTATION('',(#1780),#3431);
#483=MANIFOLD_SURFACE_SHAPE_REPRESENTATION('',(#1781),#3432);
#484=MANIFOLD_SURFACE_SHAPE_REPRESENTATION('',(#1782),#3433);
#485=MANIFOLD_SURFACE_SHAPE_REPRESENTATION('',(#1783),#3434);
#486=MANIFOLD_SURFACE_SHAPE_REPRESENTATION('',(#1784),#3435);
#487=MANIFOLD_SURFACE_SHAPE_REPRESENTATION('',(#1785),#3436);
#488=MANIFOLD_SURFACE_SHAPE_REPRESENTATION('',(#1786),#3437);
#489=MANIFOLD_SURFACE_SHAPE_REPRESENTATION('',(#1787),#3438);
#490=MANIFOLD_SURFACE_SHAPE_REPRESENTATION('',(#1788),#3439);
#491=MANIFOLD_SURFACE_SHAPE_REPRESENTATION('',(#1789),#3440);
#492=MANIFOLD_SURFACE_SHAPE_REPRESENTATION('',(#1790),#3441);
#493=MANIFOLD_SURFACE_SHAPE_REPRESENTATION('',(#1791),#3442);
#494=MANIFOLD_SURFACE_SHAPE_REPRESENTATION('',(#1792),#3443);
#495=MANIFOLD_SURFACE_SHAPE_REPRESENTATION('',(#1793),#3444);
#496=MANIFOLD_SURFACE_SHAPE_REPRESENTATION('',(#1794),#3445);
#497=MANIFOLD_SURFACE_SHAPE_REPRESENTATION('',(#1795),#3446);
#498=MANIFOLD_SURFACE_SHAPE_REPRESENTATION('',(#1796),#3447);
#499=MANIFOLD_SURFACE_SHAPE_REPRESENTATION('',(#1797),#3448);
#500=MANIFOLD_SURFACE_SHAPE_REPRESENTATION('',(#1798),#3449);
#501=MANIFOLD_SURFACE_SHAPE_REPRESENTATION('',(#1799),#3450);
#502=MANIFOLD_SURFACE_SHAPE_REPRESENTATION('',(#1800),#3451);
#503=MANIFOLD_SURFACE_SHAPE_REPRESENTATION('',(#1801),#3452);
#504=MANIFOLD_SURFACE_SHAPE_REPRESENTATION('',(#1802),#3453);
#505=MANIFOLD_SURFACE_SHAPE_REPRESENTATION('',(#1803),#3454);
#506=MANIFOLD_SURFACE_SHAPE_REPRESENTATION('',(#1804),#3455);
#507=MANIFOLD_SURFACE_SHAPE_REPRESENTATION('',(#1805),#3456);
#508=MANIFOLD_SURFACE_SHAPE_REPRESENTATION('',(#1806),#3457);
#509=MANIFOLD_SURFACE_SHAPE_REPRESENTATION('',(#1807),#3458);
#510=MANIFOLD_SURFACE_SHAPE_REPRESENTATION('',(#1808),#3459);
#511=MANIFOLD_SURFACE_SHAPE_REPRESENTATION('',(#1809),#3460);
#512=MANIFOLD_SURFACE_SHAPE_REPRESENTATION('',(#1810),#3461);
#513=MANIFOLD_SURFACE_SHAPE_REPRESENTATION('',(#1811),#3462);
#514=MANIFOLD_SURFACE_SHAPE_REPRESENTATION('',(#1812),#3463);
#515=MANIFOLD_SURFACE_SHAPE_REPRESENTATION('',(#1813),#3464);
#516=MANIFOLD_SURFACE_SHAPE_REPRESENTATION('',(#1814),#3465);
#517=MANIFOLD_SURFACE_SHAPE_REPRESENTATION('',(#1815),#3466);
#518=MANIFOLD_SURFACE_SHAPE_REPRESENTATION('',(#1816),#3467);
#519=MANIFOLD_SURFACE_SHAPE_REPRESENTATION('',(#1817),#3468);
#520=MANIFOLD_SURFACE_SHAPE_REPRESENTATION('',(#1818),#3469);
#521=ORIENTED_EDGE('',*,*,#737,.T.);
#522=ORIENTED_EDGE('',*,*,#738,.T.);
#523=ORIENTED_EDGE('',*,*,#739,.T.);
#524=ORIENTED_EDGE('',*,*,#740,.F.);
#525=ORIENTED_EDGE('',*,*,#741,.T.);
#526=ORIENTED_EDGE('',*,*,#742,.F.);
#527=ORIENTED_EDGE('',*,*,#743,.F.);
#528=ORIENTED_EDGE('',*,*,#744,.F.);
#529=ORIENTED_EDGE('',*,*,#745,.F.);
#530=ORIENTED_EDGE('',*,*,#746,.F.);
#531=ORIENTED_EDGE('',*,*,#747,.F.);
#532=ORIENTED_EDGE('',*,*,#748,.F.);
#533=ORIENTED_EDGE('',*,*,#749,.F.);
#534=ORIENTED_EDGE('',*,*,#750,.F.);
#535=ORIENTED_EDGE('',*,*,#751,.F.);
#536=ORIENTED_EDGE('',*,*,#752,.F.);
#537=ORIENTED_EDGE('',*,*,#753,.F.);
#538=ORIENTED_EDGE('',*,*,#754,.F.);
#539=ORIENTED_EDGE('',*,*,#755,.F.);
#540=ORIENTED_EDGE('',*,*,#756,.F.);
#541=ORIENTED_EDGE('',*,*,#757,.F.);
#542=ORIENTED_EDGE('',*,*,#758,.F.);
#543=ORIENTED_EDGE('',*,*,#759,.F.);
#544=ORIENTED_EDGE('',*,*,#760,.F.);
#545=ORIENTED_EDGE('',*,*,#761,.F.);
#546=ORIENTED_EDGE('',*,*,#762,.F.);
#547=ORIENTED_EDGE('',*,*,#763,.F.);
#548=ORIENTED_EDGE('',*,*,#764,.F.);
#549=ORIENTED_EDGE('',*,*,#765,.F.);
#550=ORIENTED_EDGE('',*,*,#766,.F.);
#551=ORIENTED_EDGE('',*,*,#767,.F.);
#552=ORIENTED_EDGE('',*,*,#768,.F.);
#553=ORIENTED_EDGE('',*,*,#769,.F.);
#554=ORIENTED_EDGE('',*,*,#770,.F.);
#555=ORIENTED_EDGE('',*,*,#771,.F.);
#556=ORIENTED_EDGE('',*,*,#772,.F.);
#557=ORIENTED_EDGE('',*,*,#773,.F.);
#558=ORIENTED_EDGE('',*,*,#774,.F.);
#559=ORIENTED_EDGE('',*,*,#775,.F.);
#560=ORIENTED_EDGE('',*,*,#776,.F.);
#561=ORIENTED_EDGE('',*,*,#777,.F.);
#562=ORIENTED_EDGE('',*,*,#778,.F.);
#563=ORIENTED_EDGE('',*,*,#779,.F.);
#564=ORIENTED_EDGE('',*,*,#780,.F.);
#565=ORIENTED_EDGE('',*,*,#781,.F.);
#566=ORIENTED_EDGE('',*,*,#782,.F.);
#567=ORIENTED_EDGE('',*,*,#783,.F.);
#568=ORIENTED_EDGE('',*,*,#784,.F.);
#569=ORIENTED_EDGE('',*,*,#785,.F.);
#570=ORIENTED_EDGE('',*,*,#786,.F.);
#571=ORIENTED_EDGE('',*,*,#787,.F.);
#572=ORIENTED_EDGE('',*,*,#788,.F.);
#573=ORIENTED_EDGE('',*,*,#789,.F.);
#574=ORIENTED_EDGE('',*,*,#790,.F.);
#575=ORIENTED_EDGE('',*,*,#791,.F.);
#576=ORIENTED_EDGE('',*,*,#792,.F.);
#577=ORIENTED_EDGE('',*,*,#793,.F.);
#578=ORIENTED_EDGE('',*,*,#794,.F.);
#579=ORIENTED_EDGE('',*,*,#795,.F.);
#580=ORIENTED_EDGE('',*,*,#796,.F.);
#581=ORIENTED_EDGE('',*,*,#797,.F.);
#582=ORIENTED_EDGE('',*,*,#798,.F.);
#583=ORIENTED_EDGE('',*,*,#799,.F.);
#584=ORIENTED_EDGE('',*,*,#800,.F.);
#585=ORIENTED_EDGE('',*,*,#801,.F.);
#586=ORIENTED_EDGE('',*,*,#802,.F.);
#587=ORIENTED_EDGE('',*,*,#803,.F.);
#588=ORIENTED_EDGE('',*,*,#804,.F.);
#589=ORIENTED_EDGE('',*,*,#805,.F.);
#590=ORIENTED_EDGE('',*,*,#806,.F.);
#591=ORIENTED_EDGE('',*,*,#807,.F.);
#592=ORIENTED_EDGE('',*,*,#808,.F.);
#593=ORIENTED_EDGE('',*,*,#809,.F.);
#594=ORIENTED_EDGE('',*,*,#810,.F.);
#595=ORIENTED_EDGE('',*,*,#811,.F.);
#596=ORIENTED_EDGE('',*,*,#812,.F.);
#597=ORIENTED_EDGE('',*,*,#813,.F.);
#598=ORIENTED_EDGE('',*,*,#814,.F.);
#599=ORIENTED_EDGE('',*,*,#815,.F.);
#600=ORIENTED_EDGE('',*,*,#816,.F.);
#601=ORIENTED_EDGE('',*,*,#817,.F.);
#602=ORIENTED_EDGE('',*,*,#818,.F.);
#603=ORIENTED_EDGE('',*,*,#819,.F.);
#604=ORIENTED_EDGE('',*,*,#820,.F.);
#605=ORIENTED_EDGE('',*,*,#821,.F.);
#606=ORIENTED_EDGE('',*,*,#822,.F.);
#607=ORIENTED_EDGE('',*,*,#823,.F.);
#608=ORIENTED_EDGE('',*,*,#824,.F.);
#609=ORIENTED_EDGE('',*,*,#825,.F.);
#610=ORIENTED_EDGE('',*,*,#826,.F.);
#611=ORIENTED_EDGE('',*,*,#827,.F.);
#612=ORIENTED_EDGE('',*,*,#828,.F.);
#613=ORIENTED_EDGE('',*,*,#829,.F.);
#614=ORIENTED_EDGE('',*,*,#830,.F.);
#615=ORIENTED_EDGE('',*,*,#831,.F.);
#616=ORIENTED_EDGE('',*,*,#832,.F.);
#617=ORIENTED_EDGE('',*,*,#833,.F.);
#618=ORIENTED_EDGE('',*,*,#834,.F.);
#619=ORIENTED_EDGE('',*,*,#835,.F.);
#620=ORIENTED_EDGE('',*,*,#836,.F.);
#621=ORIENTED_EDGE('',*,*,#837,.F.);
#622=ORIENTED_EDGE('',*,*,#838,.F.);
#623=ORIENTED_EDGE('',*,*,#839,.F.);
#624=ORIENTED_EDGE('',*,*,#840,.F.);
#625=ORIENTED_EDGE('',*,*,#841,.F.);
#626=ORIENTED_EDGE('',*,*,#842,.F.);
#627=ORIENTED_EDGE('',*,*,#843,.F.);
#628=ORIENTED_EDGE('',*,*,#844,.F.);
#629=ORIENTED_EDGE('',*,*,#845,.F.);
#630=ORIENTED_EDGE('',*,*,#846,.F.);
#631=ORIENTED_EDGE('',*,*,#847,.F.);
#632=ORIENTED_EDGE('',*,*,#848,.F.);
#633=ORIENTED_EDGE('',*,*,#849,.F.);
#634=ORIENTED_EDGE('',*,*,#850,.F.);
#635=ORIENTED_EDGE('',*,*,#851,.F.);
#636=ORIENTED_EDGE('',*,*,#852,.F.);
#637=ORIENTED_EDGE('',*,*,#853,.F.);
#638=ORIENTED_EDGE('',*,*,#854,.F.);
#639=ORIENTED_EDGE('',*,*,#855,.F.);
#640=ORIENTED_EDGE('',*,*,#856,.F.);
#641=ORIENTED_EDGE('',*,*,#857,.F.);
#642=ORIENTED_EDGE('',*,*,#858,.F.);
#643=ORIENTED_EDGE('',*,*,#859,.F.);
#644=ORIENTED_EDGE('',*,*,#860,.F.);
#645=ORIENTED_EDGE('',*,*,#861,.F.);
#646=ORIENTED_EDGE('',*,*,#862,.F.);
#647=ORIENTED_EDGE('',*,*,#863,.F.);
#648=ORIENTED_EDGE('',*,*,#864,.F.);
#649=ORIENTED_EDGE('',*,*,#865,.F.);
#650=ORIENTED_EDGE('',*,*,#866,.F.);
#651=ORIENTED_EDGE('',*,*,#867,.F.);
#652=ORIENTED_EDGE('',*,*,#868,.F.);
#653=ORIENTED_EDGE('',*,*,#869,.F.);
#654=ORIENTED_EDGE('',*,*,#870,.F.);
#655=ORIENTED_EDGE('',*,*,#871,.F.);
#656=ORIENTED_EDGE('',*,*,#872,.F.);
#657=ORIENTED_EDGE('',*,*,#873,.F.);
#658=ORIENTED_EDGE('',*,*,#874,.F.);
#659=ORIENTED_EDGE('',*,*,#875,.F.);
#660=ORIENTED_EDGE('',*,*,#876,.F.);
#661=ORIENTED_EDGE('',*,*,#877,.F.);
#662=ORIENTED_EDGE('',*,*,#878,.F.);
#663=ORIENTED_EDGE('',*,*,#879,.F.);
#664=ORIENTED_EDGE('',*,*,#880,.F.);
#665=ORIENTED_EDGE('',*,*,#881,.F.);
#666=ORIENTED_EDGE('',*,*,#882,.F.);
#667=ORIENTED_EDGE('',*,*,#883,.F.);
#668=ORIENTED_EDGE('',*,*,#884,.F.);
#669=ORIENTED_EDGE('',*,*,#885,.F.);
#670=ORIENTED_EDGE('',*,*,#886,.F.);
#671=ORIENTED_EDGE('',*,*,#887,.F.);
#672=ORIENTED_EDGE('',*,*,#888,.F.);
#673=ORIENTED_EDGE('',*,*,#889,.F.);
#674=ORIENTED_EDGE('',*,*,#890,.F.);
#675=ORIENTED_EDGE('',*,*,#891,.F.);
#676=ORIENTED_EDGE('',*,*,#892,.F.);
#677=ORIENTED_EDGE('',*,*,#893,.F.);
#678=ORIENTED_EDGE('',*,*,#894,.F.);
#679=ORIENTED_EDGE('',*,*,#895,.F.);
#680=ORIENTED_EDGE('',*,*,#896,.F.);
#681=ORIENTED_EDGE('',*,*,#897,.F.);
#682=ORIENTED_EDGE('',*,*,#898,.F.);
#683=ORIENTED_EDGE('',*,*,#899,.F.);
#684=ORIENTED_EDGE('',*,*,#900,.F.);
#685=ORIENTED_EDGE('',*,*,#901,.F.);
#686=ORIENTED_EDGE('',*,*,#902,.F.);
#687=ORIENTED_EDGE('',*,*,#903,.T.);
#688=ORIENTED_EDGE('',*,*,#904,.T.);
#689=ORIENTED_EDGE('',*,*,#905,.T.);
#690=ORIENTED_EDGE('',*,*,#906,.F.);
#691=ORIENTED_EDGE('',*,*,#907,.F.);
#692=ORIENTED_EDGE('',*,*,#908,.F.);
#693=ORIENTED_EDGE('',*,*,#909,.T.);
#694=ORIENTED_EDGE('',*,*,#910,.T.);
#695=ORIENTED_EDGE('',*,*,#911,.F.);
#696=ORIENTED_EDGE('',*,*,#910,.F.);
#697=ORIENTED_EDGE('',*,*,#912,.T.);
#698=ORIENTED_EDGE('',*,*,#913,.T.);
#699=ORIENTED_EDGE('',*,*,#914,.F.);
#700=ORIENTED_EDGE('',*,*,#913,.F.);
#701=ORIENTED_EDGE('',*,*,#915,.T.);
#702=ORIENTED_EDGE('',*,*,#916,.T.);
#703=ORIENTED_EDGE('',*,*,#917,.F.);
#704=ORIENTED_EDGE('',*,*,#916,.F.);
#705=ORIENTED_EDGE('',*,*,#918,.T.);
#706=ORIENTED_EDGE('',*,*,#908,.T.);
#707=ORIENTED_EDGE('',*,*,#919,.F.);
#708=ORIENTED_EDGE('',*,*,#920,.F.);
#709=ORIENTED_EDGE('',*,*,#921,.T.);
#710=ORIENTED_EDGE('',*,*,#922,.T.);
#711=ORIENTED_EDGE('',*,*,#923,.F.);
#712=ORIENTED_EDGE('',*,*,#922,.F.);
#713=ORIENTED_EDGE('',*,*,#924,.T.);
#714=ORIENTED_EDGE('',*,*,#925,.T.);
#715=ORIENTED_EDGE('',*,*,#926,.F.);
#716=ORIENTED_EDGE('',*,*,#925,.F.);
#717=ORIENTED_EDGE('',*,*,#927,.T.);
#718=ORIENTED_EDGE('',*,*,#928,.T.);
#719=ORIENTED_EDGE('',*,*,#929,.F.);
#720=ORIENTED_EDGE('',*,*,#928,.F.);
#721=ORIENTED_EDGE('',*,*,#930,.T.);
#722=ORIENTED_EDGE('',*,*,#920,.T.);
#723=ORIENTED_EDGE('',*,*,#931,.T.);
#724=ORIENTED_EDGE('',*,*,#932,.T.);
#725=ORIENTED_EDGE('',*,*,#933,.T.);
#726=ORIENTED_EDGE('',*,*,#934,.F.);
#727=ORIENTED_EDGE('',*,*,#935,.F.);
#728=ORIENTED_EDGE('',*,*,#936,.F.);
#729=ORIENTED_EDGE('',*,*,#937,.F.);
#730=ORIENTED_EDGE('',*,*,#938,.F.);
#731=ORIENTED_EDGE('',*,*,#939,.T.);
#732=ORIENTED_EDGE('',*,*,#940,.T.);
#733=ORIENTED_EDGE('',*,*,#941,.T.);
#734=ORIENTED_EDGE('',*,*,#942,.T.);
#735=ORIENTED_EDGE('',*,*,#943,.T.);
#736=ORIENTED_EDGE('',*,*,#944,.T.);
#737=EDGE_CURVE('',#945,#945,#1145,.T.);
#738=EDGE_CURVE('',#946,#946,#1146,.T.);
#739=EDGE_CURVE('',#947,#947,#1147,.T.);
#740=EDGE_CURVE('',#948,#948,#1148,.T.);
#741=EDGE_CURVE('',#949,#949,#1149,.T.);
#742=EDGE_CURVE('',#950,#950,#1150,.T.);
#743=EDGE_CURVE('',#951,#952,#17,.F.);
#744=EDGE_CURVE('',#953,#951,#18,.T.);
#745=EDGE_CURVE('',#954,#953,#19,.T.);
#746=EDGE_CURVE('',#952,#954,#20,.F.);
#747=EDGE_CURVE('',#955,#956,#21,.F.);
#748=EDGE_CURVE('',#957,#955,#22,.T.);
#749=EDGE_CURVE('',#958,#957,#23,.T.);
#750=EDGE_CURVE('',#956,#958,#24,.F.);
#751=EDGE_CURVE('',#959,#960,#25,.F.);
#752=EDGE_CURVE('',#961,#959,#26,.T.);
#753=EDGE_CURVE('',#962,#961,#27,.T.);
#754=EDGE_CURVE('',#960,#962,#28,.F.);
#755=EDGE_CURVE('',#963,#964,#29,.F.);
#756=EDGE_CURVE('',#965,#963,#30,.T.);
#757=EDGE_CURVE('',#966,#965,#31,.T.);
#758=EDGE_CURVE('',#964,#966,#32,.F.);
#759=EDGE_CURVE('',#967,#968,#33,.F.);
#760=EDGE_CURVE('',#969,#967,#34,.T.);
#761=EDGE_CURVE('',#970,#969,#35,.T.);
#762=EDGE_CURVE('',#968,#970,#36,.F.);
#763=EDGE_CURVE('',#971,#972,#37,.F.);
#764=EDGE_CURVE('',#973,#971,#38,.T.);
#765=EDGE_CURVE('',#974,#973,#39,.T.);
#766=EDGE_CURVE('',#972,#974,#40,.F.);
#767=EDGE_CURVE('',#975,#976,#41,.F.);
#768=EDGE_CURVE('',#977,#975,#42,.T.);
#769=EDGE_CURVE('',#978,#977,#43,.T.);
#770=EDGE_CURVE('',#976,#978,#44,.F.);
#771=EDGE_CURVE('',#979,#980,#45,.F.);
#772=EDGE_CURVE('',#981,#979,#46,.T.);
#773=EDGE_CURVE('',#982,#981,#47,.T.);
#774=EDGE_CURVE('',#980,#982,#48,.F.);
#775=EDGE_CURVE('',#983,#984,#49,.F.);
#776=EDGE_CURVE('',#985,#983,#50,.T.);
#777=EDGE_CURVE('',#986,#985,#51,.T.);
#778=EDGE_CURVE('',#984,#986,#52,.F.);
#779=EDGE_CURVE('',#987,#988,#53,.F.);
#780=EDGE_CURVE('',#989,#987,#54,.T.);
#781=EDGE_CURVE('',#990,#989,#55,.T.);
#782=EDGE_CURVE('',#988,#990,#56,.F.);
#783=EDGE_CURVE('',#991,#992,#57,.F.);
#784=EDGE_CURVE('',#993,#991,#58,.T.);
#785=EDGE_CURVE('',#994,#993,#59,.T.);
#786=EDGE_CURVE('',#992,#994,#60,.F.);
#787=EDGE_CURVE('',#995,#996,#61,.F.);
#788=EDGE_CURVE('',#997,#995,#62,.T.);
#789=EDGE_CURVE('',#998,#997,#63,.T.);
#790=EDGE_CURVE('',#996,#998,#64,.F.);
#791=EDGE_CURVE('',#999,#1000,#65,.F.);
#792=EDGE_CURVE('',#1001,#999,#66,.T.);
#793=EDGE_CURVE('',#1002,#1001,#67,.T.);
#794=EDGE_CURVE('',#1000,#1002,#68,.F.);
#795=EDGE_CURVE('',#1003,#1004,#69,.F.);
#796=EDGE_CURVE('',#1005,#1003,#70,.T.);
#797=EDGE_CURVE('',#1006,#1005,#71,.T.);
#798=EDGE_CURVE('',#1004,#1006,#72,.F.);
#799=EDGE_CURVE('',#1007,#1008,#73,.F.);
#800=EDGE_CURVE('',#1009,#1007,#74,.T.);
#801=EDGE_CURVE('',#1010,#1009,#75,.T.);
#802=EDGE_CURVE('',#1008,#1010,#76,.F.);
#803=EDGE_CURVE('',#1011,#1012,#77,.F.);
#804=EDGE_CURVE('',#1013,#1011,#78,.T.);
#805=EDGE_CURVE('',#1014,#1013,#79,.T.);
#806=EDGE_CURVE('',#1012,#1014,#80,.F.);
#807=EDGE_CURVE('',#1015,#1016,#81,.F.);
#808=EDGE_CURVE('',#1017,#1015,#82,.T.);
#809=EDGE_CURVE('',#1018,#1017,#83,.T.);
#810=EDGE_CURVE('',#1016,#1018,#84,.F.);
#811=EDGE_CURVE('',#1019,#1020,#85,.F.);
#812=EDGE_CURVE('',#1021,#1019,#86,.T.);
#813=EDGE_CURVE('',#1022,#1021,#87,.T.);
#814=EDGE_CURVE('',#1020,#1022,#88,.F.);
#815=EDGE_CURVE('',#1023,#1024,#89,.F.);
#816=EDGE_CURVE('',#1025,#1023,#90,.T.);
#817=EDGE_CURVE('',#1026,#1025,#91,.T.);
#818=EDGE_CURVE('',#1024,#1026,#92,.F.);
#819=EDGE_CURVE('',#1027,#1028,#93,.F.);
#820=EDGE_CURVE('',#1029,#1027,#94,.T.);
#821=EDGE_CURVE('',#1030,#1029,#95,.T.);
#822=EDGE_CURVE('',#1028,#1030,#96,.F.);
#823=EDGE_CURVE('',#1031,#1032,#97,.F.);
#824=EDGE_CURVE('',#1033,#1031,#98,.T.);
#825=EDGE_CURVE('',#1034,#1033,#99,.T.);
#826=EDGE_CURVE('',#1032,#1034,#100,.F.);
#827=EDGE_CURVE('',#1035,#1036,#101,.F.);
#828=EDGE_CURVE('',#1037,#1035,#102,.T.);
#829=EDGE_CURVE('',#1038,#1037,#103,.T.);
#830=EDGE_CURVE('',#1036,#1038,#104,.F.);
#831=EDGE_CURVE('',#1039,#1040,#105,.F.);
#832=EDGE_CURVE('',#1041,#1039,#106,.T.);
#833=EDGE_CURVE('',#1042,#1041,#107,.T.);
#834=EDGE_CURVE('',#1040,#1042,#108,.F.);
#835=EDGE_CURVE('',#1043,#1044,#109,.F.);
#836=EDGE_CURVE('',#1045,#1043,#110,.T.);
#837=EDGE_CURVE('',#1046,#1045,#111,.T.);
#838=EDGE_CURVE('',#1044,#1046,#112,.F.);
#839=EDGE_CURVE('',#1047,#1048,#113,.F.);
#840=EDGE_CURVE('',#1049,#1047,#114,.T.);
#841=EDGE_CURVE('',#1050,#1049,#115,.T.);
#842=EDGE_CURVE('',#1048,#1050,#116,.F.);
#843=EDGE_CURVE('',#1051,#1052,#117,.F.);
#844=EDGE_CURVE('',#1053,#1051,#118,.T.);
#845=EDGE_CURVE('',#1054,#1053,#119,.T.);
#846=EDGE_CURVE('',#1052,#1054,#120,.F.);
#847=EDGE_CURVE('',#1055,#1056,#121,.F.);
#848=EDGE_CURVE('',#1057,#1055,#122,.T.);
#849=EDGE_CURVE('',#1058,#1057,#123,.T.);
#850=EDGE_CURVE('',#1056,#1058,#124,.F.);
#851=EDGE_CURVE('',#1059,#1060,#125,.F.);
#852=EDGE_CURVE('',#1061,#1059,#126,.T.);
#853=EDGE_CURVE('',#1062,#1061,#127,.T.);
#854=EDGE_CURVE('',#1060,#1062,#128,.F.);
#855=EDGE_CURVE('',#1063,#1064,#129,.F.);
#856=EDGE_CURVE('',#1065,#1063,#130,.T.);
#857=EDGE_CURVE('',#1066,#1065,#131,.T.);
#858=EDGE_CURVE('',#1064,#1066,#132,.F.);
#859=EDGE_CURVE('',#1067,#1068,#133,.F.);
#860=EDGE_CURVE('',#1069,#1067,#134,.T.);
#861=EDGE_CURVE('',#1070,#1069,#135,.T.);
#862=EDGE_CURVE('',#1068,#1070,#136,.F.);
#863=EDGE_CURVE('',#1071,#1072,#137,.F.);
#864=EDGE_CURVE('',#1073,#1071,#138,.T.);
#865=EDGE_CURVE('',#1074,#1073,#139,.T.);
#866=EDGE_CURVE('',#1072,#1074,#140,.F.);
#867=EDGE_CURVE('',#1075,#1076,#141,.F.);
#868=EDGE_CURVE('',#1077,#1075,#142,.T.);
#869=EDGE_CURVE('',#1078,#1077,#143,.T.);
#870=EDGE_CURVE('',#1076,#1078,#144,.F.);
#871=EDGE_CURVE('',#1079,#1080,#145,.F.);
#872=EDGE_CURVE('',#1081,#1079,#146,.T.);
#873=EDGE_CURVE('',#1082,#1081,#147,.T.);
#874=EDGE_CURVE('',#1080,#1082,#148,.F.);
#875=EDGE_CURVE('',#1083,#1084,#149,.F.);
#876=EDGE_CURVE('',#1085,#1083,#150,.T.);
#877=EDGE_CURVE('',#1086,#1085,#151,.T.);
#878=EDGE_CURVE('',#1084,#1086,#152,.F.);
#879=EDGE_CURVE('',#1087,#1088,#153,.F.);
#880=EDGE_CURVE('',#1089,#1087,#154,.T.);
#881=EDGE_CURVE('',#1090,#1089,#155,.T.);
#882=EDGE_CURVE('',#1088,#1090,#156,.F.);
#883=EDGE_CURVE('',#1091,#1092,#157,.F.);
#884=EDGE_CURVE('',#1093,#1091,#158,.T.);
#885=EDGE_CURVE('',#1094,#1093,#159,.T.);
#886=EDGE_CURVE('',#1092,#1094,#160,.F.);
#887=EDGE_CURVE('',#1095,#1096,#161,.F.);
#888=EDGE_CURVE('',#1097,#1095,#162,.T.);
#889=EDGE_CURVE('',#1098,#1097,#163,.T.);
#890=EDGE_CURVE('',#1096,#1098,#164,.F.);
#891=EDGE_CURVE('',#1099,#1100,#165,.F.);
#892=EDGE_CURVE('',#1101,#1099,#166,.T.);
#893=EDGE_CURVE('',#1102,#1101,#167,.T.);
#894=EDGE_CURVE('',#1100,#1102,#168,.F.);
#895=EDGE_CURVE('',#1103,#1104,#169,.F.);
#896=EDGE_CURVE('',#1105,#1103,#170,.T.);
#897=EDGE_CURVE('',#1106,#1105,#171,.T.);
#898=EDGE_CURVE('',#1104,#1106,#172,.F.);
#899=EDGE_CURVE('',#1107,#1108,#173,.F.);
#900=EDGE_CURVE('',#1109,#1107,#174,.T.);
#901=EDGE_CURVE('',#1110,#1109,#175,.T.);
#902=EDGE_CURVE('',#1108,#1110,#176,.F.);
#903=EDGE_CURVE('',#1111,#1111,#1151,.T.);
#904=EDGE_CURVE('',#1112,#1112,#1152,.T.);
#905=EDGE_CURVE('',#1113,#1113,#1153,.T.);
#906=EDGE_CURVE('',#1114,#1114,#1154,.T.);
#907=EDGE_CURVE('',#1115,#1116,#1155,.T.);
#908=EDGE_CURVE('',#1117,#1115,#177,.T.);
#909=EDGE_CURVE('',#1117,#1118,#1156,.T.);
#910=EDGE_CURVE('',#1118,#1116,#178,.T.);
#911=EDGE_CURVE('',#1116,#1119,#179,.T.);
#912=EDGE_CURVE('',#1118,#1120,#180,.T.);
#913=EDGE_CURVE('',#1120,#1119,#181,.T.);
#914=EDGE_CURVE('',#1119,#1121,#1157,.T.);
#915=EDGE_CURVE('',#1120,#1122,#1158,.T.);
#916=EDGE_CURVE('',#1122,#1121,#182,.T.);
#917=EDGE_CURVE('',#1121,#1115,#183,.F.);
#918=EDGE_CURVE('',#1122,#1117,#184,.F.);
#919=EDGE_CURVE('',#1123,#1124,#185,.T.);
#920=EDGE_CURVE('',#1125,#1123,#186,.T.);
#921=EDGE_CURVE('',#1125,#1126,#187,.T.);
#922=EDGE_CURVE('',#1126,#1124,#188,.T.);
#923=EDGE_CURVE('',#1124,#1127,#1159,.F.);
#924=EDGE_CURVE('',#1126,#1128,#1160,.F.);
#925=EDGE_CURVE('',#1128,#1127,#189,.T.);
#926=EDGE_CURVE('',#1127,#1129,#190,.F.);
#927=EDGE_CURVE('',#1128,#1130,#191,.F.);
#928=EDGE_CURVE('',#1130,#1129,#192,.T.);
#929=EDGE_CURVE('',#1129,#1123,#1161,.F.);
#930=EDGE_CURVE('',#1130,#1125,#1162,.F.);
#931=EDGE_CURVE('',#1131,#1131,#1163,.T.);
#932=EDGE_CURVE('',#1132,#1132,#1164,.F.);
#933=EDGE_CURVE('',#1133,#1133,#10,.T.);
#934=EDGE_CURVE('',#1134,#1135,#193,.F.);
#935=EDGE_CURVE('',#1136,#1134,#11,.T.);
#936=EDGE_CURVE('',#1137,#1136,#194,.T.);
#937=EDGE_CURVE('',#1135,#1137,#12,.T.);
#938=EDGE_CURVE('',#1138,#1138,#1165,.F.);
#939=EDGE_CURVE('',#1139,#1139,#1166,.T.);
#940=EDGE_CURVE('',#1140,#1141,#195,.T.);
#941=EDGE_CURVE('',#1141,#1142,#13,.T.);
#942=EDGE_CURVE('',#1142,#1143,#196,.F.);
#943=EDGE_CURVE('',#1143,#1140,#14,.T.);
#944=EDGE_CURVE('',#1144,#1144,#15,.T.);
#945=VERTEX_POINT('',#2478);
#946=VERTEX_POINT('',#2480);
#947=VERTEX_POINT('',#2484);
#948=VERTEX_POINT('',#2486);
#949=VERTEX_POINT('',#2490);
#950=VERTEX_POINT('',#2492);
#951=VERTEX_POINT('',#2496);
#952=VERTEX_POINT('',#2497);
#953=VERTEX_POINT('',#2499);
#954=VERTEX_POINT('',#2501);
#955=VERTEX_POINT('',#2506);
#956=VERTEX_POINT('',#2507);
#957=VERTEX_POINT('',#2509);
#958=VERTEX_POINT('',#2511);
#959=VERTEX_POINT('',#2516);
#960=VERTEX_POINT('',#2517);
#961=VERTEX_POINT('',#2519);
#962=VERTEX_POINT('',#2521);
#963=VERTEX_POINT('',#2526);
#964=VERTEX_POINT('',#2527);
#965=VERTEX_POINT('',#2529);
#966=VERTEX_POINT('',#2531);
#967=VERTEX_POINT('',#2536);
#968=VERTEX_POINT('',#2537);
#969=VERTEX_POINT('',#2539);
#970=VERTEX_POINT('',#2541);
#971=VERTEX_POINT('',#2546);
#972=VERTEX_POINT('',#2547);
#973=VERTEX_POINT('',#2549);
#974=VERTEX_POINT('',#2551);
#975=VERTEX_POINT('',#2556);
#976=VERTEX_POINT('',#2557);
#977=VERTEX_POINT('',#2559);
#978=VERTEX_POINT('',#2561);
#979=VERTEX_POINT('',#2566);
#980=VERTEX_POINT('',#2567);
#981=VERTEX_POINT('',#2569);
#982=VERTEX_POINT('',#2571);
#983=VERTEX_POINT('',#2576);
#984=VERTEX_POINT('',#2577);
#985=VERTEX_POINT('',#2579);
#986=VERTEX_POINT('',#2581);
#987=VERTEX_POINT('',#2586);
#988=VERTEX_POINT('',#2587);
#989=VERTEX_POINT('',#2589);
#990=VERTEX_POINT('',#2591);
#991=VERTEX_POINT('',#2596);
#992=VERTEX_POINT('',#2597);
#993=VERTEX_POINT('',#2599);
#994=VERTEX_POINT('',#2601);
#995=VERTEX_POINT('',#2606);
#996=VERTEX_POINT('',#2607);
#997=VERTEX_POINT('',#2609);
#998=VERTEX_POINT('',#2611);
#999=VERTEX_POINT('',#2616);
#1000=VERTEX_POINT('',#2617);
#1001=VERTEX_POINT('',#2619);
#1002=VERTEX_POINT('',#2621);
#1003=VERTEX_POINT('',#2626);
#1004=VERTEX_POINT('',#2627);
#1005=VERTEX_POINT('',#2629);
#1006=VERTEX_POINT('',#2631);
#1007=VERTEX_POINT('',#2636);
#1008=VERTEX_POINT('',#2637);
#1009=VERTEX_POINT('',#2639);
#1010=VERTEX_POINT('',#2641);
#1011=VERTEX_POINT('',#2646);
#1012=VERTEX_POINT('',#2647);
#1013=VERTEX_POINT('',#2649);
#1014=VERTEX_POINT('',#2651);
#1015=VERTEX_POINT('',#2656);
#1016=VERTEX_POINT('',#2657);
#1017=VERTEX_POINT('',#2659);
#1018=VERTEX_POINT('',#2661);
#1019=VERTEX_POINT('',#2666);
#1020=VERTEX_POINT('',#2667);
#1021=VERTEX_POINT('',#2669);
#1022=VERTEX_POINT('',#2671);
#1023=VERTEX_POINT('',#2676);
#1024=VERTEX_POINT('',#2677);
#1025=VERTEX_POINT('',#2679);
#1026=VERTEX_POINT('',#2681);
#1027=VERTEX_POINT('',#2686);
#1028=VERTEX_POINT('',#2687);
#1029=VERTEX_POINT('',#2689);
#1030=VERTEX_POINT('',#2691);
#1031=VERTEX_POINT('',#2696);
#1032=VERTEX_POINT('',#2697);
#1033=VERTEX_POINT('',#2699);
#1034=VERTEX_POINT('',#2701);
#1035=VERTEX_POINT('',#2706);
#1036=VERTEX_POINT('',#2707);
#1037=VERTEX_POINT('',#2709);
#1038=VERTEX_POINT('',#2711);
#1039=VERTEX_POINT('',#2716);
#1040=VERTEX_POINT('',#2717);
#1041=VERTEX_POINT('',#2719);
#1042=VERTEX_POINT('',#2721);
#1043=VERTEX_POINT('',#2726);
#1044=VERTEX_POINT('',#2727);
#1045=VERTEX_POINT('',#2729);
#1046=VERTEX_POINT('',#2731);
#1047=VERTEX_POINT('',#2736);
#1048=VERTEX_POINT('',#2737);
#1049=VERTEX_POINT('',#2739);
#1050=VERTEX_POINT('',#2741);
#1051=VERTEX_POINT('',#2746);
#1052=VERTEX_POINT('',#2747);
#1053=VERTEX_POINT('',#2749);
#1054=VERTEX_POINT('',#2751);
#1055=VERTEX_POINT('',#2756);
#1056=VERTEX_POINT('',#2757);
#1057=VERTEX_POINT('',#2759);
#1058=VERTEX_POINT('',#2761);
#1059=VERTEX_POINT('',#2766);
#1060=VERTEX_POINT('',#2767);
#1061=VERTEX_POINT('',#2769);
#1062=VERTEX_POINT('',#2771);
#1063=VERTEX_POINT('',#2776);
#1064=VERTEX_POINT('',#2777);
#1065=VERTEX_POINT('',#2779);
#1066=VERTEX_POINT('',#2781);
#1067=VERTEX_POINT('',#2786);
#1068=VERTEX_POINT('',#2787);
#1069=VERTEX_POINT('',#2789);
#1070=VERTEX_POINT('',#2791);
#1071=VERTEX_POINT('',#2796);
#1072=VERTEX_POINT('',#2797);
#1073=VERTEX_POINT('',#2799);
#1074=VERTEX_POINT('',#2801);
#1075=VERTEX_POINT('',#2806);
#1076=VERTEX_POINT('',#2807);
#1077=VERTEX_POINT('',#2809);
#1078=VERTEX_POINT('',#2811);
#1079=VERTEX_POINT('',#2816);
#1080=VERTEX_POINT('',#2817);
#1081=VERTEX_POINT('',#2819);
#1082=VERTEX_POINT('',#2821);
#1083=VERTEX_POINT('',#2826);
#1084=VERTEX_POINT('',#2827);
#1085=VERTEX_POINT('',#2829);
#1086=VERTEX_POINT('',#2831);
#1087=VERTEX_POINT('',#2836);
#1088=VERTEX_POINT('',#2837);
#1089=VERTEX_POINT('',#2839);
#1090=VERTEX_POINT('',#2841);
#1091=VERTEX_POINT('',#2846);
#1092=VERTEX_POINT('',#2847);
#1093=VERTEX_POINT('',#2849);
#1094=VERTEX_POINT('',#2851);
#1095=VERTEX_POINT('',#2856);
#1096=VERTEX_POINT('',#2857);
#1097=VERTEX_POINT('',#2859);
#1098=VERTEX_POINT('',#2861);
#1099=VERTEX_POINT('',#2866);
#1100=VERTEX_POINT('',#2867);
#1101=VERTEX_POINT('',#2869);
#1102=VERTEX_POINT('',#2871);
#1103=VERTEX_POINT('',#2876);
#1104=VERTEX_POINT('',#2877);
#1105=VERTEX_POINT('',#2879);
#1106=VERTEX_POINT('',#2881);
#1107=VERTEX_POINT('',#2886);
#1108=VERTEX_POINT('',#2887);
#1109=VERTEX_POINT('',#2889);
#1110=VERTEX_POINT('',#2891);
#1111=VERTEX_POINT('',#2896);
#1112=VERTEX_POINT('',#2898);
#1113=VERTEX_POINT('',#2902);
#1114=VERTEX_POINT('',#2904);
#1115=VERTEX_POINT('',#2908);
#1116=VERTEX_POINT('',#2909);
#1117=VERTEX_POINT('',#2911);
#1118=VERTEX_POINT('',#2913);
#1119=VERTEX_POINT('',#2917);
#1120=VERTEX_POINT('',#2919);
#1121=VERTEX_POINT('',#2923);
#1122=VERTEX_POINT('',#2925);
#1123=VERTEX_POINT('',#2933);
#1124=VERTEX_POINT('',#2934);
#1125=VERTEX_POINT('',#2936);
#1126=VERTEX_POINT('',#2938);
#1127=VERTEX_POINT('',#2942);
#1128=VERTEX_POINT('',#2944);
#1129=VERTEX_POINT('',#2948);
#1130=VERTEX_POINT('',#2950);
#1131=VERTEX_POINT('',#2958);
#1132=VERTEX_POINT('',#2960);
#1133=VERTEX_POINT('',#3070);
#1134=VERTEX_POINT('',#3072);
#1135=VERTEX_POINT('',#3073);
#1136=VERTEX_POINT('',#3119);
#1137=VERTEX_POINT('',#3121);
#1138=VERTEX_POINT('',#3168);
#1139=VERTEX_POINT('',#3170);
#1140=VERTEX_POINT('',#3172);
#1141=VERTEX_POINT('',#3173);
#1142=VERTEX_POINT('',#3219);
#1143=VERTEX_POINT('',#3221);
#1144=VERTEX_POINT('',#3371);
#1145=CIRCLE('',#1919,1.6175);
#1146=CIRCLE('',#1920,1.6175);
#1147=CIRCLE('',#1923,1.6175);
#1148=CIRCLE('',#1924,1.78);
#1149=CIRCLE('',#1927,1.4);
#1150=CIRCLE('',#1928,1.78);
#1151=CIRCLE('',#2011,0.33);
#1152=CIRCLE('',#2012,0.33);
#1153=CIRCLE('',#2015,0.35);
#1154=CIRCLE('',#2016,0.35);
#1155=CIRCLE('',#2019,0.275);
#1156=CIRCLE('',#2020,0.275);
#1157=CIRCLE('',#2023,0.275);
#1158=CIRCLE('',#2024,0.275);
#1159=CIRCLE('',#2029,0.275);
#1160=CIRCLE('',#2030,0.275);
#1161=CIRCLE('',#2033,0.275);
#1162=CIRCLE('',#2034,0.275);
#1163=CIRCLE('',#2037,1.6175);
#1164=CIRCLE('',#2038,1.6175);
#1165=CIRCLE('',#2041,1.6175);
#1166=CIRCLE('',#2042,1.6175);
#1167=EDGE_LOOP('',(#521));
#1168=EDGE_LOOP('',(#522));
#1169=EDGE_LOOP('',(#523));
#1170=EDGE_LOOP('',(#524));
#1171=EDGE_LOOP('',(#525));
#1172=EDGE_LOOP('',(#526));
#1173=EDGE_LOOP('',(#527,#528,#529,#530));
#1174=EDGE_LOOP('',(#531,#532,#533,#534));
#1175=EDGE_LOOP('',(#535,#536,#537,#538));
#1176=EDGE_LOOP('',(#539,#540,#541,#542));
#1177=EDGE_LOOP('',(#543,#544,#545,#546));
#1178=EDGE_LOOP('',(#547,#548,#549,#550));
#1179=EDGE_LOOP('',(#551,#552,#553,#554));
#1180=EDGE_LOOP('',(#555,#556,#557,#558));
#1181=EDGE_LOOP('',(#559,#560,#561,#562));
#1182=EDGE_LOOP('',(#563,#564,#565,#566));
#1183=EDGE_LOOP('',(#567,#568,#569,#570));
#1184=EDGE_LOOP('',(#571,#572,#573,#574));
#1185=EDGE_LOOP('',(#575,#576,#577,#578));
#1186=EDGE_LOOP('',(#579,#580,#581,#582));
#1187=EDGE_LOOP('',(#583,#584,#585,#586));
#1188=EDGE_LOOP('',(#587,#588,#589,#590));
#1189=EDGE_LOOP('',(#591,#592,#593,#594));
#1190=EDGE_LOOP('',(#595,#596,#597,#598));
#1191=EDGE_LOOP('',(#599,#600,#601,#602));
#1192=EDGE_LOOP('',(#603,#604,#605,#606));
#1193=EDGE_LOOP('',(#607,#608,#609,#610));
#1194=EDGE_LOOP('',(#611,#612,#613,#614));
#1195=EDGE_LOOP('',(#615,#616,#617,#618));
#1196=EDGE_LOOP('',(#619,#620,#621,#622));
#1197=EDGE_LOOP('',(#623,#624,#625,#626));
#1198=EDGE_LOOP('',(#627,#628,#629,#630));
#1199=EDGE_LOOP('',(#631,#632,#633,#634));
#1200=EDGE_LOOP('',(#635,#636,#637,#638));
#1201=EDGE_LOOP('',(#639,#640,#641,#642));
#1202=EDGE_LOOP('',(#643,#644,#645,#646));
#1203=EDGE_LOOP('',(#647,#648,#649,#650));
#1204=EDGE_LOOP('',(#651,#652,#653,#654));
#1205=EDGE_LOOP('',(#655,#656,#657,#658));
#1206=EDGE_LOOP('',(#659,#660,#661,#662));
#1207=EDGE_LOOP('',(#663,#664,#665,#666));
#1208=EDGE_LOOP('',(#667,#668,#669,#670));
#1209=EDGE_LOOP('',(#671,#672,#673,#674));
#1210=EDGE_LOOP('',(#675,#676,#677,#678));
#1211=EDGE_LOOP('',(#679,#680,#681,#682));
#1212=EDGE_LOOP('',(#683,#684,#685,#686));
#1213=EDGE_LOOP('',(#687));
#1214=EDGE_LOOP('',(#688));
#1215=EDGE_LOOP('',(#689));
#1216=EDGE_LOOP('',(#690));
#1217=EDGE_LOOP('',(#691,#692,#693,#694));
#1218=EDGE_LOOP('',(#695,#696,#697,#698));
#1219=EDGE_LOOP('',(#699,#700,#701,#702));
#1220=EDGE_LOOP('',(#703,#704,#705,#706));
#1221=EDGE_LOOP('',(#707,#708,#709,#710));
#1222=EDGE_LOOP('',(#711,#712,#713,#714));
#1223=EDGE_LOOP('',(#715,#716,#717,#718));
#1224=EDGE_LOOP('',(#719,#720,#721,#722));
#1225=EDGE_LOOP('',(#723));
#1226=EDGE_LOOP('',(#724));
#1227=EDGE_LOOP('',(#725));
#1228=EDGE_LOOP('',(#726,#727,#728,#729));
#1229=EDGE_LOOP('',(#730));
#1230=EDGE_LOOP('',(#731));
#1231=EDGE_LOOP('',(#732,#733,#734,#735));
#1232=EDGE_LOOP('',(#736));
#1233=FACE_BOUND('',#1167,.T.);
#1234=FACE_BOUND('',#1168,.T.);
#1235=FACE_BOUND('',#1169,.T.);
#1236=FACE_BOUND('',#1170,.T.);
#1237=FACE_BOUND('',#1171,.T.);
#1238=FACE_BOUND('',#1172,.T.);
#1239=FACE_BOUND('',#1173,.T.);
#1240=FACE_BOUND('',#1174,.T.);
#1241=FACE_BOUND('',#1175,.T.);
#1242=FACE_BOUND('',#1176,.T.);
#1243=FACE_BOUND('',#1177,.T.);
#1244=FACE_BOUND('',#1178,.T.);
#1245=FACE_BOUND('',#1179,.T.);
#1246=FACE_BOUND('',#1180,.T.);
#1247=FACE_BOUND('',#1181,.T.);
#1248=FACE_BOUND('',#1182,.T.);
#1249=FACE_BOUND('',#1183,.T.);
#1250=FACE_BOUND('',#1184,.T.);
#1251=FACE_BOUND('',#1185,.T.);
#1252=FACE_BOUND('',#1186,.T.);
#1253=FACE_BOUND('',#1187,.T.);
#1254=FACE_BOUND('',#1188,.T.);
#1255=FACE_BOUND('',#1189,.T.);
#1256=FACE_BOUND('',#1190,.T.);
#1257=FACE_BOUND('',#1191,.T.);
#1258=FACE_BOUND('',#1192,.T.);
#1259=FACE_BOUND('',#1193,.T.);
#1260=FACE_BOUND('',#1194,.T.);
#1261=FACE_BOUND('',#1195,.T.);
#1262=FACE_BOUND('',#1196,.T.);
#1263=FACE_BOUND('',#1197,.T.);
#1264=FACE_BOUND('',#1198,.T.);
#1265=FACE_BOUND('',#1199,.T.);
#1266=FACE_BOUND('',#1200,.T.);
#1267=FACE_BOUND('',#1201,.T.);
#1268=FACE_BOUND('',#1202,.T.);
#1269=FACE_BOUND('',#1203,.T.);
#1270=FACE_BOUND('',#1204,.T.);
#1271=FACE_BOUND('',#1205,.T.);
#1272=FACE_BOUND('',#1206,.T.);
#1273=FACE_BOUND('',#1207,.T.);
#1274=FACE_BOUND('',#1208,.T.);
#1275=FACE_BOUND('',#1209,.T.);
#1276=FACE_BOUND('',#1210,.T.);
#1277=FACE_BOUND('',#1211,.T.);
#1278=FACE_BOUND('',#1212,.T.);
#1279=FACE_BOUND('',#1213,.T.);
#1280=FACE_BOUND('',#1214,.T.);
#1281=FACE_BOUND('',#1215,.T.);
#1282=FACE_BOUND('',#1216,.T.);
#1283=FACE_BOUND('',#1217,.T.);
#1284=FACE_BOUND('',#1218,.T.);
#1285=FACE_BOUND('',#1219,.T.);
#1286=FACE_BOUND('',#1220,.T.);
#1287=FACE_BOUND('',#1221,.T.);
#1288=FACE_BOUND('',#1222,.T.);
#1289=FACE_BOUND('',#1223,.T.);
#1290=FACE_BOUND('',#1224,.T.);
#1291=FACE_BOUND('',#1225,.T.);
#1292=FACE_BOUND('',#1226,.T.);
#1293=FACE_BOUND('',#1227,.T.);
#1294=FACE_BOUND('',#1228,.T.);
#1295=FACE_BOUND('',#1229,.T.);
#1296=FACE_BOUND('',#1230,.T.);
#1297=FACE_BOUND('',#1231,.T.);
#1298=FACE_BOUND('',#1232,.T.);
#1299=CYLINDRICAL_SURFACE('',#1918,1.6175);
#1300=CYLINDRICAL_SURFACE('',#2010,0.33);
#1301=CYLINDRICAL_SURFACE('',#2014,0.35);
#1302=CYLINDRICAL_SURFACE('',#2018,0.275);
#1303=CYLINDRICAL_SURFACE('',#2022,0.275);
#1304=CYLINDRICAL_SURFACE('',#2028,0.275);
#1305=CYLINDRICAL_SURFACE('',#2032,0.275);
#1306=CYLINDRICAL_SURFACE('',#2036,1.6175);
#1307=CYLINDRICAL_SURFACE('',#2040,1.6175);
#1308=ADVANCED_FACE('',(#1233,#1234),#1299,.F.);
#1309=ADVANCED_FACE('',(#1235,#1236),#377,.T.);
#1310=ADVANCED_FACE('',(#1237,#1238),#378,.T.);
#1311=ADVANCED_FACE('',(#1239),#379,.T.);
#1312=ADVANCED_FACE('',(#1240),#380,.T.);
#1313=ADVANCED_FACE('',(#1241),#381,.T.);
#1314=ADVANCED_FACE('',(#1242),#382,.T.);
#1315=ADVANCED_FACE('',(#1243),#383,.T.);
#1316=ADVANCED_FACE('',(#1244),#384,.T.);
#1317=ADVANCED_FACE('',(#1245),#385,.T.);
#1318=ADVANCED_FACE('',(#1246),#386,.T.);
#1319=ADVANCED_FACE('',(#1247),#387,.T.);
#1320=ADVANCED_FACE('',(#1248),#388,.T.);
#1321=ADVANCED_FACE('',(#1249),#389,.T.);
#1322=ADVANCED_FACE('',(#1250),#390,.T.);
#1323=ADVANCED_FACE('',(#1251),#391,.T.);
#1324=ADVANCED_FACE('',(#1252),#392,.T.);
#1325=ADVANCED_FACE('',(#1253),#393,.T.);
#1326=ADVANCED_FACE('',(#1254),#394,.T.);
#1327=ADVANCED_FACE('',(#1255),#395,.T.);
#1328=ADVANCED_FACE('',(#1256),#396,.T.);
#1329=ADVANCED_FACE('',(#1257),#397,.T.);
#1330=ADVANCED_FACE('',(#1258),#398,.T.);
#1331=ADVANCED_FACE('',(#1259),#399,.T.);
#1332=ADVANCED_FACE('',(#1260),#400,.T.);
#1333=ADVANCED_FACE('',(#1261),#401,.T.);
#1334=ADVANCED_FACE('',(#1262),#402,.T.);
#1335=ADVANCED_FACE('',(#1263),#403,.T.);
#1336=ADVANCED_FACE('',(#1264),#404,.T.);
#1337=ADVANCED_FACE('',(#1265),#405,.T.);
#1338=ADVANCED_FACE('',(#1266),#406,.T.);
#1339=ADVANCED_FACE('',(#1267),#407,.T.);
#1340=ADVANCED_FACE('',(#1268),#408,.T.);
#1341=ADVANCED_FACE('',(#1269),#409,.T.);
#1342=ADVANCED_FACE('',(#1270),#410,.T.);
#1343=ADVANCED_FACE('',(#1271),#411,.T.);
#1344=ADVANCED_FACE('',(#1272),#412,.T.);
#1345=ADVANCED_FACE('',(#1273),#413,.T.);
#1346=ADVANCED_FACE('',(#1274),#414,.T.);
#1347=ADVANCED_FACE('',(#1275),#415,.T.);
#1348=ADVANCED_FACE('',(#1276),#416,.T.);
#1349=ADVANCED_FACE('',(#1277),#417,.T.);
#1350=ADVANCED_FACE('',(#1278),#418,.T.);
#1351=ADVANCED_FACE('',(#1279,#1280),#1300,.F.);
#1352=ADVANCED_FACE('',(#1281,#1282),#1301,.F.);
#1353=ADVANCED_FACE('',(#1283),#1302,.F.);
#1354=ADVANCED_FACE('',(#1284),#419,.T.);
#1355=ADVANCED_FACE('',(#1285),#1303,.F.);
#1356=ADVANCED_FACE('',(#1286),#420,.T.);
#1357=ADVANCED_FACE('',(#1287),#421,.T.);
#1358=ADVANCED_FACE('',(#1288),#1304,.T.);
#1359=ADVANCED_FACE('',(#1289),#422,.T.);
#1360=ADVANCED_FACE('',(#1290),#1305,.T.);
#1361=ADVANCED_FACE('Face appearance 1',(#1291,#1292),#1306,.T.);
#1362=ADVANCED_FACE('',(#1293,#1294,#1295,#1296,#1297,#1298),#1307,.T.);
#1363=OPEN_SHELL('',(#1308));
#1364=OPEN_SHELL('',(#1309));
#1365=OPEN_SHELL('',(#1310));
#1366=OPEN_SHELL('',(#1311));
#1367=OPEN_SHELL('',(#1312));
#1368=OPEN_SHELL('',(#1313));
#1369=OPEN_SHELL('',(#1314));
#1370=OPEN_SHELL('',(#1315));
#1371=OPEN_SHELL('',(#1316));
#1372=OPEN_SHELL('',(#1317));
#1373=OPEN_SHELL('',(#1318));
#1374=OPEN_SHELL('',(#1319));
#1375=OPEN_SHELL('',(#1320));
#1376=OPEN_SHELL('',(#1321));
#1377=OPEN_SHELL('',(#1322));
#1378=OPEN_SHELL('',(#1323));
#1379=OPEN_SHELL('',(#1324));
#1380=OPEN_SHELL('',(#1325));
#1381=OPEN_SHELL('',(#1326));
#1382=OPEN_SHELL('',(#1327));
#1383=OPEN_SHELL('',(#1328));
#1384=OPEN_SHELL('',(#1329));
#1385=OPEN_SHELL('',(#1330));
#1386=OPEN_SHELL('',(#1331));
#1387=OPEN_SHELL('',(#1332));
#1388=OPEN_SHELL('',(#1333));
#1389=OPEN_SHELL('',(#1334));
#1390=OPEN_SHELL('',(#1335));
#1391=OPEN_SHELL('',(#1336));
#1392=OPEN_SHELL('',(#1337));
#1393=OPEN_SHELL('',(#1338));
#1394=OPEN_SHELL('',(#1339));
#1395=OPEN_SHELL('',(#1340));
#1396=OPEN_SHELL('',(#1341));
#1397=OPEN_SHELL('',(#1342));
#1398=OPEN_SHELL('',(#1343));
#1399=OPEN_SHELL('',(#1344));
#1400=OPEN_SHELL('',(#1345));
#1401=OPEN_SHELL('',(#1346));
#1402=OPEN_SHELL('',(#1347));
#1403=OPEN_SHELL('',(#1348));
#1404=OPEN_SHELL('',(#1349));
#1405=OPEN_SHELL('',(#1350));
#1406=OPEN_SHELL('',(#1351));
#1407=OPEN_SHELL('',(#1352));
#1408=OPEN_SHELL('',(#1353,#1354,#1355,#1356));
#1409=OPEN_SHELL('',(#1357,#1358,#1359,#1360));
#1410=OPEN_SHELL('',(#1361));
#1411=OPEN_SHELL('',(#1362));
#1412=STYLED_ITEM('',(#1461),#1770);
#1413=STYLED_ITEM('',(#1462),#1771);
#1414=STYLED_ITEM('',(#1463),#1772);
#1415=STYLED_ITEM('',(#1464),#1773);
#1416=STYLED_ITEM('',(#1465),#1774);
#1417=STYLED_ITEM('',(#1466),#1775);
#1418=STYLED_ITEM('',(#1467),#1776);
#1419=STYLED_ITEM('',(#1468),#1777);
#1420=STYLED_ITEM('',(#1469),#1778);
#1421=STYLED_ITEM('',(#1470),#1779);
#1422=STYLED_ITEM('',(#1471),#1780);
#1423=STYLED_ITEM('',(#1472),#1781);
#1424=STYLED_ITEM('',(#1473),#1782);
#1425=STYLED_ITEM('',(#1474),#1783);
#1426=STYLED_ITEM('',(#1475),#1784);
#1427=STYLED_ITEM('',(#1476),#1785);
#1428=STYLED_ITEM('',(#1477),#1786);
#1429=STYLED_ITEM('',(#1478),#1787);
#1430=STYLED_ITEM('',(#1479),#1788);
#1431=STYLED_ITEM('',(#1480),#1789);
#1432=STYLED_ITEM('',(#1481),#1790);
#1433=STYLED_ITEM('',(#1482),#1791);
#1434=STYLED_ITEM('',(#1483),#1792);
#1435=STYLED_ITEM('',(#1484),#1793);
#1436=STYLED_ITEM('',(#1485),#1794);
#1437=STYLED_ITEM('',(#1486),#1795);
#1438=STYLED_ITEM('',(#1487),#1796);
#1439=STYLED_ITEM('',(#1488),#1797);
#1440=STYLED_ITEM('',(#1489),#1798);
#1441=STYLED_ITEM('',(#1490),#1799);
#1442=STYLED_ITEM('',(#1491),#1800);
#1443=STYLED_ITEM('',(#1492),#1801);
#1444=STYLED_ITEM('',(#1493),#1802);
#1445=STYLED_ITEM('',(#1494),#1803);
#1446=STYLED_ITEM('',(#1495),#1804);
#1447=STYLED_ITEM('',(#1496),#1805);
#1448=STYLED_ITEM('',(#1497),#1806);
#1449=STYLED_ITEM('',(#1498),#1807);
#1450=STYLED_ITEM('',(#1499),#1808);
#1451=STYLED_ITEM('',(#1500),#1809);
#1452=STYLED_ITEM('',(#1501),#1810);
#1453=STYLED_ITEM('',(#1502),#1811);
#1454=STYLED_ITEM('',(#1503),#1812);
#1455=STYLED_ITEM('',(#1504),#1813);
#1456=STYLED_ITEM('',(#1505),#1814);
#1457=STYLED_ITEM('',(#1506),#1815);
#1458=STYLED_ITEM('',(#1507),#1816);
#1459=STYLED_ITEM('',(#1508),#1817);
#1460=STYLED_ITEM('',(#1510),#1818);
#1461=PRESENTATION_STYLE_ASSIGNMENT((#1511));
#1462=PRESENTATION_STYLE_ASSIGNMENT((#1512));
#1463=PRESENTATION_STYLE_ASSIGNMENT((#1513));
#1464=PRESENTATION_STYLE_ASSIGNMENT((#1514));
#1465=PRESENTATION_STYLE_ASSIGNMENT((#1515));
#1466=PRESENTATION_STYLE_ASSIGNMENT((#1516));
#1467=PRESENTATION_STYLE_ASSIGNMENT((#1517));
#1468=PRESENTATION_STYLE_ASSIGNMENT((#1518));
#1469=PRESENTATION_STYLE_ASSIGNMENT((#1519));
#1470=PRESENTATION_STYLE_ASSIGNMENT((#1520));
#1471=PRESENTATION_STYLE_ASSIGNMENT((#1521));
#1472=PRESENTATION_STYLE_ASSIGNMENT((#1522));
#1473=PRESENTATION_STYLE_ASSIGNMENT((#1523));
#1474=PRESENTATION_STYLE_ASSIGNMENT((#1524));
#1475=PRESENTATION_STYLE_ASSIGNMENT((#1525));
#1476=PRESENTATION_STYLE_ASSIGNMENT((#1526));
#1477=PRESENTATION_STYLE_ASSIGNMENT((#1527));
#1478=PRESENTATION_STYLE_ASSIGNMENT((#1528));
#1479=PRESENTATION_STYLE_ASSIGNMENT((#1529));
#1480=PRESENTATION_STYLE_ASSIGNMENT((#1530));
#1481=PRESENTATION_STYLE_ASSIGNMENT((#1531));
#1482=PRESENTATION_STYLE_ASSIGNMENT((#1532));
#1483=PRESENTATION_STYLE_ASSIGNMENT((#1533));
#1484=PRESENTATION_STYLE_ASSIGNMENT((#1534));
#1485=PRESENTATION_STYLE_ASSIGNMENT((#1535));
#1486=PRESENTATION_STYLE_ASSIGNMENT((#1536));
#1487=PRESENTATION_STYLE_ASSIGNMENT((#1537));
#1488=PRESENTATION_STYLE_ASSIGNMENT((#1538));
#1489=PRESENTATION_STYLE_ASSIGNMENT((#1539));
#1490=PRESENTATION_STYLE_ASSIGNMENT((#1540));
#1491=PRESENTATION_STYLE_ASSIGNMENT((#1541));
#1492=PRESENTATION_STYLE_ASSIGNMENT((#1542));
#1493=PRESENTATION_STYLE_ASSIGNMENT((#1543));
#1494=PRESENTATION_STYLE_ASSIGNMENT((#1544));
#1495=PRESENTATION_STYLE_ASSIGNMENT((#1545));
#1496=PRESENTATION_STYLE_ASSIGNMENT((#1546));
#1497=PRESENTATION_STYLE_ASSIGNMENT((#1547));
#1498=PRESENTATION_STYLE_ASSIGNMENT((#1548));
#1499=PRESENTATION_STYLE_ASSIGNMENT((#1549));
#1500=PRESENTATION_STYLE_ASSIGNMENT((#1550));
#1501=PRESENTATION_STYLE_ASSIGNMENT((#1551));
#1502=PRESENTATION_STYLE_ASSIGNMENT((#1552));
#1503=PRESENTATION_STYLE_ASSIGNMENT((#1553));
#1504=PRESENTATION_STYLE_ASSIGNMENT((#1554));
#1505=PRESENTATION_STYLE_ASSIGNMENT((#1555));
#1506=PRESENTATION_STYLE_ASSIGNMENT((#1556));
#1507=PRESENTATION_STYLE_ASSIGNMENT((#1557));
#1508=PRESENTATION_STYLE_ASSIGNMENT((#1558));
#1509=PRESENTATION_STYLE_ASSIGNMENT((#1559));
#1510=PRESENTATION_STYLE_ASSIGNMENT((#1560));
#1511=SURFACE_STYLE_USAGE(.BOTH.,#1561);
#1512=SURFACE_STYLE_USAGE(.BOTH.,#1562);
#1513=SURFACE_STYLE_USAGE(.BOTH.,#1563);
#1514=SURFACE_STYLE_USAGE(.BOTH.,#1564);
#1515=SURFACE_STYLE_USAGE(.BOTH.,#1565);
#1516=SURFACE_STYLE_USAGE(.BOTH.,#1566);
#1517=SURFACE_STYLE_USAGE(.BOTH.,#1567);
#1518=SURFACE_STYLE_USAGE(.BOTH.,#1568);
#1519=SURFACE_STYLE_USAGE(.BOTH.,#1569);
#1520=SURFACE_STYLE_USAGE(.BOTH.,#1570);
#1521=SURFACE_STYLE_USAGE(.BOTH.,#1571);
#1522=SURFACE_STYLE_USAGE(.BOTH.,#1572);
#1523=SURFACE_STYLE_USAGE(.BOTH.,#1573);
#1524=SURFACE_STYLE_USAGE(.BOTH.,#1574);
#1525=SURFACE_STYLE_USAGE(.BOTH.,#1575);
#1526=SURFACE_STYLE_USAGE(.BOTH.,#1576);
#1527=SURFACE_STYLE_USAGE(.BOTH.,#1577);
#1528=SURFACE_STYLE_USAGE(.BOTH.,#1578);
#1529=SURFACE_STYLE_USAGE(.BOTH.,#1579);
#1530=SURFACE_STYLE_USAGE(.BOTH.,#1580);
#1531=SURFACE_STYLE_USAGE(.BOTH.,#1581);
#1532=SURFACE_STYLE_USAGE(.BOTH.,#1582);
#1533=SURFACE_STYLE_USAGE(.BOTH.,#1583);
#1534=SURFACE_STYLE_USAGE(.BOTH.,#1584);
#1535=SURFACE_STYLE_USAGE(.BOTH.,#1585);
#1536=SURFACE_STYLE_USAGE(.BOTH.,#1586);
#1537=SURFACE_STYLE_USAGE(.BOTH.,#1587);
#1538=SURFACE_STYLE_USAGE(.BOTH.,#1588);
#1539=SURFACE_STYLE_USAGE(.BOTH.,#1589);
#1540=SURFACE_STYLE_USAGE(.BOTH.,#1590);
#1541=SURFACE_STYLE_USAGE(.BOTH.,#1591);
#1542=SURFACE_STYLE_USAGE(.BOTH.,#1592);
#1543=SURFACE_STYLE_USAGE(.BOTH.,#1593);
#1544=SURFACE_STYLE_USAGE(.BOTH.,#1594);
#1545=SURFACE_STYLE_USAGE(.BOTH.,#1595);
#1546=SURFACE_STYLE_USAGE(.BOTH.,#1596);
#1547=SURFACE_STYLE_USAGE(.BOTH.,#1597);
#1548=SURFACE_STYLE_USAGE(.BOTH.,#1598);
#1549=SURFACE_STYLE_USAGE(.BOTH.,#1599);
#1550=SURFACE_STYLE_USAGE(.BOTH.,#1600);
#1551=SURFACE_STYLE_USAGE(.BOTH.,#1601);
#1552=SURFACE_STYLE_USAGE(.BOTH.,#1602);
#1553=SURFACE_STYLE_USAGE(.BOTH.,#1603);
#1554=SURFACE_STYLE_USAGE(.BOTH.,#1604);
#1555=SURFACE_STYLE_USAGE(.BOTH.,#1605);
#1556=SURFACE_STYLE_USAGE(.BOTH.,#1606);
#1557=SURFACE_STYLE_USAGE(.BOTH.,#1607);
#1558=SURFACE_STYLE_USAGE(.BOTH.,#1608);
#1559=SURFACE_STYLE_USAGE(.BOTH.,#1609);
#1560=SURFACE_STYLE_USAGE(.BOTH.,#1610);
#1561=SURFACE_SIDE_STYLE('',(#1611));
#1562=SURFACE_SIDE_STYLE('',(#1612));
#1563=SURFACE_SIDE_STYLE('',(#1613));
#1564=SURFACE_SIDE_STYLE('',(#1614));
#1565=SURFACE_SIDE_STYLE('',(#1615));
#1566=SURFACE_SIDE_STYLE('',(#1616));
#1567=SURFACE_SIDE_STYLE('',(#1617));
#1568=SURFACE_SIDE_STYLE('',(#1618));
#1569=SURFACE_SIDE_STYLE('',(#1619));
#1570=SURFACE_SIDE_STYLE('',(#1620));
#1571=SURFACE_SIDE_STYLE('',(#1621));
#1572=SURFACE_SIDE_STYLE('',(#1622));
#1573=SURFACE_SIDE_STYLE('',(#1623));
#1574=SURFACE_SIDE_STYLE('',(#1624));
#1575=SURFACE_SIDE_STYLE('',(#1625));
#1576=SURFACE_SIDE_STYLE('',(#1626));
#1577=SURFACE_SIDE_STYLE('',(#1627));
#1578=SURFACE_SIDE_STYLE('',(#1628));
#1579=SURFACE_SIDE_STYLE('',(#1629));
#1580=SURFACE_SIDE_STYLE('',(#1630));
#1581=SURFACE_SIDE_STYLE('',(#1631));
#1582=SURFACE_SIDE_STYLE('',(#1632));
#1583=SURFACE_SIDE_STYLE('',(#1633));
#1584=SURFACE_SIDE_STYLE('',(#1634));
#1585=SURFACE_SIDE_STYLE('',(#1635));
#1586=SURFACE_SIDE_STYLE('',(#1636));
#1587=SURFACE_SIDE_STYLE('',(#1637));
#1588=SURFACE_SIDE_STYLE('',(#1638));
#1589=SURFACE_SIDE_STYLE('',(#1639));
#1590=SURFACE_SIDE_STYLE('',(#1640));
#1591=SURFACE_SIDE_STYLE('',(#1641));
#1592=SURFACE_SIDE_STYLE('',(#1642));
#1593=SURFACE_SIDE_STYLE('',(#1643));
#1594=SURFACE_SIDE_STYLE('',(#1644));
#1595=SURFACE_SIDE_STYLE('',(#1645));
#1596=SURFACE_SIDE_STYLE('',(#1646));
#1597=SURFACE_SIDE_STYLE('',(#1647));
#1598=SURFACE_SIDE_STYLE('',(#1648));
#1599=SURFACE_SIDE_STYLE('',(#1649));
#1600=SURFACE_SIDE_STYLE('',(#1650));
#1601=SURFACE_SIDE_STYLE('',(#1651));
#1602=SURFACE_SIDE_STYLE('',(#1652));
#1603=SURFACE_SIDE_STYLE('',(#1653));
#1604=SURFACE_SIDE_STYLE('',(#1654));
#1605=SURFACE_SIDE_STYLE('',(#1655));
#1606=SURFACE_SIDE_STYLE('',(#1656));
#1607=SURFACE_SIDE_STYLE('',(#1657));
#1608=SURFACE_SIDE_STYLE('',(#1658));
#1609=SURFACE_SIDE_STYLE('',(#1659));
#1610=SURFACE_SIDE_STYLE('',(#1660));
#1611=SURFACE_STYLE_FILL_AREA(#1661);
#1612=SURFACE_STYLE_FILL_AREA(#1662);
#1613=SURFACE_STYLE_FILL_AREA(#1663);
#1614=SURFACE_STYLE_FILL_AREA(#1664);
#1615=SURFACE_STYLE_FILL_AREA(#1665);
#1616=SURFACE_STYLE_FILL_AREA(#1666);
#1617=SURFACE_STYLE_FILL_AREA(#1667);
#1618=SURFACE_STYLE_FILL_AREA(#1668);
#1619=SURFACE_STYLE_FILL_AREA(#1669);
#1620=SURFACE_STYLE_FILL_AREA(#1670);
#1621=SURFACE_STYLE_FILL_AREA(#1671);
#1622=SURFACE_STYLE_FILL_AREA(#1672);
#1623=SURFACE_STYLE_FILL_AREA(#1673);
#1624=SURFACE_STYLE_FILL_AREA(#1674);
#1625=SURFACE_STYLE_FILL_AREA(#1675);
#1626=SURFACE_STYLE_FILL_AREA(#1676);
#1627=SURFACE_STYLE_FILL_AREA(#1677);
#1628=SURFACE_STYLE_FILL_AREA(#1678);
#1629=SURFACE_STYLE_FILL_AREA(#1679);
#1630=SURFACE_STYLE_FILL_AREA(#1680);
#1631=SURFACE_STYLE_FILL_AREA(#1681);
#1632=SURFACE_STYLE_FILL_AREA(#1682);
#1633=SURFACE_STYLE_FILL_AREA(#1683);
#1634=SURFACE_STYLE_FILL_AREA(#1684);
#1635=SURFACE_STYLE_FILL_AREA(#1685);
#1636=SURFACE_STYLE_FILL_AREA(#1686);
#1637=SURFACE_STYLE_FILL_AREA(#1687);
#1638=SURFACE_STYLE_FILL_AREA(#1688);
#1639=SURFACE_STYLE_FILL_AREA(#1689);
#1640=SURFACE_STYLE_FILL_AREA(#1690);
#1641=SURFACE_STYLE_FILL_AREA(#1691);
#1642=SURFACE_STYLE_FILL_AREA(#1692);
#1643=SURFACE_STYLE_FILL_AREA(#1693);
#1644=SURFACE_STYLE_FILL_AREA(#1694);
#1645=SURFACE_STYLE_FILL_AREA(#1695);
#1646=SURFACE_STYLE_FILL_AREA(#1696);
#1647=SURFACE_STYLE_FILL_AREA(#1697);
#1648=SURFACE_STYLE_FILL_AREA(#1698);
#1649=SURFACE_STYLE_FILL_AREA(#1699);
#1650=SURFACE_STYLE_FILL_AREA(#1700);
#1651=SURFACE_STYLE_FILL_AREA(#1701);
#1652=SURFACE_STYLE_FILL_AREA(#1702);
#1653=SURFACE_STYLE_FILL_AREA(#1703);
#1654=SURFACE_STYLE_FILL_AREA(#1704);
#1655=SURFACE_STYLE_FILL_AREA(#1705);
#1656=SURFACE_STYLE_FILL_AREA(#1706);
#1657=SURFACE_STYLE_FILL_AREA(#1707);
#1658=SURFACE_STYLE_FILL_AREA(#1708);
#1659=SURFACE_STYLE_FILL_AREA(#1709);
#1660=SURFACE_STYLE_FILL_AREA(#1710);
#1661=FILL_AREA_STYLE('',(#1711));
#1662=FILL_AREA_STYLE('',(#1712));
#1663=FILL_AREA_STYLE('',(#1713));
#1664=FILL_AREA_STYLE('',(#1714));
#1665=FILL_AREA_STYLE('',(#1715));
#1666=FILL_AREA_STYLE('',(#1716));
#1667=FILL_AREA_STYLE('',(#1717));
#1668=FILL_AREA_STYLE('',(#1718));
#1669=FILL_AREA_STYLE('',(#1719));
#1670=FILL_AREA_STYLE('',(#1720));
#1671=FILL_AREA_STYLE('',(#1721));
#1672=FILL_AREA_STYLE('',(#1722));
#1673=FILL_AREA_STYLE('',(#1723));
#1674=FILL_AREA_STYLE('',(#1724));
#1675=FILL_AREA_STYLE('',(#1725));
#1676=FILL_AREA_STYLE('',(#1726));
#1677=FILL_AREA_STYLE('',(#1727));
#1678=FILL_AREA_STYLE('',(#1728));
#1679=FILL_AREA_STYLE('',(#1729));
#1680=FILL_AREA_STYLE('',(#1730));
#1681=FILL_AREA_STYLE('',(#1731));
#1682=FILL_AREA_STYLE('',(#1732));
#1683=FILL_AREA_STYLE('',(#1733));
#1684=FILL_AREA_STYLE('',(#1734));
#1685=FILL_AREA_STYLE('',(#1735));
#1686=FILL_AREA_STYLE('',(#1736));
#1687=FILL_AREA_STYLE('',(#1737));
#1688=FILL_AREA_STYLE('',(#1738));
#1689=FILL_AREA_STYLE('',(#1739));
#1690=FILL_AREA_STYLE('',(#1740));
#1691=FILL_AREA_STYLE('',(#1741));
#1692=FILL_AREA_STYLE('',(#1742));
#1693=FILL_AREA_STYLE('',(#1743));
#1694=FILL_AREA_STYLE('',(#1744));
#1695=FILL_AREA_STYLE('',(#1745));
#1696=FILL_AREA_STYLE('',(#1746));
#1697=FILL_AREA_STYLE('',(#1747));
#1698=FILL_AREA_STYLE('',(#1748));
#1699=FILL_AREA_STYLE('',(#1749));
#1700=FILL_AREA_STYLE('',(#1750));
#1701=FILL_AREA_STYLE('',(#1751));
#1702=FILL_AREA_STYLE('',(#1752));
#1703=FILL_AREA_STYLE('',(#1753));
#1704=FILL_AREA_STYLE('',(#1754));
#1705=FILL_AREA_STYLE('',(#1755));
#1706=FILL_AREA_STYLE('',(#1756));
#1707=FILL_AREA_STYLE('',(#1757));
#1708=FILL_AREA_STYLE('',(#1758));
#1709=FILL_AREA_STYLE('',(#1759));
#1710=FILL_AREA_STYLE('',(#1760));
#1711=FILL_AREA_STYLE_COLOUR('',#1761);
#1712=FILL_AREA_STYLE_COLOUR('',#1761);
#1713=FILL_AREA_STYLE_COLOUR('',#1762);
#1714=FILL_AREA_STYLE_COLOUR('',#1763);
#1715=FILL_AREA_STYLE_COLOUR('',#1763);
#1716=FILL_AREA_STYLE_COLOUR('',#1763);
#1717=FILL_AREA_STYLE_COLOUR('',#1763);
#1718=FILL_AREA_STYLE_COLOUR('',#1763);
#1719=FILL_AREA_STYLE_COLOUR('',#1763);
#1720=FILL_AREA_STYLE_COLOUR('',#1763);
#1721=FILL_AREA_STYLE_COLOUR('',#1763);
#1722=FILL_AREA_STYLE_COLOUR('',#1763);
#1723=FILL_AREA_STYLE_COLOUR('',#1763);
#1724=FILL_AREA_STYLE_COLOUR('',#1763);
#1725=FILL_AREA_STYLE_COLOUR('',#1763);
#1726=FILL_AREA_STYLE_COLOUR('',#1763);
#1727=FILL_AREA_STYLE_COLOUR('',#1763);
#1728=FILL_AREA_STYLE_COLOUR('',#1763);
#1729=FILL_AREA_STYLE_COLOUR('',#1763);
#1730=FILL_AREA_STYLE_COLOUR('',#1763);
#1731=FILL_AREA_STYLE_COLOUR('',#1763);
#1732=FILL_AREA_STYLE_COLOUR('',#1763);
#1733=FILL_AREA_STYLE_COLOUR('',#1763);
#1734=FILL_AREA_STYLE_COLOUR('',#1763);
#1735=FILL_AREA_STYLE_COLOUR('',#1763);
#1736=FILL_AREA_STYLE_COLOUR('',#1763);
#1737=FILL_AREA_STYLE_COLOUR('',#1763);
#1738=FILL_AREA_STYLE_COLOUR('',#1763);
#1739=FILL_AREA_STYLE_COLOUR('',#1763);
#1740=FILL_AREA_STYLE_COLOUR('',#1763);
#1741=FILL_AREA_STYLE_COLOUR('',#1763);
#1742=FILL_AREA_STYLE_COLOUR('',#1763);
#1743=FILL_AREA_STYLE_COLOUR('',#1763);
#1744=FILL_AREA_STYLE_COLOUR('',#1763);
#1745=FILL_AREA_STYLE_COLOUR('',#1763);
#1746=FILL_AREA_STYLE_COLOUR('',#1763);
#1747=FILL_AREA_STYLE_COLOUR('',#1763);
#1748=FILL_AREA_STYLE_COLOUR('',#1763);
#1749=FILL_AREA_STYLE_COLOUR('',#1763);
#1750=FILL_AREA_STYLE_COLOUR('',#1763);
#1751=FILL_AREA_STYLE_COLOUR('',#1763);
#1752=FILL_AREA_STYLE_COLOUR('',#1763);
#1753=FILL_AREA_STYLE_COLOUR('',#1763);
#1754=FILL_AREA_STYLE_COLOUR('',#1764);
#1755=FILL_AREA_STYLE_COLOUR('',#1765);
#1756=FILL_AREA_STYLE_COLOUR('',#1766);
#1757=FILL_AREA_STYLE_COLOUR('',#1767);
#1758=FILL_AREA_STYLE_COLOUR('',#1768);
#1759=FILL_AREA_STYLE_COLOUR('',#1769);
#1760=FILL_AREA_STYLE_COLOUR('',#1762);
#1761=COLOUR_RGB('',0.972549019607843,0.529411764705882,0.00392156862745098);
#1762=COLOUR_RGB('',0.498039215686275,0.498039215686275,0.498039215686275);
#1763=COLOUR_RGB('',0.768627450980392,0.886274509803922,0.952941176470588);
#1764=COLOUR_RGB('',0.917647058823529,0.917647058823529,0.917647058823529);
#1765=COLOUR_RGB('',0.231372549019608,0.380392156862745,0.705882352941177);
#1766=COLOUR_RGB('',0.647058823529412,0.647058823529412,0.647058823529412);
#1767=COLOUR_RGB('',0.615686274509804,0.811764705882353,0.929411764705882);
#1768=COLOUR_RGB('',0.980392156862745,0.713725490196078,0.00392156862745098);
#1769=COLOUR_RGB('',0.6,0.6,0.6);
#1770=SHELL_BASED_SURFACE_MODEL('skir_sless',(#1363));
#1771=SHELL_BASED_SURFACE_MODEL('upper_plate',(#1364));
#1772=SHELL_BASED_SURFACE_MODEL('base_plate',(#1365));
#1773=SHELL_BASED_SURFACE_MODEL('Surface 47',(#1366));
#1774=SHELL_BASED_SURFACE_MODEL('Surface 46',(#1367));
#1775=SHELL_BASED_SURFACE_MODEL('Surface 45',(#1368));
#1776=SHELL_BASED_SURFACE_MODEL('Surface 44',(#1369));
#1777=SHELL_BASED_SURFACE_MODEL('Surface 43',(#1370));
#1778=SHELL_BASED_SURFACE_MODEL('Surface 42',(#1371));
#1779=SHELL_BASED_SURFACE_MODEL('Surface 41',(#1372));
#1780=SHELL_BASED_SURFACE_MODEL('Surface 40',(#1373));
#1781=SHELL_BASED_SURFACE_MODEL('Surface 39',(#1374));
#1782=SHELL_BASED_SURFACE_MODEL('Surface 38',(#1375));
#1783=SHELL_BASED_SURFACE_MODEL('Surface 37',(#1376));
#1784=SHELL_BASED_SURFACE_MODEL('Surface 36',(#1377));
#1785=SHELL_BASED_SURFACE_MODEL('Surface 35',(#1378));
#1786=SHELL_BASED_SURFACE_MODEL('Surface 34',(#1379));
#1787=SHELL_BASED_SURFACE_MODEL('Surface 33',(#1380));
#1788=SHELL_BASED_SURFACE_MODEL('Surface 32',(#1381));
#1789=SHELL_BASED_SURFACE_MODEL('Surface 31',(#1382));
#1790=SHELL_BASED_SURFACE_MODEL('Surface 30',(#1383));
#1791=SHELL_BASED_SURFACE_MODEL('Surface 29',(#1384));
#1792=SHELL_BASED_SURFACE_MODEL('Surface 28',(#1385));
#1793=SHELL_BASED_SURFACE_MODEL('Surface 27',(#1386));
#1794=SHELL_BASED_SURFACE_MODEL('Surface 26',(#1387));
#1795=SHELL_BASED_SURFACE_MODEL('Surface 25',(#1388));
#1796=SHELL_BASED_SURFACE_MODEL('Surface 24',(#1389));
#1797=SHELL_BASED_SURFACE_MODEL('Surface 23',(#1390));
#1798=SHELL_BASED_SURFACE_MODEL('Surface 22',(#1391));
#1799=SHELL_BASED_SURFACE_MODEL('Surface 21',(#1392));
#1800=SHELL_BASED_SURFACE_MODEL('Surface 20',(#1393));
#1801=SHELL_BASED_SURFACE_MODEL('Surface 19',(#1394));
#1802=SHELL_BASED_SURFACE_MODEL('Surface 18',(#1395));
#1803=SHELL_BASED_SURFACE_MODEL('Surface 17',(#1396));
#1804=SHELL_BASED_SURFACE_MODEL('Surface 16',(#1397));
#1805=SHELL_BASED_SURFACE_MODEL('Surface 15',(#1398));
#1806=SHELL_BASED_SURFACE_MODEL('Surface 14',(#1399));
#1807=SHELL_BASED_SURFACE_MODEL('Surface 13',(#1400));
#1808=SHELL_BASED_SURFACE_MODEL('Surface 12',(#1401));
#1809=SHELL_BASED_SURFACE_MODEL('Surface 11',(#1402));
#1810=SHELL_BASED_SURFACE_MODEL('Surface 10',(#1403));
#1811=SHELL_BASED_SURFACE_MODEL('Surface 9',(#1404));
#1812=SHELL_BASED_SURFACE_MODEL('Surface 8',(#1405));
#1813=SHELL_BASED_SURFACE_MODEL('manhole',(#1406));
#1814=SHELL_BASED_SURFACE_MODEL('opening_2',(#1407));
#1815=SHELL_BASED_SURFACE_MODEL('opening_1',(#1408));
#1816=SHELL_BASED_SURFACE_MODEL('opening_0',(#1409));
#1817=SHELL_BASED_SURFACE_MODEL('skir_carbo_und',(#1410));
#1818=SHELL_BASED_SURFACE_MODEL('skir_carbo_mid',(#1411));
#1819=SHAPE_DEFINITION_REPRESENTATION(#3666,#1868);
#1820=SHAPE_DEFINITION_REPRESENTATION(#3667,#1869);
#1821=SHAPE_DEFINITION_REPRESENTATION(#3668,#1870);
#1822=SHAPE_DEFINITION_REPRESENTATION(#3669,#1871);
#1823=SHAPE_DEFINITION_REPRESENTATION(#3670,#1872);
#1824=SHAPE_DEFINITION_REPRESENTATION(#3671,#1873);
#1825=SHAPE_DEFINITION_REPRESENTATION(#3672,#1874);
#1826=SHAPE_DEFINITION_REPRESENTATION(#3673,#1875);
#1827=SHAPE_DEFINITION_REPRESENTATION(#3674,#1876);
#1828=SHAPE_DEFINITION_REPRESENTATION(#3675,#1877);
#1829=SHAPE_DEFINITION_REPRESENTATION(#3676,#1878);
#1830=SHAPE_DEFINITION_REPRESENTATION(#3677,#1879);
#1831=SHAPE_DEFINITION_REPRESENTATION(#3678,#1880);
#1832=SHAPE_DEFINITION_REPRESENTATION(#3679,#1881);
#1833=SHAPE_DEFINITION_REPRESENTATION(#3680,#1882);
#1834=SHAPE_DEFINITION_REPRESENTATION(#3681,#1883);
#1835=SHAPE_DEFINITION_REPRESENTATION(#3682,#1884);
#1836=SHAPE_DEFINITION_REPRESENTATION(#3683,#1885);
#1837=SHAPE_DEFINITION_REPRESENTATION(#3684,#1886);
#1838=SHAPE_DEFINITION_REPRESENTATION(#3685,#1887);
#1839=SHAPE_DEFINITION_REPRESENTATION(#3686,#1888);
#1840=SHAPE_DEFINITION_REPRESENTATION(#3687,#1889);
#1841=SHAPE_DEFINITION_REPRESENTATION(#3688,#1890);
#1842=SHAPE_DEFINITION_REPRESENTATION(#3689,#1891);
#1843=SHAPE_DEFINITION_REPRESENTATION(#3690,#1892);
#1844=SHAPE_DEFINITION_REPRESENTATION(#3691,#1893);
#1845=SHAPE_DEFINITION_REPRESENTATION(#3692,#1894);
#1846=SHAPE_DEFINITION_REPRESENTATION(#3693,#1895);
#1847=SHAPE_DEFINITION_REPRESENTATION(#3694,#1896);
#1848=SHAPE_DEFINITION_REPRESENTATION(#3695,#1897);
#1849=SHAPE_DEFINITION_REPRESENTATION(#3696,#1898);
#1850=SHAPE_DEFINITION_REPRESENTATION(#3697,#1899);
#1851=SHAPE_DEFINITION_REPRESENTATION(#3698,#1900);
#1852=SHAPE_DEFINITION_REPRESENTATION(#3699,#1901);
#1853=SHAPE_DEFINITION_REPRESENTATION(#3700,#1902);
#1854=SHAPE_DEFINITION_REPRESENTATION(#3701,#1903);
#1855=SHAPE_DEFINITION_REPRESENTATION(#3702,#1904);
#1856=SHAPE_DEFINITION_REPRESENTATION(#3703,#1905);
#1857=SHAPE_DEFINITION_REPRESENTATION(#3704,#1906);
#1858=SHAPE_DEFINITION_REPRESENTATION(#3705,#1907);
#1859=SHAPE_DEFINITION_REPRESENTATION(#3706,#1908);
#1860=SHAPE_DEFINITION_REPRESENTATION(#3707,#1909);
#1861=SHAPE_DEFINITION_REPRESENTATION(#3708,#1910);
#1862=SHAPE_DEFINITION_REPRESENTATION(#3709,#1911);
#1863=SHAPE_DEFINITION_REPRESENTATION(#3710,#1912);
#1864=SHAPE_DEFINITION_REPRESENTATION(#3711,#1913);
#1865=SHAPE_DEFINITION_REPRESENTATION(#3712,#1914);
#1866=SHAPE_DEFINITION_REPRESENTATION(#3713,#1915);
#1867=SHAPE_DEFINITION_REPRESENTATION(#3714,#1916);
#1868=SHAPE_REPRESENTATION('skir_sless',(#1917),#3421);
#1869=SHAPE_REPRESENTATION('upper_plate',(#1921),#3422);
#1870=SHAPE_REPRESENTATION('base_plate',(#1925),#3423);
#1871=SHAPE_REPRESENTATION('Surface 47',(#1929),#3424);
#1872=SHAPE_REPRESENTATION('Surface 46',(#1931),#3425);
#1873=SHAPE_REPRESENTATION('Surface 45',(#1933),#3426);
#1874=SHAPE_REPRESENTATION('Surface 44',(#1935),#3427);
#1875=SHAPE_REPRESENTATION('Surface 43',(#1937),#3428);
#1876=SHAPE_REPRESENTATION('Surface 42',(#1939),#3429);
#1877=SHAPE_REPRESENTATION('Surface 41',(#1941),#3430);
#1878=SHAPE_REPRESENTATION('Surface 40',(#1943),#3431);
#1879=SHAPE_REPRESENTATION('Surface 39',(#1945),#3432);
#1880=SHAPE_REPRESENTATION('Surface 38',(#1947),#3433);
#1881=SHAPE_REPRESENTATION('Surface 37',(#1949),#3434);
#1882=SHAPE_REPRESENTATION('Surface 36',(#1951),#3435);
#1883=SHAPE_REPRESENTATION('Surface 35',(#1953),#3436);
#1884=SHAPE_REPRESENTATION('Surface 34',(#1955),#3437);
#1885=SHAPE_REPRESENTATION('Surface 33',(#1957),#3438);
#1886=SHAPE_REPRESENTATION('Surface 32',(#1959),#3439);
#1887=SHAPE_REPRESENTATION('Surface 31',(#1961),#3440);
#1888=SHAPE_REPRESENTATION('Surface 30',(#1963),#3441);
#1889=SHAPE_REPRESENTATION('Surface 29',(#1965),#3442);
#1890=SHAPE_REPRESENTATION('Surface 28',(#1967),#3443);
#1891=SHAPE_REPRESENTATION('Surface 27',(#1969),#3444);
#1892=SHAPE_REPRESENTATION('Surface 26',(#1971),#3445);
#1893=SHAPE_REPRESENTATION('Surface 25',(#1973),#3446);
#1894=SHAPE_REPRESENTATION('Surface 24',(#1975),#3447);
#1895=SHAPE_REPRESENTATION('Surface 23',(#1977),#3448);
#1896=SHAPE_REPRESENTATION('Surface 22',(#1979),#3449);
#1897=SHAPE_REPRESENTATION('Surface 21',(#1981),#3450);
#1898=SHAPE_REPRESENTATION('Surface 20',(#1983),#3451);
#1899=SHAPE_REPRESENTATION('Surface 19',(#1985),#3452);
#1900=SHAPE_REPRESENTATION('Surface 18',(#1987),#3453);
#1901=SHAPE_REPRESENTATION('Surface 17',(#1989),#3454);
#1902=SHAPE_REPRESENTATION('Surface 16',(#1991),#3455);
#1903=SHAPE_REPRESENTATION('Surface 15',(#1993),#3456);
#1904=SHAPE_REPRESENTATION('Surface 14',(#1995),#3457);
#1905=SHAPE_REPRESENTATION('Surface 13',(#1997),#3458);
#1906=SHAPE_REPRESENTATION('Surface 12',(#1999),#3459);
#1907=SHAPE_REPRESENTATION('Surface 11',(#2001),#3460);
#1908=SHAPE_REPRESENTATION('Surface 10',(#2003),#3461);
#1909=SHAPE_REPRESENTATION('Surface 9',(#2005),#3462);
#1910=SHAPE_REPRESENTATION('Surface 8',(#2007),#3463);
#1911=SHAPE_REPRESENTATION('manhole',(#2009),#3464);
#1912=SHAPE_REPRESENTATION('opening_2',(#2013),#3465);
#1913=SHAPE_REPRESENTATION('opening_1',(#2017),#3466);
#1914=SHAPE_REPRESENTATION('opening_0',(#2026),#3467);
#1915=SHAPE_REPRESENTATION('skir_carbo_und',(#2035),#3468);
#1916=SHAPE_REPRESENTATION('skir_carbo_mid',(#2039),#3469);
#1917=AXIS2_PLACEMENT_3D('',#2475,#2043,#2044);
#1918=AXIS2_PLACEMENT_3D('',#2476,#2045,#2046);
#1919=AXIS2_PLACEMENT_3D('',#2477,#2047,#2048);
#1920=AXIS2_PLACEMENT_3D('',#2479,#2049,#2050);
#1921=AXIS2_PLACEMENT_3D('',#2481,#2051,#2052);
#1922=AXIS2_PLACEMENT_3D('',#2482,#2053,#2054);
#1923=AXIS2_PLACEMENT_3D('',#2483,#2055,#2056);
#1924=AXIS2_PLACEMENT_3D('',#2485,#2057,#2058);
#1925=AXIS2_PLACEMENT_3D('',#2487,#2059,#2060);
#1926=AXIS2_PLACEMENT_3D('',#2488,#2061,#2062);
#1927=AXIS2_PLACEMENT_3D('',#2489,#2063,#2064);
#1928=AXIS2_PLACEMENT_3D('',#2491,#2065,#2066);
#1929=AXIS2_PLACEMENT_3D('',#2493,#2067,#2068);
#1930=AXIS2_PLACEMENT_3D('',#2494,#2069,#2070);
#1931=AXIS2_PLACEMENT_3D('',#2503,#2075,#2076);
#1932=AXIS2_PLACEMENT_3D('',#2504,#2077,#2078);
#1933=AXIS2_PLACEMENT_3D('',#2513,#2083,#2084);
#1934=AXIS2_PLACEMENT_3D('',#2514,#2085,#2086);
#1935=AXIS2_PLACEMENT_3D('',#2523,#2091,#2092);
#1936=AXIS2_PLACEMENT_3D('',#2524,#2093,#2094);
#1937=AXIS2_PLACEMENT_3D('',#2533,#2099,#2100);
#1938=AXIS2_PLACEMENT_3D('',#2534,#2101,#2102);
#1939=AXIS2_PLACEMENT_3D('',#2543,#2107,#2108);
#1940=AXIS2_PLACEMENT_3D('',#2544,#2109,#2110);
#1941=AXIS2_PLACEMENT_3D('',#2553,#2115,#2116);
#1942=AXIS2_PLACEMENT_3D('',#2554,#2117,#2118);
#1943=AXIS2_PLACEMENT_3D('',#2563,#2123,#2124);
#1944=AXIS2_PLACEMENT_3D('',#2564,#2125,#2126);
#1945=AXIS2_PLACEMENT_3D('',#2573,#2131,#2132);
#1946=AXIS2_PLACEMENT_3D('',#2574,#2133,#2134);
#1947=AXIS2_PLACEMENT_3D('',#2583,#2139,#2140);
#1948=AXIS2_PLACEMENT_3D('',#2584,#2141,#2142);
#1949=AXIS2_PLACEMENT_3D('',#2593,#2147,#2148);
#1950=AXIS2_PLACEMENT_3D('',#2594,#2149,#2150);
#1951=AXIS2_PLACEMENT_3D('',#2603,#2155,#2156);
#1952=AXIS2_PLACEMENT_3D('',#2604,#2157,#2158);
#1953=AXIS2_PLACEMENT_3D('',#2613,#2163,#2164);
#1954=AXIS2_PLACEMENT_3D('',#2614,#2165,#2166);
#1955=AXIS2_PLACEMENT_3D('',#2623,#2171,#2172);
#1956=AXIS2_PLACEMENT_3D('',#2624,#2173,#2174);
#1957=AXIS2_PLACEMENT_3D('',#2633,#2179,#2180);
#1958=AXIS2_PLACEMENT_3D('',#2634,#2181,#2182);
#1959=AXIS2_PLACEMENT_3D('',#2643,#2187,#2188);
#1960=AXIS2_PLACEMENT_3D('',#2644,#2189,#2190);
#1961=AXIS2_PLACEMENT_3D('',#2653,#2195,#2196);
#1962=AXIS2_PLACEMENT_3D('',#2654,#2197,#2198);
#1963=AXIS2_PLACEMENT_3D('',#2663,#2203,#2204);
#1964=AXIS2_PLACEMENT_3D('',#2664,#2205,#2206);
#1965=AXIS2_PLACEMENT_3D('',#2673,#2211,#2212);
#1966=AXIS2_PLACEMENT_3D('',#2674,#2213,#2214);
#1967=AXIS2_PLACEMENT_3D('',#2683,#2219,#2220);
#1968=AXIS2_PLACEMENT_3D('',#2684,#2221,#2222);
#1969=AXIS2_PLACEMENT_3D('',#2693,#2227,#2228);
#1970=AXIS2_PLACEMENT_3D('',#2694,#2229,#2230);
#1971=AXIS2_PLACEMENT_3D('',#2703,#2235,#2236);
#1972=AXIS2_PLACEMENT_3D('',#2704,#2237,#2238);
#1973=AXIS2_PLACEMENT_3D('',#2713,#2243,#2244);
#1974=AXIS2_PLACEMENT_3D('',#2714,#2245,#2246);
#1975=AXIS2_PLACEMENT_3D('',#2723,#2251,#2252);
#1976=AXIS2_PLACEMENT_3D('',#2724,#2253,#2254);
#1977=AXIS2_PLACEMENT_3D('',#2733,#2259,#2260);
#1978=AXIS2_PLACEMENT_3D('',#2734,#2261,#2262);
#1979=AXIS2_PLACEMENT_3D('',#2743,#2267,#2268);
#1980=AXIS2_PLACEMENT_3D('',#2744,#2269,#2270);
#1981=AXIS2_PLACEMENT_3D('',#2753,#2275,#2276);
#1982=AXIS2_PLACEMENT_3D('',#2754,#2277,#2278);
#1983=AXIS2_PLACEMENT_3D('',#2763,#2283,#2284);
#1984=AXIS2_PLACEMENT_3D('',#2764,#2285,#2286);
#1985=AXIS2_PLACEMENT_3D('',#2773,#2291,#2292);
#1986=AXIS2_PLACEMENT_3D('',#2774,#2293,#2294);
#1987=AXIS2_PLACEMENT_3D('',#2783,#2299,#2300);
#1988=AXIS2_PLACEMENT_3D('',#2784,#2301,#2302);
#1989=AXIS2_PLACEMENT_3D('',#2793,#2307,#2308);
#1990=AXIS2_PLACEMENT_3D('',#2794,#2309,#2310);
#1991=AXIS2_PLACEMENT_3D('',#2803,#2315,#2316);
#1992=AXIS2_PLACEMENT_3D('',#2804,#2317,#2318);
#1993=AXIS2_PLACEMENT_3D('',#2813,#2323,#2324);
#1994=AXIS2_PLACEMENT_3D('',#2814,#2325,#2326);
#1995=AXIS2_PLACEMENT_3D('',#2823,#2331,#2332);
#1996=AXIS2_PLACEMENT_3D('',#2824,#2333,#2334);
#1997=AXIS2_PLACEMENT_3D('',#2833,#2339,#2340);
#1998=AXIS2_PLACEMENT_3D('',#2834,#2341,#2342);
#1999=AXIS2_PLACEMENT_3D('',#2843,#2347,#2348);
#2000=AXIS2_PLACEMENT_3D('',#2844,#2349,#2350);
#2001=AXIS2_PLACEMENT_3D('',#2853,#2355,#2356);
#2002=AXIS2_PLACEMENT_3D('',#2854,#2357,#2358);
#2003=AXIS2_PLACEMENT_3D('',#2863,#2363,#2364);
#2004=AXIS2_PLACEMENT_3D('',#2864,#2365,#2366);
#2005=AXIS2_PLACEMENT_3D('',#2873,#2371,#2372);
#2006=AXIS2_PLACEMENT_3D('',#2874,#2373,#2374);
#2007=AXIS2_PLACEMENT_3D('',#2883,#2379,#2380);
#2008=AXIS2_PLACEMENT_3D('',#2884,#2381,#2382);
#2009=AXIS2_PLACEMENT_3D('',#2893,#2387,#2388);
#2010=AXIS2_PLACEMENT_3D('',#2894,#2389,#2390);
#2011=AXIS2_PLACEMENT_3D('',#2895,#2391,#2392);
#2012=AXIS2_PLACEMENT_3D('',#2897,#2393,#2394);
#2013=AXIS2_PLACEMENT_3D('',#2899,#2395,#2396);
#2014=AXIS2_PLACEMENT_3D('',#2900,#2397,#2398);
#2015=AXIS2_PLACEMENT_3D('',#2901,#2399,#2400);
#2016=AXIS2_PLACEMENT_3D('',#2903,#2401,#2402);
#2017=AXIS2_PLACEMENT_3D('',#2905,#2403,#2404);
#2018=AXIS2_PLACEMENT_3D('',#2906,#2405,#2406);
#2019=AXIS2_PLACEMENT_3D('',#2907,#2407,#2408);
#2020=AXIS2_PLACEMENT_3D('',#2912,#2410,#2411);
#2021=AXIS2_PLACEMENT_3D('',#2915,#2413,#2414);
#2022=AXIS2_PLACEMENT_3D('',#2921,#2418,#2419);
#2023=AXIS2_PLACEMENT_3D('',#2922,#2420,#2421);
#2024=AXIS2_PLACEMENT_3D('',#2924,#2422,#2423);
#2025=AXIS2_PLACEMENT_3D('',#2927,#2425,#2426);
#2026=AXIS2_PLACEMENT_3D('',#2930,#2429,#2430);
#2027=AXIS2_PLACEMENT_3D('',#2931,#2431,#2432);
#2028=AXIS2_PLACEMENT_3D('',#2940,#2437,#2438);
#2029=AXIS2_PLACEMENT_3D('',#2941,#2439,#2440);
#2030=AXIS2_PLACEMENT_3D('',#2943,#2441,#2442);
#2031=AXIS2_PLACEMENT_3D('',#2946,#2444,#2445);
#2032=AXIS2_PLACEMENT_3D('',#2952,#2449,#2450);
#2033=AXIS2_PLACEMENT_3D('',#2953,#2451,#2452);
#2034=AXIS2_PLACEMENT_3D('',#2954,#2453,#2454);
#2035=AXIS2_PLACEMENT_3D('',#2955,#2455,#2456);
#2036=AXIS2_PLACEMENT_3D('',#2956,#2457,#2458);
#2037=AXIS2_PLACEMENT_3D('',#2957,#2459,#2460);
#2038=AXIS2_PLACEMENT_3D('',#2959,#2461,#2462);
#2039=AXIS2_PLACEMENT_3D('',#2961,#2463,#2464);
#2040=AXIS2_PLACEMENT_3D('',#2962,#2465,#2466);
#2041=AXIS2_PLACEMENT_3D('',#3167,#2469,#2470);
#2042=AXIS2_PLACEMENT_3D('',#3169,#2471,#2472);
#2043=DIRECTION('',(0.,0.,1.));
#2044=DIRECTION('',(1.,0.,0.));
#2045=DIRECTION('',(0.,1.,0.));
#2046=DIRECTION('',(0.,0.,1.));
#2047=DIRECTION('',(0.,-1.,0.));
#2048=DIRECTION('',(0.,0.,-1.));
#2049=DIRECTION('',(0.,1.,0.));
#2050=DIRECTION('',(0.,0.,1.));
#2051=DIRECTION('',(0.,0.,1.));
#2052=DIRECTION('',(1.,0.,0.));
#2053=DIRECTION('',(-1.08468374467891E-30,-1.,-2.33363072919793E-61));
#2054=DIRECTION('',(1.,-1.08468374467891E-30,0.));
#2055=DIRECTION('',(1.08468374467891E-30,1.,2.33363072919793E-61));
#2056=DIRECTION('',(1.,0.,3.23287123961671E-16));
#2057=DIRECTION('',(1.08468374467891E-30,1.,2.33363072919793E-61));
#2058=DIRECTION('',(1.,0.,2.65901028985991E-16));
#2059=DIRECTION('',(0.,0.,1.));
#2060=DIRECTION('',(1.,0.,0.));
#2061=DIRECTION('',(-8.32688846403401E-16,-1.,-2.9582283945788E-31));
#2062=DIRECTION('',(1.,-8.32688846403401E-16,0.));
#2063=DIRECTION('',(8.32688846403401E-16,1.,2.9582283945788E-31));
#2064=DIRECTION('',(1.,-7.93016446160826E-16,3.1720657846433E-16));
#2065=DIRECTION('',(8.32688846403401E-16,1.,2.9582283945788E-31));
#2066=DIRECTION('',(1.,-8.73209120491696E-16,2.49488320140485E-16));
#2067=DIRECTION('',(0.,0.,1.));
#2068=DIRECTION('',(1.,0.,0.));
#2069=DIRECTION('',(0.951056516295153,0.,-0.309016994374948));
#2070=DIRECTION('',(-0.309016994374948,0.,-0.951056516295153));
#2071=DIRECTION('',(-1.03159554349629E-30,-1.,3.35185710628034E-31));
#2072=DIRECTION('',(0.309016994374948,0.,0.951056516295154));
#2073=DIRECTION('',(-1.03159554349629E-30,-1.,3.35185710628034E-31));
#2074=DIRECTION('',(0.309016994374948,0.,0.951056516295154));
#2075=DIRECTION('',(0.,0.,1.));
#2076=DIRECTION('',(1.,0.,0.));
#2077=DIRECTION('',(0.891006524188368,0.,-0.453990499739547));
#2078=DIRECTION('',(-0.453990499739547,0.,-0.891006524188368));
#2079=DIRECTION('',(-9.66460293189961E-31,-1.,4.92436115306133E-31));
#2080=DIRECTION('',(0.453990499739547,0.,0.891006524188368));
#2081=DIRECTION('',(-9.66460293189961E-31,-1.,4.92436115306133E-31));
#2082=DIRECTION('',(0.453990499739547,0.,0.891006524188368));
#2083=DIRECTION('',(0.,0.,1.));
#2084=DIRECTION('',(1.,0.,0.));
#2085=DIRECTION('',(0.809016994374947,0.,-0.587785252292474));
#2086=DIRECTION('',(-0.587785252292474,0.,-0.809016994374947));
#2087=DIRECTION('',(-8.77527582967478E-31,-1.,6.37561108523626E-31));
#2088=DIRECTION('',(0.587785252292474,0.,0.809016994374948));
#2089=DIRECTION('',(-8.77527582967478E-31,-1.,6.37561108523626E-31));
#2090=DIRECTION('',(0.587785252292474,0.,0.809016994374948));
#2091=DIRECTION('',(0.,0.,1.));
#2092=DIRECTION('',(1.,0.,0.));
#2093=DIRECTION('',(0.707106781186547,0.,-0.707106781186548));
#2094=DIRECTION('',(-0.707106781186548,0.,-0.707106781186547));
#2095=DIRECTION('',(-7.66987231305261E-31,-1.,7.66987231305261E-31));
#2096=DIRECTION('',(0.707106781186548,0.,0.707106781186548));
#2097=DIRECTION('',(-7.66987231305261E-31,-1.,7.66987231305261E-31));
#2098=DIRECTION('',(0.707106781186548,0.,0.707106781186548));
#2099=DIRECTION('',(0.,0.,1.));
#2100=DIRECTION('',(1.,0.,0.));
#2101=DIRECTION('',(0.587785252292473,0.,-0.809016994374948));
#2102=DIRECTION('',(-0.809016994374948,0.,-0.587785252292473));
#2103=DIRECTION('',(-6.37561108523626E-31,-1.,8.77527582967479E-31));
#2104=DIRECTION('',(0.809016994374948,0.,0.587785252292473));
#2105=DIRECTION('',(-6.37561108523626E-31,-1.,8.77527582967479E-31));
#2106=DIRECTION('',(0.809016994374948,0.,0.587785252292473));
#2107=DIRECTION('',(0.,0.,1.));
#2108=DIRECTION('',(1.,0.,0.));
#2109=DIRECTION('',(0.453990499739546,0.,-0.891006524188368));
#2110=DIRECTION('',(-0.891006524188368,0.,-0.453990499739546));
#2111=DIRECTION('',(-4.92436115306132E-31,-1.,9.66460293189961E-31));
#2112=DIRECTION('',(0.891006524188368,0.,0.453990499739547));
#2113=DIRECTION('',(-4.92436115306132E-31,-1.,9.66460293189961E-31));
#2114=DIRECTION('',(0.891006524188368,0.,0.453990499739547));
#2115=DIRECTION('',(0.,0.,1.));
#2116=DIRECTION('',(1.,0.,0.));
#2117=DIRECTION('',(0.309016994374947,0.,-0.951056516295154));
#2118=DIRECTION('',(-0.951056516295154,0.,-0.309016994374947));
#2119=DIRECTION('',(-3.35185710628034E-31,-1.,1.03159554349629E-30));
#2120=DIRECTION('',(0.951056516295154,0.,0.309016994374948));
#2121=DIRECTION('',(-3.35185710628034E-31,-1.,1.03159554349629E-30));
#2122=DIRECTION('',(0.951056516295154,0.,0.309016994374948));
#2123=DIRECTION('',(0.,0.,1.));
#2124=DIRECTION('',(1.,0.,0.));
#2125=DIRECTION('',(0.15643446504023,0.,-0.987688340595138));
#2126=DIRECTION('',(-0.987688340595138,0.,-0.15643446504023));
#2127=DIRECTION('',(-1.69681921336676E-31,-1.,1.07132948785241E-30));
#2128=DIRECTION('',(0.987688340595138,0.,0.156434465040231));
#2129=DIRECTION('',(-1.69681921336676E-31,-1.,1.07132948785241E-30));
#2130=DIRECTION('',(0.987688340595138,0.,0.156434465040231));
#2131=DIRECTION('',(0.,0.,1.));
#2132=DIRECTION('',(1.,0.,0.));
#2133=DIRECTION('',(-6.66133814775094E-16,0.,-1.));
#2134=DIRECTION('',(-1.,0.,6.66133814775094E-16));
#2135=DIRECTION('',(3.06534039071053E-46,-1.,1.08468374467889E-30));
#2136=DIRECTION('',(1.,0.,-3.05311331771918E-16));
#2137=DIRECTION('',(3.06534039071053E-46,-1.,1.08468374467889E-30));
#2138=DIRECTION('',(1.,0.,-3.05311331771918E-16));
#2139=DIRECTION('',(0.,0.,1.));
#2140=DIRECTION('',(1.,0.,0.));
#2141=DIRECTION('',(-0.156434465040232,0.,-0.987688340595138));
#2142=DIRECTION('',(-0.987688340595138,0.,0.156434465040232));
#2143=DIRECTION('',(1.69681921336677E-31,-1.,1.07132948785241E-30));
#2144=DIRECTION('',(0.987688340595138,0.,-0.156434465040231));
#2145=DIRECTION('',(1.69681921336677E-31,-1.,1.07132948785241E-30));
#2146=DIRECTION('',(0.987688340595138,0.,-0.156434465040231));
#2147=DIRECTION('',(0.,0.,1.));
#2148=DIRECTION('',(1.,0.,0.));
#2149=DIRECTION('',(-0.309016994374948,0.,-0.951056516295153));
#2150=DIRECTION('',(-0.951056516295153,0.,0.309016994374948));
#2151=DIRECTION('',(3.35185710628034E-31,-1.,1.03159554349629E-30));
#2152=DIRECTION('',(0.951056516295154,0.,-0.309016994374948));
#2153=DIRECTION('',(3.35185710628034E-31,-1.,1.03159554349629E-30));
#2154=DIRECTION('',(0.951056516295154,0.,-0.309016994374948));
#2155=DIRECTION('',(0.,0.,1.));
#2156=DIRECTION('',(1.,0.,0.));
#2157=DIRECTION('',(-0.453990499739547,0.,-0.891006524188368));
#2158=DIRECTION('',(-0.891006524188368,0.,0.453990499739547));
#2159=DIRECTION('',(4.92436115306133E-31,-1.,9.66460293189961E-31));
#2160=DIRECTION('',(0.891006524188368,0.,-0.453990499739547));
#2161=DIRECTION('',(4.92436115306133E-31,-1.,9.66460293189961E-31));
#2162=DIRECTION('',(0.891006524188368,0.,-0.453990499739547));
#2163=DIRECTION('',(0.,0.,1.));
#2164=DIRECTION('',(1.,0.,0.));
#2165=DIRECTION('',(-0.587785252292474,0.,-0.809016994374947));
#2166=DIRECTION('',(-0.809016994374947,0.,0.587785252292474));
#2167=DIRECTION('',(6.37561108523626E-31,-1.,8.77527582967478E-31));
#2168=DIRECTION('',(0.809016994374948,0.,-0.587785252292473));
#2169=DIRECTION('',(6.37561108523626E-31,-1.,8.77527582967478E-31));
#2170=DIRECTION('',(0.809016994374948,0.,-0.587785252292473));
#2171=DIRECTION('',(0.,0.,1.));
#2172=DIRECTION('',(1.,0.,0.));
#2173=DIRECTION('',(-0.707106781186548,0.,-0.707106781186547));
#2174=DIRECTION('',(-0.707106781186547,0.,0.707106781186548));
#2175=DIRECTION('',(7.66987231305261E-31,-1.,7.66987231305261E-31));
#2176=DIRECTION('',(0.707106781186548,0.,-0.707106781186548));
#2177=DIRECTION('',(7.66987231305261E-31,-1.,7.66987231305261E-31));
#2178=DIRECTION('',(0.707106781186548,0.,-0.707106781186548));
#2179=DIRECTION('',(0.,0.,1.));
#2180=DIRECTION('',(1.,0.,0.));
#2181=DIRECTION('',(-0.809016994374948,0.,-0.587785252292473));
#2182=DIRECTION('',(-0.587785252292473,0.,0.809016994374948));
#2183=DIRECTION('',(8.77527582967479E-31,-1.,6.37561108523626E-31));
#2184=DIRECTION('',(0.587785252292473,0.,-0.809016994374948));
#2185=DIRECTION('',(8.77527582967479E-31,-1.,6.37561108523626E-31));
#2186=DIRECTION('',(0.587785252292473,0.,-0.809016994374948));
#2187=DIRECTION('',(0.,0.,1.));
#2188=DIRECTION('',(1.,0.,0.));
#2189=DIRECTION('',(-0.891006524188368,0.,-0.453990499739546));
#2190=DIRECTION('',(-0.453990499739546,0.,0.891006524188368));
#2191=DIRECTION('',(9.66460293189961E-31,-1.,4.92436115306132E-31));
#2192=DIRECTION('',(0.453990499739547,0.,-0.891006524188368));
#2193=DIRECTION('',(9.66460293189961E-31,-1.,4.92436115306132E-31));
#2194=DIRECTION('',(0.453990499739547,0.,-0.891006524188368));
#2195=DIRECTION('',(0.,0.,1.));
#2196=DIRECTION('',(1.,0.,0.));
#2197=DIRECTION('',(-0.951056516295154,0.,-0.309016994374947));
#2198=DIRECTION('',(-0.309016994374947,0.,0.951056516295154));
#2199=DIRECTION('',(1.03159554349629E-30,-1.,3.35185710628034E-31));
#2200=DIRECTION('',(0.309016994374948,0.,-0.951056516295154));
#2201=DIRECTION('',(1.03159554349629E-30,-1.,3.35185710628034E-31));
#2202=DIRECTION('',(0.309016994374948,0.,-0.951056516295154));
#2203=DIRECTION('',(0.,0.,1.));
#2204=DIRECTION('',(1.,0.,0.));
#2205=DIRECTION('',(-0.987688340595138,0.,-0.15643446504023));
#2206=DIRECTION('',(-0.156434465040231,0.,0.987688340595138));
#2207=DIRECTION('',(1.07132948785241E-30,-1.,1.69681921336676E-31));
#2208=DIRECTION('',(0.156434465040231,0.,-0.987688340595138));
#2209=DIRECTION('',(1.07132948785241E-30,-1.,1.69681921336676E-31));
#2210=DIRECTION('',(0.156434465040231,0.,-0.987688340595138));
#2211=DIRECTION('',(0.,0.,1.));
#2212=DIRECTION('',(1.,0.,0.));
#2213=DIRECTION('',(-1.,0.,6.10622663543836E-16));
#2214=DIRECTION('',(6.10622663543836E-16,0.,1.));
#2215=DIRECTION('',(1.08468374467889E-30,-1.,-2.40848173555828E-46));
#2216=DIRECTION('',(-2.4980018054066E-16,0.,-1.));
#2217=DIRECTION('',(1.08468374467889E-30,-1.,-2.40848173555828E-46));
#2218=DIRECTION('',(-2.4980018054066E-16,0.,-1.));
#2219=DIRECTION('',(0.,0.,1.));
#2220=DIRECTION('',(1.,0.,0.));
#2221=DIRECTION('',(-0.987688340595138,0.,0.156434465040232));
#2222=DIRECTION('',(0.156434465040232,0.,0.987688340595138));
#2223=DIRECTION('',(1.07132948785241E-30,-1.,-1.69681921336677E-31));
#2224=DIRECTION('',(-0.156434465040231,0.,-0.987688340595138));
#2225=DIRECTION('',(1.07132948785241E-30,-1.,-1.69681921336677E-31));
#2226=DIRECTION('',(-0.156434465040231,0.,-0.987688340595138));
#2227=DIRECTION('',(0.,0.,1.));
#2228=DIRECTION('',(1.,0.,0.));
#2229=DIRECTION('',(-0.951056516295153,0.,0.309016994374948));
#2230=DIRECTION('',(0.309016994374948,0.,0.951056516295153));
#2231=DIRECTION('',(1.03159554349629E-30,-1.,-3.35185710628034E-31));
#2232=DIRECTION('',(-0.309016994374948,0.,-0.951056516295154));
#2233=DIRECTION('',(1.03159554349629E-30,-1.,-3.35185710628034E-31));
#2234=DIRECTION('',(-0.309016994374948,0.,-0.951056516295154));
#2235=DIRECTION('',(0.,0.,1.));
#2236=DIRECTION('',(1.,0.,0.));
#2237=DIRECTION('',(-0.891006524188368,0.,0.453990499739547));
#2238=DIRECTION('',(0.453990499739547,0.,0.891006524188368));
#2239=DIRECTION('',(9.66460293189961E-31,-1.,-4.92436115306132E-31));
#2240=DIRECTION('',(-0.453990499739547,0.,-0.891006524188368));
#2241=DIRECTION('',(9.66460293189961E-31,-1.,-4.92436115306132E-31));
#2242=DIRECTION('',(-0.453990499739547,0.,-0.891006524188368));
#2243=DIRECTION('',(0.,0.,1.));
#2244=DIRECTION('',(1.,0.,0.));
#2245=DIRECTION('',(-0.809016994374947,0.,0.587785252292474));
#2246=DIRECTION('',(0.587785252292474,0.,0.809016994374947));
#2247=DIRECTION('',(8.77527582967478E-31,-1.,-6.37561108523626E-31));
#2248=DIRECTION('',(-0.587785252292473,0.,-0.809016994374948));
#2249=DIRECTION('',(8.77527582967478E-31,-1.,-6.37561108523626E-31));
#2250=DIRECTION('',(-0.587785252292473,0.,-0.809016994374948));
#2251=DIRECTION('',(0.,0.,1.));
#2252=DIRECTION('',(1.,0.,0.));
#2253=DIRECTION('',(-0.707106781186547,0.,0.707106781186548));
#2254=DIRECTION('',(0.707106781186548,0.,0.707106781186547));
#2255=DIRECTION('',(7.66987231305261E-31,-1.,-7.66987231305261E-31));
#2256=DIRECTION('',(-0.707106781186548,0.,-0.707106781186548));
#2257=DIRECTION('',(7.66987231305261E-31,-1.,-7.66987231305261E-31));
#2258=DIRECTION('',(-0.707106781186548,0.,-0.707106781186548));
#2259=DIRECTION('',(0.,0.,1.));
#2260=DIRECTION('',(1.,0.,0.));
#2261=DIRECTION('',(-0.587785252292473,0.,0.809016994374948));
#2262=DIRECTION('',(0.809016994374948,0.,0.587785252292473));
#2263=DIRECTION('',(6.37561108523626E-31,-1.,-8.77527582967479E-31));
#2264=DIRECTION('',(-0.809016994374948,0.,-0.587785252292473));
#2265=DIRECTION('',(6.37561108523626E-31,-1.,-8.77527582967479E-31));
#2266=DIRECTION('',(-0.809016994374948,0.,-0.587785252292473));
#2267=DIRECTION('',(0.,0.,1.));
#2268=DIRECTION('',(1.,0.,0.));
#2269=DIRECTION('',(-0.453990499739546,0.,0.891006524188368));
#2270=DIRECTION('',(0.891006524188368,0.,0.453990499739546));
#2271=DIRECTION('',(4.92436115306132E-31,-1.,-9.66460293189961E-31));
#2272=DIRECTION('',(-0.891006524188368,0.,-0.453990499739547));
#2273=DIRECTION('',(4.92436115306132E-31,-1.,-9.66460293189961E-31));
#2274=DIRECTION('',(-0.891006524188368,0.,-0.453990499739547));
#2275=DIRECTION('',(0.,0.,1.));
#2276=DIRECTION('',(1.,0.,0.));
#2277=DIRECTION('',(-0.309016994374947,0.,0.951056516295154));
#2278=DIRECTION('',(0.951056516295154,0.,0.309016994374947));
#2279=DIRECTION('',(3.35185710628034E-31,-1.,-1.03159554349629E-30));
#2280=DIRECTION('',(-0.951056516295154,0.,-0.309016994374948));
#2281=DIRECTION('',(3.35185710628034E-31,-1.,-1.03159554349629E-30));
#2282=DIRECTION('',(-0.951056516295154,0.,-0.309016994374948));
#2283=DIRECTION('',(0.,0.,1.));
#2284=DIRECTION('',(1.,0.,0.));
#2285=DIRECTION('',(-0.156434465040231,0.,0.987688340595138));
#2286=DIRECTION('',(0.987688340595138,0.,0.156434465040231));
#2287=DIRECTION('',(1.69681921336676E-31,-1.,-1.07132948785241E-30));
#2288=DIRECTION('',(-0.987688340595138,0.,-0.156434465040231));
#2289=DIRECTION('',(1.69681921336676E-31,-1.,-1.07132948785241E-30));
#2290=DIRECTION('',(-0.987688340595138,0.,-0.156434465040231));
#2291=DIRECTION('',(0.,0.,1.));
#2292=DIRECTION('',(1.,0.,0.));
#2293=DIRECTION('',(5.27355936696949E-16,0.,1.));
#2294=DIRECTION('',(1.,0.,-5.27355936696949E-16));
#2295=DIRECTION('',(-1.53267019535527E-46,-1.,-1.08468374467889E-30));
#2296=DIRECTION('',(-1.,0.,1.66533453693773E-16));
#2297=DIRECTION('',(-1.53267019535527E-46,-1.,-1.08468374467889E-30));
#2298=DIRECTION('',(-1.,0.,1.66533453693773E-16));
#2299=DIRECTION('',(0.,0.,1.));
#2300=DIRECTION('',(1.,0.,0.));
#2301=DIRECTION('',(0.156434465040232,0.,0.987688340595138));
#2302=DIRECTION('',(0.987688340595138,0.,-0.156434465040232));
#2303=DIRECTION('',(-1.69681921336676E-31,-1.,-1.07132948785241E-30));
#2304=DIRECTION('',(-0.987688340595138,0.,0.156434465040231));
#2305=DIRECTION('',(-1.69681921336676E-31,-1.,-1.07132948785241E-30));
#2306=DIRECTION('',(-0.987688340595138,0.,0.156434465040231));
#2307=DIRECTION('',(0.,0.,1.));
#2308=DIRECTION('',(1.,0.,0.));
#2309=DIRECTION('',(0.309016994374948,0.,0.951056516295153));
#2310=DIRECTION('',(0.951056516295154,0.,-0.309016994374948));
#2311=DIRECTION('',(-3.35185710628034E-31,-1.,-1.03159554349629E-30));
#2312=DIRECTION('',(-0.951056516295154,0.,0.309016994374948));
#2313=DIRECTION('',(-3.35185710628034E-31,-1.,-1.03159554349629E-30));
#2314=DIRECTION('',(-0.951056516295154,0.,0.309016994374948));
#2315=DIRECTION('',(0.,0.,1.));
#2316=DIRECTION('',(1.,0.,0.));
#2317=DIRECTION('',(0.453990499739547,0.,0.891006524188368));
#2318=DIRECTION('',(0.891006524188368,0.,-0.453990499739547));
#2319=DIRECTION('',(-4.92436115306132E-31,-1.,-9.66460293189961E-31));
#2320=DIRECTION('',(-0.891006524188368,0.,0.453990499739547));
#2321=DIRECTION('',(-4.92436115306132E-31,-1.,-9.66460293189961E-31));
#2322=DIRECTION('',(-0.891006524188368,0.,0.453990499739547));
#2323=DIRECTION('',(0.,0.,1.));
#2324=DIRECTION('',(1.,0.,0.));
#2325=DIRECTION('',(0.587785252292473,0.,0.809016994374947));
#2326=DIRECTION('',(0.809016994374947,0.,-0.587785252292474));
#2327=DIRECTION('',(-6.37561108523626E-31,-1.,-8.77527582967478E-31));
#2328=DIRECTION('',(-0.809016994374948,0.,0.587785252292473));
#2329=DIRECTION('',(-6.37561108523626E-31,-1.,-8.77527582967478E-31));
#2330=DIRECTION('',(-0.809016994374948,0.,0.587785252292473));
#2331=DIRECTION('',(0.,0.,1.));
#2332=DIRECTION('',(1.,0.,0.));
#2333=DIRECTION('',(0.707106781186548,0.,0.707106781186547));
#2334=DIRECTION('',(0.707106781186547,0.,-0.707106781186548));
#2335=DIRECTION('',(-7.66987231305261E-31,-1.,-7.66987231305261E-31));
#2336=DIRECTION('',(-0.707106781186548,0.,0.707106781186548));
#2337=DIRECTION('',(-7.66987231305261E-31,-1.,-7.66987231305261E-31));
#2338=DIRECTION('',(-0.707106781186548,0.,0.707106781186548));
#2339=DIRECTION('',(0.,0.,1.));
#2340=DIRECTION('',(1.,0.,0.));
#2341=DIRECTION('',(0.809016994374948,0.,0.587785252292473));
#2342=DIRECTION('',(0.587785252292473,0.,-0.809016994374948));
#2343=DIRECTION('',(-8.77527582967479E-31,-1.,-6.37561108523626E-31));
#2344=DIRECTION('',(-0.587785252292473,0.,0.809016994374948));
#2345=DIRECTION('',(-8.77527582967479E-31,-1.,-6.37561108523626E-31));
#2346=DIRECTION('',(-0.587785252292473,0.,0.809016994374948));
#2347=DIRECTION('',(0.,0.,1.));
#2348=DIRECTION('',(1.,0.,0.));
#2349=DIRECTION('',(0.891006524188368,0.,0.453990499739546));
#2350=DIRECTION('',(0.453990499739547,0.,-0.891006524188368));
#2351=DIRECTION('',(-9.66460293189961E-31,-1.,-4.92436115306132E-31));
#2352=DIRECTION('',(-0.453990499739547,0.,0.891006524188368));
#2353=DIRECTION('',(-9.66460293189961E-31,-1.,-4.92436115306132E-31));
#2354=DIRECTION('',(-0.453990499739547,0.,0.891006524188368));
#2355=DIRECTION('',(0.,0.,1.));
#2356=DIRECTION('',(1.,0.,0.));
#2357=DIRECTION('',(0.951056516295154,0.,0.309016994374947));
#2358=DIRECTION('',(0.309016994374947,0.,-0.951056516295154));
#2359=DIRECTION('',(-1.03159554349629E-30,-1.,-3.35185710628034E-31));
#2360=DIRECTION('',(-0.309016994374948,0.,0.951056516295154));
#2361=DIRECTION('',(-1.03159554349629E-30,-1.,-3.35185710628034E-31));
#2362=DIRECTION('',(-0.309016994374948,0.,0.951056516295154));
#2363=DIRECTION('',(0.,0.,1.));
#2364=DIRECTION('',(1.,0.,0.));
#2365=DIRECTION('',(0.987688340595138,0.,0.156434465040231));
#2366=DIRECTION('',(0.156434465040231,0.,-0.987688340595138));
#2367=DIRECTION('',(-1.07132948785241E-30,-1.,-1.69681921336676E-31));
#2368=DIRECTION('',(-0.156434465040231,0.,0.987688340595138));
#2369=DIRECTION('',(-1.07132948785241E-30,-1.,-1.69681921336676E-31));
#2370=DIRECTION('',(-0.156434465040231,0.,0.987688340595138));
#2371=DIRECTION('',(0.,0.,1.));
#2372=DIRECTION('',(1.,0.,0.));
#2373=DIRECTION('',(1.,0.,-4.71844785465692E-16));
#2374=DIRECTION('',(-4.71844785465692E-16,0.,-1.));
#2375=DIRECTION('',(-1.08468374467889E-30,-1.,8.75811540203011E-47));
#2376=DIRECTION('',(1.11022302462516E-16,0.,1.));
#2377=DIRECTION('',(-1.08468374467889E-30,-1.,8.75811540203011E-47));
#2378=DIRECTION('',(1.11022302462516E-16,0.,1.));
#2379=DIRECTION('',(0.,0.,1.));
#2380=DIRECTION('',(1.,0.,0.));
#2381=DIRECTION('',(0.987688340595138,0.,-0.156434465040232));
#2382=DIRECTION('',(-0.156434465040232,0.,-0.987688340595138));
#2383=DIRECTION('',(-1.07132948785241E-30,-1.,1.69681921336676E-31));
#2384=DIRECTION('',(0.156434465040231,0.,0.987688340595138));
#2385=DIRECTION('',(-1.07132948785241E-30,-1.,1.69681921336676E-31));
#2386=DIRECTION('',(0.156434465040231,0.,0.987688340595138));
#2387=DIRECTION('',(0.,0.,1.));
#2388=DIRECTION('',(1.,0.,0.));
#2389=DIRECTION('',(1.,2.22032253414604E-16,5.88903280134492E-17));
#2390=DIRECTION('',(-2.22032253414604E-16,1.,0.));
#2391=DIRECTION('',(-1.,-2.22032253414604E-16,-5.88903280134492E-17));
#2392=DIRECTION('',(2.22032253414604E-16,-1.,1.30755522331513E-32));
#2393=DIRECTION('',(1.,2.22032253414604E-16,5.88903280134492E-17));
#2394=DIRECTION('',(-2.22032253414604E-16,1.,0.));
#2395=DIRECTION('',(0.,0.,1.));
#2396=DIRECTION('',(1.,0.,0.));
#2397=DIRECTION('',(-1.,1.11712109989428E-16,-4.99857409153398E-17));
#2398=DIRECTION('',(-1.11712109989428E-16,-1.,0.));
#2399=DIRECTION('',(1.,-1.11712109989428E-16,4.99857409153398E-17));
#2400=DIRECTION('',(1.11712109989428E-16,1.,5.58401258703749E-33));
#2401=DIRECTION('',(1.,-1.11712109989428E-16,4.99857409153398E-17));
#2402=DIRECTION('',(1.11712109989428E-16,1.,5.58401258703749E-33));
#2403=DIRECTION('',(0.,0.,1.));
#2404=DIRECTION('',(1.,0.,0.));
#2405=DIRECTION('',(0.,0.,-1.));
#2406=DIRECTION('',(-1.,0.,0.));
#2407=DIRECTION('',(0.,0.,1.));
#2408=DIRECTION('',(-1.,-1.00929365875014E-15,0.));
#2409=DIRECTION('',(0.,0.,-1.));
#2410=DIRECTION('',(0.,0.,1.));
#2411=DIRECTION('',(-1.,-1.00929365875014E-15,0.));
#2412=DIRECTION('',(0.,0.,-1.));
#2413=DIRECTION('',(-1.,0.,0.));
#2414=DIRECTION('',(0.,0.,1.));
#2415=DIRECTION('',(0.,1.,0.));
#2416=DIRECTION('',(0.,1.,0.));
#2417=DIRECTION('',(0.,0.,-1.));
#2418=DIRECTION('',(0.,0.,-1.));
#2419=DIRECTION('',(-1.,0.,0.));
#2420=DIRECTION('',(0.,0.,1.));
#2421=DIRECTION('',(1.,2.01858731750028E-15,0.));
#2422=DIRECTION('',(0.,0.,1.));
#2423=DIRECTION('',(1.,2.01858731750028E-15,0.));
#2424=DIRECTION('',(0.,0.,-1.));
#2425=DIRECTION('',(1.,2.4671622769448E-16,0.));
#2426=DIRECTION('',(-2.4671622769448E-16,1.,0.));
#2427=DIRECTION('',(-2.4671622769448E-16,1.,0.));
#2428=DIRECTION('',(-2.4671622769448E-16,1.,0.));
#2429=DIRECTION('',(0.,0.,1.));
#2430=DIRECTION('',(1.,0.,0.));
#2431=DIRECTION('',(1.,0.,0.));
#2432=DIRECTION('',(0.,0.,-1.));
#2433=DIRECTION('',(0.,-1.,0.));
#2434=DIRECTION('',(0.,0.,-1.));
#2435=DIRECTION('',(0.,-1.,0.));
#2436=DIRECTION('',(0.,0.,-1.));
#2437=DIRECTION('',(0.,0.,-1.));
#2438=DIRECTION('',(-1.,0.,0.));
#2439=DIRECTION('',(0.,0.,1.));
#2440=DIRECTION('',(-1.,3.22973970800046E-15,0.));
#2441=DIRECTION('',(0.,0.,1.));
#2442=DIRECTION('',(-1.,3.22973970800046E-15,0.));
#2443=DIRECTION('',(0.,0.,-1.));
#2444=DIRECTION('',(-1.,0.,0.));
#2445=DIRECTION('',(0.,0.,1.));
#2446=DIRECTION('',(0.,-1.,0.));
#2447=DIRECTION('',(0.,-1.,0.));
#2448=DIRECTION('',(0.,0.,-1.));
#2449=DIRECTION('',(0.,0.,-1.));
#2450=DIRECTION('',(-1.,0.,0.));
#2451=DIRECTION('',(0.,0.,1.));
#2452=DIRECTION('',(1.,3.22973970800046E-15,0.));
#2453=DIRECTION('',(0.,0.,1.));
#2454=DIRECTION('',(1.,3.22973970800046E-15,0.));
#2455=DIRECTION('',(0.,0.,1.));
#2456=DIRECTION('',(1.,0.,0.));
#2457=DIRECTION('',(8.32688846403401E-16,1.,2.9582283945788E-31));
#2458=DIRECTION('',(-1.,8.32688846403401E-16,0.));
#2459=DIRECTION('',(8.32688846403401E-16,1.,2.9582283945788E-31));
#2460=DIRECTION('',(-1.,8.32688846403401E-16,2.4632837892796E-46));
#2461=DIRECTION('',(1.08468374467891E-30,1.,2.33363072919793E-61));
#2462=DIRECTION('',(-1.,1.08468374467891E-30,0.));
#2463=DIRECTION('',(0.,0.,1.));
#2464=DIRECTION('',(1.,0.,0.));
#2465=DIRECTION('',(0.,-1.,0.));
#2466=DIRECTION('',(0.,0.,-1.));
#2467=DIRECTION('',(0.,-1.,0.));
#2468=DIRECTION('',(0.,-1.,0.));
#2469=DIRECTION('',(1.08468374467891E-30,1.,2.33363072919793E-61));
#2470=DIRECTION('',(-1.,1.08468374467891E-30,0.));
#2471=DIRECTION('',(0.,-1.,0.));
#2472=DIRECTION('',(0.,0.,-1.));
#2473=DIRECTION('',(0.,-1.,0.));
#2474=DIRECTION('',(0.,-1.,0.));
#2475=CARTESIAN_POINT('',(0.,0.,0.));
#2476=CARTESIAN_POINT('',(6.22936432853165E-15,7.385,-3.79392791604731E-31));
#2477=CARTESIAN_POINT('',(6.22936432853165E-15,7.385,-3.79392791604731E-31));
#2478=CARTESIAN_POINT('',(6.22936432853165E-15,7.385,-1.6175));
#2479=CARTESIAN_POINT('',(6.22936432853165E-15,9.385,-3.79392791604731E-31));
#2480=CARTESIAN_POINT('',(6.22936432853165E-15,9.385,1.6175));
#2481=CARTESIAN_POINT('',(0.,0.,0.));
#2482=CARTESIAN_POINT('',(1.69386978880331,-0.8675,4.9960036108132E-16));
#2483=CARTESIAN_POINT('',(6.22936432853165E-15,-0.8675,-3.79392791604731E-31));
#2484=CARTESIAN_POINT('',(1.61750000000001,-0.8675,5.22916923008002E-16));
#2485=CARTESIAN_POINT('',(6.22936432853165E-15,-0.8675,-3.79392791604731E-31));
#2486=CARTESIAN_POINT('',(1.78000000000001,-0.8675,4.73303831595064E-16));
#2487=CARTESIAN_POINT('',(0.,0.,0.));
#2488=CARTESIAN_POINT('',(1.59716725349427,-1.2825,4.44089209850063E-16));
#2489=CARTESIAN_POINT('',(6.22936432853165E-15,-1.2825,-3.79392791604731E-31));
#2490=CARTESIAN_POINT('',(1.40000000000001,-1.2825,4.44089209850062E-16));
#2491=CARTESIAN_POINT('',(6.22936432853165E-15,-1.2825,-3.79392791604731E-31));
#2492=CARTESIAN_POINT('',(1.78000000000001,-1.2825,4.44089209850063E-16));
#2493=CARTESIAN_POINT('',(0.,0.,0.));
#2494=CARTESIAN_POINT('',(0.537496434590924,-1.17875,1.65424392803089));
#2495=CARTESIAN_POINT('',(0.550050249987407,-1.075,1.69288059900538));
#2496=CARTESIAN_POINT('',(0.550050249987407,-1.2825,1.69288059900538));
#2497=CARTESIAN_POINT('',(0.550050249987407,-0.8675,1.69288059900538));
#2498=CARTESIAN_POINT('',(0.523434550998527,-1.2825,1.61096590039689));
#2499=CARTESIAN_POINT('',(0.499834988401477,-1.2825,1.53833391510741));
#2500=CARTESIAN_POINT('',(0.499834988401477,-1.075,1.53833391510741));
#2501=CARTESIAN_POINT('',(0.499834988401477,-0.8675,1.53833391510741));
#2502=CARTESIAN_POINT('',(0.523434550998527,-0.8675,1.61096590039689));
#2503=CARTESIAN_POINT('',(0.,0.,0.));
#2504=CARTESIAN_POINT('',(0.789659725484475,-1.17875,1.54979447301014));
#2505=CARTESIAN_POINT('',(0.808103089536394,-1.075,1.5859916130553));
#2506=CARTESIAN_POINT('',(0.808103089536394,-1.2825,1.5859916130553));
#2507=CARTESIAN_POINT('',(0.808103089536394,-0.8675,1.5859916130553));
#2508=CARTESIAN_POINT('',(0.769000791912537,-1.2825,1.50924903294933));
#2509=CARTESIAN_POINT('',(0.734329633328717,-1.2825,1.44120305287469));
#2510=CARTESIAN_POINT('',(0.734329633328717,-1.075,1.44120305287469));
#2511=CARTESIAN_POINT('',(0.734329633328717,-0.8675,1.44120305287469));
#2512=CARTESIAN_POINT('',(0.769000791912537,-0.8675,1.50924903294933));
#2513=CARTESIAN_POINT('',(0.,0.,0.));
#2514=CARTESIAN_POINT('',(1.02237897320622,-1.17875,1.40718393459093));
#2515=CARTESIAN_POINT('',(1.0462577490806,-1.075,1.44005024998741));
#2516=CARTESIAN_POINT('',(1.0462577490806,-1.2825,1.44005024998741));
#2517=CARTESIAN_POINT('',(1.0462577490806,-0.8675,1.44005024998741));
#2518=CARTESIAN_POINT('',(0.995631681162354,-1.2825,1.37036944540018));
#2519=CARTESIAN_POINT('',(0.950742645583076,-1.2825,1.30858498840148));
#2520=CARTESIAN_POINT('',(0.950742645583076,-1.075,1.30858498840148));
#2521=CARTESIAN_POINT('',(0.950742645583076,-0.8675,1.30858498840148));
#2522=CARTESIAN_POINT('',(0.995631681162354,-0.8675,1.37036944540018));
#2523=CARTESIAN_POINT('',(0.,0.,0.));
#2524=CARTESIAN_POINT('',(1.22992385752635,-1.17875,1.22992385752635));
#2525=CARTESIAN_POINT('',(1.25865007051206,-1.075,1.25865007051206));
#2526=CARTESIAN_POINT('',(1.25865007051206,-1.2825,1.25865007051206));
#2527=CARTESIAN_POINT('',(1.25865007051206,-0.8675,1.25865007051206));
#2528=CARTESIAN_POINT('',(1.19774681410985,-1.2825,1.19774681410985));
#2529=CARTESIAN_POINT('',(1.14374521856924,-1.2825,1.14374521856924));
#2530=CARTESIAN_POINT('',(1.14374521856924,-1.075,1.14374521856924));
#2531=CARTESIAN_POINT('',(1.14374521856924,-0.8675,1.14374521856924));
#2532=CARTESIAN_POINT('',(1.19774681410985,-0.8675,1.19774681410985));
#2533=CARTESIAN_POINT('',(0.,0.,0.));
#2534=CARTESIAN_POINT('',(1.40718393459092,-1.17875,1.02237897320622));
#2535=CARTESIAN_POINT('',(1.44005024998741,-1.075,1.0462577490806));
#2536=CARTESIAN_POINT('',(1.44005024998741,-1.2825,1.0462577490806));
#2537=CARTESIAN_POINT('',(1.44005024998741,-0.8675,1.0462577490806));
#2538=CARTESIAN_POINT('',(1.37036944540018,-1.2825,0.995631681162355));
#2539=CARTESIAN_POINT('',(1.30858498840148,-1.2825,0.950742645583077));
#2540=CARTESIAN_POINT('',(1.30858498840148,-1.075,0.950742645583077));
#2541=CARTESIAN_POINT('',(1.30858498840148,-0.8675,0.950742645583077));
#2542=CARTESIAN_POINT('',(1.37036944540018,-0.8675,0.995631681162355));
#2543=CARTESIAN_POINT('',(0.,0.,0.));
#2544=CARTESIAN_POINT('',(1.54979447301014,-1.17875,0.789659725484475));
#2545=CARTESIAN_POINT('',(1.5859916130553,-1.075,0.808103089536394));
#2546=CARTESIAN_POINT('',(1.5859916130553,-1.2825,0.808103089536394));
#2547=CARTESIAN_POINT('',(1.5859916130553,-0.8675,0.808103089536394));
#2548=CARTESIAN_POINT('',(1.50924903294933,-1.2825,0.769000791912538));
#2549=CARTESIAN_POINT('',(1.44120305287469,-1.2825,0.734329633328718));
#2550=CARTESIAN_POINT('',(1.44120305287469,-1.075,0.734329633328718));
#2551=CARTESIAN_POINT('',(1.44120305287469,-0.8675,0.734329633328718));
#2552=CARTESIAN_POINT('',(1.50924903294933,-0.8675,0.769000791912538));
#2553=CARTESIAN_POINT('',(0.,0.,0.));
#2554=CARTESIAN_POINT('',(1.65424392803089,-1.17875,0.537496434590925));
#2555=CARTESIAN_POINT('',(1.69288059900538,-1.075,0.550050249987407));
#2556=CARTESIAN_POINT('',(1.69288059900538,-1.2825,0.550050249987407));
#2557=CARTESIAN_POINT('',(1.69288059900538,-0.8675,0.550050249987407));
#2558=CARTESIAN_POINT('',(1.61096590039689,-1.2825,0.523434550998528));
#2559=CARTESIAN_POINT('',(1.53833391510741,-1.2825,0.499834988401478));
#2560=CARTESIAN_POINT('',(1.53833391510741,-1.075,0.499834988401478));
#2561=CARTESIAN_POINT('',(1.53833391510741,-0.8675,0.499834988401478));
#2562=CARTESIAN_POINT('',(1.61096590039689,-0.8675,0.523434550998528));
#2563=CARTESIAN_POINT('',(0.,0.,0.));
#2564=CARTESIAN_POINT('',(1.71796040742267,-1.17875,0.272098197629353));
#2565=CARTESIAN_POINT('',(1.75808524625935,-1.075,0.278453347771612));
#2566=CARTESIAN_POINT('',(1.75808524625935,-1.2825,0.278453347771612));
#2567=CARTESIAN_POINT('',(1.75808524625935,-0.8675,0.278453347771612));
#2568=CARTESIAN_POINT('',(1.67301544088738,-1.2825,0.264979614259256));
#2569=CARTESIAN_POINT('',(1.59758589091264,-1.2825,0.253032747202574));
#2570=CARTESIAN_POINT('',(1.59758589091264,-1.075,0.253032747202574));
#2571=CARTESIAN_POINT('',(1.59758589091264,-0.8675,0.253032747202574));
#2572=CARTESIAN_POINT('',(1.67301544088738,-0.8675,0.264979614259256));
#2573=CARTESIAN_POINT('',(0.,0.,0.));
#2574=CARTESIAN_POINT('',(1.739375,-1.17875,4.44089209850063E-16));
#2575=CARTESIAN_POINT('',(1.78,-1.075,4.44089209850063E-16));
#2576=CARTESIAN_POINT('',(1.78,-1.2825,4.44089209850063E-16));
#2577=CARTESIAN_POINT('',(1.78,-0.8675,4.44089209850063E-16));
#2578=CARTESIAN_POINT('',(1.69386978880331,-1.2825,4.9960036108132E-16));
#2579=CARTESIAN_POINT('',(1.6175,-1.2825,4.9960036108132E-16));
#2580=CARTESIAN_POINT('',(1.6175,-1.075,4.9960036108132E-16));
#2581=CARTESIAN_POINT('',(1.6175,-0.8675,4.9960036108132E-16));
#2582=CARTESIAN_POINT('',(1.69386978880331,-0.8675,4.9960036108132E-16));
#2583=CARTESIAN_POINT('',(0.,0.,0.));
#2584=CARTESIAN_POINT('',(1.71796040742267,-1.17875,-0.272098197629352));
#2585=CARTESIAN_POINT('',(1.75808524625935,-1.075,-0.278453347771611));
#2586=CARTESIAN_POINT('',(1.75808524625935,-1.2825,-0.278453347771611));
#2587=CARTESIAN_POINT('',(1.75808524625935,-0.8675,-0.278453347771611));
#2588=CARTESIAN_POINT('',(1.67301544088738,-1.2825,-0.264979614259255));
#2589=CARTESIAN_POINT('',(1.59758589091264,-1.2825,-0.253032747202573));
#2590=CARTESIAN_POINT('',(1.59758589091264,-1.075,-0.253032747202573));
#2591=CARTESIAN_POINT('',(1.59758589091264,-0.8675,-0.253032747202573));
#2592=CARTESIAN_POINT('',(1.67301544088738,-0.8675,-0.264979614259255));
#2593=CARTESIAN_POINT('',(0.,0.,0.));
#2594=CARTESIAN_POINT('',(1.65424392803089,-1.17875,-0.537496434590924));
#2595=CARTESIAN_POINT('',(1.69288059900538,-1.075,-0.550050249987406));
#2596=CARTESIAN_POINT('',(1.69288059900538,-1.2825,-0.550050249987406));
#2597=CARTESIAN_POINT('',(1.69288059900538,-0.8675,-0.550050249987406));
#2598=CARTESIAN_POINT('',(1.61096590039689,-1.2825,-0.523434550998527));
#2599=CARTESIAN_POINT('',(1.53833391510741,-1.2825,-0.499834988401477));
#2600=CARTESIAN_POINT('',(1.53833391510741,-1.075,-0.499834988401477));
#2601=CARTESIAN_POINT('',(1.53833391510741,-0.8675,-0.499834988401477));
#2602=CARTESIAN_POINT('',(1.61096590039689,-0.8675,-0.523434550998527));
#2603=CARTESIAN_POINT('',(0.,0.,0.));
#2604=CARTESIAN_POINT('',(1.54979447301014,-1.17875,-0.789659725484474));
#2605=CARTESIAN_POINT('',(1.5859916130553,-1.075,-0.808103089536393));
#2606=CARTESIAN_POINT('',(1.5859916130553,-1.2825,-0.808103089536393));
#2607=CARTESIAN_POINT('',(1.5859916130553,-0.8675,-0.808103089536393));
#2608=CARTESIAN_POINT('',(1.50924903294933,-1.2825,-0.769000791912537));
#2609=CARTESIAN_POINT('',(1.44120305287469,-1.2825,-0.734329633328717));
#2610=CARTESIAN_POINT('',(1.44120305287469,-1.075,-0.734329633328717));
#2611=CARTESIAN_POINT('',(1.44120305287469,-0.8675,-0.734329633328717));
#2612=CARTESIAN_POINT('',(1.50924903294933,-0.8675,-0.769000791912537));
#2613=CARTESIAN_POINT('',(0.,0.,0.));
#2614=CARTESIAN_POINT('',(1.40718393459093,-1.17875,-1.02237897320622));
#2615=CARTESIAN_POINT('',(1.44005024998741,-1.075,-1.0462577490806));
#2616=CARTESIAN_POINT('',(1.44005024998741,-1.2825,-1.0462577490806));
#2617=CARTESIAN_POINT('',(1.44005024998741,-0.8675,-1.0462577490806));
#2618=CARTESIAN_POINT('',(1.37036944540018,-1.2825,-0.995631681162354));
#2619=CARTESIAN_POINT('',(1.30858498840148,-1.2825,-0.950742645583076));
#2620=CARTESIAN_POINT('',(1.30858498840148,-1.075,-0.950742645583076));
#2621=CARTESIAN_POINT('',(1.30858498840148,-0.8675,-0.950742645583076));
#2622=CARTESIAN_POINT('',(1.37036944540018,-0.8675,-0.995631681162354));
#2623=CARTESIAN_POINT('',(0.,0.,0.));
#2624=CARTESIAN_POINT('',(1.22992385752635,-1.17875,-1.22992385752635));
#2625=CARTESIAN_POINT('',(1.25865007051206,-1.075,-1.25865007051205));
#2626=CARTESIAN_POINT('',(1.25865007051206,-1.2825,-1.25865007051205));
#2627=CARTESIAN_POINT('',(1.25865007051206,-0.8675,-1.25865007051205));
#2628=CARTESIAN_POINT('',(1.19774681410985,-1.2825,-1.19774681410985));
#2629=CARTESIAN_POINT('',(1.14374521856924,-1.2825,-1.14374521856924));
#2630=CARTESIAN_POINT('',(1.14374521856924,-1.075,-1.14374521856924));
#2631=CARTESIAN_POINT('',(1.14374521856924,-0.8675,-1.14374521856924));
#2632=CARTESIAN_POINT('',(1.19774681410985,-0.8675,-1.19774681410985));
#2633=CARTESIAN_POINT('',(0.,0.,0.));
#2634=CARTESIAN_POINT('',(1.02237897320622,-1.17875,-1.40718393459092));
#2635=CARTESIAN_POINT('',(1.0462577490806,-1.075,-1.44005024998741));
#2636=CARTESIAN_POINT('',(1.0462577490806,-1.2825,-1.44005024998741));
#2637=CARTESIAN_POINT('',(1.0462577490806,-0.8675,-1.44005024998741));
#2638=CARTESIAN_POINT('',(0.995631681162355,-1.2825,-1.37036944540018));
#2639=CARTESIAN_POINT('',(0.950742645583077,-1.2825,-1.30858498840148));
#2640=CARTESIAN_POINT('',(0.950742645583077,-1.075,-1.30858498840148));
#2641=CARTESIAN_POINT('',(0.950742645583077,-0.8675,-1.30858498840148));
#2642=CARTESIAN_POINT('',(0.995631681162355,-0.8675,-1.37036944540018));
#2643=CARTESIAN_POINT('',(0.,0.,0.));
#2644=CARTESIAN_POINT('',(0.789659725484476,-1.17875,-1.54979447301014));
#2645=CARTESIAN_POINT('',(0.808103089536395,-1.075,-1.5859916130553));
#2646=CARTESIAN_POINT('',(0.808103089536395,-1.2825,-1.5859916130553));
#2647=CARTESIAN_POINT('',(0.808103089536395,-0.8675,-1.5859916130553));
#2648=CARTESIAN_POINT('',(0.769000791912538,-1.2825,-1.50924903294933));
#2649=CARTESIAN_POINT('',(0.734329633328718,-1.2825,-1.44120305287469));
#2650=CARTESIAN_POINT('',(0.734329633328718,-1.075,-1.44120305287469));
#2651=CARTESIAN_POINT('',(0.734329633328718,-0.8675,-1.44120305287469));
#2652=CARTESIAN_POINT('',(0.769000791912538,-0.8675,-1.50924903294933));
#2653=CARTESIAN_POINT('',(0.,0.,0.));
#2654=CARTESIAN_POINT('',(0.537496434590925,-1.17875,-1.65424392803089));
#2655=CARTESIAN_POINT('',(0.550050249987408,-1.075,-1.69288059900538));
#2656=CARTESIAN_POINT('',(0.550050249987408,-1.2825,-1.69288059900538));
#2657=CARTESIAN_POINT('',(0.550050249987408,-0.8675,-1.69288059900538));
#2658=CARTESIAN_POINT('',(0.523434550998528,-1.2825,-1.61096590039689));
#2659=CARTESIAN_POINT('',(0.499834988401478,-1.2825,-1.53833391510741));
#2660=CARTESIAN_POINT('',(0.499834988401478,-1.075,-1.53833391510741));
#2661=CARTESIAN_POINT('',(0.499834988401478,-0.8675,-1.53833391510741));
#2662=CARTESIAN_POINT('',(0.523434550998528,-0.8675,-1.61096590039689));
#2663=CARTESIAN_POINT('',(0.,0.,0.));
#2664=CARTESIAN_POINT('',(0.272098197629353,-1.17875,-1.71796040742267));
#2665=CARTESIAN_POINT('',(0.278453347771612,-1.075,-1.75808524625935));
#2666=CARTESIAN_POINT('',(0.278453347771612,-1.2825,-1.75808524625935));
#2667=CARTESIAN_POINT('',(0.278453347771612,-0.8675,-1.75808524625935));
#2668=CARTESIAN_POINT('',(0.264979614259256,-1.2825,-1.67301544088738));
#2669=CARTESIAN_POINT('',(0.253032747202575,-1.2825,-1.59758589091264));
#2670=CARTESIAN_POINT('',(0.253032747202575,-1.075,-1.59758589091264));
#2671=CARTESIAN_POINT('',(0.253032747202575,-0.8675,-1.59758589091264));
#2672=CARTESIAN_POINT('',(0.264979614259256,-0.8675,-1.67301544088738));
#2673=CARTESIAN_POINT('',(0.,0.,0.));
#2674=CARTESIAN_POINT('',(5.55111512312578E-16,-1.17875,-1.739375));
#2675=CARTESIAN_POINT('',(5.55111512312578E-16,-1.075,-1.78));
#2676=CARTESIAN_POINT('',(5.55111512312578E-16,-1.2825,-1.78));
#2677=CARTESIAN_POINT('',(5.55111512312578E-16,-0.8675,-1.78));
#2678=CARTESIAN_POINT('',(6.10622663543836E-16,-1.2825,-1.69386978880331));
#2679=CARTESIAN_POINT('',(5.82867087928207E-16,-1.2825,-1.6175));
#2680=CARTESIAN_POINT('',(5.82867087928207E-16,-1.075,-1.6175));
#2681=CARTESIAN_POINT('',(5.82867087928207E-16,-0.8675,-1.6175));
#2682=CARTESIAN_POINT('',(6.10622663543836E-16,-0.8675,-1.69386978880331));
#2683=CARTESIAN_POINT('',(0.,0.,0.));
#2684=CARTESIAN_POINT('',(-0.272098197629351,-1.17875,-1.71796040742267));
#2685=CARTESIAN_POINT('',(-0.278453347771611,-1.075,-1.75808524625935));
#2686=CARTESIAN_POINT('',(-0.278453347771611,-1.2825,-1.75808524625935));
#2687=CARTESIAN_POINT('',(-0.278453347771611,-0.8675,-1.75808524625935));
#2688=CARTESIAN_POINT('',(-0.264979614259255,-1.2825,-1.67301544088738));
#2689=CARTESIAN_POINT('',(-0.253032747202573,-1.2825,-1.59758589091264));
#2690=CARTESIAN_POINT('',(-0.253032747202573,-1.075,-1.59758589091264));
#2691=CARTESIAN_POINT('',(-0.253032747202573,-0.8675,-1.59758589091264));
#2692=CARTESIAN_POINT('',(-0.264979614259255,-0.8675,-1.67301544088738));
#2693=CARTESIAN_POINT('',(0.,0.,0.));
#2694=CARTESIAN_POINT('',(-0.537496434590924,-1.17875,-1.65424392803089));
#2695=CARTESIAN_POINT('',(-0.550050249987406,-1.075,-1.69288059900538));
#2696=CARTESIAN_POINT('',(-0.550050249987406,-1.2825,-1.69288059900538));
#2697=CARTESIAN_POINT('',(-0.550050249987406,-0.8675,-1.69288059900538));
#2698=CARTESIAN_POINT('',(-0.523434550998527,-1.2825,-1.61096590039689));
#2699=CARTESIAN_POINT('',(-0.499834988401477,-1.2825,-1.53833391510741));
#2700=CARTESIAN_POINT('',(-0.499834988401477,-1.075,-1.53833391510741));
#2701=CARTESIAN_POINT('',(-0.499834988401477,-0.8675,-1.53833391510741));
#2702=CARTESIAN_POINT('',(-0.523434550998527,-0.8675,-1.61096590039689));
#2703=CARTESIAN_POINT('',(0.,0.,0.));
#2704=CARTESIAN_POINT('',(-0.789659725484474,-1.17875,-1.54979447301014));
#2705=CARTESIAN_POINT('',(-0.808103089536393,-1.075,-1.5859916130553));
#2706=CARTESIAN_POINT('',(-0.808103089536393,-1.2825,-1.5859916130553));
#2707=CARTESIAN_POINT('',(-0.808103089536393,-0.8675,-1.5859916130553));
#2708=CARTESIAN_POINT('',(-0.769000791912537,-1.2825,-1.50924903294933));
#2709=CARTESIAN_POINT('',(-0.734329633328717,-1.2825,-1.44120305287469));
#2710=CARTESIAN_POINT('',(-0.734329633328717,-1.075,-1.44120305287469));
#2711=CARTESIAN_POINT('',(-0.734329633328717,-0.8675,-1.44120305287469));
#2712=CARTESIAN_POINT('',(-0.769000791912537,-0.8675,-1.50924903294933));
#2713=CARTESIAN_POINT('',(0.,0.,0.));
#2714=CARTESIAN_POINT('',(-1.02237897320622,-1.17875,-1.40718393459093));
#2715=CARTESIAN_POINT('',(-1.0462577490806,-1.075,-1.44005024998741));
#2716=CARTESIAN_POINT('',(-1.0462577490806,-1.2825,-1.44005024998741));
#2717=CARTESIAN_POINT('',(-1.0462577490806,-0.8675,-1.44005024998741));
#2718=CARTESIAN_POINT('',(-0.995631681162354,-1.2825,-1.37036944540018));
#2719=CARTESIAN_POINT('',(-0.950742645583076,-1.2825,-1.30858498840148));
#2720=CARTESIAN_POINT('',(-0.950742645583076,-1.075,-1.30858498840148));
#2721=CARTESIAN_POINT('',(-0.950742645583076,-0.8675,-1.30858498840148));
#2722=CARTESIAN_POINT('',(-0.995631681162354,-0.8675,-1.37036944540018));
#2723=CARTESIAN_POINT('',(0.,0.,0.));
#2724=CARTESIAN_POINT('',(-1.22992385752635,-1.17875,-1.22992385752635));
#2725=CARTESIAN_POINT('',(-1.25865007051205,-1.075,-1.25865007051206));
#2726=CARTESIAN_POINT('',(-1.25865007051205,-1.2825,-1.25865007051206));
#2727=CARTESIAN_POINT('',(-1.25865007051205,-0.8675,-1.25865007051206));
#2728=CARTESIAN_POINT('',(-1.19774681410985,-1.2825,-1.19774681410985));
#2729=CARTESIAN_POINT('',(-1.14374521856924,-1.2825,-1.14374521856924));
#2730=CARTESIAN_POINT('',(-1.14374521856924,-1.075,-1.14374521856924));
#2731=CARTESIAN_POINT('',(-1.14374521856924,-0.8675,-1.14374521856924));
#2732=CARTESIAN_POINT('',(-1.19774681410985,-0.8675,-1.19774681410985));
#2733=CARTESIAN_POINT('',(0.,0.,0.));
#2734=CARTESIAN_POINT('',(-1.40718393459092,-1.17875,-1.02237897320622));
#2735=CARTESIAN_POINT('',(-1.44005024998741,-1.075,-1.0462577490806));
#2736=CARTESIAN_POINT('',(-1.44005024998741,-1.2825,-1.0462577490806));
#2737=CARTESIAN_POINT('',(-1.44005024998741,-0.8675,-1.0462577490806));
#2738=CARTESIAN_POINT('',(-1.37036944540018,-1.2825,-0.995631681162355));
#2739=CARTESIAN_POINT('',(-1.30858498840148,-1.2825,-0.950742645583077));
#2740=CARTESIAN_POINT('',(-1.30858498840148,-1.075,-0.950742645583077));
#2741=CARTESIAN_POINT('',(-1.30858498840148,-0.8675,-0.950742645583077));
#2742=CARTESIAN_POINT('',(-1.37036944540018,-0.8675,-0.995631681162355));
#2743=CARTESIAN_POINT('',(0.,0.,0.));
#2744=CARTESIAN_POINT('',(-1.54979447301014,-1.17875,-0.789659725484476));
#2745=CARTESIAN_POINT('',(-1.5859916130553,-1.075,-0.808103089536395));
#2746=CARTESIAN_POINT('',(-1.5859916130553,-1.2825,-0.808103089536395));
#2747=CARTESIAN_POINT('',(-1.5859916130553,-0.8675,-0.808103089536395));
#2748=CARTESIAN_POINT('',(-1.50924903294933,-1.2825,-0.769000791912538));
#2749=CARTESIAN_POINT('',(-1.44120305287469,-1.2825,-0.734329633328718));
#2750=CARTESIAN_POINT('',(-1.44120305287469,-1.075,-0.734329633328718));
#2751=CARTESIAN_POINT('',(-1.44120305287469,-0.8675,-0.734329633328718));
#2752=CARTESIAN_POINT('',(-1.50924903294933,-0.8675,-0.769000791912538));
#2753=CARTESIAN_POINT('',(0.,0.,0.));
#2754=CARTESIAN_POINT('',(-1.65424392803089,-1.17875,-0.537496434590925));
#2755=CARTESIAN_POINT('',(-1.69288059900538,-1.075,-0.550050249987408));
#2756=CARTESIAN_POINT('',(-1.69288059900538,-1.2825,-0.550050249987408));
#2757=CARTESIAN_POINT('',(-1.69288059900538,-0.8675,-0.550050249987408));
#2758=CARTESIAN_POINT('',(-1.61096590039689,-1.2825,-0.523434550998528));
#2759=CARTESIAN_POINT('',(-1.53833391510741,-1.2825,-0.499834988401478));
#2760=CARTESIAN_POINT('',(-1.53833391510741,-1.075,-0.499834988401478));
#2761=CARTESIAN_POINT('',(-1.53833391510741,-0.8675,-0.499834988401478));
#2762=CARTESIAN_POINT('',(-1.61096590039689,-0.8675,-0.523434550998528));
#2763=CARTESIAN_POINT('',(0.,0.,0.));
#2764=CARTESIAN_POINT('',(-1.71796040742267,-1.17875,-0.272098197629353));
#2765=CARTESIAN_POINT('',(-1.75808524625935,-1.075,-0.278453347771612));
#2766=CARTESIAN_POINT('',(-1.75808524625935,-1.2825,-0.278453347771612));
#2767=CARTESIAN_POINT('',(-1.75808524625935,-0.8675,-0.278453347771612));
#2768=CARTESIAN_POINT('',(-1.67301544088738,-1.2825,-0.264979614259256));
#2769=CARTESIAN_POINT('',(-1.59758589091264,-1.2825,-0.253032747202575));
#2770=CARTESIAN_POINT('',(-1.59758589091264,-1.075,-0.253032747202575));
#2771=CARTESIAN_POINT('',(-1.59758589091264,-0.8675,-0.253032747202575));
#2772=CARTESIAN_POINT('',(-1.67301544088738,-0.8675,-0.264979614259256));
#2773=CARTESIAN_POINT('',(0.,0.,0.));
#2774=CARTESIAN_POINT('',(-1.739375,-1.17875,-6.66133814775094E-16));
#2775=CARTESIAN_POINT('',(-1.78,-1.075,-6.66133814775094E-16));
#2776=CARTESIAN_POINT('',(-1.78,-1.2825,-6.66133814775094E-16));
#2777=CARTESIAN_POINT('',(-1.78,-0.8675,-6.66133814775094E-16));
#2778=CARTESIAN_POINT('',(-1.69386978880331,-1.2825,-7.21644966006352E-16));
#2779=CARTESIAN_POINT('',(-1.6175,-1.2825,-7.21644966006352E-16));
#2780=CARTESIAN_POINT('',(-1.6175,-1.075,-7.21644966006352E-16));
#2781=CARTESIAN_POINT('',(-1.6175,-0.8675,-7.21644966006352E-16));
#2782=CARTESIAN_POINT('',(-1.69386978880331,-0.8675,-7.21644966006352E-16));
#2783=CARTESIAN_POINT('',(0.,0.,0.));
#2784=CARTESIAN_POINT('',(-1.71796040742267,-1.17875,0.272098197629351));
#2785=CARTESIAN_POINT('',(-1.75808524625935,-1.075,0.278453347771611));
#2786=CARTESIAN_POINT('',(-1.75808524625935,-1.2825,0.278453347771611));
#2787=CARTESIAN_POINT('',(-1.75808524625935,-0.8675,0.278453347771611));
#2788=CARTESIAN_POINT('',(-1.67301544088738,-1.2825,0.264979614259254));
#2789=CARTESIAN_POINT('',(-1.59758589091264,-1.2825,0.253032747202573));
#2790=CARTESIAN_POINT('',(-1.59758589091264,-1.075,0.253032747202573));
#2791=CARTESIAN_POINT('',(-1.59758589091264,-0.8675,0.253032747202573));
#2792=CARTESIAN_POINT('',(-1.67301544088738,-0.8675,0.264979614259254));
#2793=CARTESIAN_POINT('',(0.,0.,0.));
#2794=CARTESIAN_POINT('',(-1.65424392803089,-1.17875,0.537496434590924));
#2795=CARTESIAN_POINT('',(-1.69288059900538,-1.075,0.550050249987406));
#2796=CARTESIAN_POINT('',(-1.69288059900538,-1.2825,0.550050249987406));
#2797=CARTESIAN_POINT('',(-1.69288059900538,-0.8675,0.550050249987406));
#2798=CARTESIAN_POINT('',(-1.61096590039689,-1.2825,0.523434550998527));
#2799=CARTESIAN_POINT('',(-1.53833391510741,-1.2825,0.499834988401477));
#2800=CARTESIAN_POINT('',(-1.53833391510741,-1.075,0.499834988401477));
#2801=CARTESIAN_POINT('',(-1.53833391510741,-0.8675,0.499834988401477));
#2802=CARTESIAN_POINT('',(-1.61096590039689,-0.8675,0.523434550998527));
#2803=CARTESIAN_POINT('',(0.,0.,0.));
#2804=CARTESIAN_POINT('',(-1.54979447301014,-1.17875,0.789659725484474));
#2805=CARTESIAN_POINT('',(-1.5859916130553,-1.075,0.808103089536393));
#2806=CARTESIAN_POINT('',(-1.5859916130553,-1.2825,0.808103089536393));
#2807=CARTESIAN_POINT('',(-1.5859916130553,-0.8675,0.808103089536393));
#2808=CARTESIAN_POINT('',(-1.50924903294933,-1.2825,0.769000791912537));
#2809=CARTESIAN_POINT('',(-1.44120305287469,-1.2825,0.734329633328717));
#2810=CARTESIAN_POINT('',(-1.44120305287469,-1.075,0.734329633328717));
#2811=CARTESIAN_POINT('',(-1.44120305287469,-0.8675,0.734329633328717));
#2812=CARTESIAN_POINT('',(-1.50924903294933,-0.8675,0.769000791912537));
#2813=CARTESIAN_POINT('',(0.,0.,0.));
#2814=CARTESIAN_POINT('',(-1.40718393459093,-1.17875,1.02237897320622));
#2815=CARTESIAN_POINT('',(-1.44005024998741,-1.075,1.0462577490806));
#2816=CARTESIAN_POINT('',(-1.44005024998741,-1.2825,1.0462577490806));
#2817=CARTESIAN_POINT('',(-1.44005024998741,-0.8675,1.0462577490806));
#2818=CARTESIAN_POINT('',(-1.37036944540018,-1.2825,0.995631681162354));
#2819=CARTESIAN_POINT('',(-1.30858498840148,-1.2825,0.950742645583075));
#2820=CARTESIAN_POINT('',(-1.30858498840148,-1.075,0.950742645583075));
#2821=CARTESIAN_POINT('',(-1.30858498840148,-0.8675,0.950742645583075));
#2822=CARTESIAN_POINT('',(-1.37036944540018,-0.8675,0.995631681162354));
#2823=CARTESIAN_POINT('',(0.,0.,0.));
#2824=CARTESIAN_POINT('',(-1.22992385752635,-1.17875,1.22992385752635));
#2825=CARTESIAN_POINT('',(-1.25865007051206,-1.075,1.25865007051205));
#2826=CARTESIAN_POINT('',(-1.25865007051206,-1.2825,1.25865007051205));
#2827=CARTESIAN_POINT('',(-1.25865007051206,-0.8675,1.25865007051205));
#2828=CARTESIAN_POINT('',(-1.19774681410985,-1.2825,1.19774681410985));
#2829=CARTESIAN_POINT('',(-1.14374521856924,-1.2825,1.14374521856924));
#2830=CARTESIAN_POINT('',(-1.14374521856924,-1.075,1.14374521856924));
#2831=CARTESIAN_POINT('',(-1.14374521856924,-0.8675,1.14374521856924));
#2832=CARTESIAN_POINT('',(-1.19774681410985,-0.8675,1.19774681410985));
#2833=CARTESIAN_POINT('',(0.,0.,0.));
#2834=CARTESIAN_POINT('',(-1.02237897320622,-1.17875,1.40718393459092));
#2835=CARTESIAN_POINT('',(-1.0462577490806,-1.075,1.44005024998741));
#2836=CARTESIAN_POINT('',(-1.0462577490806,-1.2825,1.44005024998741));
#2837=CARTESIAN_POINT('',(-1.0462577490806,-0.8675,1.44005024998741));
#2838=CARTESIAN_POINT('',(-0.995631681162355,-1.2825,1.37036944540018));
#2839=CARTESIAN_POINT('',(-0.950742645583077,-1.2825,1.30858498840148));
#2840=CARTESIAN_POINT('',(-0.950742645583077,-1.075,1.30858498840148));
#2841=CARTESIAN_POINT('',(-0.950742645583077,-0.8675,1.30858498840148));
#2842=CARTESIAN_POINT('',(-0.995631681162355,-0.8675,1.37036944540018));
#2843=CARTESIAN_POINT('',(0.,0.,0.));
#2844=CARTESIAN_POINT('',(-0.789659725484476,-1.17875,1.54979447301014));
#2845=CARTESIAN_POINT('',(-0.808103089536395,-1.075,1.5859916130553));
#2846=CARTESIAN_POINT('',(-0.808103089536395,-1.2825,1.5859916130553));
#2847=CARTESIAN_POINT('',(-0.808103089536395,-0.8675,1.5859916130553));
#2848=CARTESIAN_POINT('',(-0.769000791912538,-1.2825,1.50924903294933));
#2849=CARTESIAN_POINT('',(-0.734329633328718,-1.2825,1.44120305287469));
#2850=CARTESIAN_POINT('',(-0.734329633328718,-1.075,1.44120305287469));
#2851=CARTESIAN_POINT('',(-0.734329633328718,-0.8675,1.44120305287469));
#2852=CARTESIAN_POINT('',(-0.769000791912538,-0.8675,1.50924903294933));
#2853=CARTESIAN_POINT('',(0.,0.,0.));
#2854=CARTESIAN_POINT('',(-0.537496434590925,-1.17875,1.65424392803089));
#2855=CARTESIAN_POINT('',(-0.550050249987408,-1.075,1.69288059900538));
#2856=CARTESIAN_POINT('',(-0.550050249987408,-1.2825,1.69288059900538));
#2857=CARTESIAN_POINT('',(-0.550050249987408,-0.8675,1.69288059900538));
#2858=CARTESIAN_POINT('',(-0.523434550998528,-1.2825,1.61096590039689));
#2859=CARTESIAN_POINT('',(-0.499834988401479,-1.2825,1.53833391510741));
#2860=CARTESIAN_POINT('',(-0.499834988401479,-1.075,1.53833391510741));
#2861=CARTESIAN_POINT('',(-0.499834988401479,-0.8675,1.53833391510741));
#2862=CARTESIAN_POINT('',(-0.523434550998528,-0.8675,1.61096590039689));
#2863=CARTESIAN_POINT('',(0.,0.,0.));
#2864=CARTESIAN_POINT('',(-0.272098197629353,-1.17875,1.71796040742267));
#2865=CARTESIAN_POINT('',(-0.278453347771612,-1.075,1.75808524625935));
#2866=CARTESIAN_POINT('',(-0.278453347771612,-1.2825,1.75808524625935));
#2867=CARTESIAN_POINT('',(-0.278453347771612,-0.8675,1.75808524625935));
#2868=CARTESIAN_POINT('',(-0.264979614259256,-1.2825,1.67301544088738));
#2869=CARTESIAN_POINT('',(-0.253032747202575,-1.2825,1.59758589091264));
#2870=CARTESIAN_POINT('',(-0.253032747202575,-1.075,1.59758589091264));
#2871=CARTESIAN_POINT('',(-0.253032747202575,-0.8675,1.59758589091264));
#2872=CARTESIAN_POINT('',(-0.264979614259256,-0.8675,1.67301544088738));
#2873=CARTESIAN_POINT('',(0.,0.,0.));
#2874=CARTESIAN_POINT('',(-7.7715611723761E-16,-1.17875,1.739375));
#2875=CARTESIAN_POINT('',(-7.7715611723761E-16,-1.075,1.78));
#2876=CARTESIAN_POINT('',(-7.7715611723761E-16,-1.2825,1.78));
#2877=CARTESIAN_POINT('',(-7.7715611723761E-16,-0.8675,1.78));
#2878=CARTESIAN_POINT('',(-8.32667268468867E-16,-1.2825,1.69386978880331));
#2879=CARTESIAN_POINT('',(-8.04911692853239E-16,-1.2825,1.6175));
#2880=CARTESIAN_POINT('',(-8.04911692853239E-16,-1.075,1.6175));
#2881=CARTESIAN_POINT('',(-8.04911692853239E-16,-0.8675,1.6175));
#2882=CARTESIAN_POINT('',(-8.32667268468867E-16,-0.8675,1.69386978880331));
#2883=CARTESIAN_POINT('',(0.,0.,0.));
#2884=CARTESIAN_POINT('',(0.272098197629351,-1.17875,1.71796040742267));
#2885=CARTESIAN_POINT('',(0.278453347771611,-1.075,1.75808524625935));
#2886=CARTESIAN_POINT('',(0.278453347771611,-1.2825,1.75808524625935));
#2887=CARTESIAN_POINT('',(0.278453347771611,-0.8675,1.75808524625935));
#2888=CARTESIAN_POINT('',(0.264979614259254,-1.2825,1.67301544088738));
#2889=CARTESIAN_POINT('',(0.253032747202573,-1.2825,1.59758589091264));
#2890=CARTESIAN_POINT('',(0.253032747202573,-1.075,1.59758589091264));
#2891=CARTESIAN_POINT('',(0.253032747202573,-0.8675,1.59758589091264));
#2892=CARTESIAN_POINT('',(0.264979614259254,-0.8675,1.67301544088738));
#2893=CARTESIAN_POINT('',(0.,0.,0.));
#2894=CARTESIAN_POINT('',(-1.66,-0.285,-1.01233045847821E-16));
#2895=CARTESIAN_POINT('',(-1.66,-0.285,-1.01233045847821E-16));
#2896=CARTESIAN_POINT('',(-1.66,-0.615,-1.01233045847821E-16));
#2897=CARTESIAN_POINT('',(-1.54,-0.285,-9.41662064862068E-17));
#2898=CARTESIAN_POINT('',(-1.54,0.045,-9.41662064862068E-17));
#2899=CARTESIAN_POINT('',(0.,0.,0.));
#2900=CARTESIAN_POINT('',(1.7,3.055,5.73432762699614E-16));
#2901=CARTESIAN_POINT('',(1.7,3.055,5.73432762699614E-16));
#2902=CARTESIAN_POINT('',(1.7,3.405,5.73432762699614E-16));
#2903=CARTESIAN_POINT('',(1.5,3.055,5.63435614516546E-16));
#2904=CARTESIAN_POINT('',(1.5,3.405,5.63435614516546E-16));
#2905=CARTESIAN_POINT('',(0.,0.,0.));
#2906=CARTESIAN_POINT('',(-9.29811783123569E-16,-0.04,1.7));
#2907=CARTESIAN_POINT('',(-9.29811783123569E-16,-0.04,1.5));
#2908=CARTESIAN_POINT('',(-0.275,-0.04,1.5));
#2909=CARTESIAN_POINT('',(0.275,-0.0399999999999995,1.5));
#2910=CARTESIAN_POINT('',(-0.275,-0.04,1.7));
#2911=CARTESIAN_POINT('',(-0.275,-0.04,1.7));
#2912=CARTESIAN_POINT('',(-9.29811783123569E-16,-0.04,1.7));
#2913=CARTESIAN_POINT('',(0.275,-0.0399999999999995,1.7));
#2914=CARTESIAN_POINT('',(0.275,-0.0399999999999995,1.7));
#2915=CARTESIAN_POINT('',(0.275,0.185,1.7));
#2916=CARTESIAN_POINT('',(0.275,0.185,1.5));
#2917=CARTESIAN_POINT('',(0.275,0.41,1.5));
#2918=CARTESIAN_POINT('',(0.275,0.185,1.7));
#2919=CARTESIAN_POINT('',(0.275,0.41,1.7));
#2920=CARTESIAN_POINT('',(0.275,0.41,1.7));
#2921=CARTESIAN_POINT('',(-9.99200722162641E-16,0.41,1.7));
#2922=CARTESIAN_POINT('',(-9.99200722162641E-16,0.41,1.5));
#2923=CARTESIAN_POINT('',(-0.275,0.41,1.5));
#2924=CARTESIAN_POINT('',(-9.99200722162641E-16,0.41,1.7));
#2925=CARTESIAN_POINT('',(-0.275,0.41,1.7));
#2926=CARTESIAN_POINT('',(-0.275,0.41,1.7));
#2927=CARTESIAN_POINT('',(-0.275,0.185,1.7));
#2928=CARTESIAN_POINT('',(-0.275,0.185,1.5));
#2929=CARTESIAN_POINT('',(-0.275,0.185,1.7));
#2930=CARTESIAN_POINT('',(0.,0.,0.));
#2931=CARTESIAN_POINT('',(0.275,5.585,1.7));
#2932=CARTESIAN_POINT('',(0.275,5.585,1.5));
#2933=CARTESIAN_POINT('',(0.275,5.81,1.5));
#2934=CARTESIAN_POINT('',(0.275,5.36,1.5));
#2935=CARTESIAN_POINT('',(0.275,5.81,1.7));
#2936=CARTESIAN_POINT('',(0.275,5.81,1.7));
#2937=CARTESIAN_POINT('',(0.275,5.585,1.7));
#2938=CARTESIAN_POINT('',(0.275,5.36,1.7));
#2939=CARTESIAN_POINT('',(0.275,5.36,1.7));
#2940=CARTESIAN_POINT('',(1.6375789613221E-15,5.36,1.7));
#2941=CARTESIAN_POINT('',(1.6375789613221E-15,5.36,1.5));
#2942=CARTESIAN_POINT('',(-0.275,5.36,1.5));
#2943=CARTESIAN_POINT('',(1.6375789613221E-15,5.36,1.7));
#2944=CARTESIAN_POINT('',(-0.275,5.36,1.7));
#2945=CARTESIAN_POINT('',(-0.275,5.36,1.7));
#2946=CARTESIAN_POINT('',(-0.275,5.585,1.7));
#2947=CARTESIAN_POINT('',(-0.275,5.585,1.5));
#2948=CARTESIAN_POINT('',(-0.275,5.81,1.5));
#2949=CARTESIAN_POINT('',(-0.275,5.585,1.7));
#2950=CARTESIAN_POINT('',(-0.275,5.81,1.7));
#2951=CARTESIAN_POINT('',(-0.275,5.81,1.7));
#2952=CARTESIAN_POINT('',(1.79023462720806E-15,5.81,1.7));
#2953=CARTESIAN_POINT('',(1.79023462720806E-15,5.81,1.5));
#2954=CARTESIAN_POINT('',(1.79023462720806E-15,5.81,1.7));
#2955=CARTESIAN_POINT('',(0.,0.,0.));
#2956=CARTESIAN_POINT('',(6.22936432853165E-15,-1.2825,-3.79392791604731E-31));
#2957=CARTESIAN_POINT('',(6.22936432853165E-15,-1.2825,-3.79392791604731E-31));
#2958=CARTESIAN_POINT('',(-1.61749999999999,-1.2825,-3.79392791604731E-31));
#2959=CARTESIAN_POINT('',(6.57493019978906E-15,-0.8675,-2.56626313229711E-31));
#2960=CARTESIAN_POINT('',(-1.61749999999999,-0.8675,-2.56626313229711E-31));
#2961=CARTESIAN_POINT('',(0.,0.,0.));
#2962=CARTESIAN_POINT('',(6.22936432853165E-15,7.385,-3.79392791604731E-31));
#2963=CARTESIAN_POINT('',(1.61743763230451,2.70528800813372,-0.0173640358341615));
#2964=CARTESIAN_POINT('',(1.6175311857046,2.70485598349921,2.87156466294812E-06));
#2965=CARTESIAN_POINT('',(1.6174376248771,2.70528805786945,0.0173525495755132));
#2966=CARTESIAN_POINT('',(1.6170698602544,2.70699088051068,0.0402394810477539));
#2967=CARTESIAN_POINT('',(1.61616516344752,2.71120201133545,0.0685073185823145));
#2968=CARTESIAN_POINT('',(1.61469947709563,2.71815035477992,0.0962569316511229));
#2969=CARTESIAN_POINT('',(1.61320091248985,2.72542165214522,0.118230427342525));
#2970=CARTESIAN_POINT('',(1.61193861388593,2.73165228667002,0.134330860771434));
#2971=CARTESIAN_POINT('',(1.61055453773909,2.73861908903459,0.150002547547675));
#2972=CARTESIAN_POINT('',(1.6090584835718,2.74631926642256,0.165267787821709));
#2973=CARTESIAN_POINT('',(1.60746186740477,2.75474633890209,0.180125263834475));
#2974=CARTESIAN_POINT('',(1.60577521684121,2.76390392097827,0.194578382702954));
#2975=CARTESIAN_POINT('',(1.60401066911665,2.77379157074691,0.20861747011897));
#2976=CARTESIAN_POINT('',(1.60156359216066,2.78800001726047,0.226810953737237));
#2977=CARTESIAN_POINT('',(1.59844689042437,2.80717893385538,0.247934899095363));
#2978=CARTESIAN_POINT('',(1.59533600560809,2.82822906101117,0.267023929753886));
#2979=CARTESIAN_POINT('',(1.59290437407131,2.84619385414236,0.281065433458464));
#2980=CARTESIAN_POINT('',(1.59112241949462,2.86023844615917,0.290976830968196));
#2981=CARTESIAN_POINT('',(1.58939651400375,2.87486900856232,0.300253556907772));
#2982=CARTESIAN_POINT('',(1.58777221494971,2.88980462688563,0.308720201013832));
#2983=CARTESIAN_POINT('',(1.58625396843497,2.90508581139574,0.31642241782164));
#2984=CARTESIAN_POINT('',(1.5848535504662,2.92069843021842,0.323357929251832));
#2985=CARTESIAN_POINT('',(1.58358064301627,2.93664669810686,0.329530305257152));
#2986=CARTESIAN_POINT('',(1.58244576934404,2.95293060159114,0.33493336329977));
#2987=CARTESIAN_POINT('',(1.58145865370293,2.96956315775645,0.339560047749411));
#2988=CARTESIAN_POINT('',(1.58035716544401,2.99217819263311,0.344655342257653));
#2989=CARTESIAN_POINT('',(1.57943305765472,3.02050345575039,0.348856117992438));
#2990=CARTESIAN_POINT('',(1.57911748243096,3.04904689027564,0.350277071743158));
#2991=CARTESIAN_POINT('',(1.57923890203974,3.07197826690442,0.349729854259151));
#2992=CARTESIAN_POINT('',(1.57951888462434,3.08925592526449,0.348464202701675));
#2993=CARTESIAN_POINT('',(1.57998786544689,3.10650715351161,0.346333429337523));
#2994=CARTESIAN_POINT('',(1.58084753241926,3.12911954535304,0.3423970373573));
#2995=CARTESIAN_POINT('',(1.58234621258682,3.15683069562586,0.335440518894558));
#2996=CARTESIAN_POINT('',(1.58435572271161,3.18373423587918,0.325821485615436));
#2997=CARTESIAN_POINT('',(1.58624745781382,3.20485256491661,0.316455887944048));
#2998=CARTESIAN_POINT('',(1.5882892713861,3.22539611023637,0.306096690675327));
#2999=CARTESIAN_POINT('',(1.5905129715924,3.24494156412025,0.294360951454891));
#3000=CARTESIAN_POINT('',(1.5928703819459,3.26354614284516,0.281257488436458));
#3001=CARTESIAN_POINT('',(1.59469256278403,3.27702544923024,0.270743737124903));
#3002=CARTESIAN_POINT('',(1.59655487390879,3.29002028467949,0.25954702469102));
#3003=CARTESIAN_POINT('',(1.59845009976714,3.30255803801473,0.247617438084981));
#3004=CARTESIAN_POINT('',(1.60032875463198,3.31440076096122,0.235178456788604));
#3005=CARTESIAN_POINT('',(1.60279524015983,3.3292927929331,0.217922537918746));
#3006=CARTESIAN_POINT('',(1.60577468007984,3.3462421792162,0.195103717145991));
#3007=CARTESIAN_POINT('',(1.60853192523338,3.36096964176547,0.170632866333963));
#3008=CARTESIAN_POINT('',(1.61055665616226,3.37139231046459,0.149985804776972));
#3009=CARTESIAN_POINT('',(1.61194422267654,3.3783754922098,0.134262114217724));
#3010=CARTESIAN_POINT('',(1.61319676697787,3.38455760503022,0.118277099474831));
#3011=CARTESIAN_POINT('',(1.61430596493084,3.38994087277737,0.102039669850308));
#3012=CARTESIAN_POINT('',(1.61526472927587,3.39452827974408,0.0855480321935201));
#3013=CARTESIAN_POINT('',(1.61606550158728,3.39831480602905,0.0688004804934068));
#3014=CARTESIAN_POINT('',(1.61670097266982,3.40129160367856,0.0517948663033725));
#3015=CARTESIAN_POINT('',(1.61731608879123,3.40415236472129,0.0287612031905284));
#3016=CARTESIAN_POINT('',(1.61762112182616,3.40555825941391,0.000127173289881605));
#3017=CARTESIAN_POINT('',(1.61732051360238,3.40417270856004,-0.0284218421875891));
#3018=CARTESIAN_POINT('',(1.61672006774634,3.4013806166452,-0.0511814605012538));
#3019=CARTESIAN_POINT('',(1.61609015744556,3.39843085690978,-0.0682338477441228));
#3020=CARTESIAN_POINT('',(1.61528432121937,3.39462156287755,-0.0851879532847747));
#3021=CARTESIAN_POINT('',(1.61432334465775,3.39002463267808,-0.101767061451608));
#3022=CARTESIAN_POINT('',(1.61321387938367,3.38464137622104,-0.118044123405301));
#3023=CARTESIAN_POINT('',(1.61154898544567,3.37642574282961,-0.139328958957612));
#3024=CARTESIAN_POINT('',(1.60962590474955,3.3666728154858,-0.159973510141405));
#3025=CARTESIAN_POINT('',(1.60747132862315,3.35530539977503,-0.180046086699887));
#3026=CARTESIAN_POINT('',(1.60520399811143,3.34299445310477,-0.199471938736101));
#3027=CARTESIAN_POINT('',(1.60281649542683,3.32941616404523,-0.21776504133766));
#3028=CARTESIAN_POINT('',(1.60035613019886,3.31456906779175,-0.234991618981255));
#3029=CARTESIAN_POINT('',(1.59848756572542,3.3027975784033,-0.247373599614381));
#3030=CARTESIAN_POINT('',(1.59661029600245,3.29039604024958,-0.25920602024521));
#3031=CARTESIAN_POINT('',(1.5947310202721,3.27730388746282,-0.270518914448506));
#3032=CARTESIAN_POINT('',(1.59289748338084,3.26375380186381,-0.281104444778308));
#3033=CARTESIAN_POINT('',(1.59053355291751,3.24511521779587,-0.294250348352787));
#3034=CARTESIAN_POINT('',(1.58775814712934,3.22073371360929,-0.308901337583038));
#3035=CARTESIAN_POINT('',(1.58530471635324,3.19494078552366,-0.321169375002656));
#3036=CARTESIAN_POINT('',(1.58358007652831,3.17335482401045,-0.329533492314098));
#3037=CARTESIAN_POINT('',(1.58244057394863,3.15698849459066,-0.33495783082902));
#3038=CARTESIAN_POINT('',(1.58146025231333,3.14045249159464,-0.339552335275481));
#3039=CARTESIAN_POINT('',(1.58064500042357,3.12374686330383,-0.343324244836092));
#3040=CARTESIAN_POINT('',(1.58000038129321,3.1068727666557,-0.346276283289087));
#3041=CARTESIAN_POINT('',(1.57953207598882,3.08982688318097,-0.348404433858259));
#3042=CARTESIAN_POINT('',(1.5792454622815,3.07261561118612,-0.34970026432208));
#3043=CARTESIAN_POINT('',(1.57911444772059,3.04939976031904,-0.350290744764089));
#3044=CARTESIAN_POINT('',(1.57942760188336,3.02074436739081,-0.3488808613964));
#3045=CARTESIAN_POINT('',(1.58034667266068,2.99247866169945,-0.344703007609439));
#3046=CARTESIAN_POINT('',(1.5814291626237,2.97011930841345,-0.339697089062781));
#3047=CARTESIAN_POINT('',(1.5824110565307,2.95346136285702,-0.335097418154596));
#3048=CARTESIAN_POINT('',(1.58355559465619,2.93697487166481,-0.329650899689187));
#3049=CARTESIAN_POINT('',(1.58483294715566,2.92093976925751,-0.323458962911226));
#3050=CARTESIAN_POINT('',(1.58623523247808,2.9052835132491,-0.316516361679115));
#3051=CARTESIAN_POINT('',(1.58825537419144,2.88492719151414,-0.306270807067759));
#3052=CARTESIAN_POINT('',(1.59047623163673,2.86535756139002,-0.294561488098135));
#3053=CARTESIAN_POINT('',(1.59286138617744,2.84651877200048,-0.28131001634703));
#3054=CARTESIAN_POINT('',(1.59531240541726,2.82839095980442,-0.267166835171772));
#3055=CARTESIAN_POINT('',(1.59780509332111,2.8115179301769,-0.251877220484558));
#3056=CARTESIAN_POINT('',(1.60029214160502,2.7958254440725,-0.235426562774117));
#3057=CARTESIAN_POINT('',(1.60214101630236,2.78465250653373,-0.222507370080346));
#3058=CARTESIAN_POINT('',(1.6039588132745,2.77408754554426,-0.209014784443651));
#3059=CARTESIAN_POINT('',(1.60573881448062,2.76410354142776,-0.194881929170715));
#3060=CARTESIAN_POINT('',(1.60743824801716,2.7548723658757,-0.180337471006441));
#3061=CARTESIAN_POINT('',(1.60957432238136,2.74359460208936,-0.16048124017303));
#3062=CARTESIAN_POINT('',(1.61198038276594,2.73138109326549,-0.134756367768522));
#3063=CARTESIAN_POINT('',(1.61396575554303,2.72168748788884,-0.107870362545472));
#3064=CARTESIAN_POINT('',(1.61526493841862,2.71547042196969,-0.0855585548526453));
#3065=CARTESIAN_POINT('',(1.6163396827972,2.71038921413009,-0.063050059605283));
#3066=CARTESIAN_POINT('',(1.61706836523512,2.7069978848221,-0.0403176494477176));
#3067=CARTESIAN_POINT('',(1.61743763230451,2.70528800813372,-0.0173640358341615));
#3068=CARTESIAN_POINT('',(1.6175311857046,2.70485598349921,2.87156466294812E-06));
#3069=CARTESIAN_POINT('',(1.6174376248771,2.70528805786945,0.0173525495755132));
#3070=CARTESIAN_POINT('',(1.6175,2.705,5.64035231725012E-16));
#3071=CARTESIAN_POINT('',(0.275,7.385,1.5939514578556));
#3072=CARTESIAN_POINT('',(0.275,5.36,1.5939514578556));
#3073=CARTESIAN_POINT('',(0.275,5.81,1.5939514578556));
#3074=CARTESIAN_POINT('',(-0.275,5.36,1.5939514578556));
#3075=CARTESIAN_POINT('',(-0.275,5.35089950539437,1.5939514578556));
#3076=CARTESIAN_POINT('',(-0.274099465612971,5.33285640169618,1.59410721282327));
#3077=CARTESIAN_POINT('',(-0.270138681653358,5.30623624475011,1.59478535212058));
#3078=CARTESIAN_POINT('',(-0.264690209751749,5.2844506325902,1.59569991566904));
#3079=CARTESIAN_POINT('',(-0.258987881331082,5.26719814286433,1.59663357233216));
#3080=CARTESIAN_POINT('',(-0.252466023962346,5.25032746100012,1.59768200634364));
#3081=CARTESIAN_POINT('',(-0.242867004830813,5.23007503327112,1.59917987556095));
#3082=CARTESIAN_POINT('',(-0.231357427668215,5.21087060183697,1.60088261616551));
#3083=CARTESIAN_POINT('',(-0.221003047025697,5.19615836612006,1.60233770162799));
#3084=CARTESIAN_POINT('',(-0.209834604143635,5.18184805771903,1.60384960482778));
#3085=CARTESIAN_POINT('',(-0.194744348737459,5.1652195611167,1.60577169513935));
#3086=CARTESIAN_POINT('',(-0.174878213632405,5.14720388466062,1.60806358427876));
#3087=CARTESIAN_POINT('',(-0.156866568260558,5.13381067879914,1.60990690655679));
#3088=CARTESIAN_POINT('',(-0.141527399811126,5.1240835846007,1.61131060181738));
#3089=CARTESIAN_POINT('',(-0.125859095768846,5.11520301760258,1.61262997614331));
#3090=CARTESIAN_POINT('',(-0.105617003566611,5.10561813052107,1.61411191354943));
#3091=CARTESIAN_POINT('',(-0.0845212546010661,5.0980401961973,1.6153306434361));
#3092=CARTESIAN_POINT('',(-0.0671189661420756,5.09320052666666,1.61612487664968));
#3093=CARTESIAN_POINT('',(-0.0493601593217102,5.08919961860443,1.61678955922026));
#3094=CARTESIAN_POINT('',(-0.0271160174751567,5.08590068496528,1.61734656134603));
#3095=CARTESIAN_POINT('',(-0.00471664804617427,5.08478363047768,1.61753683535507));
#3096=CARTESIAN_POINT('',(0.0132751265471907,5.08520957487408,1.61746434214427));
#3097=CARTESIAN_POINT('',(0.0268200165117843,5.08619767170111,1.61729664029005));
#3098=CARTESIAN_POINT('',(0.040368658822045,5.08786590880412,1.61701482228837));
#3099=CARTESIAN_POINT('',(0.0581264880785419,5.09095019313581,1.61649752677548));
#3100=CARTESIAN_POINT('',(0.0798851358622222,5.09640315709918,1.61559443456694));
#3101=CARTESIAN_POINT('',(0.105239896962187,5.10545053389198,1.61413811651186));
#3102=CARTESIAN_POINT('',(0.129923160456785,5.11712035642954,1.61233330620636));
#3103=CARTESIAN_POINT('',(0.152976970154604,5.13095402564921,1.61030154187093));
#3104=CARTESIAN_POINT('',(0.170958680408108,5.14427154994411,1.60846624497296));
#3105=CARTESIAN_POINT('',(0.184573112722698,5.15599288851721,1.60694525968399));
#3106=CARTESIAN_POINT('',(0.19442856504028,5.16536158142842,1.60578176129291));
#3107=CARTESIAN_POINT('',(0.203766251628286,5.17516241984504,1.60462249803057));
#3108=CARTESIAN_POINT('',(0.215488093336379,5.18873924556723,1.60310000021274));
#3109=CARTESIAN_POINT('',(0.228821234397351,5.20668627043456,1.60125659627771));
#3110=CARTESIAN_POINT('',(0.240384506725449,5.22589627199612,1.59954788805968));
#3111=CARTESIAN_POINT('',(0.248573348832284,5.24210996877012,1.59828944966137));
#3112=CARTESIAN_POINT('',(0.255904618846796,5.25861171734403,1.59713526292357));
#3113=CARTESIAN_POINT('',(0.263475047454846,5.27971161973427,1.59590342193612));
#3114=CARTESIAN_POINT('',(0.268958948146467,5.30145345958601,1.59498353341195));
#3115=CARTESIAN_POINT('',(0.272073843190832,5.31922571360121,1.59445397519291));
#3116=CARTESIAN_POINT('',(0.274325135661621,5.33729135451635,1.59406822491106));
#3117=CARTESIAN_POINT('',(0.275,5.35089949576026,1.5939514578556));
#3118=CARTESIAN_POINT('',(0.275,5.36,1.5939514578556));
#3119=CARTESIAN_POINT('',(-0.275,5.36,1.5939514578556));
#3120=CARTESIAN_POINT('',(-0.275,7.385,1.5939514578556));
#3121=CARTESIAN_POINT('',(-0.275,5.81,1.5939514578556));
#3122=CARTESIAN_POINT('',(0.275,5.81,1.5939514578556));
#3123=CARTESIAN_POINT('',(0.275,5.81910049460563,1.5939514578556));
#3124=CARTESIAN_POINT('',(0.274099465612975,5.83714359830382,1.59410721282327));
#3125=CARTESIAN_POINT('',(0.270138681653361,5.8637637552499,1.59478535212058));
#3126=CARTESIAN_POINT('',(0.264690209751752,5.88554936740981,1.59569991566904));
#3127=CARTESIAN_POINT('',(0.258987881331085,5.90280185713567,1.59663357233216));
#3128=CARTESIAN_POINT('',(0.252466023962349,5.91967253899988,1.59768200634364));
#3129=CARTESIAN_POINT('',(0.242867004830816,5.93992496672888,1.59917987556095));
#3130=CARTESIAN_POINT('',(0.231357427668217,5.95912939816303,1.60088261616551));
#3131=CARTESIAN_POINT('',(0.2210030470257,5.97384163387994,1.60233770162799));
#3132=CARTESIAN_POINT('',(0.209834604143638,5.98815194228097,1.60384960482778));
#3133=CARTESIAN_POINT('',(0.194744348737464,6.0047804388833,1.60577169513935));
#3134=CARTESIAN_POINT('',(0.174878213632408,6.02279611533939,1.60806358427876));
#3135=CARTESIAN_POINT('',(0.156866568260562,6.03618932120086,1.6099069065568));
#3136=CARTESIAN_POINT('',(0.141527399811129,6.0459164153993,1.61131060181738));
#3137=CARTESIAN_POINT('',(0.12585909576885,6.05479698239743,1.61262997614332));
#3138=CARTESIAN_POINT('',(0.105617003566614,6.06438186947892,1.61411191354943));
#3139=CARTESIAN_POINT('',(0.0845212546010708,6.0719598038027,1.6153306434361));
#3140=CARTESIAN_POINT('',(0.0671189661420785,6.07679947333334,1.61612487664968));
#3141=CARTESIAN_POINT('',(0.0493601593217139,6.08080038139557,1.61678955922026));
#3142=CARTESIAN_POINT('',(0.0271160174751603,6.08409931503473,1.61734656134603));
#3143=CARTESIAN_POINT('',(0.00471664804617779,6.08521636952232,1.61753683535507));
#3144=CARTESIAN_POINT('',(-0.0132751265471877,6.08479042512592,1.61746434214427));
#3145=CARTESIAN_POINT('',(-0.0268200165117807,6.08380232829889,1.61729664029005));
#3146=CARTESIAN_POINT('',(-0.0403686588220415,6.08213409119588,1.61701482228837));
#3147=CARTESIAN_POINT('',(-0.0581264880785391,6.07904980686419,1.61649752677548));
#3148=CARTESIAN_POINT('',(-0.0798851358622186,6.07359684290082,1.61559443456694));
#3149=CARTESIAN_POINT('',(-0.105239896962183,6.06454946610802,1.61413811651186));
#3150=CARTESIAN_POINT('',(-0.129923160456782,6.05287964357046,1.61233330620636));
#3151=CARTESIAN_POINT('',(-0.1529769701546,6.03904597435079,1.61030154187093));
#3152=CARTESIAN_POINT('',(-0.170958680408105,6.02572845005589,1.60846624497296));
#3153=CARTESIAN_POINT('',(-0.184573112722695,6.01400711148279,1.60694525968399));
#3154=CARTESIAN_POINT('',(-0.194428565040277,6.00463841857158,1.60578176129291));
#3155=CARTESIAN_POINT('',(-0.203766251628283,5.99483758015496,1.60462249803057));
#3156=CARTESIAN_POINT('',(-0.215488093336375,5.98126075443277,1.60310000021274));
#3157=CARTESIAN_POINT('',(-0.228821234397347,5.96331372956544,1.60125659627771));
#3158=CARTESIAN_POINT('',(-0.240384506725445,5.94410372800388,1.59954788805968));
#3159=CARTESIAN_POINT('',(-0.248573348832281,5.92789003122988,1.59828944966136));
#3160=CARTESIAN_POINT('',(-0.255904618846792,5.91138828265597,1.59713526292356));
#3161=CARTESIAN_POINT('',(-0.263475047454843,5.89028838026573,1.59590342193612));
#3162=CARTESIAN_POINT('',(-0.268958948146463,5.868546540414,1.59498353341195));
#3163=CARTESIAN_POINT('',(-0.272073843190828,5.85077428639879,1.59445397519291));
#3164=CARTESIAN_POINT('',(-0.274325135661617,5.83270864548365,1.59406822491105));
#3165=CARTESIAN_POINT('',(-0.275,5.81910050423974,1.5939514578556));
#3166=CARTESIAN_POINT('',(-0.275,5.81,1.5939514578556));
#3167=CARTESIAN_POINT('',(6.22936432853165E-15,-0.8675,-3.79392791604731E-31));
#3168=CARTESIAN_POINT('',(-1.61749999999999,-0.8675,-3.79392791604731E-31));
#3169=CARTESIAN_POINT('',(6.22936432853165E-15,7.385,-3.79392791604731E-31));
#3170=CARTESIAN_POINT('',(6.22936432853165E-15,7.385,-1.6175));
#3171=CARTESIAN_POINT('',(0.275,7.385,1.5939514578556));
#3172=CARTESIAN_POINT('',(0.275,0.41,1.5939514578556));
#3173=CARTESIAN_POINT('',(0.275,-0.04,1.5939514578556));
#3174=CARTESIAN_POINT('',(0.275,-0.0399999999999994,1.59395145785561));
#3175=CARTESIAN_POINT('',(0.275,-0.0491004946056269,1.59395145785561));
#3176=CARTESIAN_POINT('',(0.274099465612971,-0.0671435983038175,1.59410721282327));
#3177=CARTESIAN_POINT('',(0.270138681653359,-0.0937637552498932,1.59478535212058));
#3178=CARTESIAN_POINT('',(0.26469020975175,-0.115549367409807,1.59569991566905));
#3179=CARTESIAN_POINT('',(0.258987881331082,-0.132801857135671,1.59663357233217));
#3180=CARTESIAN_POINT('',(0.252466023962347,-0.149672538999886,1.59768200634364));
#3181=CARTESIAN_POINT('',(0.242867004830813,-0.16992496672888,1.59917987556095));
#3182=CARTESIAN_POINT('',(0.231357427668215,-0.189129398163026,1.60088261616551));
#3183=CARTESIAN_POINT('',(0.221003047025698,-0.203841633879936,1.60233770162799));
#3184=CARTESIAN_POINT('',(0.209834604143636,-0.218151942280971,1.60384960482778));
#3185=CARTESIAN_POINT('',(0.19474434873746,-0.234780438883301,1.60577169513935));
#3186=CARTESIAN_POINT('',(0.174878213632406,-0.252796115339384,1.60806358427876));
#3187=CARTESIAN_POINT('',(0.156866568260558,-0.266189321200866,1.6099069065568));
#3188=CARTESIAN_POINT('',(0.141527399811127,-0.275916415399301,1.61131060181738));
#3189=CARTESIAN_POINT('',(0.125859095768847,-0.284796982397427,1.61262997614332));
#3190=CARTESIAN_POINT('',(0.105617003566611,-0.294381869478925,1.61411191354943));
#3191=CARTESIAN_POINT('',(0.0845212546010674,-0.301959803802701,1.6153306434361));
#3192=CARTESIAN_POINT('',(0.067118966142077,-0.306799473333341,1.61612487664968));
#3193=CARTESIAN_POINT('',(0.0493601593217099,-0.310800381395567,1.61678955922026));
#3194=CARTESIAN_POINT('',(0.0271160174751572,-0.314099315034725,1.61734656134603));
#3195=CARTESIAN_POINT('',(0.00471664804617457,-0.315216369522319,1.61753683535507));
#3196=CARTESIAN_POINT('',(-0.0132751265471901,-0.314790425125922,1.61746434214427));
#3197=CARTESIAN_POINT('',(-0.0268200165117845,-0.313802328298887,1.61729664029005));
#3198=CARTESIAN_POINT('',(-0.0403686588220438,-0.312134091195883,1.61701482228837));
#3199=CARTESIAN_POINT('',(-0.0581264880785411,-0.309049806864194,1.61649752677548));
#3200=CARTESIAN_POINT('',(-0.0798851358622214,-0.303596842900824,1.61559443456694));
#3201=CARTESIAN_POINT('',(-0.105239896962186,-0.294549466108017,1.61413811651186));
#3202=CARTESIAN_POINT('',(-0.129923160456785,-0.282879643570458,1.61233330620636));
#3203=CARTESIAN_POINT('',(-0.152976970154604,-0.269045974350791,1.61030154187093));
#3204=CARTESIAN_POINT('',(-0.170958680408108,-0.255728450055895,1.60846624497296));
#3205=CARTESIAN_POINT('',(-0.184573112722697,-0.244007111482794,1.60694525968399));
#3206=CARTESIAN_POINT('',(-0.19442856504028,-0.23463841857158,1.60578176129291));
#3207=CARTESIAN_POINT('',(-0.203766251628286,-0.224837580154964,1.60462249803057));
#3208=CARTESIAN_POINT('',(-0.215488093336378,-0.211260754432767,1.60310000021274));
#3209=CARTESIAN_POINT('',(-0.22882123439735,-0.193313729565438,1.60125659627771));
#3210=CARTESIAN_POINT('',(-0.240384506725448,-0.174103728003883,1.59954788805968));
#3211=CARTESIAN_POINT('',(-0.248573348832284,-0.157890031229874,1.59828944966136));
#3212=CARTESIAN_POINT('',(-0.255904618846795,-0.141388282655976,1.59713526292356));
#3213=CARTESIAN_POINT('',(-0.263475047454846,-0.120288380265727,1.59590342193612));
#3214=CARTESIAN_POINT('',(-0.268958948146466,-0.0985465404139951,1.59498353341195));
#3215=CARTESIAN_POINT('',(-0.272073843190831,-0.0807742863987921,1.59445397519291));
#3216=CARTESIAN_POINT('',(-0.27432513566162,-0.0627086454836498,1.59406822491105));
#3217=CARTESIAN_POINT('',(-0.275,-0.0491005042397437,1.5939514578556));
#3218=CARTESIAN_POINT('',(-0.275,-0.04,1.5939514578556));
#3219=CARTESIAN_POINT('',(-0.275,-0.04,1.5939514578556));
#3220=CARTESIAN_POINT('',(-0.275,7.385,1.5939514578556));
#3221=CARTESIAN_POINT('',(-0.275,0.41,1.5939514578556));
#3222=CARTESIAN_POINT('',(-0.275,0.41,1.5939514578556));
#3223=CARTESIAN_POINT('',(-0.275,0.419100494605627,1.5939514578556));
#3224=CARTESIAN_POINT('',(-0.274099465612974,0.437143598303817,1.59410721282327));
#3225=CARTESIAN_POINT('',(-0.270138681653361,0.463763755249893,1.59478535212058));
#3226=CARTESIAN_POINT('',(-0.264690209751752,0.485549367409807,1.59569991566904));
#3227=CARTESIAN_POINT('',(-0.258987881331084,0.502801857135671,1.59663357233216));
#3228=CARTESIAN_POINT('',(-0.252466023962348,0.519672538999886,1.59768200634364));
#3229=CARTESIAN_POINT('',(-0.242867004830815,0.539924966728879,1.59917987556095));
#3230=CARTESIAN_POINT('',(-0.231357427668217,0.559129398163026,1.60088261616551));
#3231=CARTESIAN_POINT('',(-0.2210030470257,0.573841633879936,1.60233770162799));
#3232=CARTESIAN_POINT('',(-0.209834604143637,0.588151942280971,1.60384960482778));
#3233=CARTESIAN_POINT('',(-0.194744348737463,0.604780438883301,1.60577169513935));
#3234=CARTESIAN_POINT('',(-0.174878213632407,0.622796115339384,1.60806358427876));
#3235=CARTESIAN_POINT('',(-0.156866568260561,0.636189321200866,1.60990690655679));
#3236=CARTESIAN_POINT('',(-0.141527399811129,0.645916415399301,1.61131060181738));
#3237=CARTESIAN_POINT('',(-0.12585909576885,0.654796982397426,1.61262997614331));
#3238=CARTESIAN_POINT('',(-0.105617003566613,0.664381869478925,1.61411191354943));
#3239=CARTESIAN_POINT('',(-0.0845212546010702,0.6719598038027,1.6153306434361));
#3240=CARTESIAN_POINT('',(-0.0671189661420789,0.676799473333341,1.61612487664968));
#3241=CARTESIAN_POINT('',(-0.0493601593217118,0.680800381395567,1.61678955922026));
#3242=CARTESIAN_POINT('',(-0.027116017475159,0.684099315034725,1.61734656134603));
#3243=CARTESIAN_POINT('',(-0.00471664804617678,0.685216369522319,1.61753683535507));
#3244=CARTESIAN_POINT('',(0.0132751265471884,0.684790425125922,1.61746434214427));
#3245=CARTESIAN_POINT('',(0.0268200165117816,0.683802328298887,1.61729664029005));
#3246=CARTESIAN_POINT('',(0.040368658822042,0.682134091195883,1.61701482228837));
#3247=CARTESIAN_POINT('',(0.0581264880785391,0.679049806864194,1.61649752677548));
#3248=CARTESIAN_POINT('',(0.0798851358622199,0.673596842900823,1.61559443456694));
#3249=CARTESIAN_POINT('',(0.105239896962184,0.664549466108017,1.61413811651186));
#3250=CARTESIAN_POINT('',(0.129923160456783,0.652879643570458,1.61233330620636));
#3251=CARTESIAN_POINT('',(0.152976970154601,0.639045974350792,1.61030154187093));
#3252=CARTESIAN_POINT('',(0.170958680408106,0.625728450055895,1.60846624497296));
#3253=CARTESIAN_POINT('',(0.184573112722695,0.614007111482794,1.60694525968399));
#3254=CARTESIAN_POINT('',(0.194428565040278,0.60463841857158,1.60578176129291));
#3255=CARTESIAN_POINT('',(0.203766251628284,0.594837580154963,1.60462249803057));
#3256=CARTESIAN_POINT('',(0.215488093336376,0.581260754432767,1.60310000021274));
#3257=CARTESIAN_POINT('',(0.228821234397348,0.563313729565439,1.60125659627771));
#3258=CARTESIAN_POINT('',(0.240384506725446,0.544103728003883,1.59954788805968));
#3259=CARTESIAN_POINT('',(0.248573348832282,0.527890031229874,1.59828944966137));
#3260=CARTESIAN_POINT('',(0.255904618846793,0.511388282655976,1.59713526292357));
#3261=CARTESIAN_POINT('',(0.263475047454844,0.490288380265727,1.59590342193612));
#3262=CARTESIAN_POINT('',(0.268958948146464,0.468546540413995,1.59498353341195));
#3263=CARTESIAN_POINT('',(0.272073843190829,0.450774286398792,1.59445397519292));
#3264=CARTESIAN_POINT('',(0.274325135661618,0.43270864548365,1.59406822491106));
#3265=CARTESIAN_POINT('',(0.275,0.419100504239744,1.59395145785561));
#3266=CARTESIAN_POINT('',(0.275,0.41,1.59395145785561));
#3267=CARTESIAN_POINT('',(-1.61744460211763,0.0447286756211795,-0.0163665768726467));
#3268=CARTESIAN_POINT('',(-1.61752770207312,0.0451356814170281,2.83349000500775E-06));
#3269=CARTESIAN_POINT('',(-1.61744458958988,0.044728598710708,0.016355242912626));
#3270=CARTESIAN_POINT('',(-1.61711787056751,0.0431241264001412,0.0379277304063146));
#3271=CARTESIAN_POINT('',(-1.61631411823311,0.0391559958900216,0.0645732063654776));
#3272=CARTESIAN_POINT('',(-1.61501199047548,0.0326080917273104,0.090731455564949));
#3273=CARTESIAN_POINT('',(-1.61368069816086,0.0257554427450224,0.11144618795419));
#3274=CARTESIAN_POINT('',(-1.6121852568664,0.0179240802894746,0.131687819024091));
#3275=CARTESIAN_POINT('',(-1.61047300247129,0.00870307160035691,0.151129062616429));
#3276=CARTESIAN_POINT('',(-1.60858165732257,-0.00189064412684571,0.169810850176182));
#3277=CARTESIAN_POINT('',(-1.60708333200481,-0.0105249142973126,0.183440055376119));
#3278=CARTESIAN_POINT('',(-1.60551604676932,-0.0198471280305092,0.196678350486791));
#3279=CARTESIAN_POINT('',(-1.60334223679613,-0.0332465742811092,0.213838266319035));
#3280=CARTESIAN_POINT('',(-1.60057343703139,-0.05133834412924,0.233766028849788));
#3281=CARTESIAN_POINT('',(-1.59781119236951,-0.0711914150484848,0.251769019241752));
#3282=CARTESIAN_POINT('',(-1.595652664138,-0.088133713559498,0.265010584781936));
#3283=CARTESIAN_POINT('',(-1.59407136942991,-0.101376361792544,0.274355437089073));
#3284=CARTESIAN_POINT('',(-1.59253957855524,-0.115175539570436,0.28310433789796));
#3285=CARTESIAN_POINT('',(-1.59109809173725,-0.129263590787088,0.291089427429582));
#3286=CARTESIAN_POINT('',(-1.58975114678297,-0.143675313780462,0.298352070621014));
#3287=CARTESIAN_POINT('',(-1.58850904266956,-0.158398100703117,0.304890852060477));
#3288=CARTESIAN_POINT('',(-1.58738033499929,-0.173435359068708,0.310709190305221));
#3289=CARTESIAN_POINT('',(-1.58637425375491,-0.188787463798454,0.315801651771898));
#3290=CARTESIAN_POINT('',(-1.58549943837824,-0.204464453474505,0.320161369488632));
#3291=CARTESIAN_POINT('',(-1.58452310923081,-0.22578480436049,0.324963766474245));
#3292=CARTESIAN_POINT('',(-1.58370418444604,-0.252488291782134,0.328922580936902));
#3293=CARTESIAN_POINT('',(-1.58342466488414,-0.279392013324569,0.33026111559444));
#3294=CARTESIAN_POINT('',(-1.58353228305345,-0.301004775796101,0.329745298775355));
#3295=CARTESIAN_POINT('',(-1.58378025774903,-0.317285019656488,0.328553177430086));
#3296=CARTESIAN_POINT('',(-1.58419585545066,-0.333549074941109,0.326545140887181));
#3297=CARTESIAN_POINT('',(-1.58495775582226,-0.354866313483029,0.32283522862109));
#3298=CARTESIAN_POINT('',(-1.58628608197286,-0.380989657460557,0.316279059167079));
#3299=CARTESIAN_POINT('',(-1.58806751785636,-0.406351440222519,0.307213302705836));
#3300=CARTESIAN_POINT('',(-1.58974449464572,-0.426256703796069,0.298388292666073));
#3301=CARTESIAN_POINT('',(-1.5915565372807,-0.445638889754717,0.288617189561876));
#3302=CARTESIAN_POINT('',(-1.59352976035563,-0.464071857014444,0.277550680280833));
#3303=CARTESIAN_POINT('',(-1.595622010589,-0.481617210604716,0.265194601225011));
#3304=CARTESIAN_POINT('',(-1.59723934309714,-0.494328014362122,0.255281082470554));
#3305=CARTESIAN_POINT('',(-1.59889221601749,-0.506579747742921,0.244725519996215));
#3306=CARTESIAN_POINT('',(-1.60057495605256,-0.518403601809086,0.233476363338326));
#3307=CARTESIAN_POINT('',(-1.60224440413484,-0.529579591349681,0.221738070541493));
#3308=CARTESIAN_POINT('',(-1.60443561849414,-0.543626982670357,0.205460100431016));
#3309=CARTESIAN_POINT('',(-1.60708262148477,-0.559611998522004,0.18393672688697));
#3310=CARTESIAN_POINT('',(-1.6095313172161,-0.573493124191461,0.160868796181169));
#3311=CARTESIAN_POINT('',(-1.61133024130933,-0.583319666155907,0.141400829623591));
#3312=CARTESIAN_POINT('',(-1.61256375213269,-0.589906411820967,0.126567346545501));
#3313=CARTESIAN_POINT('',(-1.61367683197495,-0.595734907869844,0.111492907766016));
#3314=CARTESIAN_POINT('',(-1.61466243395341,-0.600809388705237,0.096182512067633));
#3315=CARTESIAN_POINT('',(-1.6155142083328,-0.605132577554047,0.0806358624962826));
#3316=CARTESIAN_POINT('',(-1.61622554171937,-0.608700423158853,0.0648502259486176));
#3317=CARTESIAN_POINT('',(-1.61678988803242,-0.611504451963303,0.0488278478435885));
#3318=CARTESIAN_POINT('',(-1.61733654871649,-0.61420101888316,0.0271149527640735));
#3319=CARTESIAN_POINT('',(-1.61760764107428,-0.615526186164755,0.000115800363089628));
#3320=CARTESIAN_POINT('',(-1.61734050019176,-0.614220286022803,-0.0267909529105529));
#3321=CARTESIAN_POINT('',(-1.61680712433626,-0.611589671556366,-0.0482401547047845));
#3322=CARTESIAN_POINT('',(-1.61624797348291,-0.608812413203822,-0.0643030723323454));
#3323=CARTESIAN_POINT('',(-1.61553185843089,-0.605221728267097,-0.0802921188875508));
#3324=CARTESIAN_POINT('',(-1.61467783829773,-0.600888141191936,-0.0959261876954904));
#3325=CARTESIAN_POINT('',(-1.61369198212059,-0.595813608898786,-0.111274094178608));
#3326=CARTESIAN_POINT('',(-1.61221283014472,-0.588069676195951,-0.131340551955307));
#3327=CARTESIAN_POINT('',(-1.61007747605304,-0.57657999941538,-0.155675062064971));
#3328=CARTESIAN_POINT('',(-1.60710623195667,-0.55975381280114,-0.183747513004482));
#3329=CARTESIAN_POINT('',(-1.60445472741223,-0.543744558922278,-0.205308861178673));
#3330=CARTESIAN_POINT('',(-1.60226946989294,-0.529743170922238,-0.221556457272623));
#3331=CARTESIAN_POINT('',(-1.60061035951687,-0.518643993462963,-0.233231620193567));
#3332=CARTESIAN_POINT('',(-1.59894412904219,-0.506953515968982,-0.244386223188008));
#3333=CARTESIAN_POINT('',(-1.59727634395142,-0.494612553792353,-0.255051249167912));
#3334=CARTESIAN_POINT('',(-1.59564703481922,-0.48182113515554,-0.265044565408264));
#3335=CARTESIAN_POINT('',(-1.59354822742997,-0.464237674825896,-0.277445269021755));
#3336=CARTESIAN_POINT('',(-1.59108523044804,-0.441240894525982,-0.291261797426234));
#3337=CARTESIAN_POINT('',(-1.58891015438457,-0.416930764673829,-0.302822238749831));
#3338=CARTESIAN_POINT('',(-1.5873812553767,-0.396586524117542,-0.310704942321961));
#3339=CARTESIAN_POINT('',(-1.58637002917007,-0.381143276902472,-0.315822823982526));
#3340=CARTESIAN_POINT('',(-1.58550081663413,-0.365549788262579,-0.320154295600719));
#3341=CARTESIAN_POINT('',(-1.58477814309977,-0.349798644334972,-0.323709649848736));
#3342=CARTESIAN_POINT('',(-1.58420695475586,-0.333893422649383,-0.326491245949791));
#3343=CARTESIAN_POINT('',(-1.58379209471235,-0.317829334390856,-0.328496140596775));
#3344=CARTESIAN_POINT('',(-1.5835382396494,-0.301617542499171,-0.329716725211929));
#3345=CARTESIAN_POINT('',(-1.58342189258998,-0.279736987485997,-0.330274400165574));
#3346=CARTESIAN_POINT('',(-1.58369941535258,-0.25270926883296,-0.328945584167287));
#3347=CARTESIAN_POINT('',(-1.58451378126445,-0.22607008030478,-0.325008826286573));
#3348=CARTESIAN_POINT('',(-1.58547285856946,-0.204998187709151,-0.320292689430501));
#3349=CARTESIAN_POINT('',(-1.58634216146199,-0.189309896927533,-0.315962894352574));
#3350=CARTESIAN_POINT('',(-1.58735717476474,-0.173757785237671,-0.310827739183164));
#3351=CARTESIAN_POINT('',(-1.58849034784564,-0.158630802898064,-0.304988317924971));
#3352=CARTESIAN_POINT('',(-1.58973426203975,-0.14386478652081,-0.298442044489623));
#3353=CARTESIAN_POINT('',(-1.59152610058151,-0.124670069292968,-0.28878332752648));
#3354=CARTESIAN_POINT('',(-1.59349641323447,-0.10621779306015,-0.277743675658545));
#3355=CARTESIAN_POINT('',(-1.59561043025412,-0.0884731450755876,-0.265265764152025));
#3356=CARTESIAN_POINT('',(-1.59778922033141,-0.0713508530650201,-0.251910679571326));
#3357=CARTESIAN_POINT('',(-1.60055632293074,-0.0514562978661973,-0.233883006000602));
#3358=CARTESIAN_POINT('',(-1.60331543518916,-0.0334202994838024,-0.214032083831159));
#3359=CARTESIAN_POINT('',(-1.60546735156888,-0.0201422952855871,-0.197074140535669));
#3360=CARTESIAN_POINT('',(-1.60704708396093,-0.0107359774290809,-0.183760646958774));
#3361=CARTESIAN_POINT('',(-1.6085591982618,-0.0020177795851097,-0.17002532167474));
#3362=CARTESIAN_POINT('',(-1.61045781167042,0.00862020530406426,-0.151293024752846));
#3363=CARTESIAN_POINT('',(-1.61259597145773,0.0201365924091492,-0.127031473563724));
#3364=CARTESIAN_POINT('',(-1.61435907872345,0.0292690648828771,-0.10169457775678));
#3365=CARTESIAN_POINT('',(-1.61551268232138,0.0351251742521727,-0.0806802082892809));
#3366=CARTESIAN_POINT('',(-1.61646888552036,0.039920534392167,-0.0594403340859545));
#3367=CARTESIAN_POINT('',(-1.61711642503239,0.0431169452980094,-0.0380071625257694));
#3368=CARTESIAN_POINT('',(-1.61744460211763,0.0447286756211795,-0.0163665768726467));
#3369=CARTESIAN_POINT('',(-1.61752770207312,0.0451356814170281,2.83349000500775E-06));
#3370=CARTESIAN_POINT('',(-1.61744458958988,0.044728598710708,0.016355242912626));
#3371=CARTESIAN_POINT('',(-1.6175,0.045,-1.13027679232971E-16));
#3372=MECHANICAL_DESIGN_GEOMETRIC_PRESENTATION_REPRESENTATION('',(#1412),#3421);
#3373=MECHANICAL_DESIGN_GEOMETRIC_PRESENTATION_REPRESENTATION('',(#1413),#3422);
#3374=MECHANICAL_DESIGN_GEOMETRIC_PRESENTATION_REPRESENTATION('',(#1414),#3423);
#3375=MECHANICAL_DESIGN_GEOMETRIC_PRESENTATION_REPRESENTATION('',(#1415),#3424);
#3376=MECHANICAL_DESIGN_GEOMETRIC_PRESENTATION_REPRESENTATION('',(#1416),#3425);
#3377=MECHANICAL_DESIGN_GEOMETRIC_PRESENTATION_REPRESENTATION('',(#1417),#3426);
#3378=MECHANICAL_DESIGN_GEOMETRIC_PRESENTATION_REPRESENTATION('',(#1418),#3427);
#3379=MECHANICAL_DESIGN_GEOMETRIC_PRESENTATION_REPRESENTATION('',(#1419),#3428);
#3380=MECHANICAL_DESIGN_GEOMETRIC_PRESENTATION_REPRESENTATION('',(#1420),#3429);
#3381=MECHANICAL_DESIGN_GEOMETRIC_PRESENTATION_REPRESENTATION('',(#1421),#3430);
#3382=MECHANICAL_DESIGN_GEOMETRIC_PRESENTATION_REPRESENTATION('',(#1422),#3431);
#3383=MECHANICAL_DESIGN_GEOMETRIC_PRESENTATION_REPRESENTATION('',(#1423),#3432);
#3384=MECHANICAL_DESIGN_GEOMETRIC_PRESENTATION_REPRESENTATION('',(#1424),#3433);
#3385=MECHANICAL_DESIGN_GEOMETRIC_PRESENTATION_REPRESENTATION('',(#1425),#3434);
#3386=MECHANICAL_DESIGN_GEOMETRIC_PRESENTATION_REPRESENTATION('',(#1426),#3435);
#3387=MECHANICAL_DESIGN_GEOMETRIC_PRESENTATION_REPRESENTATION('',(#1427),#3436);
#3388=MECHANICAL_DESIGN_GEOMETRIC_PRESENTATION_REPRESENTATION('',(#1428),#3437);
#3389=MECHANICAL_DESIGN_GEOMETRIC_PRESENTATION_REPRESENTATION('',(#1429),#3438);
#3390=MECHANICAL_DESIGN_GEOMETRIC_PRESENTATION_REPRESENTATION('',(#1430),#3439);
#3391=MECHANICAL_DESIGN_GEOMETRIC_PRESENTATION_REPRESENTATION('',(#1431),#3440);
#3392=MECHANICAL_DESIGN_GEOMETRIC_PRESENTATION_REPRESENTATION('',(#1432),#3441);
#3393=MECHANICAL_DESIGN_GEOMETRIC_PRESENTATION_REPRESENTATION('',(#1433),#3442);
#3394=MECHANICAL_DESIGN_GEOMETRIC_PRESENTATION_REPRESENTATION('',(#1434),#3443);
#3395=MECHANICAL_DESIGN_GEOMETRIC_PRESENTATION_REPRESENTATION('',(#1435),#3444);
#3396=MECHANICAL_DESIGN_GEOMETRIC_PRESENTATION_REPRESENTATION('',(#1436),#3445);
#3397=MECHANICAL_DESIGN_GEOMETRIC_PRESENTATION_REPRESENTATION('',(#1437),#3446);
#3398=MECHANICAL_DESIGN_GEOMETRIC_PRESENTATION_REPRESENTATION('',(#1438),#3447);
#3399=MECHANICAL_DESIGN_GEOMETRIC_PRESENTATION_REPRESENTATION('',(#1439),#3448);
#3400=MECHANICAL_DESIGN_GEOMETRIC_PRESENTATION_REPRESENTATION('',(#1440),#3449);
#3401=MECHANICAL_DESIGN_GEOMETRIC_PRESENTATION_REPRESENTATION('',(#1441),#3450);
#3402=MECHANICAL_DESIGN_GEOMETRIC_PRESENTATION_REPRESENTATION('',(#1442),#3451);
#3403=MECHANICAL_DESIGN_GEOMETRIC_PRESENTATION_REPRESENTATION('',(#1443),#3452);
#3404=MECHANICAL_DESIGN_GEOMETRIC_PRESENTATION_REPRESENTATION('',(#1444),#3453);
#3405=MECHANICAL_DESIGN_GEOMETRIC_PRESENTATION_REPRESENTATION('',(#1445),#3454);
#3406=MECHANICAL_DESIGN_GEOMETRIC_PRESENTATION_REPRESENTATION('',(#1446),#3455);
#3407=MECHANICAL_DESIGN_GEOMETRIC_PRESENTATION_REPRESENTATION('',(#1447),#3456);
#3408=MECHANICAL_DESIGN_GEOMETRIC_PRESENTATION_REPRESENTATION('',(#1448),#3457);
#3409=MECHANICAL_DESIGN_GEOMETRIC_PRESENTATION_REPRESENTATION('',(#1449),#3458);
#3410=MECHANICAL_DESIGN_GEOMETRIC_PRESENTATION_REPRESENTATION('',(#1450),#3459);
#3411=MECHANICAL_DESIGN_GEOMETRIC_PRESENTATION_REPRESENTATION('',(#1451),#3460);
#3412=MECHANICAL_DESIGN_GEOMETRIC_PRESENTATION_REPRESENTATION('',(#1452),#3461);
#3413=MECHANICAL_DESIGN_GEOMETRIC_PRESENTATION_REPRESENTATION('',(#1453),#3462);
#3414=MECHANICAL_DESIGN_GEOMETRIC_PRESENTATION_REPRESENTATION('',(#1454),#3463);
#3415=MECHANICAL_DESIGN_GEOMETRIC_PRESENTATION_REPRESENTATION('',(#1455),#3464);
#3416=MECHANICAL_DESIGN_GEOMETRIC_PRESENTATION_REPRESENTATION('',(#1456),#3465);
#3417=MECHANICAL_DESIGN_GEOMETRIC_PRESENTATION_REPRESENTATION('',(#1457),#3466);
#3418=MECHANICAL_DESIGN_GEOMETRIC_PRESENTATION_REPRESENTATION('',(#1458),#3467);
#3419=MECHANICAL_DESIGN_GEOMETRIC_PRESENTATION_REPRESENTATION('',(#1459,#16),#3468);
#3420=MECHANICAL_DESIGN_GEOMETRIC_PRESENTATION_REPRESENTATION('',(#1460),#3469);
#3421=(
GEOMETRIC_REPRESENTATION_CONTEXT(3)
GLOBAL_UNCERTAINTY_ASSIGNED_CONTEXT((#3470))
GLOBAL_UNIT_ASSIGNED_CONTEXT((#3617,#3568,#3519))
REPRESENTATION_CONTEXT('skir_sless','TOP_LEVEL_ASSEMBLY_PART')
);
#3422=(
GEOMETRIC_REPRESENTATION_CONTEXT(3)
GLOBAL_UNCERTAINTY_ASSIGNED_CONTEXT((#3471))
GLOBAL_UNIT_ASSIGNED_CONTEXT((#3618,#3569,#3520))
REPRESENTATION_CONTEXT('upper_plate','TOP_LEVEL_ASSEMBLY_PART')
);
#3423=(
GEOMETRIC_REPRESENTATION_CONTEXT(3)
GLOBAL_UNCERTAINTY_ASSIGNED_CONTEXT((#3472))
GLOBAL_UNIT_ASSIGNED_CONTEXT((#3619,#3570,#3521))
REPRESENTATION_CONTEXT('base_plate','TOP_LEVEL_ASSEMBLY_PART')
);
#3424=(
GEOMETRIC_REPRESENTATION_CONTEXT(3)
GLOBAL_UNCERTAINTY_ASSIGNED_CONTEXT((#3473))
GLOBAL_UNIT_ASSIGNED_CONTEXT((#3620,#3571,#3522))
REPRESENTATION_CONTEXT('Surface 47','TOP_LEVEL_ASSEMBLY_PART')
);
#3425=(
GEOMETRIC_REPRESENTATION_CONTEXT(3)
GLOBAL_UNCERTAINTY_ASSIGNED_CONTEXT((#3474))
GLOBAL_UNIT_ASSIGNED_CONTEXT((#3621,#3572,#3523))
REPRESENTATION_CONTEXT('Surface 46','TOP_LEVEL_ASSEMBLY_PART')
);
#3426=(
GEOMETRIC_REPRESENTATION_CONTEXT(3)
GLOBAL_UNCERTAINTY_ASSIGNED_CONTEXT((#3475))
GLOBAL_UNIT_ASSIGNED_CONTEXT((#3622,#3573,#3524))
REPRESENTATION_CONTEXT('Surface 45','TOP_LEVEL_ASSEMBLY_PART')
);
#3427=(
GEOMETRIC_REPRESENTATION_CONTEXT(3)
GLOBAL_UNCERTAINTY_ASSIGNED_CONTEXT((#3476))
GLOBAL_UNIT_ASSIGNED_CONTEXT((#3623,#3574,#3525))
REPRESENTATION_CONTEXT('Surface 44','TOP_LEVEL_ASSEMBLY_PART')
);
#3428=(
GEOMETRIC_REPRESENTATION_CONTEXT(3)
GLOBAL_UNCERTAINTY_ASSIGNED_CONTEXT((#3477))
GLOBAL_UNIT_ASSIGNED_CONTEXT((#3624,#3575,#3526))
REPRESENTATION_CONTEXT('Surface 43','TOP_LEVEL_ASSEMBLY_PART')
);
#3429=(
GEOMETRIC_REPRESENTATION_CONTEXT(3)
GLOBAL_UNCERTAINTY_ASSIGNED_CONTEXT((#3478))
GLOBAL_UNIT_ASSIGNED_CONTEXT((#3625,#3576,#3527))
REPRESENTATION_CONTEXT('Surface 42','TOP_LEVEL_ASSEMBLY_PART')
);
#3430=(
GEOMETRIC_REPRESENTATION_CONTEXT(3)
GLOBAL_UNCERTAINTY_ASSIGNED_CONTEXT((#3479))
GLOBAL_UNIT_ASSIGNED_CONTEXT((#3626,#3577,#3528))
REPRESENTATION_CONTEXT('Surface 41','TOP_LEVEL_ASSEMBLY_PART')
);
#3431=(
GEOMETRIC_REPRESENTATION_CONTEXT(3)
GLOBAL_UNCERTAINTY_ASSIGNED_CONTEXT((#3480))
GLOBAL_UNIT_ASSIGNED_CONTEXT((#3627,#3578,#3529))
REPRESENTATION_CONTEXT('Surface 40','TOP_LEVEL_ASSEMBLY_PART')
);
#3432=(
GEOMETRIC_REPRESENTATION_CONTEXT(3)
GLOBAL_UNCERTAINTY_ASSIGNED_CONTEXT((#3481))
GLOBAL_UNIT_ASSIGNED_CONTEXT((#3628,#3579,#3530))
REPRESENTATION_CONTEXT('Surface 39','TOP_LEVEL_ASSEMBLY_PART')
);
#3433=(
GEOMETRIC_REPRESENTATION_CONTEXT(3)
GLOBAL_UNCERTAINTY_ASSIGNED_CONTEXT((#3482))
GLOBAL_UNIT_ASSIGNED_CONTEXT((#3629,#3580,#3531))
REPRESENTATION_CONTEXT('Surface 38','TOP_LEVEL_ASSEMBLY_PART')
);
#3434=(
GEOMETRIC_REPRESENTATION_CONTEXT(3)
GLOBAL_UNCERTAINTY_ASSIGNED_CONTEXT((#3483))
GLOBAL_UNIT_ASSIGNED_CONTEXT((#3630,#3581,#3532))
REPRESENTATION_CONTEXT('Surface 37','TOP_LEVEL_ASSEMBLY_PART')
);
#3435=(
GEOMETRIC_REPRESENTATION_CONTEXT(3)
GLOBAL_UNCERTAINTY_ASSIGNED_CONTEXT((#3484))
GLOBAL_UNIT_ASSIGNED_CONTEXT((#3631,#3582,#3533))
REPRESENTATION_CONTEXT('Surface 36','TOP_LEVEL_ASSEMBLY_PART')
);
#3436=(
GEOMETRIC_REPRESENTATION_CONTEXT(3)
GLOBAL_UNCERTAINTY_ASSIGNED_CONTEXT((#3485))
GLOBAL_UNIT_ASSIGNED_CONTEXT((#3632,#3583,#3534))
REPRESENTATION_CONTEXT('Surface 35','TOP_LEVEL_ASSEMBLY_PART')
);
#3437=(
GEOMETRIC_REPRESENTATION_CONTEXT(3)
GLOBAL_UNCERTAINTY_ASSIGNED_CONTEXT((#3486))
GLOBAL_UNIT_ASSIGNED_CONTEXT((#3633,#3584,#3535))
REPRESENTATION_CONTEXT('Surface 34','TOP_LEVEL_ASSEMBLY_PART')
);
#3438=(
GEOMETRIC_REPRESENTATION_CONTEXT(3)
GLOBAL_UNCERTAINTY_ASSIGNED_CONTEXT((#3487))
GLOBAL_UNIT_ASSIGNED_CONTEXT((#3634,#3585,#3536))
REPRESENTATION_CONTEXT('Surface 33','TOP_LEVEL_ASSEMBLY_PART')
);
#3439=(
GEOMETRIC_REPRESENTATION_CONTEXT(3)
GLOBAL_UNCERTAINTY_ASSIGNED_CONTEXT((#3488))
GLOBAL_UNIT_ASSIGNED_CONTEXT((#3635,#3586,#3537))
REPRESENTATION_CONTEXT('Surface 32','TOP_LEVEL_ASSEMBLY_PART')
);
#3440=(
GEOMETRIC_REPRESENTATION_CONTEXT(3)
GLOBAL_UNCERTAINTY_ASSIGNED_CONTEXT((#3489))
GLOBAL_UNIT_ASSIGNED_CONTEXT((#3636,#3587,#3538))
REPRESENTATION_CONTEXT('Surface 31','TOP_LEVEL_ASSEMBLY_PART')
);
#3441=(
GEOMETRIC_REPRESENTATION_CONTEXT(3)
GLOBAL_UNCERTAINTY_ASSIGNED_CONTEXT((#3490))
GLOBAL_UNIT_ASSIGNED_CONTEXT((#3637,#3588,#3539))
REPRESENTATION_CONTEXT('Surface 30','TOP_LEVEL_ASSEMBLY_PART')
);
#3442=(
GEOMETRIC_REPRESENTATION_CONTEXT(3)
GLOBAL_UNCERTAINTY_ASSIGNED_CONTEXT((#3491))
GLOBAL_UNIT_ASSIGNED_CONTEXT((#3638,#3589,#3540))
REPRESENTATION_CONTEXT('Surface 29','TOP_LEVEL_ASSEMBLY_PART')
);
#3443=(
GEOMETRIC_REPRESENTATION_CONTEXT(3)
GLOBAL_UNCERTAINTY_ASSIGNED_CONTEXT((#3492))
GLOBAL_UNIT_ASSIGNED_CONTEXT((#3639,#3590,#3541))
REPRESENTATION_CONTEXT('Surface 28','TOP_LEVEL_ASSEMBLY_PART')
);
#3444=(
GEOMETRIC_REPRESENTATION_CONTEXT(3)
GLOBAL_UNCERTAINTY_ASSIGNED_CONTEXT((#3493))
GLOBAL_UNIT_ASSIGNED_CONTEXT((#3640,#3591,#3542))
REPRESENTATION_CONTEXT('Surface 27','TOP_LEVEL_ASSEMBLY_PART')
);
#3445=(
GEOMETRIC_REPRESENTATION_CONTEXT(3)
GLOBAL_UNCERTAINTY_ASSIGNED_CONTEXT((#3494))
GLOBAL_UNIT_ASSIGNED_CONTEXT((#3641,#3592,#3543))
REPRESENTATION_CONTEXT('Surface 26','TOP_LEVEL_ASSEMBLY_PART')
);
#3446=(
GEOMETRIC_REPRESENTATION_CONTEXT(3)
GLOBAL_UNCERTAINTY_ASSIGNED_CONTEXT((#3495))
GLOBAL_UNIT_ASSIGNED_CONTEXT((#3642,#3593,#3544))
REPRESENTATION_CONTEXT('Surface 25','TOP_LEVEL_ASSEMBLY_PART')
);
#3447=(
GEOMETRIC_REPRESENTATION_CONTEXT(3)
GLOBAL_UNCERTAINTY_ASSIGNED_CONTEXT((#3496))
GLOBAL_UNIT_ASSIGNED_CONTEXT((#3643,#3594,#3545))
REPRESENTATION_CONTEXT('Surface 24','TOP_LEVEL_ASSEMBLY_PART')
);
#3448=(
GEOMETRIC_REPRESENTATION_CONTEXT(3)
GLOBAL_UNCERTAINTY_ASSIGNED_CONTEXT((#3497))
GLOBAL_UNIT_ASSIGNED_CONTEXT((#3644,#3595,#3546))
REPRESENTATION_CONTEXT('Surface 23','TOP_LEVEL_ASSEMBLY_PART')
);
#3449=(
GEOMETRIC_REPRESENTATION_CONTEXT(3)
GLOBAL_UNCERTAINTY_ASSIGNED_CONTEXT((#3498))
GLOBAL_UNIT_ASSIGNED_CONTEXT((#3645,#3596,#3547))
REPRESENTATION_CONTEXT('Surface 22','TOP_LEVEL_ASSEMBLY_PART')
);
#3450=(
GEOMETRIC_REPRESENTATION_CONTEXT(3)
GLOBAL_UNCERTAINTY_ASSIGNED_CONTEXT((#3499))
GLOBAL_UNIT_ASSIGNED_CONTEXT((#3646,#3597,#3548))
REPRESENTATION_CONTEXT('Surface 21','TOP_LEVEL_ASSEMBLY_PART')
);
#3451=(
GEOMETRIC_REPRESENTATION_CONTEXT(3)
GLOBAL_UNCERTAINTY_ASSIGNED_CONTEXT((#3500))
GLOBAL_UNIT_ASSIGNED_CONTEXT((#3647,#3598,#3549))
REPRESENTATION_CONTEXT('Surface 20','TOP_LEVEL_ASSEMBLY_PART')
);
#3452=(
GEOMETRIC_REPRESENTATION_CONTEXT(3)
GLOBAL_UNCERTAINTY_ASSIGNED_CONTEXT((#3501))
GLOBAL_UNIT_ASSIGNED_CONTEXT((#3648,#3599,#3550))
REPRESENTATION_CONTEXT('Surface 19','TOP_LEVEL_ASSEMBLY_PART')
);
#3453=(
GEOMETRIC_REPRESENTATION_CONTEXT(3)
GLOBAL_UNCERTAINTY_ASSIGNED_CONTEXT((#3502))
GLOBAL_UNIT_ASSIGNED_CONTEXT((#3649,#3600,#3551))
REPRESENTATION_CONTEXT('Surface 18','TOP_LEVEL_ASSEMBLY_PART')
);
#3454=(
GEOMETRIC_REPRESENTATION_CONTEXT(3)
GLOBAL_UNCERTAINTY_ASSIGNED_CONTEXT((#3503))
GLOBAL_UNIT_ASSIGNED_CONTEXT((#3650,#3601,#3552))
REPRESENTATION_CONTEXT('Surface 17','TOP_LEVEL_ASSEMBLY_PART')
);
#3455=(
GEOMETRIC_REPRESENTATION_CONTEXT(3)
GLOBAL_UNCERTAINTY_ASSIGNED_CONTEXT((#3504))
GLOBAL_UNIT_ASSIGNED_CONTEXT((#3651,#3602,#3553))
REPRESENTATION_CONTEXT('Surface 16','TOP_LEVEL_ASSEMBLY_PART')
);
#3456=(
GEOMETRIC_REPRESENTATION_CONTEXT(3)
GLOBAL_UNCERTAINTY_ASSIGNED_CONTEXT((#3505))
GLOBAL_UNIT_ASSIGNED_CONTEXT((#3652,#3603,#3554))
REPRESENTATION_CONTEXT('Surface 15','TOP_LEVEL_ASSEMBLY_PART')
);
#3457=(
GEOMETRIC_REPRESENTATION_CONTEXT(3)
GLOBAL_UNCERTAINTY_ASSIGNED_CONTEXT((#3506))
GLOBAL_UNIT_ASSIGNED_CONTEXT((#3653,#3604,#3555))
REPRESENTATION_CONTEXT('Surface 14','TOP_LEVEL_ASSEMBLY_PART')
);
#3458=(
GEOMETRIC_REPRESENTATION_CONTEXT(3)
GLOBAL_UNCERTAINTY_ASSIGNED_CONTEXT((#3507))
GLOBAL_UNIT_ASSIGNED_CONTEXT((#3654,#3605,#3556))
REPRESENTATION_CONTEXT('Surface 13','TOP_LEVEL_ASSEMBLY_PART')
);
#3459=(
GEOMETRIC_REPRESENTATION_CONTEXT(3)
GLOBAL_UNCERTAINTY_ASSIGNED_CONTEXT((#3508))
GLOBAL_UNIT_ASSIGNED_CONTEXT((#3655,#3606,#3557))
REPRESENTATION_CONTEXT('Surface 12','TOP_LEVEL_ASSEMBLY_PART')
);
#3460=(
GEOMETRIC_REPRESENTATION_CONTEXT(3)
GLOBAL_UNCERTAINTY_ASSIGNED_CONTEXT((#3509))
GLOBAL_UNIT_ASSIGNED_CONTEXT((#3656,#3607,#3558))
REPRESENTATION_CONTEXT('Surface 11','TOP_LEVEL_ASSEMBLY_PART')
);
#3461=(
GEOMETRIC_REPRESENTATION_CONTEXT(3)
GLOBAL_UNCERTAINTY_ASSIGNED_CONTEXT((#3510))
GLOBAL_UNIT_ASSIGNED_CONTEXT((#3657,#3608,#3559))
REPRESENTATION_CONTEXT('Surface 10','TOP_LEVEL_ASSEMBLY_PART')
);
#3462=(
GEOMETRIC_REPRESENTATION_CONTEXT(3)
GLOBAL_UNCERTAINTY_ASSIGNED_CONTEXT((#3511))
GLOBAL_UNIT_ASSIGNED_CONTEXT((#3658,#3609,#3560))
REPRESENTATION_CONTEXT('Surface 9','TOP_LEVEL_ASSEMBLY_PART')
);
#3463=(
GEOMETRIC_REPRESENTATION_CONTEXT(3)
GLOBAL_UNCERTAINTY_ASSIGNED_CONTEXT((#3512))
GLOBAL_UNIT_ASSIGNED_CONTEXT((#3659,#3610,#3561))
REPRESENTATION_CONTEXT('Surface 8','TOP_LEVEL_ASSEMBLY_PART')
);
#3464=(
GEOMETRIC_REPRESENTATION_CONTEXT(3)
GLOBAL_UNCERTAINTY_ASSIGNED_CONTEXT((#3513))
GLOBAL_UNIT_ASSIGNED_CONTEXT((#3660,#3611,#3562))
REPRESENTATION_CONTEXT('manhole','TOP_LEVEL_ASSEMBLY_PART')
);
#3465=(
GEOMETRIC_REPRESENTATION_CONTEXT(3)
GLOBAL_UNCERTAINTY_ASSIGNED_CONTEXT((#3514))
GLOBAL_UNIT_ASSIGNED_CONTEXT((#3661,#3612,#3563))
REPRESENTATION_CONTEXT('opening_2','TOP_LEVEL_ASSEMBLY_PART')
);
#3466=(
GEOMETRIC_REPRESENTATION_CONTEXT(3)
GLOBAL_UNCERTAINTY_ASSIGNED_CONTEXT((#3515))
GLOBAL_UNIT_ASSIGNED_CONTEXT((#3662,#3613,#3564))
REPRESENTATION_CONTEXT('opening_1','TOP_LEVEL_ASSEMBLY_PART')
);
#3467=(
GEOMETRIC_REPRESENTATION_CONTEXT(3)
GLOBAL_UNCERTAINTY_ASSIGNED_CONTEXT((#3516))
GLOBAL_UNIT_ASSIGNED_CONTEXT((#3663,#3614,#3565))
REPRESENTATION_CONTEXT('opening_0','TOP_LEVEL_ASSEMBLY_PART')
);
#3468=(
GEOMETRIC_REPRESENTATION_CONTEXT(3)
GLOBAL_UNCERTAINTY_ASSIGNED_CONTEXT((#3517))
GLOBAL_UNIT_ASSIGNED_CONTEXT((#3664,#3615,#3566))
REPRESENTATION_CONTEXT('skir_carbo_und','TOP_LEVEL_ASSEMBLY_PART')
);
#3469=(
GEOMETRIC_REPRESENTATION_CONTEXT(3)
GLOBAL_UNCERTAINTY_ASSIGNED_CONTEXT((#3518))
GLOBAL_UNIT_ASSIGNED_CONTEXT((#3665,#3616,#3567))
REPRESENTATION_CONTEXT('skir_carbo_mid','TOP_LEVEL_ASSEMBLY_PART')
);
#3470=UNCERTAINTY_MEASURE_WITH_UNIT(LENGTH_MEASURE(1.E-08),#3617,'DISTANCE_ACCURACY_VALUE','Maximum Tolerance applied to model');
#3471=UNCERTAINTY_MEASURE_WITH_UNIT(LENGTH_MEASURE(1.E-08),#3618,'DISTANCE_ACCURACY_VALUE','Maximum Tolerance applied to model');
#3472=UNCERTAINTY_MEASURE_WITH_UNIT(LENGTH_MEASURE(1.E-08),#3619,'DISTANCE_ACCURACY_VALUE','Maximum Tolerance applied to model');
#3473=UNCERTAINTY_MEASURE_WITH_UNIT(LENGTH_MEASURE(1.E-08),#3620,'DISTANCE_ACCURACY_VALUE','Maximum Tolerance applied to model');
#3474=UNCERTAINTY_MEASURE_WITH_UNIT(LENGTH_MEASURE(1.E-08),#3621,'DISTANCE_ACCURACY_VALUE','Maximum Tolerance applied to model');
#3475=UNCERTAINTY_MEASURE_WITH_UNIT(LENGTH_MEASURE(1.E-08),#3622,'DISTANCE_ACCURACY_VALUE','Maximum Tolerance applied to model');
#3476=UNCERTAINTY_MEASURE_WITH_UNIT(LENGTH_MEASURE(1.E-08),#3623,'DISTANCE_ACCURACY_VALUE','Maximum Tolerance applied to model');
#3477=UNCERTAINTY_MEASURE_WITH_UNIT(LENGTH_MEASURE(1.E-08),#3624,'DISTANCE_ACCURACY_VALUE','Maximum Tolerance applied to model');
#3478=UNCERTAINTY_MEASURE_WITH_UNIT(LENGTH_MEASURE(1.E-08),#3625,'DISTANCE_ACCURACY_VALUE','Maximum Tolerance applied to model');
#3479=UNCERTAINTY_MEASURE_WITH_UNIT(LENGTH_MEASURE(1.E-08),#3626,'DISTANCE_ACCURACY_VALUE','Maximum Tolerance applied to model');
#3480=UNCERTAINTY_MEASURE_WITH_UNIT(LENGTH_MEASURE(1.E-08),#3627,'DISTANCE_ACCURACY_VALUE','Maximum Tolerance applied to model');
#3481=UNCERTAINTY_MEASURE_WITH_UNIT(LENGTH_MEASURE(1.E-08),#3628,'DISTANCE_ACCURACY_VALUE','Maximum Tolerance applied to model');
#3482=UNCERTAINTY_MEASURE_WITH_UNIT(LENGTH_MEASURE(1.E-08),#3629,'DISTANCE_ACCURACY_VALUE','Maximum Tolerance applied to model');
#3483=UNCERTAINTY_MEASURE_WITH_UNIT(LENGTH_MEASURE(1.E-08),#3630,'DISTANCE_ACCURACY_VALUE','Maximum Tolerance applied to model');
#3484=UNCERTAINTY_MEASURE_WITH_UNIT(LENGTH_MEASURE(1.E-08),#3631,'DISTANCE_ACCURACY_VALUE','Maximum Tolerance applied to model');
#3485=UNCERTAINTY_MEASURE_WITH_UNIT(LENGTH_MEASURE(1.E-08),#3632,'DISTANCE_ACCURACY_VALUE','Maximum Tolerance applied to model');
#3486=UNCERTAINTY_MEASURE_WITH_UNIT(LENGTH_MEASURE(1.E-08),#3633,'DISTANCE_ACCURACY_VALUE','Maximum Tolerance applied to model');
#3487=UNCERTAINTY_MEASURE_WITH_UNIT(LENGTH_MEASURE(1.E-08),#3634,'DISTANCE_ACCURACY_VALUE','Maximum Tolerance applied to model');
#3488=UNCERTAINTY_MEASURE_WITH_UNIT(LENGTH_MEASURE(1.E-08),#3635,'DISTANCE_ACCURACY_VALUE','Maximum Tolerance applied to model');
#3489=UNCERTAINTY_MEASURE_WITH_UNIT(LENGTH_MEASURE(1.E-08),#3636,'DISTANCE_ACCURACY_VALUE','Maximum Tolerance applied to model');
#3490=UNCERTAINTY_MEASURE_WITH_UNIT(LENGTH_MEASURE(1.E-08),#3637,'DISTANCE_ACCURACY_VALUE','Maximum Tolerance applied to model');
#3491=UNCERTAINTY_MEASURE_WITH_UNIT(LENGTH_MEASURE(1.E-08),#3638,'DISTANCE_ACCURACY_VALUE','Maximum Tolerance applied to model');
#3492=UNCERTAINTY_MEASURE_WITH_UNIT(LENGTH_MEASURE(1.E-08),#3639,'DISTANCE_ACCURACY_VALUE','Maximum Tolerance applied to model');
#3493=UNCERTAINTY_MEASURE_WITH_UNIT(LENGTH_MEASURE(1.E-08),#3640,'DISTANCE_ACCURACY_VALUE','Maximum Tolerance applied to model');
#3494=UNCERTAINTY_MEASURE_WITH_UNIT(LENGTH_MEASURE(1.E-08),#3641,'DISTANCE_ACCURACY_VALUE','Maximum Tolerance applied to model');
#3495=UNCERTAINTY_MEASURE_WITH_UNIT(LENGTH_MEASURE(1.E-08),#3642,'DISTANCE_ACCURACY_VALUE','Maximum Tolerance applied to model');
#3496=UNCERTAINTY_MEASURE_WITH_UNIT(LENGTH_MEASURE(1.E-08),#3643,'DISTANCE_ACCURACY_VALUE','Maximum Tolerance applied to model');
#3497=UNCERTAINTY_MEASURE_WITH_UNIT(LENGTH_MEASURE(1.E-08),#3644,'DISTANCE_ACCURACY_VALUE','Maximum Tolerance applied to model');
#3498=UNCERTAINTY_MEASURE_WITH_UNIT(LENGTH_MEASURE(1.E-08),#3645,'DISTANCE_ACCURACY_VALUE','Maximum Tolerance applied to model');
#3499=UNCERTAINTY_MEASURE_WITH_UNIT(LENGTH_MEASURE(1.E-08),#3646,'DISTANCE_ACCURACY_VALUE','Maximum Tolerance applied to model');
#3500=UNCERTAINTY_MEASURE_WITH_UNIT(LENGTH_MEASURE(1.E-08),#3647,'DISTANCE_ACCURACY_VALUE','Maximum Tolerance applied to model');
#3501=UNCERTAINTY_MEASURE_WITH_UNIT(LENGTH_MEASURE(1.E-08),#3648,'DISTANCE_ACCURACY_VALUE','Maximum Tolerance applied to model');
#3502=UNCERTAINTY_MEASURE_WITH_UNIT(LENGTH_MEASURE(1.E-08),#3649,'DISTANCE_ACCURACY_VALUE','Maximum Tolerance applied to model');
#3503=UNCERTAINTY_MEASURE_WITH_UNIT(LENGTH_MEASURE(1.E-08),#3650,'DISTANCE_ACCURACY_VALUE','Maximum Tolerance applied to model');
#3504=UNCERTAINTY_MEASURE_WITH_UNIT(LENGTH_MEASURE(1.E-08),#3651,'DISTANCE_ACCURACY_VALUE','Maximum Tolerance applied to model');
#3505=UNCERTAINTY_MEASURE_WITH_UNIT(LENGTH_MEASURE(1.E-08),#3652,'DISTANCE_ACCURACY_VALUE','Maximum Tolerance applied to model');
#3506=UNCERTAINTY_MEASURE_WITH_UNIT(LENGTH_MEASURE(1.E-08),#3653,'DISTANCE_ACCURACY_VALUE','Maximum Tolerance applied to model');
#3507=UNCERTAINTY_MEASURE_WITH_UNIT(LENGTH_MEASURE(1.E-08),#3654,'DISTANCE_ACCURACY_VALUE','Maximum Tolerance applied to model');
#3508=UNCERTAINTY_MEASURE_WITH_UNIT(LENGTH_MEASURE(1.E-08),#3655,'DISTANCE_ACCURACY_VALUE','Maximum Tolerance applied to model');
#3509=UNCERTAINTY_MEASURE_WITH_UNIT(LENGTH_MEASURE(1.E-08),#3656,'DISTANCE_ACCURACY_VALUE','Maximum Tolerance applied to model');
#3510=UNCERTAINTY_MEASURE_WITH_UNIT(LENGTH_MEASURE(1.E-08),#3657,'DISTANCE_ACCURACY_VALUE','Maximum Tolerance applied to model');
#3511=UNCERTAINTY_MEASURE_WITH_UNIT(LENGTH_MEASURE(1.E-08),#3658,'DISTANCE_ACCURACY_VALUE','Maximum Tolerance applied to model');
#3512=UNCERTAINTY_MEASURE_WITH_UNIT(LENGTH_MEASURE(1.E-08),#3659,'DISTANCE_ACCURACY_VALUE','Maximum Tolerance applied to model');
#3513=UNCERTAINTY_MEASURE_WITH_UNIT(LENGTH_MEASURE(1.E-08),#3660,'DISTANCE_ACCURACY_VALUE','Maximum Tolerance applied to model');
#3514=UNCERTAINTY_MEASURE_WITH_UNIT(LENGTH_MEASURE(1.E-08),#3661,'DISTANCE_ACCURACY_VALUE','Maximum Tolerance applied to model');
#3515=UNCERTAINTY_MEASURE_WITH_UNIT(LENGTH_MEASURE(1.E-08),#3662,'DISTANCE_ACCURACY_VALUE','Maximum Tolerance applied to model');
#3516=UNCERTAINTY_MEASURE_WITH_UNIT(LENGTH_MEASURE(1.E-08),#3663,'DISTANCE_ACCURACY_VALUE','Maximum Tolerance applied to model');
#3517=UNCERTAINTY_MEASURE_WITH_UNIT(LENGTH_MEASURE(1.E-08),#3664,'DISTANCE_ACCURACY_VALUE','Maximum Tolerance applied to model');
#3518=UNCERTAINTY_MEASURE_WITH_UNIT(LENGTH_MEASURE(2.E-05),#3665,'DISTANCE_ACCURACY_VALUE','Maximum Tolerance applied to model');
#3519=(
NAMED_UNIT(*)
SI_UNIT($,.STERADIAN.)
SOLID_ANGLE_UNIT()
);
#3520=(
NAMED_UNIT(*)
SI_UNIT($,.STERADIAN.)
SOLID_ANGLE_UNIT()
);
#3521=(
NAMED_UNIT(*)
SI_UNIT($,.STERADIAN.)
SOLID_ANGLE_UNIT()
);
#3522=(
NAMED_UNIT(*)
SI_UNIT($,.STERADIAN.)
SOLID_ANGLE_UNIT()
);
#3523=(
NAMED_UNIT(*)
SI_UNIT($,.STERADIAN.)
SOLID_ANGLE_UNIT()
);
#3524=(
NAMED_UNIT(*)
SI_UNIT($,.STERADIAN.)
SOLID_ANGLE_UNIT()
);
#3525=(
NAMED_UNIT(*)
SI_UNIT($,.STERADIAN.)
SOLID_ANGLE_UNIT()
);
#3526=(
NAMED_UNIT(*)
SI_UNIT($,.STERADIAN.)
SOLID_ANGLE_UNIT()
);
#3527=(
NAMED_UNIT(*)
SI_UNIT($,.STERADIAN.)
SOLID_ANGLE_UNIT()
);
#3528=(
NAMED_UNIT(*)
SI_UNIT($,.STERADIAN.)
SOLID_ANGLE_UNIT()
);
#3529=(
NAMED_UNIT(*)
SI_UNIT($,.STERADIAN.)
SOLID_ANGLE_UNIT()
);
#3530=(
NAMED_UNIT(*)
SI_UNIT($,.STERADIAN.)
SOLID_ANGLE_UNIT()
);
#3531=(
NAMED_UNIT(*)
SI_UNIT($,.STERADIAN.)
SOLID_ANGLE_UNIT()
);
#3532=(
NAMED_UNIT(*)
SI_UNIT($,.STERADIAN.)
SOLID_ANGLE_UNIT()
);
#3533=(
NAMED_UNIT(*)
SI_UNIT($,.STERADIAN.)
SOLID_ANGLE_UNIT()
);
#3534=(
NAMED_UNIT(*)
SI_UNIT($,.STERADIAN.)
SOLID_ANGLE_UNIT()
);
#3535=(
NAMED_UNIT(*)
SI_UNIT($,.STERADIAN.)
SOLID_ANGLE_UNIT()
);
#3536=(
NAMED_UNIT(*)
SI_UNIT($,.STERADIAN.)
SOLID_ANGLE_UNIT()
);
#3537=(
NAMED_UNIT(*)
SI_UNIT($,.STERADIAN.)
SOLID_ANGLE_UNIT()
);
#3538=(
NAMED_UNIT(*)
SI_UNIT($,.STERADIAN.)
SOLID_ANGLE_UNIT()
);
#3539=(
NAMED_UNIT(*)
SI_UNIT($,.STERADIAN.)
SOLID_ANGLE_UNIT()
);
#3540=(
NAMED_UNIT(*)
SI_UNIT($,.STERADIAN.)
SOLID_ANGLE_UNIT()
);
#3541=(
NAMED_UNIT(*)
SI_UNIT($,.STERADIAN.)
SOLID_ANGLE_UNIT()
);
#3542=(
NAMED_UNIT(*)
SI_UNIT($,.STERADIAN.)
SOLID_ANGLE_UNIT()
);
#3543=(
NAMED_UNIT(*)
SI_UNIT($,.STERADIAN.)
SOLID_ANGLE_UNIT()
);
#3544=(
NAMED_UNIT(*)
SI_UNIT($,.STERADIAN.)
SOLID_ANGLE_UNIT()
);
#3545=(
NAMED_UNIT(*)
SI_UNIT($,.STERADIAN.)
SOLID_ANGLE_UNIT()
);
#3546=(
NAMED_UNIT(*)
SI_UNIT($,.STERADIAN.)
SOLID_ANGLE_UNIT()
);
#3547=(
NAMED_UNIT(*)
SI_UNIT($,.STERADIAN.)
SOLID_ANGLE_UNIT()
);
#3548=(
NAMED_UNIT(*)
SI_UNIT($,.STERADIAN.)
SOLID_ANGLE_UNIT()
);
#3549=(
NAMED_UNIT(*)
SI_UNIT($,.STERADIAN.)
SOLID_ANGLE_UNIT()
);
#3550=(
NAMED_UNIT(*)
SI_UNIT($,.STERADIAN.)
SOLID_ANGLE_UNIT()
);
#3551=(
NAMED_UNIT(*)
SI_UNIT($,.STERADIAN.)
SOLID_ANGLE_UNIT()
);
#3552=(
NAMED_UNIT(*)
SI_UNIT($,.STERADIAN.)
SOLID_ANGLE_UNIT()
);
#3553=(
NAMED_UNIT(*)
SI_UNIT($,.STERADIAN.)
SOLID_ANGLE_UNIT()
);
#3554=(
NAMED_UNIT(*)
SI_UNIT($,.STERADIAN.)
SOLID_ANGLE_UNIT()
);
#3555=(
NAMED_UNIT(*)
SI_UNIT($,.STERADIAN.)
SOLID_ANGLE_UNIT()
);
#3556=(
NAMED_UNIT(*)
SI_UNIT($,.STERADIAN.)
SOLID_ANGLE_UNIT()
);
#3557=(
NAMED_UNIT(*)
SI_UNIT($,.STERADIAN.)
SOLID_ANGLE_UNIT()
);
#3558=(
NAMED_UNIT(*)
SI_UNIT($,.STERADIAN.)
SOLID_ANGLE_UNIT()
);
#3559=(
NAMED_UNIT(*)
SI_UNIT($,.STERADIAN.)
SOLID_ANGLE_UNIT()
);
#3560=(
NAMED_UNIT(*)
SI_UNIT($,.STERADIAN.)
SOLID_ANGLE_UNIT()
);
#3561=(
NAMED_UNIT(*)
SI_UNIT($,.STERADIAN.)
SOLID_ANGLE_UNIT()
);
#3562=(
NAMED_UNIT(*)
SI_UNIT($,.STERADIAN.)
SOLID_ANGLE_UNIT()
);
#3563=(
NAMED_UNIT(*)
SI_UNIT($,.STERADIAN.)
SOLID_ANGLE_UNIT()
);
#3564=(
NAMED_UNIT(*)
SI_UNIT($,.STERADIAN.)
SOLID_ANGLE_UNIT()
);
#3565=(
NAMED_UNIT(*)
SI_UNIT($,.STERADIAN.)
SOLID_ANGLE_UNIT()
);
#3566=(
NAMED_UNIT(*)
SI_UNIT($,.STERADIAN.)
SOLID_ANGLE_UNIT()
);
#3567=(
NAMED_UNIT(*)
SI_UNIT($,.STERADIAN.)
SOLID_ANGLE_UNIT()
);
#3568=(
NAMED_UNIT(*)
PLANE_ANGLE_UNIT()
SI_UNIT($,.RADIAN.)
);
#3569=(
NAMED_UNIT(*)
PLANE_ANGLE_UNIT()
SI_UNIT($,.RADIAN.)
);
#3570=(
NAMED_UNIT(*)
PLANE_ANGLE_UNIT()
SI_UNIT($,.RADIAN.)
);
#3571=(
NAMED_UNIT(*)
PLANE_ANGLE_UNIT()
SI_UNIT($,.RADIAN.)
);
#3572=(
NAMED_UNIT(*)
PLANE_ANGLE_UNIT()
SI_UNIT($,.RADIAN.)
);
#3573=(
NAMED_UNIT(*)
PLANE_ANGLE_UNIT()
SI_UNIT($,.RADIAN.)
);
#3574=(
NAMED_UNIT(*)
PLANE_ANGLE_UNIT()
SI_UNIT($,.RADIAN.)
);
#3575=(
NAMED_UNIT(*)
PLANE_ANGLE_UNIT()
SI_UNIT($,.RADIAN.)
);
#3576=(
NAMED_UNIT(*)
PLANE_ANGLE_UNIT()
SI_UNIT($,.RADIAN.)
);
#3577=(
NAMED_UNIT(*)
PLANE_ANGLE_UNIT()
SI_UNIT($,.RADIAN.)
);
#3578=(
NAMED_UNIT(*)
PLANE_ANGLE_UNIT()
SI_UNIT($,.RADIAN.)
);
#3579=(
NAMED_UNIT(*)
PLANE_ANGLE_UNIT()
SI_UNIT($,.RADIAN.)
);
#3580=(
NAMED_UNIT(*)
PLANE_ANGLE_UNIT()
SI_UNIT($,.RADIAN.)
);
#3581=(
NAMED_UNIT(*)
PLANE_ANGLE_UNIT()
SI_UNIT($,.RADIAN.)
);
#3582=(
NAMED_UNIT(*)
PLANE_ANGLE_UNIT()
SI_UNIT($,.RADIAN.)
);
#3583=(
NAMED_UNIT(*)
PLANE_ANGLE_UNIT()
SI_UNIT($,.RADIAN.)
);
#3584=(
NAMED_UNIT(*)
PLANE_ANGLE_UNIT()
SI_UNIT($,.RADIAN.)
);
#3585=(
NAMED_UNIT(*)
PLANE_ANGLE_UNIT()
SI_UNIT($,.RADIAN.)
);
#3586=(
NAMED_UNIT(*)
PLANE_ANGLE_UNIT()
SI_UNIT($,.RADIAN.)
);
#3587=(
NAMED_UNIT(*)
PLANE_ANGLE_UNIT()
SI_UNIT($,.RADIAN.)
);
#3588=(
NAMED_UNIT(*)
PLANE_ANGLE_UNIT()
SI_UNIT($,.RADIAN.)
);
#3589=(
NAMED_UNIT(*)
PLANE_ANGLE_UNIT()
SI_UNIT($,.RADIAN.)
);
#3590=(
NAMED_UNIT(*)
PLANE_ANGLE_UNIT()
SI_UNIT($,.RADIAN.)
);
#3591=(
NAMED_UNIT(*)
PLANE_ANGLE_UNIT()
SI_UNIT($,.RADIAN.)
);
#3592=(
NAMED_UNIT(*)
PLANE_ANGLE_UNIT()
SI_UNIT($,.RADIAN.)
);
#3593=(
NAMED_UNIT(*)
PLANE_ANGLE_UNIT()
SI_UNIT($,.RADIAN.)
);
#3594=(
NAMED_UNIT(*)
PLANE_ANGLE_UNIT()
SI_UNIT($,.RADIAN.)
);
#3595=(
NAMED_UNIT(*)
PLANE_ANGLE_UNIT()
SI_UNIT($,.RADIAN.)
);
#3596=(
NAMED_UNIT(*)
PLANE_ANGLE_UNIT()
SI_UNIT($,.RADIAN.)
);
#3597=(
NAMED_UNIT(*)
PLANE_ANGLE_UNIT()
SI_UNIT($,.RADIAN.)
);
#3598=(
NAMED_UNIT(*)
PLANE_ANGLE_UNIT()
SI_UNIT($,.RADIAN.)
);
#3599=(
NAMED_UNIT(*)
PLANE_ANGLE_UNIT()
SI_UNIT($,.RADIAN.)
);
#3600=(
NAMED_UNIT(*)
PLANE_ANGLE_UNIT()
SI_UNIT($,.RADIAN.)
);
#3601=(
NAMED_UNIT(*)
PLANE_ANGLE_UNIT()
SI_UNIT($,.RADIAN.)
);
#3602=(
NAMED_UNIT(*)
PLANE_ANGLE_UNIT()
SI_UNIT($,.RADIAN.)
);
#3603=(
NAMED_UNIT(*)
PLANE_ANGLE_UNIT()
SI_UNIT($,.RADIAN.)
);
#3604=(
NAMED_UNIT(*)
PLANE_ANGLE_UNIT()
SI_UNIT($,.RADIAN.)
);
#3605=(
NAMED_UNIT(*)
PLANE_ANGLE_UNIT()
SI_UNIT($,.RADIAN.)
);
#3606=(
NAMED_UNIT(*)
PLANE_ANGLE_UNIT()
SI_UNIT($,.RADIAN.)
);
#3607=(
NAMED_UNIT(*)
PLANE_ANGLE_UNIT()
SI_UNIT($,.RADIAN.)
);
#3608=(
NAMED_UNIT(*)
PLANE_ANGLE_UNIT()
SI_UNIT($,.RADIAN.)
);
#3609=(
NAMED_UNIT(*)
PLANE_ANGLE_UNIT()
SI_UNIT($,.RADIAN.)
);
#3610=(
NAMED_UNIT(*)
PLANE_ANGLE_UNIT()
SI_UNIT($,.RADIAN.)
);
#3611=(
NAMED_UNIT(*)
PLANE_ANGLE_UNIT()
SI_UNIT($,.RADIAN.)
);
#3612=(
NAMED_UNIT(*)
PLANE_ANGLE_UNIT()
SI_UNIT($,.RADIAN.)
);
#3613=(
NAMED_UNIT(*)
PLANE_ANGLE_UNIT()
SI_UNIT($,.RADIAN.)
);
#3614=(
NAMED_UNIT(*)
PLANE_ANGLE_UNIT()
SI_UNIT($,.RADIAN.)
);
#3615=(
NAMED_UNIT(*)
PLANE_ANGLE_UNIT()
SI_UNIT($,.RADIAN.)
);
#3616=(
NAMED_UNIT(*)
PLANE_ANGLE_UNIT()
SI_UNIT($,.RADIAN.)
);
#3617=(
LENGTH_UNIT()
NAMED_UNIT(*)
SI_UNIT($,.METRE.)
);
#3618=(
LENGTH_UNIT()
NAMED_UNIT(*)
SI_UNIT($,.METRE.)
);
#3619=(
LENGTH_UNIT()
NAMED_UNIT(*)
SI_UNIT($,.METRE.)
);
#3620=(
LENGTH_UNIT()
NAMED_UNIT(*)
SI_UNIT($,.METRE.)
);
#3621=(
LENGTH_UNIT()
NAMED_UNIT(*)
SI_UNIT($,.METRE.)
);
#3622=(
LENGTH_UNIT()
NAMED_UNIT(*)
SI_UNIT($,.METRE.)
);
#3623=(
LENGTH_UNIT()
NAMED_UNIT(*)
SI_UNIT($,.METRE.)
);
#3624=(
LENGTH_UNIT()
NAMED_UNIT(*)
SI_UNIT($,.METRE.)
);
#3625=(
LENGTH_UNIT()
NAMED_UNIT(*)
SI_UNIT($,.METRE.)
);
#3626=(
LENGTH_UNIT()
NAMED_UNIT(*)
SI_UNIT($,.METRE.)
);
#3627=(
LENGTH_UNIT()
NAMED_UNIT(*)
SI_UNIT($,.METRE.)
);
#3628=(
LENGTH_UNIT()
NAMED_UNIT(*)
SI_UNIT($,.METRE.)
);
#3629=(
LENGTH_UNIT()
NAMED_UNIT(*)
SI_UNIT($,.METRE.)
);
#3630=(
LENGTH_UNIT()
NAMED_UNIT(*)
SI_UNIT($,.METRE.)
);
#3631=(
LENGTH_UNIT()
NAMED_UNIT(*)
SI_UNIT($,.METRE.)
);
#3632=(
LENGTH_UNIT()
NAMED_UNIT(*)
SI_UNIT($,.METRE.)
);
#3633=(
LENGTH_UNIT()
NAMED_UNIT(*)
SI_UNIT($,.METRE.)
);
#3634=(
LENGTH_UNIT()
NAMED_UNIT(*)
SI_UNIT($,.METRE.)
);
#3635=(
LENGTH_UNIT()
NAMED_UNIT(*)
SI_UNIT($,.METRE.)
);
#3636=(
LENGTH_UNIT()
NAMED_UNIT(*)
SI_UNIT($,.METRE.)
);
#3637=(
LENGTH_UNIT()
NAMED_UNIT(*)
SI_UNIT($,.METRE.)
);
#3638=(
LENGTH_UNIT()
NAMED_UNIT(*)
SI_UNIT($,.METRE.)
);
#3639=(
LENGTH_UNIT()
NAMED_UNIT(*)
SI_UNIT($,.METRE.)
);
#3640=(
LENGTH_UNIT()
NAMED_UNIT(*)
SI_UNIT($,.METRE.)
);
#3641=(
LENGTH_UNIT()
NAMED_UNIT(*)
SI_UNIT($,.METRE.)
);
#3642=(
LENGTH_UNIT()
NAMED_UNIT(*)
SI_UNIT($,.METRE.)
);
#3643=(
LENGTH_UNIT()
NAMED_UNIT(*)
SI_UNIT($,.METRE.)
);
#3644=(
LENGTH_UNIT()
NAMED_UNIT(*)
SI_UNIT($,.METRE.)
);
#3645=(
LENGTH_UNIT()
NAMED_UNIT(*)
SI_UNIT($,.METRE.)
);
#3646=(
LENGTH_UNIT()
NAMED_UNIT(*)
SI_UNIT($,.METRE.)
);
#3647=(
LENGTH_UNIT()
NAMED_UNIT(*)
SI_UNIT($,.METRE.)
);
#3648=(
LENGTH_UNIT()
NAMED_UNIT(*)
SI_UNIT($,.METRE.)
);
#3649=(
LENGTH_UNIT()
NAMED_UNIT(*)
SI_UNIT($,.METRE.)
);
#3650=(
LENGTH_UNIT()
NAMED_UNIT(*)
SI_UNIT($,.METRE.)
);
#3651=(
LENGTH_UNIT()
NAMED_UNIT(*)
SI_UNIT($,.METRE.)
);
#3652=(
LENGTH_UNIT()
NAMED_UNIT(*)
SI_UNIT($,.METRE.)
);
#3653=(
LENGTH_UNIT()
NAMED_UNIT(*)
SI_UNIT($,.METRE.)
);
#3654=(
LENGTH_UNIT()
NAMED_UNIT(*)
SI_UNIT($,.METRE.)
);
#3655=(
LENGTH_UNIT()
NAMED_UNIT(*)
SI_UNIT($,.METRE.)
);
#3656=(
LENGTH_UNIT()
NAMED_UNIT(*)
SI_UNIT($,.METRE.)
);
#3657=(
LENGTH_UNIT()
NAMED_UNIT(*)
SI_UNIT($,.METRE.)
);
#3658=(
LENGTH_UNIT()
NAMED_UNIT(*)
SI_UNIT($,.METRE.)
);
#3659=(
LENGTH_UNIT()
NAMED_UNIT(*)
SI_UNIT($,.METRE.)
);
#3660=(
LENGTH_UNIT()
NAMED_UNIT(*)
SI_UNIT($,.METRE.)
);
#3661=(
LENGTH_UNIT()
NAMED_UNIT(*)
SI_UNIT($,.METRE.)
);
#3662=(
LENGTH_UNIT()
NAMED_UNIT(*)
SI_UNIT($,.METRE.)
);
#3663=(
LENGTH_UNIT()
NAMED_UNIT(*)
SI_UNIT($,.METRE.)
);
#3664=(
LENGTH_UNIT()
NAMED_UNIT(*)
SI_UNIT($,.METRE.)
);
#3665=(
LENGTH_UNIT()
NAMED_UNIT(*)
SI_UNIT($,.METRE.)
);
#3666=PRODUCT_DEFINITION_SHAPE('','',#3715);
#3667=PRODUCT_DEFINITION_SHAPE('','',#3716);
#3668=PRODUCT_DEFINITION_SHAPE('','',#3717);
#3669=PRODUCT_DEFINITION_SHAPE('','',#3718);
#3670=PRODUCT_DEFINITION_SHAPE('','',#3719);
#3671=PRODUCT_DEFINITION_SHAPE('','',#3720);
#3672=PRODUCT_DEFINITION_SHAPE('','',#3721);
#3673=PRODUCT_DEFINITION_SHAPE('','',#3722);
#3674=PRODUCT_DEFINITION_SHAPE('','',#3723);
#3675=PRODUCT_DEFINITION_SHAPE('','',#3724);
#3676=PRODUCT_DEFINITION_SHAPE('','',#3725);
#3677=PRODUCT_DEFINITION_SHAPE('','',#3726);
#3678=PRODUCT_DEFINITION_SHAPE('','',#3727);
#3679=PRODUCT_DEFINITION_SHAPE('','',#3728);
#3680=PRODUCT_DEFINITION_SHAPE('','',#3729);
#3681=PRODUCT_DEFINITION_SHAPE('','',#3730);
#3682=PRODUCT_DEFINITION_SHAPE('','',#3731);
#3683=PRODUCT_DEFINITION_SHAPE('','',#3732);
#3684=PRODUCT_DEFINITION_SHAPE('','',#3733);
#3685=PRODUCT_DEFINITION_SHAPE('','',#3734);
#3686=PRODUCT_DEFINITION_SHAPE('','',#3735);
#3687=PRODUCT_DEFINITION_SHAPE('','',#3736);
#3688=PRODUCT_DEFINITION_SHAPE('','',#3737);
#3689=PRODUCT_DEFINITION_SHAPE('','',#3738);
#3690=PRODUCT_DEFINITION_SHAPE('','',#3739);
#3691=PRODUCT_DEFINITION_SHAPE('','',#3740);
#3692=PRODUCT_DEFINITION_SHAPE('','',#3741);
#3693=PRODUCT_DEFINITION_SHAPE('','',#3742);
#3694=PRODUCT_DEFINITION_SHAPE('','',#3743);
#3695=PRODUCT_DEFINITION_SHAPE('','',#3744);
#3696=PRODUCT_DEFINITION_SHAPE('','',#3745);
#3697=PRODUCT_DEFINITION_SHAPE('','',#3746);
#3698=PRODUCT_DEFINITION_SHAPE('','',#3747);
#3699=PRODUCT_DEFINITION_SHAPE('','',#3748);
#3700=PRODUCT_DEFINITION_SHAPE('','',#3749);
#3701=PRODUCT_DEFINITION_SHAPE('','',#3750);
#3702=PRODUCT_DEFINITION_SHAPE('','',#3751);
#3703=PRODUCT_DEFINITION_SHAPE('','',#3752);
#3704=PRODUCT_DEFINITION_SHAPE('','',#3753);
#3705=PRODUCT_DEFINITION_SHAPE('','',#3754);
#3706=PRODUCT_DEFINITION_SHAPE('','',#3755);
#3707=PRODUCT_DEFINITION_SHAPE('','',#3756);
#3708=PRODUCT_DEFINITION_SHAPE('','',#3757);
#3709=PRODUCT_DEFINITION_SHAPE('','',#3758);
#3710=PRODUCT_DEFINITION_SHAPE('','',#3759);
#3711=PRODUCT_DEFINITION_SHAPE('','',#3760);
#3712=PRODUCT_DEFINITION_SHAPE('','',#3761);
#3713=PRODUCT_DEFINITION_SHAPE('','',#3762);
#3714=PRODUCT_DEFINITION_SHAPE('','',#3763);
#3715=PRODUCT_DEFINITION('','',#3813,#3764);
#3716=PRODUCT_DEFINITION('','',#3814,#3765);
#3717=PRODUCT_DEFINITION('','',#3815,#3766);
#3718=PRODUCT_DEFINITION('','',#3816,#3767);
#3719=PRODUCT_DEFINITION('','',#3817,#3768);
#3720=PRODUCT_DEFINITION('','',#3818,#3769);
#3721=PRODUCT_DEFINITION('','',#3819,#3770);
#3722=PRODUCT_DEFINITION('','',#3820,#3771);
#3723=PRODUCT_DEFINITION('','',#3821,#3772);
#3724=PRODUCT_DEFINITION('','',#3822,#3773);
#3725=PRODUCT_DEFINITION('','',#3823,#3774);
#3726=PRODUCT_DEFINITION('','',#3824,#3775);
#3727=PRODUCT_DEFINITION('','',#3825,#3776);
#3728=PRODUCT_DEFINITION('','',#3826,#3777);
#3729=PRODUCT_DEFINITION('','',#3827,#3778);
#3730=PRODUCT_DEFINITION('','',#3828,#3779);
#3731=PRODUCT_DEFINITION('','',#3829,#3780);
#3732=PRODUCT_DEFINITION('','',#3830,#3781);
#3733=PRODUCT_DEFINITION('','',#3831,#3782);
#3734=PRODUCT_DEFINITION('','',#3832,#3783);
#3735=PRODUCT_DEFINITION('','',#3833,#3784);
#3736=PRODUCT_DEFINITION('','',#3834,#3785);
#3737=PRODUCT_DEFINITION('','',#3835,#3786);
#3738=PRODUCT_DEFINITION('','',#3836,#3787);
#3739=PRODUCT_DEFINITION('','',#3837,#3788);
#3740=PRODUCT_DEFINITION('','',#3838,#3789);
#3741=PRODUCT_DEFINITION('','',#3839,#3790);
#3742=PRODUCT_DEFINITION('','',#3840,#3791);
#3743=PRODUCT_DEFINITION('','',#3841,#3792);
#3744=PRODUCT_DEFINITION('','',#3842,#3793);
#3745=PRODUCT_DEFINITION('','',#3843,#3794);
#3746=PRODUCT_DEFINITION('','',#3844,#3795);
#3747=PRODUCT_DEFINITION('','',#3845,#3796);
#3748=PRODUCT_DEFINITION('','',#3846,#3797);
#3749=PRODUCT_DEFINITION('','',#3847,#3798);
#3750=PRODUCT_DEFINITION('','',#3848,#3799);
#3751=PRODUCT_DEFINITION('','',#3849,#3800);
#3752=PRODUCT_DEFINITION('','',#3850,#3801);
#3753=PRODUCT_DEFINITION('','',#3851,#3802);
#3754=PRODUCT_DEFINITION('','',#3852,#3803);
#3755=PRODUCT_DEFINITION('','',#3853,#3804);
#3756=PRODUCT_DEFINITION('','',#3854,#3805);
#3757=PRODUCT_DEFINITION('','',#3855,#3806);
#3758=PRODUCT_DEFINITION('','',#3856,#3807);
#3759=PRODUCT_DEFINITION('','',#3857,#3808);
#3760=PRODUCT_DEFINITION('','',#3858,#3809);
#3761=PRODUCT_DEFINITION('','',#3859,#3810);
#3762=PRODUCT_DEFINITION('','',#3860,#3811);
#3763=PRODUCT_DEFINITION('','',#3861,#3812);
#3764=PRODUCT_DEFINITION_CONTEXT('',#4107,'design');
#3765=PRODUCT_DEFINITION_CONTEXT('',#4108,'design');
#3766=PRODUCT_DEFINITION_CONTEXT('',#4109,'design');
#3767=PRODUCT_DEFINITION_CONTEXT('',#4110,'design');
#3768=PRODUCT_DEFINITION_CONTEXT('',#4111,'design');
#3769=PRODUCT_DEFINITION_CONTEXT('',#4112,'design');
#3770=PRODUCT_DEFINITION_CONTEXT('',#4113,'design');
#3771=PRODUCT_DEFINITION_CONTEXT('',#4114,'design');
#3772=PRODUCT_DEFINITION_CONTEXT('',#4115,'design');
#3773=PRODUCT_DEFINITION_CONTEXT('',#4116,'design');
#3774=PRODUCT_DEFINITION_CONTEXT('',#4117,'design');
#3775=PRODUCT_DEFINITION_CONTEXT('',#4118,'design');
#3776=PRODUCT_DEFINITION_CONTEXT('',#4119,'design');
#3777=PRODUCT_DEFINITION_CONTEXT('',#4120,'design');
#3778=PRODUCT_DEFINITION_CONTEXT('',#4121,'design');
#3779=PRODUCT_DEFINITION_CONTEXT('',#4122,'design');
#3780=PRODUCT_DEFINITION_CONTEXT('',#4123,'design');
#3781=PRODUCT_DEFINITION_CONTEXT('',#4124,'design');
#3782=PRODUCT_DEFINITION_CONTEXT('',#4125,'design');
#3783=PRODUCT_DEFINITION_CONTEXT('',#4126,'design');
#3784=PRODUCT_DEFINITION_CONTEXT('',#4127,'design');
#3785=PRODUCT_DEFINITION_CONTEXT('',#4128,'design');
#3786=PRODUCT_DEFINITION_CONTEXT('',#4129,'design');
#3787=PRODUCT_DEFINITION_CONTEXT('',#4130,'design');
#3788=PRODUCT_DEFINITION_CONTEXT('',#4131,'design');
#3789=PRODUCT_DEFINITION_CONTEXT('',#4132,'design');
#3790=PRODUCT_DEFINITION_CONTEXT('',#4133,'design');
#3791=PRODUCT_DEFINITION_CONTEXT('',#4134,'design');
#3792=PRODUCT_DEFINITION_CONTEXT('',#4135,'design');
#3793=PRODUCT_DEFINITION_CONTEXT('',#4136,'design');
#3794=PRODUCT_DEFINITION_CONTEXT('',#4137,'design');
#3795=PRODUCT_DEFINITION_CONTEXT('',#4138,'design');
#3796=PRODUCT_DEFINITION_CONTEXT('',#4139,'design');
#3797=PRODUCT_DEFINITION_CONTEXT('',#4140,'design');
#3798=PRODUCT_DEFINITION_CONTEXT('',#4141,'design');
#3799=PRODUCT_DEFINITION_CONTEXT('',#4142,'design');
#3800=PRODUCT_DEFINITION_CONTEXT('',#4143,'design');
#3801=PRODUCT_DEFINITION_CONTEXT('',#4144,'design');
#3802=PRODUCT_DEFINITION_CONTEXT('',#4145,'design');
#3803=PRODUCT_DEFINITION_CONTEXT('',#4146,'design');
#3804=PRODUCT_DEFINITION_CONTEXT('',#4147,'design');
#3805=PRODUCT_DEFINITION_CONTEXT('',#4148,'design');
#3806=PRODUCT_DEFINITION_CONTEXT('',#4149,'design');
#3807=PRODUCT_DEFINITION_CONTEXT('',#4150,'design');
#3808=PRODUCT_DEFINITION_CONTEXT('',#4151,'design');
#3809=PRODUCT_DEFINITION_CONTEXT('',#4152,'design');
#3810=PRODUCT_DEFINITION_CONTEXT('',#4153,'design');
#3811=PRODUCT_DEFINITION_CONTEXT('',#4154,'design');
#3812=PRODUCT_DEFINITION_CONTEXT('',#4155,'design');
#3813=PRODUCT_DEFINITION_FORMATION_WITH_SPECIFIED_SOURCE('','',#3911,.NOT_KNOWN.);
#3814=PRODUCT_DEFINITION_FORMATION_WITH_SPECIFIED_SOURCE('','',#3912,.NOT_KNOWN.);
#3815=PRODUCT_DEFINITION_FORMATION_WITH_SPECIFIED_SOURCE('','',#3913,.NOT_KNOWN.);
#3816=PRODUCT_DEFINITION_FORMATION_WITH_SPECIFIED_SOURCE('','',#3914,.NOT_KNOWN.);
#3817=PRODUCT_DEFINITION_FORMATION_WITH_SPECIFIED_SOURCE('','',#3915,.NOT_KNOWN.);
#3818=PRODUCT_DEFINITION_FORMATION_WITH_SPECIFIED_SOURCE('','',#3916,.NOT_KNOWN.);
#3819=PRODUCT_DEFINITION_FORMATION_WITH_SPECIFIED_SOURCE('','',#3917,.NOT_KNOWN.);
#3820=PRODUCT_DEFINITION_FORMATION_WITH_SPECIFIED_SOURCE('','',#3918,.NOT_KNOWN.);
#3821=PRODUCT_DEFINITION_FORMATION_WITH_SPECIFIED_SOURCE('','',#3919,.NOT_KNOWN.);
#3822=PRODUCT_DEFINITION_FORMATION_WITH_SPECIFIED_SOURCE('','',#3920,.NOT_KNOWN.);
#3823=PRODUCT_DEFINITION_FORMATION_WITH_SPECIFIED_SOURCE('','',#3921,.NOT_KNOWN.);
#3824=PRODUCT_DEFINITION_FORMATION_WITH_SPECIFIED_SOURCE('','',#3922,.NOT_KNOWN.);
#3825=PRODUCT_DEFINITION_FORMATION_WITH_SPECIFIED_SOURCE('','',#3923,.NOT_KNOWN.);
#3826=PRODUCT_DEFINITION_FORMATION_WITH_SPECIFIED_SOURCE('','',#3924,.NOT_KNOWN.);
#3827=PRODUCT_DEFINITION_FORMATION_WITH_SPECIFIED_SOURCE('','',#3925,.NOT_KNOWN.);
#3828=PRODUCT_DEFINITION_FORMATION_WITH_SPECIFIED_SOURCE('','',#3926,.NOT_KNOWN.);
#3829=PRODUCT_DEFINITION_FORMATION_WITH_SPECIFIED_SOURCE('','',#3927,.NOT_KNOWN.);
#3830=PRODUCT_DEFINITION_FORMATION_WITH_SPECIFIED_SOURCE('','',#3928,.NOT_KNOWN.);
#3831=PRODUCT_DEFINITION_FORMATION_WITH_SPECIFIED_SOURCE('','',#3929,.NOT_KNOWN.);
#3832=PRODUCT_DEFINITION_FORMATION_WITH_SPECIFIED_SOURCE('','',#3930,.NOT_KNOWN.);
#3833=PRODUCT_DEFINITION_FORMATION_WITH_SPECIFIED_SOURCE('','',#3931,.NOT_KNOWN.);
#3834=PRODUCT_DEFINITION_FORMATION_WITH_SPECIFIED_SOURCE('','',#3932,.NOT_KNOWN.);
#3835=PRODUCT_DEFINITION_FORMATION_WITH_SPECIFIED_SOURCE('','',#3933,.NOT_KNOWN.);
#3836=PRODUCT_DEFINITION_FORMATION_WITH_SPECIFIED_SOURCE('','',#3934,.NOT_KNOWN.);
#3837=PRODUCT_DEFINITION_FORMATION_WITH_SPECIFIED_SOURCE('','',#3935,.NOT_KNOWN.);
#3838=PRODUCT_DEFINITION_FORMATION_WITH_SPECIFIED_SOURCE('','',#3936,.NOT_KNOWN.);
#3839=PRODUCT_DEFINITION_FORMATION_WITH_SPECIFIED_SOURCE('','',#3937,.NOT_KNOWN.);
#3840=PRODUCT_DEFINITION_FORMATION_WITH_SPECIFIED_SOURCE('','',#3938,.NOT_KNOWN.);
#3841=PRODUCT_DEFINITION_FORMATION_WITH_SPECIFIED_SOURCE('','',#3939,.NOT_KNOWN.);
#3842=PRODUCT_DEFINITION_FORMATION_WITH_SPECIFIED_SOURCE('','',#3940,.NOT_KNOWN.);
#3843=PRODUCT_DEFINITION_FORMATION_WITH_SPECIFIED_SOURCE('','',#3941,.NOT_KNOWN.);
#3844=PRODUCT_DEFINITION_FORMATION_WITH_SPECIFIED_SOURCE('','',#3942,.NOT_KNOWN.);
#3845=PRODUCT_DEFINITION_FORMATION_WITH_SPECIFIED_SOURCE('','',#3943,.NOT_KNOWN.);
#3846=PRODUCT_DEFINITION_FORMATION_WITH_SPECIFIED_SOURCE('','',#3944,.NOT_KNOWN.);
#3847=PRODUCT_DEFINITION_FORMATION_WITH_SPECIFIED_SOURCE('','',#3945,.NOT_KNOWN.);
#3848=PRODUCT_DEFINITION_FORMATION_WITH_SPECIFIED_SOURCE('','',#3946,.NOT_KNOWN.);
#3849=PRODUCT_DEFINITION_FORMATION_WITH_SPECIFIED_SOURCE('','',#3947,.NOT_KNOWN.);
#3850=PRODUCT_DEFINITION_FORMATION_WITH_SPECIFIED_SOURCE('','',#3948,.NOT_KNOWN.);
#3851=PRODUCT_DEFINITION_FORMATION_WITH_SPECIFIED_SOURCE('','',#3949,.NOT_KNOWN.);
#3852=PRODUCT_DEFINITION_FORMATION_WITH_SPECIFIED_SOURCE('','',#3950,.NOT_KNOWN.);
#3853=PRODUCT_DEFINITION_FORMATION_WITH_SPECIFIED_SOURCE('','',#3951,.NOT_KNOWN.);
#3854=PRODUCT_DEFINITION_FORMATION_WITH_SPECIFIED_SOURCE('','',#3952,.NOT_KNOWN.);
#3855=PRODUCT_DEFINITION_FORMATION_WITH_SPECIFIED_SOURCE('','',#3953,.NOT_KNOWN.);
#3856=PRODUCT_DEFINITION_FORMATION_WITH_SPECIFIED_SOURCE('','',#3954,.NOT_KNOWN.);
#3857=PRODUCT_DEFINITION_FORMATION_WITH_SPECIFIED_SOURCE('','',#3955,.NOT_KNOWN.);
#3858=PRODUCT_DEFINITION_FORMATION_WITH_SPECIFIED_SOURCE('','',#3956,.NOT_KNOWN.);
#3859=PRODUCT_DEFINITION_FORMATION_WITH_SPECIFIED_SOURCE('','',#3957,.NOT_KNOWN.);
#3860=PRODUCT_DEFINITION_FORMATION_WITH_SPECIFIED_SOURCE('','',#3958,.NOT_KNOWN.);
#3861=PRODUCT_DEFINITION_FORMATION_WITH_SPECIFIED_SOURCE('','',#3959,.NOT_KNOWN.);
#3862=PRODUCT_RELATED_PRODUCT_CATEGORY('','',(#3911));
#3863=PRODUCT_RELATED_PRODUCT_CATEGORY('','',(#3912));
#3864=PRODUCT_RELATED_PRODUCT_CATEGORY('','',(#3913));
#3865=PRODUCT_RELATED_PRODUCT_CATEGORY('','',(#3914));
#3866=PRODUCT_RELATED_PRODUCT_CATEGORY('','',(#3915));
#3867=PRODUCT_RELATED_PRODUCT_CATEGORY('','',(#3916));
#3868=PRODUCT_RELATED_PRODUCT_CATEGORY('','',(#3917));
#3869=PRODUCT_RELATED_PRODUCT_CATEGORY('','',(#3918));
#3870=PRODUCT_RELATED_PRODUCT_CATEGORY('','',(#3919));
#3871=PRODUCT_RELATED_PRODUCT_CATEGORY('','',(#3920));
#3872=PRODUCT_RELATED_PRODUCT_CATEGORY('','',(#3921));
#3873=PRODUCT_RELATED_PRODUCT_CATEGORY('','',(#3922));
#3874=PRODUCT_RELATED_PRODUCT_CATEGORY('','',(#3923));
#3875=PRODUCT_RELATED_PRODUCT_CATEGORY('','',(#3924));
#3876=PRODUCT_RELATED_PRODUCT_CATEGORY('','',(#3925));
#3877=PRODUCT_RELATED_PRODUCT_CATEGORY('','',(#3926));
#3878=PRODUCT_RELATED_PRODUCT_CATEGORY('','',(#3927));
#3879=PRODUCT_RELATED_PRODUCT_CATEGORY('','',(#3928));
#3880=PRODUCT_RELATED_PRODUCT_CATEGORY('','',(#3929));
#3881=PRODUCT_RELATED_PRODUCT_CATEGORY('','',(#3930));
#3882=PRODUCT_RELATED_PRODUCT_CATEGORY('','',(#3931));
#3883=PRODUCT_RELATED_PRODUCT_CATEGORY('','',(#3932));
#3884=PRODUCT_RELATED_PRODUCT_CATEGORY('','',(#3933));
#3885=PRODUCT_RELATED_PRODUCT_CATEGORY('','',(#3934));
#3886=PRODUCT_RELATED_PRODUCT_CATEGORY('','',(#3935));
#3887=PRODUCT_RELATED_PRODUCT_CATEGORY('','',(#3936));
#3888=PRODUCT_RELATED_PRODUCT_CATEGORY('','',(#3937));
#3889=PRODUCT_RELATED_PRODUCT_CATEGORY('','',(#3938));
#3890=PRODUCT_RELATED_PRODUCT_CATEGORY('','',(#3939));
#3891=PRODUCT_RELATED_PRODUCT_CATEGORY('','',(#3940));
#3892=PRODUCT_RELATED_PRODUCT_CATEGORY('','',(#3941));
#3893=PRODUCT_RELATED_PRODUCT_CATEGORY('','',(#3942));
#3894=PRODUCT_RELATED_PRODUCT_CATEGORY('','',(#3943));
#3895=PRODUCT_RELATED_PRODUCT_CATEGORY('','',(#3944));
#3896=PRODUCT_RELATED_PRODUCT_CATEGORY('','',(#3945));
#3897=PRODUCT_RELATED_PRODUCT_CATEGORY('','',(#3946));
#3898=PRODUCT_RELATED_PRODUCT_CATEGORY('','',(#3947));
#3899=PRODUCT_RELATED_PRODUCT_CATEGORY('','',(#3948));
#3900=PRODUCT_RELATED_PRODUCT_CATEGORY('','',(#3949));
#3901=PRODUCT_RELATED_PRODUCT_CATEGORY('','',(#3950));
#3902=PRODUCT_RELATED_PRODUCT_CATEGORY('','',(#3951));
#3903=PRODUCT_RELATED_PRODUCT_CATEGORY('','',(#3952));
#3904=PRODUCT_RELATED_PRODUCT_CATEGORY('','',(#3953));
#3905=PRODUCT_RELATED_PRODUCT_CATEGORY('','',(#3954));
#3906=PRODUCT_RELATED_PRODUCT_CATEGORY('','',(#3955));
#3907=PRODUCT_RELATED_PRODUCT_CATEGORY('','',(#3956));
#3908=PRODUCT_RELATED_PRODUCT_CATEGORY('','',(#3957));
#3909=PRODUCT_RELATED_PRODUCT_CATEGORY('','',(#3958));
#3910=PRODUCT_RELATED_PRODUCT_CATEGORY('','',(#3959));
#3911=PRODUCT('skir_sless','skir_sless','skir_sless',(#4009));
#3912=PRODUCT('upper_plate','upper_plate','upper_plate',(#4010));
#3913=PRODUCT('base_plate','base_plate','base_plate',(#4011));
#3914=PRODUCT('Surface 47','Surface 47','Surface 47',(#4012));
#3915=PRODUCT('Surface 46','Surface 46','Surface 46',(#4013));
#3916=PRODUCT('Surface 45','Surface 45','Surface 45',(#4014));
#3917=PRODUCT('Surface 44','Surface 44','Surface 44',(#4015));
#3918=PRODUCT('Surface 43','Surface 43','Surface 43',(#4016));
#3919=PRODUCT('Surface 42','Surface 42','Surface 42',(#4017));
#3920=PRODUCT('Surface 41','Surface 41','Surface 41',(#4018));
#3921=PRODUCT('Surface 40','Surface 40','Surface 40',(#4019));
#3922=PRODUCT('Surface 39','Surface 39','Surface 39',(#4020));
#3923=PRODUCT('Surface 38','Surface 38','Surface 38',(#4021));
#3924=PRODUCT('Surface 37','Surface 37','Surface 37',(#4022));
#3925=PRODUCT('Surface 36','Surface 36','Surface 36',(#4023));
#3926=PRODUCT('Surface 35','Surface 35','Surface 35',(#4024));
#3927=PRODUCT('Surface 34','Surface 34','Surface 34',(#4025));
#3928=PRODUCT('Surface 33','Surface 33','Surface 33',(#4026));
#3929=PRODUCT('Surface 32','Surface 32','Surface 32',(#4027));
#3930=PRODUCT('Surface 31','Surface 31','Surface 31',(#4028));
#3931=PRODUCT('Surface 30','Surface 30','Surface 30',(#4029));
#3932=PRODUCT('Surface 29','Surface 29','Surface 29',(#4030));
#3933=PRODUCT('Surface 28','Surface 28','Surface 28',(#4031));
#3934=PRODUCT('Surface 27','Surface 27','Surface 27',(#4032));
#3935=PRODUCT('Surface 26','Surface 26','Surface 26',(#4033));
#3936=PRODUCT('Surface 25','Surface 25','Surface 25',(#4034));
#3937=PRODUCT('Surface 24','Surface 24','Surface 24',(#4035));
#3938=PRODUCT('Surface 23','Surface 23','Surface 23',(#4036));
#3939=PRODUCT('Surface 22','Surface 22','Surface 22',(#4037));
#3940=PRODUCT('Surface 21','Surface 21','Surface 21',(#4038));
#3941=PRODUCT('Surface 20','Surface 20','Surface 20',(#4039));
#3942=PRODUCT('Surface 19','Surface 19','Surface 19',(#4040));
#3943=PRODUCT('Surface 18','Surface 18','Surface 18',(#4041));
#3944=PRODUCT('Surface 17','Surface 17','Surface 17',(#4042));
#3945=PRODUCT('Surface 16','Surface 16','Surface 16',(#4043));
#3946=PRODUCT('Surface 15','Surface 15','Surface 15',(#4044));
#3947=PRODUCT('Surface 14','Surface 14','Surface 14',(#4045));
#3948=PRODUCT('Surface 13','Surface 13','Surface 13',(#4046));
#3949=PRODUCT('Surface 12','Surface 12','Surface 12',(#4047));
#3950=PRODUCT('Surface 11','Surface 11','Surface 11',(#4048));
#3951=PRODUCT('Surface 10','Surface 10','Surface 10',(#4049));
#3952=PRODUCT('Surface 9','Surface 9','Surface 9',(#4050));
#3953=PRODUCT('Surface 8','Surface 8','Surface 8',(#4051));
#3954=PRODUCT('manhole','manhole','manhole',(#4052));
#3955=PRODUCT('opening_2','opening_2','opening_2',(#4053));
#3956=PRODUCT('opening_1','opening_1','opening_1',(#4054));
#3957=PRODUCT('opening_0','opening_0','opening_0',(#4055));
#3958=PRODUCT('skir_carbo_und','skir_carbo_und','skir_carbo_und',(#4056));
#3959=PRODUCT('skir_carbo_mid','skir_carbo_mid','skir_carbo_mid',(#4057));
#3960=PRODUCT_CATEGORY('','');
#3961=PRODUCT_CATEGORY('','');
#3962=PRODUCT_CATEGORY('','');
#3963=PRODUCT_CATEGORY('','');
#3964=PRODUCT_CATEGORY('','');
#3965=PRODUCT_CATEGORY('','');
#3966=PRODUCT_CATEGORY('','');
#3967=PRODUCT_CATEGORY('','');
#3968=PRODUCT_CATEGORY('','');
#3969=PRODUCT_CATEGORY('','');
#3970=PRODUCT_CATEGORY('','');
#3971=PRODUCT_CATEGORY('','');
#3972=PRODUCT_CATEGORY('','');
#3973=PRODUCT_CATEGORY('','');
#3974=PRODUCT_CATEGORY('','');
#3975=PRODUCT_CATEGORY('','');
#3976=PRODUCT_CATEGORY('','');
#3977=PRODUCT_CATEGORY('','');
#3978=PRODUCT_CATEGORY('','');
#3979=PRODUCT_CATEGORY('','');
#3980=PRODUCT_CATEGORY('','');
#3981=PRODUCT_CATEGORY('','');
#3982=PRODUCT_CATEGORY('','');
#3983=PRODUCT_CATEGORY('','');
#3984=PRODUCT_CATEGORY('','');
#3985=PRODUCT_CATEGORY('','');
#3986=PRODUCT_CATEGORY('','');
#3987=PRODUCT_CATEGORY('','');
#3988=PRODUCT_CATEGORY('','');
#3989=PRODUCT_CATEGORY('','');
#3990=PRODUCT_CATEGORY('','');
#3991=PRODUCT_CATEGORY('','');
#3992=PRODUCT_CATEGORY('','');
#3993=PRODUCT_CATEGORY('','');
#3994=PRODUCT_CATEGORY('','');
#3995=PRODUCT_CATEGORY('','');
#3996=PRODUCT_CATEGORY('','');
#3997=PRODUCT_CATEGORY('','');
#3998=PRODUCT_CATEGORY('','');
#3999=PRODUCT_CATEGORY('','');
#4000=PRODUCT_CATEGORY('','');
#4001=PRODUCT_CATEGORY('','');
#4002=PRODUCT_CATEGORY('','');
#4003=PRODUCT_CATEGORY('','');
#4004=PRODUCT_CATEGORY('','');
#4005=PRODUCT_CATEGORY('','');
#4006=PRODUCT_CATEGORY('','');
#4007=PRODUCT_CATEGORY('','');
#4008=PRODUCT_CATEGORY('','');
#4009=PRODUCT_CONTEXT('',#4107,'mechanical');
#4010=PRODUCT_CONTEXT('',#4108,'mechanical');
#4011=PRODUCT_CONTEXT('',#4109,'mechanical');
#4012=PRODUCT_CONTEXT('',#4110,'mechanical');
#4013=PRODUCT_CONTEXT('',#4111,'mechanical');
#4014=PRODUCT_CONTEXT('',#4112,'mechanical');
#4015=PRODUCT_CONTEXT('',#4113,'mechanical');
#4016=PRODUCT_CONTEXT('',#4114,'mechanical');
#4017=PRODUCT_CONTEXT('',#4115,'mechanical');
#4018=PRODUCT_CONTEXT('',#4116,'mechanical');
#4019=PRODUCT_CONTEXT('',#4117,'mechanical');
#4020=PRODUCT_CONTEXT('',#4118,'mechanical');
#4021=PRODUCT_CONTEXT('',#4119,'mechanical');
#4022=PRODUCT_CONTEXT('',#4120,'mechanical');
#4023=PRODUCT_CONTEXT('',#4121,'mechanical');
#4024=PRODUCT_CONTEXT('',#4122,'mechanical');
#4025=PRODUCT_CONTEXT('',#4123,'mechanical');
#4026=PRODUCT_CONTEXT('',#4124,'mechanical');
#4027=PRODUCT_CONTEXT('',#4125,'mechanical');
#4028=PRODUCT_CONTEXT('',#4126,'mechanical');
#4029=PRODUCT_CONTEXT('',#4127,'mechanical');
#4030=PRODUCT_CONTEXT('',#4128,'mechanical');
#4031=PRODUCT_CONTEXT('',#4129,'mechanical');
#4032=PRODUCT_CONTEXT('',#4130,'mechanical');
#4033=PRODUCT_CONTEXT('',#4131,'mechanical');
#4034=PRODUCT_CONTEXT('',#4132,'mechanical');
#4035=PRODUCT_CONTEXT('',#4133,'mechanical');
#4036=PRODUCT_CONTEXT('',#4134,'mechanical');
#4037=PRODUCT_CONTEXT('',#4135,'mechanical');
#4038=PRODUCT_CONTEXT('',#4136,'mechanical');
#4039=PRODUCT_CONTEXT('',#4137,'mechanical');
#4040=PRODUCT_CONTEXT('',#4138,'mechanical');
#4041=PRODUCT_CONTEXT('',#4139,'mechanical');
#4042=PRODUCT_CONTEXT('',#4140,'mechanical');
#4043=PRODUCT_CONTEXT('',#4141,'mechanical');
#4044=PRODUCT_CONTEXT('',#4142,'mechanical');
#4045=PRODUCT_CONTEXT('',#4143,'mechanical');
#4046=PRODUCT_CONTEXT('',#4144,'mechanical');
#4047=PRODUCT_CONTEXT('',#4145,'mechanical');
#4048=PRODUCT_CONTEXT('',#4146,'mechanical');
#4049=PRODUCT_CONTEXT('',#4147,'mechanical');
#4050=PRODUCT_CONTEXT('',#4148,'mechanical');
#4051=PRODUCT_CONTEXT('',#4149,'mechanical');
#4052=PRODUCT_CONTEXT('',#4150,'mechanical');
#4053=PRODUCT_CONTEXT('',#4151,'mechanical');
#4054=PRODUCT_CONTEXT('',#4152,'mechanical');
#4055=PRODUCT_CONTEXT('',#4153,'mechanical');
#4056=PRODUCT_CONTEXT('',#4154,'mechanical');
#4057=PRODUCT_CONTEXT('',#4155,'mechanical');
#4058=APPLICATION_PROTOCOL_DEFINITION('international standard','ap242_managed_model_based_3d_engineering',2020,#4107);
#4059=APPLICATION_PROTOCOL_DEFINITION('international standard','ap242_managed_model_based_3d_engineering',2020,#4108);
#4060=APPLICATION_PROTOCOL_DEFINITION('international standard','ap242_managed_model_based_3d_engineering',2020,#4109);
#4061=APPLICATION_PROTOCOL_DEFINITION('international standard','ap242_managed_model_based_3d_engineering',2020,#4110);
#4062=APPLICATION_PROTOCOL_DEFINITION('international standard','ap242_managed_model_based_3d_engineering',2020,#4111);
#4063=APPLICATION_PROTOCOL_DEFINITION('international standard','ap242_managed_model_based_3d_engineering',2020,#4112);
#4064=APPLICATION_PROTOCOL_DEFINITION('international standard','ap242_managed_model_based_3d_engineering',2020,#4113);
#4065=APPLICATION_PROTOCOL_DEFINITION('international standard','ap242_managed_model_based_3d_engineering',2020,#4114);
#4066=APPLICATION_PROTOCOL_DEFINITION('international standard','ap242_managed_model_based_3d_engineering',2020,#4115);
#4067=APPLICATION_PROTOCOL_DEFINITION('international standard','ap242_managed_model_based_3d_engineering',2020,#4116);
#4068=APPLICATION_PROTOCOL_DEFINITION('international standard','ap242_managed_model_based_3d_engineering',2020,#4117);
#4069=APPLICATION_PROTOCOL_DEFINITION('international standard','ap242_managed_model_based_3d_engineering',2020,#4118);
#4070=APPLICATION_PROTOCOL_DEFINITION('international standard','ap242_managed_model_based_3d_engineering',2020,#4119);
#4071=APPLICATION_PROTOCOL_DEFINITION('international standard','ap242_managed_model_based_3d_engineering',2020,#4120);
#4072=APPLICATION_PROTOCOL_DEFINITION('international standard','ap242_managed_model_based_3d_engineering',2020,#4121);
#4073=APPLICATION_PROTOCOL_DEFINITION('international standard','ap242_managed_model_based_3d_engineering',2020,#4122);
#4074=APPLICATION_PROTOCOL_DEFINITION('international standard','ap242_managed_model_based_3d_engineering',2020,#4123);
#4075=APPLICATION_PROTOCOL_DEFINITION('international standard','ap242_managed_model_based_3d_engineering',2020,#4124);
#4076=APPLICATION_PROTOCOL_DEFINITION('international standard','ap242_managed_model_based_3d_engineering',2020,#4125);
#4077=APPLICATION_PROTOCOL_DEFINITION('international standard','ap242_managed_model_based_3d_engineering',2020,#4126);
#4078=APPLICATION_PROTOCOL_DEFINITION('international standard','ap242_managed_model_based_3d_engineering',2020,#4127);
#4079=APPLICATION_PROTOCOL_DEFINITION('international standard','ap242_managed_model_based_3d_engineering',2020,#4128);
#4080=APPLICATION_PROTOCOL_DEFINITION('international standard','ap242_managed_model_based_3d_engineering',2020,#4129);
#4081=APPLICATION_PROTOCOL_DEFINITION('international standard','ap242_managed_model_based_3d_engineering',2020,#4130);
#4082=APPLICATION_PROTOCOL_DEFINITION('international standard','ap242_managed_model_based_3d_engineering',2020,#4131);
#4083=APPLICATION_PROTOCOL_DEFINITION('international standard','ap242_managed_model_based_3d_engineering',2020,#4132);
#4084=APPLICATION_PROTOCOL_DEFINITION('international standard','ap242_managed_model_based_3d_engineering',2020,#4133);
#4085=APPLICATION_PROTOCOL_DEFINITION('international standard','ap242_managed_model_based_3d_engineering',2020,#4134);
#4086=APPLICATION_PROTOCOL_DEFINITION('international standard','ap242_managed_model_based_3d_engineering',2020,#4135);
#4087=APPLICATION_PROTOCOL_DEFINITION('international standard','ap242_managed_model_based_3d_engineering',2020,#4136);
#4088=APPLICATION_PROTOCOL_DEFINITION('international standard','ap242_managed_model_based_3d_engineering',2020,#4137);
#4089=APPLICATION_PROTOCOL_DEFINITION('international standard','ap242_managed_model_based_3d_engineering',2020,#4138);
#4090=APPLICATION_PROTOCOL_DEFINITION('international standard','ap242_managed_model_based_3d_engineering',2020,#4139);
#4091=APPLICATION_PROTOCOL_DEFINITION('international standard','ap242_managed_model_based_3d_engineering',2020,#4140);
#4092=APPLICATION_PROTOCOL_DEFINITION('international standard','ap242_managed_model_based_3d_engineering',2020,#4141);
#4093=APPLICATION_PROTOCOL_DEFINITION('international standard','ap242_managed_model_based_3d_engineering',2020,#4142);
#4094=APPLICATION_PROTOCOL_DEFINITION('international standard','ap242_managed_model_based_3d_engineering',2020,#4143);
#4095=APPLICATION_PROTOCOL_DEFINITION('international standard','ap242_managed_model_based_3d_engineering',2020,#4144);
#4096=APPLICATION_PROTOCOL_DEFINITION('international standard','ap242_managed_model_based_3d_engineering',2020,#4145);
#4097=APPLICATION_PROTOCOL_DEFINITION('international standard','ap242_managed_model_based_3d_engineering',2020,#4146);
#4098=APPLICATION_PROTOCOL_DEFINITION('international standard','ap242_managed_model_based_3d_engineering',2020,#4147);
#4099=APPLICATION_PROTOCOL_DEFINITION('international standard','ap242_managed_model_based_3d_engineering',2020,#4148);
#4100=APPLICATION_PROTOCOL_DEFINITION('international standard','ap242_managed_model_based_3d_engineering',2020,#4149);
#4101=APPLICATION_PROTOCOL_DEFINITION('international standard','ap242_managed_model_based_3d_engineering',2020,#4150);
#4102=APPLICATION_PROTOCOL_DEFINITION('international standard','ap242_managed_model_based_3d_engineering',2020,#4151);
#4103=APPLICATION_PROTOCOL_DEFINITION('international standard','ap242_managed_model_based_3d_engineering',2020,#4152);
#4104=APPLICATION_PROTOCOL_DEFINITION('international standard','ap242_managed_model_based_3d_engineering',2020,#4153);
#4105=APPLICATION_PROTOCOL_DEFINITION('international standard','ap242_managed_model_based_3d_engineering',2020,#4154);
#4106=APPLICATION_PROTOCOL_DEFINITION('international standard','ap242_managed_model_based_3d_engineering',2020,#4155);
#4107=APPLICATION_CONTEXT('managed model based 3d engineering');
#4108=APPLICATION_CONTEXT('managed model based 3d engineering');
#4109=APPLICATION_CONTEXT('managed model based 3d engineering');
#4110=APPLICATION_CONTEXT('managed model based 3d engineering');
#4111=APPLICATION_CONTEXT('managed model based 3d engineering');
#4112=APPLICATION_CONTEXT('managed model based 3d engineering');
#4113=APPLICATION_CONTEXT('managed model based 3d engineering');
#4114=APPLICATION_CONTEXT('managed model based 3d engineering');
#4115=APPLICATION_CONTEXT('managed model based 3d engineering');
#4116=APPLICATION_CONTEXT('managed model based 3d engineering');
#4117=APPLICATION_CONTEXT('managed model based 3d engineering');
#4118=APPLICATION_CONTEXT('managed model based 3d engineering');
#4119=APPLICATION_CONTEXT('managed model based 3d engineering');
#4120=APPLICATION_CONTEXT('managed model based 3d engineering');
#4121=APPLICATION_CONTEXT('managed model based 3d engineering');
#4122=APPLICATION_CONTEXT('managed model based 3d engineering');
#4123=APPLICATION_CONTEXT('managed model based 3d engineering');
#4124=APPLICATION_CONTEXT('managed model based 3d engineering');
#4125=APPLICATION_CONTEXT('managed model based 3d engineering');
#4126=APPLICATION_CONTEXT('managed model based 3d engineering');
#4127=APPLICATION_CONTEXT('managed model based 3d engineering');
#4128=APPLICATION_CONTEXT('managed model based 3d engineering');
#4129=APPLICATION_CONTEXT('managed model based 3d engineering');
#4130=APPLICATION_CONTEXT('managed model based 3d engineering');
#4131=APPLICATION_CONTEXT('managed model based 3d engineering');
#4132=APPLICATION_CONTEXT('managed model based 3d engineering');
#4133=APPLICATION_CONTEXT('managed model based 3d engineering');
#4134=APPLICATION_CONTEXT('managed model based 3d engineering');
#4135=APPLICATION_CONTEXT('managed model based 3d engineering');
#4136=APPLICATION_CONTEXT('managed model based 3d engineering');
#4137=APPLICATION_CONTEXT('managed model based 3d engineering');
#4138=APPLICATION_CONTEXT('managed model based 3d engineering');
#4139=APPLICATION_CONTEXT('managed model based 3d engineering');
#4140=APPLICATION_CONTEXT('managed model based 3d engineering');
#4141=APPLICATION_CONTEXT('managed model based 3d engineering');
#4142=APPLICATION_CONTEXT('managed model based 3d engineering');
#4143=APPLICATION_CONTEXT('managed model based 3d engineering');
#4144=APPLICATION_CONTEXT('managed model based 3d engineering');
#4145=APPLICATION_CONTEXT('managed model based 3d engineering');
#4146=APPLICATION_CONTEXT('managed model based 3d engineering');
#4147=APPLICATION_CONTEXT('managed model based 3d engineering');
#4148=APPLICATION_CONTEXT('managed model based 3d engineering');
#4149=APPLICATION_CONTEXT('managed model based 3d engineering');
#4150=APPLICATION_CONTEXT('managed model based 3d engineering');
#4151=APPLICATION_CONTEXT('managed model based 3d engineering');
#4152=APPLICATION_CONTEXT('managed model based 3d engineering');
#4153=APPLICATION_CONTEXT('managed model based 3d engineering');
#4154=APPLICATION_CONTEXT('managed model based 3d engineering');
#4155=APPLICATION_CONTEXT('managed model based 3d engineering');
ENDSEC;
END-ISO-10303-21;
