ISO-10303-21;
HEADER;
/*Generated by software containing ST-Developer
 * from STEP Tools, Inc. (www.steptools.com) 
 */
/*OPTION: using custom renumber hook */
/*description */
/*implementation_level */
FILE_DESCRIPTION(('STEP AP242 Edition 2','STEP AP242 Edition 2''CAx-IF Rec.Pracs.---Representation and Presentation of Product Manufa
cturing Information (PMI)---4.0---2014-10-13','STEP AP242 Edition 2''CAx-IF Rec.Pracs.---Representation and Presentation of Product Manufa
cturing Information (PMI)---4.0---2014-10-13''CAx-IF Rec.Pracs.---3D Tessellated Geometry---0.4---2014-09-14','STEP AP242 Edition 2''CAx-IF Rec.Pracs.---Representation and Presentation of Product Manufa
cturing Information (PMI)---4.0---2014-10-13''CAx-IF Rec.Pracs.---3D Tessellated Geometry---0.4---2014-09-14''2;1','STEP AP242 Edition 2''CAx-IF Rec.Pracs.---Representation and Presentation of Product Manufa
cturing Information (PMI)---4.0---2014-10-13''CAx-IF Rec.Pracs.---3D Tessellated Geometry---0.4---2014-09-14''2;1''CAx-IF Rec.Pracs.---User Defined Attributes---1.5---2016-08-15'),'2;1');
/*name */
/*time_stamp */
/*author */
/*organization */
/*preprocessor_version */
/*originating_system */
/*authorisation */
FILE_NAME('/vol/tmp/translate-17519901381028092068/SKIRT_730-C-501_260130.step','2026-03-16T10:07:01',(''),(''),'ST-DEVELOPER v20','ONSHAPE BY PTC INC, 1.212','  ');
FILE_SCHEMA(('AP242_MANAGED_MODEL_BASED_3D_ENGINEERING_MIM_LF { 1 0 10303 442 3 1 4 }'));
ENDSEC;
DATA;
#10=SHAPE_REPRESENTATION_RELATIONSHIP('','',#1024,#16);
#11=SHAPE_REPRESENTATION_RELATIONSHIP('','',#1025,#17);
#12=SHAPE_REPRESENTATION_RELATIONSHIP('','',#1026,#18);
#13=SHAPE_REPRESENTATION_RELATIONSHIP('','',#1027,#19);
#14=SHAPE_REPRESENTATION_RELATIONSHIP('','',#1028,#20);
#15=SHAPE_REPRESENTATION_RELATIONSHIP('','',#1029,#21);
#16=ADVANCED_BREP_SHAPE_REPRESENTATION('',(#1012),#2607);
#17=ADVANCED_BREP_SHAPE_REPRESENTATION('',(#1013),#2608);
#18=ADVANCED_BREP_SHAPE_REPRESENTATION('',(#1014),#2609);
#19=ADVANCED_BREP_SHAPE_REPRESENTATION('',(#1015),#2610);
#20=ADVANCED_BREP_SHAPE_REPRESENTATION('',(#1016),#2611);
#21=ADVANCED_BREP_SHAPE_REPRESENTATION('',(#1017),#2612);
#22=B_SPLINE_SURFACE_WITH_KNOTS('',1,1,((#1363,#1364),(#1365,#1366)),.PLANE_SURF.,.F.,.F.,.F.,(2,2),(2,2),(0.0442102567453332,0.955746529938315),(0.0450176298112204,0.954933215726708),.PIECEWISE_BEZIER_KNOTS.);
#23=B_SPLINE_SURFACE_WITH_KNOTS('',1,1,((#1373,#1374),(#1375,#1376)),.PLANE_SURF.,.F.,.F.,.F.,(2,2),(2,2),(0.,1.),(0.,1.),.UNSPECIFIED.);
#24=B_SPLINE_SURFACE_WITH_KNOTS('',1,1,((#1380,#1381),(#1382,#1383)),.PLANE_SURF.,.F.,.F.,.F.,(2,2),(2,2),(0.0420734056253063,0.957946447402002),(0.0429466867917639,0.957084688264266),.PIECEWISE_BEZIER_KNOTS.);
#25=B_SPLINE_SURFACE_WITH_KNOTS('',1,1,((#1388,#1389),(#1390,#1391)),.PLANE_SURF.,.F.,.F.,.F.,(2,2),(2,2),(0.,1.),(0.,1.),.UNSPECIFIED.);
#26=B_SPLINE_SURFACE_WITH_KNOTS('',1,1,((#1516,#1517),(#1518,#1519)),.PLANE_SURF.,.F.,.F.,.F.,(2,2),(2,2),(0.,1.),(0.,1.),.UNSPECIFIED.);
#27=B_SPLINE_SURFACE_WITH_KNOTS('',1,1,((#1536,#1537),(#1538,#1539)),.PLANE_SURF.,.F.,.F.,.F.,(2,2),(2,2),(0.,1.),(0.,1.),.UNSPECIFIED.);
#28=B_SPLINE_SURFACE_WITH_KNOTS('',1,1,((#1846,#1847),(#1848,#1849)),.PLANE_SURF.,.F.,.F.,.F.,(2,2),(2,2),(0.0442980716835033,0.955658029123017),(0.0449191765760918,0.95503235376006),.PIECEWISE_BEZIER_KNOTS.);
#29=B_SPLINE_SURFACE_WITH_KNOTS('',1,1,((#1856,#1857),(#1858,#1859)),.PLANE_SURF.,.F.,.F.,.F.,(2,2),(2,2),(0.,1.),(0.,1.),.UNSPECIFIED.);
#30=B_SPLINE_SURFACE_WITH_KNOTS('',1,1,((#1863,#1864),(#1865,#1866)),.PLANE_SURF.,.F.,.F.,.F.,(2,2),(2,2),(0.042114630194749,0.957905912008742),(0.0430112299511162,0.957020832957907),.PIECEWISE_BEZIER_KNOTS.);
#31=B_SPLINE_SURFACE_WITH_KNOTS('',1,1,((#1871,#1872),(#1873,#1874)),.PLANE_SURF.,.F.,.F.,.F.,(2,2),(2,2),(0.,1.),(0.,1.),.UNSPECIFIED.);
#32=B_SPLINE_SURFACE_WITH_KNOTS('',1,1,((#2051,#2052),(#2053,#2054)),.PLANE_SURF.,.F.,.F.,.F.,(2,2),(2,2),(0.,1.),(0.,1.),.UNSPECIFIED.);
#33=B_SPLINE_SURFACE_WITH_KNOTS('',1,1,((#2065,#2066),(#2067,#2068)),.PLANE_SURF.,.F.,.F.,.F.,(2,2),(2,2),(0.,1.),(0.,1.),.UNSPECIFIED.);
#34=B_SPLINE_SURFACE_WITH_KNOTS('',1,1,((#2112,#2113),(#2114,#2115)),.PLANE_SURF.,.F.,.F.,.F.,(2,2),(2,2),(0.0442980716835034,0.955658029123017),(0.0449191765760917,0.95503235376006),.PIECEWISE_BEZIER_KNOTS.);
#35=B_SPLINE_SURFACE_WITH_KNOTS('',1,1,((#2122,#2123),(#2124,#2125)),.PLANE_SURF.,.F.,.F.,.F.,(2,2),(2,2),(0.,1.),(0.,1.),.UNSPECIFIED.);
#36=B_SPLINE_SURFACE_WITH_KNOTS('',1,1,((#2129,#2130),(#2131,#2132)),.PLANE_SURF.,.F.,.F.,.F.,(2,2),(2,2),(0.042114630194749,0.957905912008742),(0.0430112299511162,0.957020832957907),.PIECEWISE_BEZIER_KNOTS.);
#37=B_SPLINE_SURFACE_WITH_KNOTS('',1,1,((#2137,#2138),(#2139,#2140)),.PLANE_SURF.,.F.,.F.,.F.,(2,2),(2,2),(0.,1.),(0.,1.),.UNSPECIFIED.);
#38=B_SPLINE_SURFACE_WITH_KNOTS('',1,1,((#2375,#2376),(#2377,#2378)),.PLANE_SURF.,.F.,.F.,.F.,(2,2),(2,2),(0.0442980716835033,0.955658029123017),(0.0449191765760917,0.95503235376006),.PIECEWISE_BEZIER_KNOTS.);
#39=B_SPLINE_SURFACE_WITH_KNOTS('',1,1,((#2385,#2386),(#2387,#2388)),.PLANE_SURF.,.F.,.F.,.F.,(2,2),(2,2),(0.,1.),(0.,1.),.UNSPECIFIED.);
#40=B_SPLINE_SURFACE_WITH_KNOTS('',1,1,((#2392,#2393),(#2394,#2395)),.PLANE_SURF.,.F.,.F.,.F.,(2,2),(2,2),(0.042114630194749,0.957905912008742),(0.0430112299511162,0.957020832957907),.PIECEWISE_BEZIER_KNOTS.);
#41=B_SPLINE_SURFACE_WITH_KNOTS('',1,1,((#2400,#2401),(#2402,#2403)),.PLANE_SURF.,.F.,.F.,.F.,(2,2),(2,2),(0.,1.),(0.,1.),.UNSPECIFIED.);
#42=B_SPLINE_SURFACE_WITH_KNOTS('',1,1,((#2484,#2485),(#2486,#2487)),.PLANE_SURF.,.F.,.F.,.F.,(2,2),(2,2),(0.0410258659862624,0.954571868140693),(0.0417859339917535,0.958110409871678),.PIECEWISE_BEZIER_KNOTS.);
#43=B_SPLINE_SURFACE_WITH_KNOTS('',1,1,((#2496,#2497),(#2498,#2499)),.PLANE_SURF.,.F.,.F.,.F.,(2,2),(2,2),(0.,1.),(0.,1.),.UNSPECIFIED.);
#44=B_SPLINE_SURFACE_WITH_KNOTS('',1,1,((#2505,#2506),(#2507,#2508)),.PLANE_SURF.,.F.,.F.,.F.,(2,2),(2,2),(0.0454248523211019,0.959524003252823),(0.0416076332673961,0.957029204309897),.PIECEWISE_BEZIER_KNOTS.);
#45=B_SPLINE_SURFACE_WITH_KNOTS('',1,1,((#2514,#2515),(#2516,#2517)),.PLANE_SURF.,.F.,.F.,.F.,(2,2),(2,2),(0.,1.),(0.,1.),.UNSPECIFIED.);
#46=B_SPLINE_SURFACE_WITH_KNOTS('',1,1,((#2549,#2550),(#2551,#2552)),.PLANE_SURF.,.F.,.F.,.F.,(2,2),(2,2),(0.0454360968871264,0.957638664349388),(0.0454545454545454,0.954545454545455),.PIECEWISE_BEZIER_KNOTS.);
#47=B_SPLINE_SURFACE_WITH_KNOTS('',1,1,((#2561,#2562),(#2563,#2564)),.PLANE_SURF.,.F.,.F.,.F.,(2,2),(2,2),(0.,1.),(0.,1.),.UNSPECIFIED.);
#48=B_SPLINE_SURFACE_WITH_KNOTS('',1,1,((#2570,#2571),(#2572,#2573)),.PLANE_SURF.,.F.,.F.,.F.,(2,2),(2,2),(0.0352456851954237,0.954606342380002),(0.0454545454545454,0.954545454545455),.PIECEWISE_BEZIER_KNOTS.);
#49=B_SPLINE_SURFACE_WITH_KNOTS('',1,1,((#2579,#2580),(#2581,#2582)),.PLANE_SURF.,.F.,.F.,.F.,(2,2),(2,2),(0.,1.),(0.,1.),.UNSPECIFIED.);
#50=B_SPLINE_CURVE_WITH_KNOTS('',3,(#1261,#1262,#1263,#1264,#1265,#1266,#1267,#1268,#1269,#1270,#1271,#1272,#1273,#1274,#1275,#1276,#1277,#1278,#1279,#1280,#1281,#1282,#1283,#1284,#1285,#1286,#1287,#1288,#1289,#1290,#1291,#1292,#1293,#1294,#1295,#1296,#1297,#1298,#1299,#1300,#1301,#1302,#1303,#1304,#1305),.UNSPECIFIED.,.F.,.F.,(4,1,1,1,1,1,1,1,1,1,1,1,1,1,1,1,1,1,1,1,1,1,1,1,1,1,1,1,1,1,1,1,1,1,1,1,1,1,1,1,1,1,4),(1.23923837480924,1.26612453283453,1.29301069085983,1.31989684888512,1.33333992789777,1.34678300691041,1.3736691649357,1.400555322961,1.41399840197364,1.42744148098629,1.45432763901158,1.48121379703687,1.50809995506217,1.52154303407481,1.53498611308746,1.56187227111275,1.58875842913804,1.60220150815069,1.61564458716334,1.64253074518863,1.66941690321392,1.68285998222657,1.69630306123921,1.70974614025186,1.72318921926451,1.7500753772898,1.77696153531509,1.80384769334038,1.83073385136568,1.85762000939097,1.87106308840362,1.88450616741626,1.89794924642891,1.91139232544155,1.93827848346685,1.96516464149214,1.97860772050479,1.99205079951743,2.01893695754272,2.04582311556802,2.05926619458066,2.07270927359331,2.0995954316186),.UNSPECIFIED.);
#51=B_SPLINE_CURVE_WITH_KNOTS('',3,(#1309,#1310,#1311,#1312,#1313,#1314,#1315,#1316,#1317,#1318,#1319,#1320,#1321,#1322,#1323,#1324,#1325,#1326,#1327,#1328,#1329,#1330,#1331,#1332,#1333,#1334,#1335,#1336,#1337,#1338,#1339,#1340,#1341,#1342,#1343,#1344,#1345,#1346,#1347,#1348,#1349,#1350,#1351,#1352,#1353),.UNSPECIFIED.,.F.,.F.,(4,1,1,1,1,1,1,1,1,1,1,1,1,1,1,1,1,1,1,1,1,1,1,1,1,1,1,1,1,1,1,1,1,1,1,1,1,1,1,1,1,1,4),(2.2,2.22730351319808,2.25460702639617,2.28191053959426,2.2955622961933,2.30921405279234,2.33651756599043,2.36382107918852,2.37747283578756,2.3911245923866,2.41842810558469,2.44573161878278,2.47303513198086,2.48668688857991,2.50033864517895,2.52764215837704,2.55494567157512,2.56859742817417,2.58224918477321,2.6095526979713,2.63685621116938,2.65050796776843,2.66415972436747,2.67781148096651,2.69146323756556,2.71876675076364,2.74607026396173,2.77337377715982,2.8006772903579,2.82798080355599,2.84163256015503,2.85528431675408,2.86893607335312,2.88258782995216,2.90989134315025,2.93719485634834,2.95084661294738,2.96449836954643,2.99180188274451,3.0191053959426,3.03275715254164,3.04640890914069,3.07371242233877),.UNSPECIFIED.);
#52=B_SPLINE_CURVE_WITH_KNOTS('',3,(#1412,#1413,#1414,#1415,#1416,#1417,#1418,#1419,#1420,#1421,#1422,#1423,#1424,#1425,#1426,#1427,#1428,#1429,#1430,#1431,#1432,#1433,#1434,#1435,#1436,#1437,#1438,#1439,#1440,#1441,#1442,#1443,#1444,#1445,#1446,#1447,#1448,#1449,#1450,#1451,#1452,#1453,#1454,#1455,#1456),.UNSPECIFIED.,.F.,.F.,(4,1,1,1,1,1,1,1,1,1,1,1,1,1,1,1,1,1,1,1,1,1,1,1,1,1,1,1,1,1,1,1,1,1,1,1,1,1,1,1,1,1,4),(2.2,2.22730518352977,2.25461036705955,2.28191555058932,2.29556814235421,2.3092207341191,2.33652591764888,2.36383110117865,2.37748369294354,2.39113628470843,2.4184414682382,2.44574665176798,2.47305183529775,2.48670442706264,2.50035701882753,2.52766220235731,2.55496738588708,2.56861997765197,2.58227256941686,2.60957775294663,2.63688293647641,2.6505355282413,2.66418812000619,2.67784071177107,2.69149330353596,2.71879848706574,2.74610367059551,2.77340885412529,2.80071403765507,2.82801922118484,2.84167181294973,2.85532440471462,2.86897699647951,2.88262958824439,2.90993477177417,2.93723995530394,2.95089254706883,2.96454513883372,2.9918503223635,3.01915550589327,3.03280809765816,3.04646068942305,3.07376587295282),.UNSPECIFIED.);
#53=B_SPLINE_CURVE_WITH_KNOTS('',3,(#1460,#1461,#1462,#1463,#1464,#1465,#1466,#1467,#1468,#1469,#1470,#1471,#1472,#1473,#1474,#1475,#1476,#1477,#1478,#1479,#1480,#1481,#1482,#1483,#1484,#1485,#1486,#1487,#1488,#1489,#1490,#1491,#1492,#1493,#1494,#1495,#1496,#1497,#1498,#1499,#1500,#1501,#1502,#1503,#1504,#1505),.UNSPECIFIED.,.F.,.F.,(4,1,1,1,1,1,1,1,1,1,1,1,1,1,1,1,1,1,1,1,1,1,1,1,1,1,1,1,1,1,1,1,1,1,1,1,1,1,1,1,1,1,1,4),(1.23870789972505,1.26559546107499,1.29248302242492,1.31937058377486,1.33281436444983,1.3462581451248,1.37314570647473,1.40003326782467,1.41347704849964,1.42692082917461,1.45380839052454,1.48069595187448,1.50758351322442,1.52102729389938,1.53447107457435,1.56135863592429,1.58824619727423,1.60168997794919,1.61513375862416,1.6420213199741,1.66890888132403,1.682352661999,1.69579644267397,1.70924022334894,1.72268400402391,1.74957156537384,1.77645912672378,1.78990290739875,1.80334668807372,1.83023424942365,1.85712181077359,1.87056559144856,1.88400937212353,1.8974531527985,1.91089693347346,1.9377844948234,1.96467205617334,1.97811583684831,1.99155961752327,2.01844717887321,2.04533474022315,2.05877852089811,2.07222230157308,2.09910986292302),.UNSPECIFIED.);
#54=B_SPLINE_CURVE_WITH_KNOTS('',3,(#1549,#1550,#1551,#1552,#1553,#1554,#1555,#1556,#1557,#1558,#1559,#1560,#1561,#1562,#1563,#1564,#1565,#1566,#1567,#1568,#1569,#1570,#1571,#1572,#1573),.UNSPECIFIED.,.F.,.F.,(4,1,1,1,1,1,1,1,1,1,1,1,1,1,1,1,1,1,1,1,1,1,4),(1.55200337704423,1.58430772675998,1.61661207647574,1.64891642619149,1.66506860104937,1.68122077590725,1.71352512562301,1.72967730048088,1.74582947533876,1.76198165019664,1.77813382505452,1.81043817477027,1.84274252448603,1.87504687420178,1.89119904905966,1.90735122391754,1.92350339877542,1.93965557363329,1.97195992334905,1.98811209820693,2.00426427306481,2.03656862278056,2.06887297249632),.UNSPECIFIED.);
#55=B_SPLINE_CURVE_WITH_KNOTS('',3,(#1579,#1580,#1581,#1582,#1583,#1584,#1585,#1586,#1587,#1588,#1589,#1590,#1591,#1592,#1593,#1594,#1595,#1596,#1597,#1598,#1599,#1600,#1601,#1602,#1603),.UNSPECIFIED.,.F.,.F.,(4,1,1,1,1,1,1,1,1,1,1,1,1,1,1,1,1,1,1,1,1,1,4),(0.,0.0323036302854861,0.0646072605709723,0.0969108908564584,0.113062705999201,0.129214521141945,0.161518151427431,0.177669966570174,0.193821781712917,0.20997359685566,0.226125411998403,0.258429042283889,0.290732672569375,0.323036302854861,0.339188117997605,0.355339933140348,0.371491748283091,0.387643563425834,0.41994719371132,0.436099008854063,0.452250823996806,0.484554454282292,0.516858084567778),.UNSPECIFIED.);
#56=B_SPLINE_CURVE_WITH_KNOTS('',3,(#1605,#1606,#1607,#1608,#1609,#1610,#1611,#1612,#1613,#1614,#1615,#1616,#1617,#1618,#1619,#1620,#1621,#1622,#1623,#1624,#1625,#1626,#1627,#1628,#1629,#1630),.UNSPECIFIED.,.F.,.F.,(4,1,1,1,1,1,1,1,1,1,1,1,1,1,1,1,1,1,1,1,1,1,1,4),(1.55130148732127,1.58364263065029,1.5998132023148,1.61598377397931,1.63215434564382,1.64832491730833,1.66449548897284,1.68066606063735,1.71300720396637,1.74534834729539,1.77768949062441,1.79386006228892,1.81003063395343,1.82620120561794,1.84237177728245,1.85854234894696,1.87471292061147,1.90705406394049,1.93939520726951,1.95556577893402,1.97173635059853,2.00407749392755,2.03641863725657,2.06875978058559),.UNSPECIFIED.);
#57=B_SPLINE_CURVE_WITH_KNOTS('',3,(#1635,#1636,#1637,#1638,#1639,#1640,#1641,#1642,#1643,#1644,#1645,#1646,#1647,#1648,#1649,#1650,#1651,#1652,#1653,#1654,#1655,#1656,#1657,#1658,#1659,#1660,#1661,#1662),.UNSPECIFIED.,.F.,.F.,(4,1,1,1,1,1,1,1,1,1,1,1,1,1,1,1,1,1,1,1,1,1,1,1,1,4),(0.,0.0323364120754459,0.0646728241508919,0.0970092362263378,0.113177442264061,0.129345648301784,0.145513854339507,0.16168206037723,0.177850266414953,0.194018472452676,0.210186678490399,0.226354884528122,0.258691296603567,0.291027708679013,0.307195914716736,0.323364120754459,0.339532326792182,0.355700532829905,0.371868738867628,0.388036944905351,0.404205150943074,0.420373356980797,0.43654156301852,0.452709769056243,0.485046181131689,0.517382593207135),.UNSPECIFIED.);
#58=B_SPLINE_CURVE_WITH_KNOTS('',3,(#1674,#1675,#1676,#1677,#1678,#1679,#1680,#1681,#1682,#1683,#1684,#1685,#1686,#1687,#1688,#1689,#1690,#1691,#1692,#1693,#1694,#1695,#1696,#1697,#1698,#1699,#1700,#1701,#1702,#1703,#1704,#1705,#1706,#1707,#1708,#1709,#1710,#1711,#1712,#1713,#1714,#1715,#1716,#1717,#1718),.UNSPECIFIED.,.F.,.F.,(4,1,1,1,1,1,1,1,1,1,1,1,1,1,1,1,1,1,1,1,1,1,1,1,1,1,1,1,1,1,1,1,1,1,1,1,1,1,1,1,1,1,4),(1.4210005083097,1.44830569183948,1.47561087536925,1.50291605889903,1.51656865066392,1.5302212424288,1.55752642595858,1.58483160948836,1.59848420125324,1.61213679301813,1.63944197654791,1.66674716007768,1.69405234360746,1.70770493537235,1.72135752713724,1.74866271066701,1.77596789419679,1.78962048596168,1.80327307772656,1.83057826125634,1.85788344478612,1.871536036551,1.88518862831589,1.89884122008078,1.91249381184567,1.93979899537544,1.96710417890522,1.994409362435,2.02171454596477,2.04901972949455,2.06267232125944,2.07632491302432,2.08997750478921,2.1036300965541,2.13093528008388,2.15824046361365,2.17189305537854,2.18554564714343,2.2128508306732,2.24015601420298,2.25380860596787,2.26746119773276,2.29476638126253),.UNSPECIFIED.);
#59=B_SPLINE_CURVE_WITH_KNOTS('',3,(#1722,#1723,#1724,#1725,#1726,#1727,#1728,#1729,#1730,#1731,#1732,#1733,#1734,#1735,#1736,#1737,#1738,#1739,#1740,#1741,#1742,#1743,#1744,#1745,#1746,#1747,#1748,#1749,#1750,#1751,#1752,#1753,#1754,#1755,#1756,#1757,#1758,#1759,#1760,#1761,#1762,#1763,#1764,#1765,#1766),.UNSPECIFIED.,.F.,.F.,(4,1,1,1,1,1,1,1,1,1,1,1,1,1,1,1,1,1,1,1,1,1,1,1,1,1,1,1,1,1,1,1,1,1,1,1,1,1,1,1,1,1,4),(2.2,2.22730518352978,2.25461036705955,2.28191555058933,2.29556814235422,2.3092207341191,2.33652591764888,2.36383110117866,2.37748369294354,2.39113628470843,2.41844146823821,2.44574665176798,2.47305183529776,2.48670442706265,2.50035701882754,2.52766220235731,2.55496738588709,2.56861997765198,2.58227256941686,2.60957775294664,2.63688293647642,2.6505355282413,2.66418812000619,2.67784071177108,2.69149330353597,2.71879848706574,2.74610367059552,2.7734088541253,2.80071403765507,2.82801922118485,2.84167181294973,2.85532440471462,2.86897699647951,2.8826295882444,2.90993477177418,2.93723995530395,2.95089254706884,2.96454513883373,2.9918503223635,3.01915550589328,3.03280809765817,3.04646068942305,3.07376587295283),.UNSPECIFIED.);
#60=B_SPLINE_CURVE_WITH_KNOTS('',3,(#1784,#1785,#1786,#1787,#1788,#1789,#1790,#1791,#1792,#1793,#1794,#1795,#1796,#1797,#1798,#1799,#1800,#1801,#1802,#1803,#1804,#1805,#1806,#1807,#1808,#1809,#1810,#1811,#1812,#1813,#1814,#1815,#1816,#1817,#1818,#1819,#1820,#1821,#1822,#1823,#1824,#1825,#1826,#1827,#1828,#1829,#1830,#1831,#1832,#1833,#1834,#1835,#1836),.UNSPECIFIED.,.F.,.F.,(4,1,1,1,1,1,1,1,1,1,1,1,1,1,1,1,1,1,1,1,1,1,1,1,1,1,1,1,1,1,1,1,1,1,1,1,1,1,1,1,1,1,1,1,1,1,1,1,1,1,4),(0.516858084567778,0.549184440903825,0.581510797239872,0.613837153575918,0.630000331743942,0.646163509911965,0.678489866248012,0.694653044416035,0.710816222584059,0.726979400752082,0.743142578920105,0.775468935256152,0.807795291592199,0.823958469760222,0.840121647928245,0.856284826096269,0.872448004264292,0.888611182432316,0.904774360600339,0.920937538768362,0.937100716936385,0.953263895104409,0.969427073272432,1.00175342960848,1.03407978594453,1.05024296411255,1.06640614228057,1.0825693204486,1.09873249861662,1.13105885495267,1.16338521128871,1.17954838945674,1.19571156762476,1.22803792396081,1.24420110212883,1.26036428029685,1.27652745846488,1.2926906366329,1.30885381480092,1.32501699296895,1.35734334930499,1.38966970564104,1.40583288380906,1.42199606197709,1.43815924014511,1.45432241831313,1.47048559648116,1.48664877464918,1.5028119528172,1.51897513098523,1.55130148732127),.UNSPECIFIED.);
#61=B_SPLINE_CURVE_WITH_KNOTS('',3,(#1887,#1888,#1889,#1890,#1891,#1892,#1893,#1894,#1895,#1896,#1897,#1898,#1899,#1900,#1901,#1902,#1903,#1904,#1905,#1906,#1907,#1908,#1909,#1910,#1911,#1912,#1913,#1914,#1915,#1916,#1917,#1918,#1919,#1920,#1921,#1922,#1923,#1924,#1925,#1926,#1927,#1928,#1929,#1930,#1931),.UNSPECIFIED.,.F.,.F.,(4,1,1,1,1,1,1,1,1,1,1,1,1,1,1,1,1,1,1,1,1,1,1,1,1,1,1,1,1,1,1,1,1,1,1,1,1,1,1,1,1,1,4),(2.2,2.22730351319809,2.25460702639617,2.28191053959426,2.2955622961933,2.30921405279235,2.33651756599043,2.36382107918852,2.37747283578756,2.39112459238661,2.41842810558469,2.44573161878278,2.47303513198087,2.48668688857991,2.50033864517895,2.52764215837704,2.55494567157513,2.56859742817417,2.58224918477321,2.6095526979713,2.63685621116939,2.65050796776843,2.66415972436748,2.67781148096652,2.69146323756556,2.71876675076365,2.74607026396174,2.77337377715982,2.80067729035791,2.827980803556,2.84163256015504,2.85528431675408,2.86893607335313,2.88258782995217,2.90989134315026,2.93719485634834,2.95084661294739,2.96449836954643,2.99180188274452,3.0191053959426,3.03275715254165,3.04640890914069,3.07371242233878),.UNSPECIFIED.);
#62=B_SPLINE_CURVE_WITH_KNOTS('',3,(#1935,#1936,#1937,#1938,#1939,#1940,#1941,#1942,#1943,#1944,#1945,#1946,#1947,#1948,#1949,#1950,#1951,#1952,#1953,#1954,#1955,#1956,#1957,#1958,#1959,#1960,#1961,#1962,#1963,#1964,#1965,#1966,#1967,#1968,#1969,#1970,#1971,#1972,#1973,#1974,#1975,#1976,#1977,#1978,#1979),.UNSPECIFIED.,.F.,.F.,(4,1,1,1,1,1,1,1,1,1,1,1,1,1,1,1,1,1,1,1,1,1,1,1,1,1,1,1,1,1,1,1,1,1,1,1,1,1,1,1,1,1,4),(1.4210005083097,1.44830402150779,1.47560753470587,1.50291104790396,1.516562804503,1.53021456110205,1.55751807430013,1.58482158749822,1.59847334409726,1.61212510069631,1.63942861389439,1.66673212709248,1.69403564029057,1.70768739688961,1.72133915348865,1.74864266668674,1.77594617988483,1.78959793648387,1.80324969308291,1.830553206281,1.85785671947909,1.87150847607813,1.88516023267718,1.89881198927622,1.91246374587526,1.93976725907335,1.96707077227144,1.99437428546952,2.02167779866761,2.0489813118657,2.06263306846474,2.07628482506378,2.08993658166283,2.10358833826187,2.13089185145996,2.15819536465804,2.17184712125709,2.18549887785613,2.21280239105422,2.2401059042523,2.25375766085135,2.26740941745039,2.29471293064848),.UNSPECIFIED.);
#63=B_SPLINE_CURVE_WITH_KNOTS('',3,(#1988,#1989,#1990,#1991,#1992,#1993,#1994,#1995,#1996,#1997,#1998,#1999,#2000,#2001,#2002,#2003,#2004,#2005,#2006,#2007,#2008,#2009,#2010,#2011,#2012,#2013,#2014,#2015,#2016,#2017,#2018,#2019,#2020,#2021,#2022,#2023,#2024,#2025,#2026,#2027,#2028,#2029,#2030,#2031,#2032,#2033,#2034,#2035,#2036,#2037,#2038,#2039,#2040),.UNSPECIFIED.,.F.,.F.,(4,1,1,1,1,1,1,1,1,1,1,1,1,1,1,1,1,1,1,1,1,1,1,1,1,1,1,1,1,1,1,1,1,1,1,1,1,1,1,1,1,1,1,1,1,1,1,1,1,1,4),(0.517382593207135,0.53354854295459,0.549714492702044,0.565880442449499,0.582046392196953,0.614378291691862,0.646710191186772,0.662876140934226,0.679042090681681,0.71137399017659,0.727539939924044,0.743705889671499,0.759871839418954,0.776037789166408,0.792203738913863,0.808369688661317,0.840701588156226,0.873033487651135,0.88919943739859,0.905365387146045,0.921531336893499,0.937697286640954,0.953863236388408,0.970029186135863,0.986195135883318,1.00236108563077,1.03469298512568,1.06702488462059,1.08319083436804,1.0993567841155,1.11552273386295,1.13168868361041,1.14785463335786,1.16402058310532,1.19635248260023,1.21251843234768,1.22868438209514,1.26101628159005,1.2771822313375,1.29334818108495,1.30951413083241,1.32568008057986,1.34184603032732,1.35801198007477,1.39034387956968,1.42267577906459,1.43884172881205,1.4550076785595,1.48733957805441,1.51967147754932,1.55200337704423),.UNSPECIFIED.);
#64=B_SPLINE_CURVE_WITH_KNOTS('',3,(#2167,#2168,#2169,#2170,#2171,#2172,#2173,#2174,#2175,#2176,#2177,#2178,#2179,#2180,#2181,#2182,#2183,#2184,#2185,#2186,#2187,#2188,#2189,#2190,#2191,#2192,#2193,#2194),.UNSPECIFIED.,.F.,.F.,(4,1,1,1,1,1,1,1,1,1,1,1,1,1,1,1,1,1,1,1,1,1,1,1,1,4),(1.64665410571353,1.6809274115103,1.71520071730708,1.74947402310385,1.76661067600223,1.78374732890062,1.80088398179901,1.81802063469739,1.83515728759578,1.85229394049416,1.86943059339255,1.88656724629094,1.92084055208771,1.95511385788448,1.97225051078287,1.98938716368125,2.00652381657964,2.02366046947803,2.04079712237641,2.0579337752748,2.07507042817318,2.09220708107157,2.10934373396996,2.12648038686834,2.16075369266511,2.19502699846189),.UNSPECIFIED.);
#65=B_SPLINE_CURVE_WITH_KNOTS('',3,(#2200,#2201,#2202,#2203,#2204,#2205,#2206,#2207,#2208,#2209,#2210,#2211,#2212,#2213,#2214,#2215,#2216,#2217,#2218,#2219,#2220,#2221,#2222,#2223,#2224,#2225,#2226,#2227),.UNSPECIFIED.,.F.,.F.,(4,1,1,1,1,1,1,1,1,1,1,1,1,1,1,1,1,1,1,1,1,1,1,1,1,4),(0.,0.0342728013984822,0.0685456027969644,0.102818404195447,0.119954804894688,0.137091205593929,0.15422760629317,0.171364006992411,0.188500407691652,0.205636808390893,0.222773209090134,0.239909609789375,0.274182411187858,0.30845521258634,0.325591613285581,0.342728013984822,0.359864414684063,0.377000815383304,0.394137216082545,0.411273616781786,0.428410017481027,0.445546418180269,0.46268281887951,0.479819219578751,0.514092020977233,0.548364822375715),.UNSPECIFIED.);
#66=B_SPLINE_CURVE_WITH_KNOTS('',3,(#2229,#2230,#2231,#2232,#2233,#2234,#2235,#2236,#2237,#2238,#2239,#2240,#2241,#2242,#2243,#2244,#2245,#2246,#2247,#2248,#2249,#2250,#2251,#2252,#2253,#2254,#2255,#2256),.UNSPECIFIED.,.F.,.F.,(4,1,1,1,1,1,1,1,1,1,1,1,1,1,1,1,1,1,1,1,1,1,1,1,1,4),(1.64586602570833,1.68018027932461,1.69733740613275,1.71449453294089,1.73165165974903,1.74880878655717,1.76596591336531,1.78312304017344,1.81743729378972,1.83459442059786,1.851751547406,1.88606580102228,1.90322292783042,1.92038005463856,1.9375371814467,1.95469430825484,1.97185143506298,1.98900856187112,2.02332281548739,2.05763706910367,2.07479419591181,2.09195132271995,2.10910844952809,2.12626557633623,2.16057982995251,2.19489408356879),.UNSPECIFIED.);
#67=B_SPLINE_CURVE_WITH_KNOTS('',3,(#2261,#2262,#2263,#2264,#2265,#2266,#2267,#2268,#2269,#2270,#2271,#2272,#2273,#2274,#2275,#2276,#2277,#2278,#2279,#2280,#2281,#2282,#2283,#2284,#2285,#2286,#2287,#2288),.UNSPECIFIED.,.F.,.F.,(4,1,1,1,1,1,1,1,1,1,1,1,1,1,1,1,1,1,1,1,1,1,1,1,1,4),(0.,0.0343080186186301,0.0686160372372601,0.10292405585589,0.120078065165205,0.13723207447452,0.154386083783835,0.17154009309315,0.188694102402465,0.20584811171178,0.223002121021095,0.24015613033041,0.27446414894904,0.30877216756767,0.325926176876985,0.343080186186301,0.360234195495616,0.377388204804931,0.394542214114246,0.411696223423561,0.428850232732876,0.446004242042191,0.463158251351506,0.480312260660821,0.514620279279451,0.548928297898081),.UNSPECIFIED.);
#68=B_SPLINE_CURVE_WITH_KNOTS('',3,(#2297,#2298,#2299,#2300,#2301,#2302,#2303,#2304,#2305,#2306,#2307,#2308,#2309,#2310,#2311,#2312,#2313,#2314,#2315,#2316,#2317,#2318,#2319,#2320,#2321,#2322,#2323,#2324,#2325,#2326,#2327,#2328,#2329,#2330,#2331,#2332,#2333,#2334,#2335,#2336,#2337,#2338,#2339,#2340,#2341,#2342,#2343,#2344,#2345,#2346,#2347,#2348),.UNSPECIFIED.,.F.,.F.,(4,1,1,1,1,1,1,1,1,1,1,1,1,1,1,1,1,1,1,1,1,1,1,1,1,1,1,1,1,1,1,1,1,1,1,1,1,1,1,1,1,1,1,1,1,1,1,1,1,4),(0.548928297898081,0.566080263645197,0.583232229392314,0.60038419513943,0.617536160886546,0.651840092380779,0.686144023875012,0.703295989622128,0.720447955369245,0.754751886863478,0.771903852610594,0.789055818357711,0.806207784104827,0.823359749851943,0.857663681346176,0.891967612840409,0.926271544334642,0.943423510081758,0.960575475828875,0.977727441575991,0.994879407323107,1.01203137307022,1.02918333881734,1.04633530456446,1.06348727031157,1.09779120180581,1.13209513330004,1.14924709904716,1.16639906479427,1.18355103054139,1.2007029962885,1.23500692778274,1.26931085927697,1.28646282502409,1.3036147907712,1.33791872226544,1.35507068801255,1.37222265375967,1.38937461950678,1.4065265852539,1.42367855100102,1.44083051674813,1.47513444824237,1.5094383797366,1.52659034548372,1.54374231123083,1.56089427697795,1.57804624272506,1.6123501742193,1.64665410571353),.UNSPECIFIED.);
#69=B_SPLINE_CURVE_WITH_KNOTS('',3,(#2413,#2414,#2415,#2416,#2417,#2418,#2419,#2420,#2421,#2422,#2423,#2424,#2425,#2426,#2427,#2428,#2429,#2430,#2431,#2432,#2433,#2434,#2435,#2436,#2437,#2438,#2439,#2440,#2441,#2442,#2443,#2444,#2445,#2446,#2447,#2448,#2449,#2450,#2451,#2452,#2453,#2454,#2455,#2456,#2457,#2458,#2459,#2460,#2461,#2462,#2463,#2464,#2465,#2466),.UNSPECIFIED.,.F.,.F.,(4,1,1,1,1,1,1,1,1,1,1,1,1,1,1,1,1,1,1,1,1,1,1,1,1,1,1,1,1,1,1,1,1,1,1,1,1,1,1,1,1,1,1,1,1,1,1,1,1,1,1,4),(0.548364822375715,0.582661734979859,0.616958647584004,0.651255560188148,0.66840401649022,0.685552472792292,0.702700929094364,0.719849385396436,0.736997841698509,0.754146298000581,0.771294754302653,0.788443210604725,0.822740123208869,0.857037035813013,0.874185492115085,0.891333948417157,0.908482404719229,0.925630861021302,0.942779317323374,0.959927773625446,0.977076229927518,0.99422468622959,1.01137314253166,1.02852159883373,1.06281851143788,1.09711542404202,1.11426388034409,1.13141233664617,1.14856079294824,1.16570924925031,1.20000616185446,1.2343030744586,1.25145153076067,1.26859998706274,1.30289689966689,1.32004535596896,1.33719381227103,1.3543422685731,1.37149072487518,1.38863918117725,1.40578763747932,1.44008455008347,1.47438146268761,1.49152991898968,1.50867837529175,1.52582683159383,1.5429752878959,1.56012374419797,1.57727220050004,1.59442065680211,1.61156911310419,1.64586602570833),.UNSPECIFIED.);
#70=LINE('',#1249,#134);
#71=LINE('',#1258,#135);
#72=LINE('',#1307,#136);
#73=LINE('',#1362,#137);
#74=LINE('',#1369,#138);
#75=LINE('',#1372,#139);
#76=LINE('',#1377,#140);
#77=LINE('',#1379,#141);
#78=LINE('',#1387,#142);
#79=LINE('',#1392,#143);
#80=LINE('',#1409,#144);
#81=LINE('',#1458,#145);
#82=LINE('',#1514,#146);
#83=LINE('',#1515,#147);
#84=LINE('',#1520,#148);
#85=LINE('',#1535,#149);
#86=LINE('',#1671,#150);
#87=LINE('',#1720,#151);
#88=LINE('',#1775,#152);
#89=LINE('',#1845,#153);
#90=LINE('',#1852,#154);
#91=LINE('',#1855,#155);
#92=LINE('',#1860,#156);
#93=LINE('',#1862,#157);
#94=LINE('',#1870,#158);
#95=LINE('',#1875,#159);
#96=LINE('',#1884,#160);
#97=LINE('',#1933,#161);
#98=LINE('',#2049,#162);
#99=LINE('',#2050,#163);
#100=LINE('',#2055,#164);
#101=LINE('',#2064,#165);
#102=LINE('',#2094,#166);
#103=LINE('',#2111,#167);
#104=LINE('',#2118,#168);
#105=LINE('',#2121,#169);
#106=LINE('',#2126,#170);
#107=LINE('',#2128,#171);
#108=LINE('',#2136,#172);
#109=LINE('',#2141,#173);
#110=LINE('',#2357,#174);
#111=LINE('',#2374,#175);
#112=LINE('',#2381,#176);
#113=LINE('',#2384,#177);
#114=LINE('',#2389,#178);
#115=LINE('',#2391,#179);
#116=LINE('',#2399,#180);
#117=LINE('',#2404,#181);
#118=LINE('',#2491,#182);
#119=LINE('',#2495,#183);
#120=LINE('',#2500,#184);
#121=LINE('',#2502,#185);
#122=LINE('',#2504,#186);
#123=LINE('',#2513,#187);
#124=LINE('',#2518,#188);
#125=LINE('',#2519,#189);
#126=LINE('',#2556,#190);
#127=LINE('',#2560,#191);
#128=LINE('',#2565,#192);
#129=LINE('',#2567,#193);
#130=LINE('',#2569,#194);
#131=LINE('',#2578,#195);
#132=LINE('',#2583,#196);
#133=LINE('',#2584,#197);
#134=VECTOR('',#1082,1.);
#135=VECTOR('',#1083,1.);
#136=VECTOR('',#1084,1.);
#137=VECTOR('',#1089,1.);
#138=VECTOR('',#1092,1.);
#139=VECTOR('',#1095,1.);
#140=VECTOR('',#1096,1.);
#141=VECTOR('',#1097,1.);
#142=VECTOR('',#1102,1.);
#143=VECTOR('',#1103,1.);
#144=VECTOR('',#1104,1.);
#145=VECTOR('',#1105,1.);
#146=VECTOR('',#1106,1.);
#147=VECTOR('',#1107,1.);
#148=VECTOR('',#1108,1.);
#149=VECTOR('',#1109,1.);
#150=VECTOR('',#1112,1.);
#151=VECTOR('',#1113,1.);
#152=VECTOR('',#1118,1.);
#153=VECTOR('',#1123,1.);
#154=VECTOR('',#1126,1.);
#155=VECTOR('',#1129,1.);
#156=VECTOR('',#1130,1.);
#157=VECTOR('',#1131,1.);
#158=VECTOR('',#1136,1.);
#159=VECTOR('',#1137,1.);
#160=VECTOR('',#1138,1.);
#161=VECTOR('',#1139,1.);
#162=VECTOR('',#1140,1.);
#163=VECTOR('',#1141,1.);
#164=VECTOR('',#1142,1.);
#165=VECTOR('',#1143,1.);
#166=VECTOR('',#1150,1.);
#167=VECTOR('',#1155,1.);
#168=VECTOR('',#1158,1.);
#169=VECTOR('',#1161,1.);
#170=VECTOR('',#1162,1.);
#171=VECTOR('',#1163,1.);
#172=VECTOR('',#1168,1.);
#173=VECTOR('',#1169,1.);
#174=VECTOR('',#1176,1.);
#175=VECTOR('',#1181,1.);
#176=VECTOR('',#1184,1.);
#177=VECTOR('',#1187,1.);
#178=VECTOR('',#1188,1.);
#179=VECTOR('',#1189,1.);
#180=VECTOR('',#1194,1.);
#181=VECTOR('',#1195,1.);
#182=VECTOR('',#1200,1.);
#183=VECTOR('',#1203,1.);
#184=VECTOR('',#1204,1.);
#185=VECTOR('',#1205,1.);
#186=VECTOR('',#1206,1.);
#187=VECTOR('',#1211,1.);
#188=VECTOR('',#1212,1.);
#189=VECTOR('',#1213,1.);
#190=VECTOR('',#1218,1.);
#191=VECTOR('',#1221,1.);
#192=VECTOR('',#1222,1.);
#193=VECTOR('',#1223,1.);
#194=VECTOR('',#1224,1.);
#195=VECTOR('',#1229,1.);
#196=VECTOR('',#1230,1.);
#197=VECTOR('',#1231,1.);
#198=(
B_SPLINE_CURVE(1,(#1244,#1245),.UNSPECIFIED.,.F.,.F.)
B_SPLINE_CURVE_WITH_KNOTS((2,2),(0.,1.),.PIECEWISE_BEZIER_KNOTS.)
BOUNDED_CURVE()
CURVE()
GEOMETRIC_REPRESENTATION_ITEM()
RATIONAL_B_SPLINE_CURVE((1.,1.))
REPRESENTATION_ITEM('')
);
#199=(
B_SPLINE_CURVE(1,(#1357,#1358),.UNSPECIFIED.,.F.,.F.)
B_SPLINE_CURVE_WITH_KNOTS((2,2),(0.,1.),.PIECEWISE_BEZIER_KNOTS.)
BOUNDED_CURVE()
CURVE()
GEOMETRIC_REPRESENTATION_ITEM()
RATIONAL_B_SPLINE_CURVE((1.,1.))
REPRESENTATION_ITEM('')
);
#200=(
B_SPLINE_CURVE(1,(#1576,#1577),.UNSPECIFIED.,.F.,.F.)
B_SPLINE_CURVE_WITH_KNOTS((2,2),(0.,1.),.PIECEWISE_BEZIER_KNOTS.)
BOUNDED_CURVE()
CURVE()
GEOMETRIC_REPRESENTATION_ITEM()
RATIONAL_B_SPLINE_CURVE((1.,1.))
REPRESENTATION_ITEM('')
);
#201=(
B_SPLINE_CURVE(1,(#1632,#1633),.UNSPECIFIED.,.F.,.F.)
B_SPLINE_CURVE_WITH_KNOTS((2,2),(0.,1.),.PIECEWISE_BEZIER_KNOTS.)
BOUNDED_CURVE()
CURVE()
GEOMETRIC_REPRESENTATION_ITEM()
RATIONAL_B_SPLINE_CURVE((1.,1.))
REPRESENTATION_ITEM('')
);
#202=(
B_SPLINE_CURVE(1,(#1770,#1771),.UNSPECIFIED.,.F.,.F.)
B_SPLINE_CURVE_WITH_KNOTS((2,2),(0.,1.),.PIECEWISE_BEZIER_KNOTS.)
BOUNDED_CURVE()
CURVE()
GEOMETRIC_REPRESENTATION_ITEM()
RATIONAL_B_SPLINE_CURVE((1.,1.))
REPRESENTATION_ITEM('')
);
#203=(
B_SPLINE_CURVE(1,(#1840,#1841),.UNSPECIFIED.,.F.,.F.)
B_SPLINE_CURVE_WITH_KNOTS((2,2),(0.,1.),.PIECEWISE_BEZIER_KNOTS.)
BOUNDED_CURVE()
CURVE()
GEOMETRIC_REPRESENTATION_ITEM()
RATIONAL_B_SPLINE_CURVE((1.,1.))
REPRESENTATION_ITEM('')
);
#204=(
B_SPLINE_CURVE(1,(#2089,#2090),.UNSPECIFIED.,.F.,.F.)
B_SPLINE_CURVE_WITH_KNOTS((2,2),(0.,1.),.PIECEWISE_BEZIER_KNOTS.)
BOUNDED_CURVE()
CURVE()
GEOMETRIC_REPRESENTATION_ITEM()
RATIONAL_B_SPLINE_CURVE((1.,1.))
REPRESENTATION_ITEM('')
);
#205=(
B_SPLINE_CURVE(1,(#2106,#2107),.UNSPECIFIED.,.F.,.F.)
B_SPLINE_CURVE_WITH_KNOTS((2,2),(0.,1.),.PIECEWISE_BEZIER_KNOTS.)
BOUNDED_CURVE()
CURVE()
GEOMETRIC_REPRESENTATION_ITEM()
RATIONAL_B_SPLINE_CURVE((1.,1.))
REPRESENTATION_ITEM('')
);
#206=(
B_SPLINE_CURVE(1,(#2197,#2198),.UNSPECIFIED.,.F.,.F.)
B_SPLINE_CURVE_WITH_KNOTS((2,2),(0.,1.),.PIECEWISE_BEZIER_KNOTS.)
BOUNDED_CURVE()
CURVE()
GEOMETRIC_REPRESENTATION_ITEM()
RATIONAL_B_SPLINE_CURVE((1.,1.))
REPRESENTATION_ITEM('')
);
#207=(
B_SPLINE_CURVE(1,(#2258,#2259),.UNSPECIFIED.,.F.,.F.)
B_SPLINE_CURVE_WITH_KNOTS((2,2),(0.,1.),.PIECEWISE_BEZIER_KNOTS.)
BOUNDED_CURVE()
CURVE()
GEOMETRIC_REPRESENTATION_ITEM()
RATIONAL_B_SPLINE_CURVE((1.,1.))
REPRESENTATION_ITEM('')
);
#208=(
B_SPLINE_CURVE(1,(#2352,#2353),.UNSPECIFIED.,.F.,.F.)
B_SPLINE_CURVE_WITH_KNOTS((2,2),(0.,1.),.PIECEWISE_BEZIER_KNOTS.)
BOUNDED_CURVE()
CURVE()
GEOMETRIC_REPRESENTATION_ITEM()
RATIONAL_B_SPLINE_CURVE((1.,1.))
REPRESENTATION_ITEM('')
);
#209=(
B_SPLINE_CURVE(1,(#2369,#2370),.UNSPECIFIED.,.F.,.F.)
B_SPLINE_CURVE_WITH_KNOTS((2,2),(0.,1.),.PIECEWISE_BEZIER_KNOTS.)
BOUNDED_CURVE()
CURVE()
GEOMETRIC_REPRESENTATION_ITEM()
RATIONAL_B_SPLINE_CURVE((1.,1.))
REPRESENTATION_ITEM('')
);
#210=ORIENTED_EDGE('',*,*,#482,.T.);
#211=ORIENTED_EDGE('',*,*,#483,.T.);
#212=ORIENTED_EDGE('',*,*,#484,.T.);
#213=ORIENTED_EDGE('',*,*,#485,.F.);
#214=ORIENTED_EDGE('',*,*,#486,.T.);
#215=ORIENTED_EDGE('',*,*,#487,.T.);
#216=ORIENTED_EDGE('',*,*,#488,.T.);
#217=ORIENTED_EDGE('',*,*,#489,.T.);
#218=ORIENTED_EDGE('',*,*,#490,.F.);
#219=ORIENTED_EDGE('',*,*,#491,.T.);
#220=ORIENTED_EDGE('',*,*,#492,.F.);
#221=ORIENTED_EDGE('',*,*,#493,.T.);
#222=ORIENTED_EDGE('',*,*,#492,.T.);
#223=ORIENTED_EDGE('',*,*,#494,.T.);
#224=ORIENTED_EDGE('',*,*,#495,.T.);
#225=ORIENTED_EDGE('',*,*,#484,.F.);
#226=ORIENTED_EDGE('',*,*,#496,.F.);
#227=ORIENTED_EDGE('',*,*,#497,.F.);
#228=ORIENTED_EDGE('',*,*,#493,.F.);
#229=ORIENTED_EDGE('',*,*,#497,.T.);
#230=ORIENTED_EDGE('',*,*,#498,.T.);
#231=ORIENTED_EDGE('',*,*,#499,.F.);
#232=ORIENTED_EDGE('',*,*,#500,.T.);
#233=ORIENTED_EDGE('',*,*,#490,.T.);
#234=ORIENTED_EDGE('',*,*,#499,.T.);
#235=ORIENTED_EDGE('',*,*,#501,.F.);
#236=ORIENTED_EDGE('',*,*,#482,.F.);
#237=ORIENTED_EDGE('',*,*,#502,.F.);
#238=ORIENTED_EDGE('',*,*,#503,.F.);
#239=ORIENTED_EDGE('',*,*,#502,.T.);
#240=ORIENTED_EDGE('',*,*,#485,.T.);
#241=ORIENTED_EDGE('',*,*,#495,.F.);
#242=ORIENTED_EDGE('',*,*,#491,.F.);
#243=ORIENTED_EDGE('',*,*,#500,.F.);
#244=ORIENTED_EDGE('',*,*,#503,.T.);
#245=ORIENTED_EDGE('',*,*,#494,.F.);
#246=ORIENTED_EDGE('',*,*,#483,.F.);
#247=ORIENTED_EDGE('',*,*,#501,.T.);
#248=ORIENTED_EDGE('',*,*,#498,.F.);
#249=ORIENTED_EDGE('',*,*,#496,.T.);
#250=ORIENTED_EDGE('',*,*,#504,.T.);
#251=ORIENTED_EDGE('',*,*,#505,.T.);
#252=ORIENTED_EDGE('',*,*,#506,.T.);
#253=ORIENTED_EDGE('',*,*,#507,.T.);
#254=ORIENTED_EDGE('',*,*,#505,.F.);
#255=ORIENTED_EDGE('',*,*,#508,.T.);
#256=ORIENTED_EDGE('',*,*,#489,.F.);
#257=ORIENTED_EDGE('',*,*,#509,.F.);
#258=ORIENTED_EDGE('',*,*,#504,.F.);
#259=ORIENTED_EDGE('',*,*,#510,.T.);
#260=ORIENTED_EDGE('',*,*,#486,.F.);
#261=ORIENTED_EDGE('',*,*,#508,.F.);
#262=ORIENTED_EDGE('',*,*,#507,.F.);
#263=ORIENTED_EDGE('',*,*,#511,.T.);
#264=ORIENTED_EDGE('',*,*,#487,.F.);
#265=ORIENTED_EDGE('',*,*,#510,.F.);
#266=ORIENTED_EDGE('',*,*,#506,.F.);
#267=ORIENTED_EDGE('',*,*,#509,.T.);
#268=ORIENTED_EDGE('',*,*,#488,.F.);
#269=ORIENTED_EDGE('',*,*,#511,.F.);
#270=ORIENTED_EDGE('',*,*,#512,.F.);
#271=ORIENTED_EDGE('',*,*,#513,.T.);
#272=ORIENTED_EDGE('',*,*,#514,.F.);
#273=ORIENTED_EDGE('',*,*,#515,.F.);
#274=ORIENTED_EDGE('',*,*,#516,.F.);
#275=ORIENTED_EDGE('',*,*,#517,.F.);
#276=ORIENTED_EDGE('',*,*,#518,.T.);
#277=ORIENTED_EDGE('',*,*,#519,.T.);
#278=ORIENTED_EDGE('',*,*,#520,.T.);
#279=ORIENTED_EDGE('',*,*,#521,.T.);
#280=ORIENTED_EDGE('',*,*,#522,.T.);
#281=ORIENTED_EDGE('',*,*,#523,.T.);
#282=ORIENTED_EDGE('',*,*,#524,.T.);
#283=ORIENTED_EDGE('',*,*,#525,.F.);
#284=ORIENTED_EDGE('',*,*,#515,.T.);
#285=ORIENTED_EDGE('',*,*,#514,.T.);
#286=ORIENTED_EDGE('',*,*,#526,.T.);
#287=ORIENTED_EDGE('',*,*,#527,.F.);
#288=ORIENTED_EDGE('',*,*,#528,.T.);
#289=ORIENTED_EDGE('',*,*,#529,.F.);
#290=ORIENTED_EDGE('',*,*,#530,.T.);
#291=ORIENTED_EDGE('',*,*,#529,.T.);
#292=ORIENTED_EDGE('',*,*,#531,.T.);
#293=ORIENTED_EDGE('',*,*,#532,.T.);
#294=ORIENTED_EDGE('',*,*,#524,.F.);
#295=ORIENTED_EDGE('',*,*,#533,.F.);
#296=ORIENTED_EDGE('',*,*,#534,.F.);
#297=ORIENTED_EDGE('',*,*,#530,.F.);
#298=ORIENTED_EDGE('',*,*,#534,.T.);
#299=ORIENTED_EDGE('',*,*,#535,.T.);
#300=ORIENTED_EDGE('',*,*,#536,.F.);
#301=ORIENTED_EDGE('',*,*,#537,.T.);
#302=ORIENTED_EDGE('',*,*,#527,.T.);
#303=ORIENTED_EDGE('',*,*,#536,.T.);
#304=ORIENTED_EDGE('',*,*,#538,.F.);
#305=ORIENTED_EDGE('',*,*,#522,.F.);
#306=ORIENTED_EDGE('',*,*,#539,.F.);
#307=ORIENTED_EDGE('',*,*,#540,.F.);
#308=ORIENTED_EDGE('',*,*,#539,.T.);
#309=ORIENTED_EDGE('',*,*,#525,.T.);
#310=ORIENTED_EDGE('',*,*,#532,.F.);
#311=ORIENTED_EDGE('',*,*,#528,.F.);
#312=ORIENTED_EDGE('',*,*,#537,.F.);
#313=ORIENTED_EDGE('',*,*,#540,.T.);
#314=ORIENTED_EDGE('',*,*,#531,.F.);
#315=ORIENTED_EDGE('',*,*,#541,.T.);
#316=ORIENTED_EDGE('',*,*,#542,.T.);
#317=ORIENTED_EDGE('',*,*,#543,.T.);
#318=ORIENTED_EDGE('',*,*,#544,.T.);
#319=ORIENTED_EDGE('',*,*,#523,.F.);
#320=ORIENTED_EDGE('',*,*,#538,.T.);
#321=ORIENTED_EDGE('',*,*,#535,.F.);
#322=ORIENTED_EDGE('',*,*,#533,.T.);
#323=ORIENTED_EDGE('',*,*,#545,.T.);
#324=ORIENTED_EDGE('',*,*,#512,.T.);
#325=ORIENTED_EDGE('',*,*,#517,.T.);
#326=ORIENTED_EDGE('',*,*,#519,.F.);
#327=ORIENTED_EDGE('',*,*,#546,.T.);
#328=ORIENTED_EDGE('',*,*,#544,.F.);
#329=ORIENTED_EDGE('',*,*,#547,.F.);
#330=ORIENTED_EDGE('',*,*,#518,.F.);
#331=ORIENTED_EDGE('',*,*,#548,.T.);
#332=ORIENTED_EDGE('',*,*,#541,.F.);
#333=ORIENTED_EDGE('',*,*,#546,.F.);
#334=ORIENTED_EDGE('',*,*,#521,.F.);
#335=ORIENTED_EDGE('',*,*,#549,.T.);
#336=ORIENTED_EDGE('',*,*,#542,.F.);
#337=ORIENTED_EDGE('',*,*,#548,.F.);
#338=ORIENTED_EDGE('',*,*,#520,.F.);
#339=ORIENTED_EDGE('',*,*,#547,.T.);
#340=ORIENTED_EDGE('',*,*,#543,.F.);
#341=ORIENTED_EDGE('',*,*,#549,.F.);
#342=ORIENTED_EDGE('',*,*,#513,.F.);
#343=ORIENTED_EDGE('',*,*,#545,.F.);
#344=ORIENTED_EDGE('',*,*,#516,.T.);
#345=ORIENTED_EDGE('',*,*,#526,.F.);
#346=ORIENTED_EDGE('',*,*,#550,.T.);
#347=ORIENTED_EDGE('',*,*,#551,.T.);
#348=ORIENTED_EDGE('',*,*,#552,.T.);
#349=ORIENTED_EDGE('',*,*,#553,.F.);
#350=ORIENTED_EDGE('',*,*,#554,.F.);
#351=ORIENTED_EDGE('',*,*,#555,.T.);
#352=ORIENTED_EDGE('',*,*,#556,.F.);
#353=ORIENTED_EDGE('',*,*,#557,.T.);
#354=ORIENTED_EDGE('',*,*,#556,.T.);
#355=ORIENTED_EDGE('',*,*,#558,.T.);
#356=ORIENTED_EDGE('',*,*,#559,.T.);
#357=ORIENTED_EDGE('',*,*,#552,.F.);
#358=ORIENTED_EDGE('',*,*,#560,.F.);
#359=ORIENTED_EDGE('',*,*,#561,.F.);
#360=ORIENTED_EDGE('',*,*,#557,.F.);
#361=ORIENTED_EDGE('',*,*,#561,.T.);
#362=ORIENTED_EDGE('',*,*,#562,.T.);
#363=ORIENTED_EDGE('',*,*,#563,.F.);
#364=ORIENTED_EDGE('',*,*,#564,.T.);
#365=ORIENTED_EDGE('',*,*,#554,.T.);
#366=ORIENTED_EDGE('',*,*,#563,.T.);
#367=ORIENTED_EDGE('',*,*,#565,.F.);
#368=ORIENTED_EDGE('',*,*,#550,.F.);
#369=ORIENTED_EDGE('',*,*,#566,.F.);
#370=ORIENTED_EDGE('',*,*,#567,.F.);
#371=ORIENTED_EDGE('',*,*,#566,.T.);
#372=ORIENTED_EDGE('',*,*,#553,.T.);
#373=ORIENTED_EDGE('',*,*,#559,.F.);
#374=ORIENTED_EDGE('',*,*,#555,.F.);
#375=ORIENTED_EDGE('',*,*,#564,.F.);
#376=ORIENTED_EDGE('',*,*,#567,.T.);
#377=ORIENTED_EDGE('',*,*,#558,.F.);
#378=ORIENTED_EDGE('',*,*,#551,.F.);
#379=ORIENTED_EDGE('',*,*,#565,.T.);
#380=ORIENTED_EDGE('',*,*,#562,.F.);
#381=ORIENTED_EDGE('',*,*,#560,.T.);
#382=ORIENTED_EDGE('',*,*,#568,.F.);
#383=ORIENTED_EDGE('',*,*,#569,.T.);
#384=ORIENTED_EDGE('',*,*,#570,.F.);
#385=ORIENTED_EDGE('',*,*,#571,.F.);
#386=ORIENTED_EDGE('',*,*,#572,.F.);
#387=ORIENTED_EDGE('',*,*,#573,.F.);
#388=ORIENTED_EDGE('',*,*,#574,.T.);
#389=ORIENTED_EDGE('',*,*,#568,.T.);
#390=ORIENTED_EDGE('',*,*,#573,.T.);
#391=ORIENTED_EDGE('',*,*,#575,.T.);
#392=ORIENTED_EDGE('',*,*,#576,.T.);
#393=ORIENTED_EDGE('',*,*,#577,.T.);
#394=ORIENTED_EDGE('',*,*,#578,.F.);
#395=ORIENTED_EDGE('',*,*,#579,.F.);
#396=ORIENTED_EDGE('',*,*,#580,.T.);
#397=ORIENTED_EDGE('',*,*,#581,.F.);
#398=ORIENTED_EDGE('',*,*,#582,.T.);
#399=ORIENTED_EDGE('',*,*,#581,.T.);
#400=ORIENTED_EDGE('',*,*,#583,.T.);
#401=ORIENTED_EDGE('',*,*,#584,.T.);
#402=ORIENTED_EDGE('',*,*,#577,.F.);
#403=ORIENTED_EDGE('',*,*,#585,.F.);
#404=ORIENTED_EDGE('',*,*,#586,.F.);
#405=ORIENTED_EDGE('',*,*,#582,.F.);
#406=ORIENTED_EDGE('',*,*,#586,.T.);
#407=ORIENTED_EDGE('',*,*,#587,.T.);
#408=ORIENTED_EDGE('',*,*,#588,.F.);
#409=ORIENTED_EDGE('',*,*,#589,.T.);
#410=ORIENTED_EDGE('',*,*,#579,.T.);
#411=ORIENTED_EDGE('',*,*,#588,.T.);
#412=ORIENTED_EDGE('',*,*,#590,.F.);
#413=ORIENTED_EDGE('',*,*,#575,.F.);
#414=ORIENTED_EDGE('',*,*,#591,.F.);
#415=ORIENTED_EDGE('',*,*,#592,.F.);
#416=ORIENTED_EDGE('',*,*,#591,.T.);
#417=ORIENTED_EDGE('',*,*,#578,.T.);
#418=ORIENTED_EDGE('',*,*,#584,.F.);
#419=ORIENTED_EDGE('',*,*,#580,.F.);
#420=ORIENTED_EDGE('',*,*,#589,.F.);
#421=ORIENTED_EDGE('',*,*,#592,.T.);
#422=ORIENTED_EDGE('',*,*,#583,.F.);
#423=ORIENTED_EDGE('',*,*,#571,.T.);
#424=ORIENTED_EDGE('',*,*,#570,.T.);
#425=ORIENTED_EDGE('',*,*,#593,.T.);
#426=ORIENTED_EDGE('',*,*,#576,.F.);
#427=ORIENTED_EDGE('',*,*,#590,.T.);
#428=ORIENTED_EDGE('',*,*,#587,.F.);
#429=ORIENTED_EDGE('',*,*,#585,.T.);
#430=ORIENTED_EDGE('',*,*,#569,.F.);
#431=ORIENTED_EDGE('',*,*,#574,.F.);
#432=ORIENTED_EDGE('',*,*,#572,.T.);
#433=ORIENTED_EDGE('',*,*,#593,.F.);
#434=ORIENTED_EDGE('',*,*,#594,.T.);
#435=ORIENTED_EDGE('',*,*,#595,.T.);
#436=ORIENTED_EDGE('',*,*,#596,.F.);
#437=ORIENTED_EDGE('',*,*,#597,.F.);
#438=ORIENTED_EDGE('',*,*,#598,.F.);
#439=ORIENTED_EDGE('',*,*,#597,.T.);
#440=ORIENTED_EDGE('',*,*,#599,.T.);
#441=ORIENTED_EDGE('',*,*,#600,.F.);
#442=ORIENTED_EDGE('',*,*,#601,.T.);
#443=ORIENTED_EDGE('',*,*,#600,.T.);
#444=ORIENTED_EDGE('',*,*,#602,.F.);
#445=ORIENTED_EDGE('',*,*,#603,.F.);
#446=ORIENTED_EDGE('',*,*,#604,.F.);
#447=ORIENTED_EDGE('',*,*,#603,.T.);
#448=ORIENTED_EDGE('',*,*,#605,.T.);
#449=ORIENTED_EDGE('',*,*,#595,.F.);
#450=ORIENTED_EDGE('',*,*,#604,.T.);
#451=ORIENTED_EDGE('',*,*,#594,.F.);
#452=ORIENTED_EDGE('',*,*,#598,.T.);
#453=ORIENTED_EDGE('',*,*,#601,.F.);
#454=ORIENTED_EDGE('',*,*,#605,.F.);
#455=ORIENTED_EDGE('',*,*,#602,.T.);
#456=ORIENTED_EDGE('',*,*,#599,.F.);
#457=ORIENTED_EDGE('',*,*,#596,.T.);
#458=ORIENTED_EDGE('',*,*,#606,.T.);
#459=ORIENTED_EDGE('',*,*,#607,.T.);
#460=ORIENTED_EDGE('',*,*,#608,.F.);
#461=ORIENTED_EDGE('',*,*,#609,.F.);
#462=ORIENTED_EDGE('',*,*,#610,.F.);
#463=ORIENTED_EDGE('',*,*,#609,.T.);
#464=ORIENTED_EDGE('',*,*,#611,.T.);
#465=ORIENTED_EDGE('',*,*,#612,.F.);
#466=ORIENTED_EDGE('',*,*,#613,.T.);
#467=ORIENTED_EDGE('',*,*,#612,.T.);
#468=ORIENTED_EDGE('',*,*,#614,.F.);
#469=ORIENTED_EDGE('',*,*,#615,.F.);
#470=ORIENTED_EDGE('',*,*,#616,.F.);
#471=ORIENTED_EDGE('',*,*,#615,.T.);
#472=ORIENTED_EDGE('',*,*,#617,.T.);
#473=ORIENTED_EDGE('',*,*,#607,.F.);
#474=ORIENTED_EDGE('',*,*,#616,.T.);
#475=ORIENTED_EDGE('',*,*,#606,.F.);
#476=ORIENTED_EDGE('',*,*,#610,.T.);
#477=ORIENTED_EDGE('',*,*,#613,.F.);
#478=ORIENTED_EDGE('',*,*,#617,.F.);
#479=ORIENTED_EDGE('',*,*,#614,.T.);
#480=ORIENTED_EDGE('',*,*,#611,.F.);
#481=ORIENTED_EDGE('',*,*,#608,.T.);
#482=EDGE_CURVE('',#618,#619,#710,.T.);
#483=EDGE_CURVE('',#619,#620,#198,.T.);
#484=EDGE_CURVE('',#620,#621,#711,.T.);
#485=EDGE_CURVE('',#618,#621,#70,.T.);
#486=EDGE_CURVE('',#622,#623,#71,.T.);
#487=EDGE_CURVE('',#623,#624,#50,.T.);
#488=EDGE_CURVE('',#624,#625,#72,.T.);
#489=EDGE_CURVE('',#625,#622,#51,.T.);
#490=EDGE_CURVE('',#626,#627,#712,.T.);
#491=EDGE_CURVE('',#626,#628,#199,.T.);
#492=EDGE_CURVE('',#629,#628,#713,.T.);
#493=EDGE_CURVE('',#629,#627,#73,.T.);
#494=EDGE_CURVE('',#628,#630,#714,.T.);
#495=EDGE_CURVE('',#630,#621,#74,.T.);
#496=EDGE_CURVE('',#631,#620,#715,.T.);
#497=EDGE_CURVE('',#629,#631,#75,.T.);
#498=EDGE_CURVE('',#631,#632,#76,.T.);
#499=EDGE_CURVE('',#627,#632,#77,.T.);
#500=EDGE_CURVE('',#633,#626,#716,.T.);
#501=EDGE_CURVE('',#619,#632,#717,.T.);
#502=EDGE_CURVE('',#633,#618,#78,.T.);
#503=EDGE_CURVE('',#633,#630,#79,.T.);
#504=EDGE_CURVE('',#634,#635,#80,.T.);
#505=EDGE_CURVE('',#635,#636,#52,.T.);
#506=EDGE_CURVE('',#636,#637,#81,.T.);
#507=EDGE_CURVE('',#637,#634,#53,.T.);
#508=EDGE_CURVE('',#635,#622,#82,.T.);
#509=EDGE_CURVE('',#636,#625,#83,.T.);
#510=EDGE_CURVE('',#634,#623,#84,.T.);
#511=EDGE_CURVE('',#637,#624,#85,.T.);
#512=EDGE_CURVE('',#638,#639,#54,.T.);
#513=EDGE_CURVE('',#638,#640,#200,.T.);
#514=EDGE_CURVE('',#641,#640,#55,.T.);
#515=EDGE_CURVE('',#642,#641,#56,.T.);
#516=EDGE_CURVE('',#643,#642,#201,.T.);
#517=EDGE_CURVE('',#639,#643,#57,.T.);
#518=EDGE_CURVE('',#644,#645,#86,.T.);
#519=EDGE_CURVE('',#645,#646,#58,.T.);
#520=EDGE_CURVE('',#646,#647,#87,.T.);
#521=EDGE_CURVE('',#647,#644,#59,.T.);
#522=EDGE_CURVE('',#648,#649,#718,.T.);
#523=EDGE_CURVE('',#649,#650,#202,.T.);
#524=EDGE_CURVE('',#650,#651,#719,.T.);
#525=EDGE_CURVE('',#648,#651,#88,.T.);
#526=EDGE_CURVE('',#640,#642,#60,.T.);
#527=EDGE_CURVE('',#652,#653,#720,.T.);
#528=EDGE_CURVE('',#652,#654,#203,.T.);
#529=EDGE_CURVE('',#655,#654,#721,.T.);
#530=EDGE_CURVE('',#655,#653,#89,.T.);
#531=EDGE_CURVE('',#654,#656,#722,.T.);
#532=EDGE_CURVE('',#656,#651,#90,.T.);
#533=EDGE_CURVE('',#657,#650,#723,.T.);
#534=EDGE_CURVE('',#655,#657,#91,.T.);
#535=EDGE_CURVE('',#657,#658,#92,.T.);
#536=EDGE_CURVE('',#653,#658,#93,.T.);
#537=EDGE_CURVE('',#659,#652,#724,.T.);
#538=EDGE_CURVE('',#649,#658,#725,.T.);
#539=EDGE_CURVE('',#659,#648,#94,.T.);
#540=EDGE_CURVE('',#659,#656,#95,.T.);
#541=EDGE_CURVE('',#660,#661,#96,.T.);
#542=EDGE_CURVE('',#661,#662,#61,.T.);
#543=EDGE_CURVE('',#662,#663,#97,.T.);
#544=EDGE_CURVE('',#663,#660,#62,.T.);
#545=EDGE_CURVE('',#643,#638,#63,.T.);
#546=EDGE_CURVE('',#645,#660,#98,.T.);
#547=EDGE_CURVE('',#646,#663,#99,.T.);
#548=EDGE_CURVE('',#644,#661,#100,.T.);
#549=EDGE_CURVE('',#647,#662,#101,.T.);
#550=EDGE_CURVE('',#664,#665,#726,.T.);
#551=EDGE_CURVE('',#665,#666,#204,.T.);
#552=EDGE_CURVE('',#666,#667,#727,.T.);
#553=EDGE_CURVE('',#664,#667,#102,.T.);
#554=EDGE_CURVE('',#668,#669,#728,.T.);
#555=EDGE_CURVE('',#668,#670,#205,.T.);
#556=EDGE_CURVE('',#671,#670,#729,.T.);
#557=EDGE_CURVE('',#671,#669,#103,.T.);
#558=EDGE_CURVE('',#670,#672,#730,.T.);
#559=EDGE_CURVE('',#672,#667,#104,.T.);
#560=EDGE_CURVE('',#673,#666,#731,.T.);
#561=EDGE_CURVE('',#671,#673,#105,.T.);
#562=EDGE_CURVE('',#673,#674,#106,.T.);
#563=EDGE_CURVE('',#669,#674,#107,.T.);
#564=EDGE_CURVE('',#675,#668,#732,.T.);
#565=EDGE_CURVE('',#665,#674,#733,.T.);
#566=EDGE_CURVE('',#675,#664,#108,.T.);
#567=EDGE_CURVE('',#675,#672,#109,.T.);
#568=EDGE_CURVE('',#676,#677,#64,.T.);
#569=EDGE_CURVE('',#676,#678,#206,.T.);
#570=EDGE_CURVE('',#679,#678,#65,.T.);
#571=EDGE_CURVE('',#680,#679,#66,.T.);
#572=EDGE_CURVE('',#681,#680,#207,.T.);
#573=EDGE_CURVE('',#677,#681,#67,.T.);
#574=EDGE_CURVE('',#681,#676,#68,.T.);
#575=EDGE_CURVE('',#682,#683,#734,.T.);
#576=EDGE_CURVE('',#683,#684,#208,.T.);
#577=EDGE_CURVE('',#684,#685,#735,.T.);
#578=EDGE_CURVE('',#682,#685,#110,.T.);
#579=EDGE_CURVE('',#686,#687,#736,.T.);
#580=EDGE_CURVE('',#686,#688,#209,.T.);
#581=EDGE_CURVE('',#689,#688,#737,.T.);
#582=EDGE_CURVE('',#689,#687,#111,.T.);
#583=EDGE_CURVE('',#688,#690,#738,.T.);
#584=EDGE_CURVE('',#690,#685,#112,.T.);
#585=EDGE_CURVE('',#691,#684,#739,.T.);
#586=EDGE_CURVE('',#689,#691,#113,.T.);
#587=EDGE_CURVE('',#691,#692,#114,.T.);
#588=EDGE_CURVE('',#687,#692,#115,.T.);
#589=EDGE_CURVE('',#693,#686,#740,.T.);
#590=EDGE_CURVE('',#683,#692,#741,.T.);
#591=EDGE_CURVE('',#693,#682,#116,.T.);
#592=EDGE_CURVE('',#693,#690,#117,.T.);
#593=EDGE_CURVE('',#678,#680,#69,.T.);
#594=EDGE_CURVE('',#694,#695,#742,.T.);
#595=EDGE_CURVE('',#695,#696,#118,.T.);
#596=EDGE_CURVE('',#697,#696,#743,.T.);
#597=EDGE_CURVE('',#694,#697,#119,.T.);
#598=EDGE_CURVE('',#694,#698,#120,.T.);
#599=EDGE_CURVE('',#697,#699,#121,.T.);
#600=EDGE_CURVE('',#698,#699,#122,.T.);
#601=EDGE_CURVE('',#700,#698,#744,.T.);
#602=EDGE_CURVE('',#701,#699,#745,.T.);
#603=EDGE_CURVE('',#700,#701,#123,.T.);
#604=EDGE_CURVE('',#700,#695,#124,.T.);
#605=EDGE_CURVE('',#701,#696,#125,.T.);
#606=EDGE_CURVE('',#702,#703,#746,.T.);
#607=EDGE_CURVE('',#703,#704,#126,.T.);
#608=EDGE_CURVE('',#705,#704,#747,.T.);
#609=EDGE_CURVE('',#702,#705,#127,.T.);
#610=EDGE_CURVE('',#702,#706,#128,.T.);
#611=EDGE_CURVE('',#705,#707,#129,.T.);
#612=EDGE_CURVE('',#706,#707,#130,.T.);
#613=EDGE_CURVE('',#708,#706,#748,.T.);
#614=EDGE_CURVE('',#709,#707,#749,.T.);
#615=EDGE_CURVE('',#708,#709,#131,.T.);
#616=EDGE_CURVE('',#708,#703,#132,.T.);
#617=EDGE_CURVE('',#709,#704,#133,.T.);
#618=VERTEX_POINT('',#1242);
#619=VERTEX_POINT('',#1243);
#620=VERTEX_POINT('',#1246);
#621=VERTEX_POINT('',#1248);
#622=VERTEX_POINT('',#1259);
#623=VERTEX_POINT('',#1260);
#624=VERTEX_POINT('',#1306);
#625=VERTEX_POINT('',#1308);
#626=VERTEX_POINT('',#1355);
#627=VERTEX_POINT('',#1356);
#628=VERTEX_POINT('',#1359);
#629=VERTEX_POINT('',#1361);
#630=VERTEX_POINT('',#1368);
#631=VERTEX_POINT('',#1371);
#632=VERTEX_POINT('',#1378);
#633=VERTEX_POINT('',#1385);
#634=VERTEX_POINT('',#1410);
#635=VERTEX_POINT('',#1411);
#636=VERTEX_POINT('',#1457);
#637=VERTEX_POINT('',#1459);
#638=VERTEX_POINT('',#1574);
#639=VERTEX_POINT('',#1575);
#640=VERTEX_POINT('',#1578);
#641=VERTEX_POINT('',#1604);
#642=VERTEX_POINT('',#1631);
#643=VERTEX_POINT('',#1634);
#644=VERTEX_POINT('',#1672);
#645=VERTEX_POINT('',#1673);
#646=VERTEX_POINT('',#1719);
#647=VERTEX_POINT('',#1721);
#648=VERTEX_POINT('',#1768);
#649=VERTEX_POINT('',#1769);
#650=VERTEX_POINT('',#1772);
#651=VERTEX_POINT('',#1774);
#652=VERTEX_POINT('',#1838);
#653=VERTEX_POINT('',#1839);
#654=VERTEX_POINT('',#1842);
#655=VERTEX_POINT('',#1844);
#656=VERTEX_POINT('',#1851);
#657=VERTEX_POINT('',#1854);
#658=VERTEX_POINT('',#1861);
#659=VERTEX_POINT('',#1868);
#660=VERTEX_POINT('',#1885);
#661=VERTEX_POINT('',#1886);
#662=VERTEX_POINT('',#1932);
#663=VERTEX_POINT('',#1934);
#664=VERTEX_POINT('',#2087);
#665=VERTEX_POINT('',#2088);
#666=VERTEX_POINT('',#2091);
#667=VERTEX_POINT('',#2093);
#668=VERTEX_POINT('',#2104);
#669=VERTEX_POINT('',#2105);
#670=VERTEX_POINT('',#2108);
#671=VERTEX_POINT('',#2110);
#672=VERTEX_POINT('',#2117);
#673=VERTEX_POINT('',#2120);
#674=VERTEX_POINT('',#2127);
#675=VERTEX_POINT('',#2134);
#676=VERTEX_POINT('',#2195);
#677=VERTEX_POINT('',#2196);
#678=VERTEX_POINT('',#2199);
#679=VERTEX_POINT('',#2228);
#680=VERTEX_POINT('',#2257);
#681=VERTEX_POINT('',#2260);
#682=VERTEX_POINT('',#2350);
#683=VERTEX_POINT('',#2351);
#684=VERTEX_POINT('',#2354);
#685=VERTEX_POINT('',#2356);
#686=VERTEX_POINT('',#2367);
#687=VERTEX_POINT('',#2368);
#688=VERTEX_POINT('',#2371);
#689=VERTEX_POINT('',#2373);
#690=VERTEX_POINT('',#2380);
#691=VERTEX_POINT('',#2383);
#692=VERTEX_POINT('',#2390);
#693=VERTEX_POINT('',#2397);
#694=VERTEX_POINT('',#2489);
#695=VERTEX_POINT('',#2490);
#696=VERTEX_POINT('',#2492);
#697=VERTEX_POINT('',#2494);
#698=VERTEX_POINT('',#2501);
#699=VERTEX_POINT('',#2503);
#700=VERTEX_POINT('',#2510);
#701=VERTEX_POINT('',#2512);
#702=VERTEX_POINT('',#2554);
#703=VERTEX_POINT('',#2555);
#704=VERTEX_POINT('',#2557);
#705=VERTEX_POINT('',#2559);
#706=VERTEX_POINT('',#2566);
#707=VERTEX_POINT('',#2568);
#708=VERTEX_POINT('',#2575);
#709=VERTEX_POINT('',#2577);
#710=CIRCLE('',#1031,1.6);
#711=CIRCLE('',#1032,1.6);
#712=CIRCLE('',#1033,1.625);
#713=CIRCLE('',#1034,1.625);
#714=CIRCLE('',#1035,1.625);
#715=CIRCLE('',#1036,1.6);
#716=CIRCLE('',#1037,1.625);
#717=CIRCLE('',#1038,1.6);
#718=CIRCLE('',#1040,1.6);
#719=CIRCLE('',#1041,1.6);
#720=CIRCLE('',#1042,1.625);
#721=CIRCLE('',#1043,1.625);
#722=CIRCLE('',#1044,1.625);
#723=CIRCLE('',#1045,1.6);
#724=CIRCLE('',#1046,1.625);
#725=CIRCLE('',#1047,1.6);
#726=CIRCLE('',#1049,1.6);
#727=CIRCLE('',#1050,1.6);
#728=CIRCLE('',#1051,1.625);
#729=CIRCLE('',#1052,1.625);
#730=CIRCLE('',#1053,1.625);
#731=CIRCLE('',#1054,1.6);
#732=CIRCLE('',#1055,1.625);
#733=CIRCLE('',#1056,1.6);
#734=CIRCLE('',#1058,1.6);
#735=CIRCLE('',#1059,1.6);
#736=CIRCLE('',#1060,1.625);
#737=CIRCLE('',#1061,1.625);
#738=CIRCLE('',#1062,1.625);
#739=CIRCLE('',#1063,1.6);
#740=CIRCLE('',#1064,1.625);
#741=CIRCLE('',#1065,1.6);
#742=CIRCLE('',#1067,1.625);
#743=CIRCLE('',#1068,1.6);
#744=CIRCLE('',#1069,1.625);
#745=CIRCLE('',#1070,1.6);
#746=CIRCLE('',#1072,1.625);
#747=CIRCLE('',#1073,1.6);
#748=CIRCLE('',#1074,1.625);
#749=CIRCLE('',#1075,1.6);
#750=EDGE_LOOP('',(#210,#211,#212,#213));
#751=EDGE_LOOP('',(#214,#215,#216,#217));
#752=EDGE_LOOP('',(#218,#219,#220,#221));
#753=EDGE_LOOP('',(#222,#223,#224,#225,#226,#227));
#754=EDGE_LOOP('',(#228,#229,#230,#231));
#755=EDGE_LOOP('',(#232,#233,#234,#235,#236,#237));
#756=EDGE_LOOP('',(#238,#239,#240,#241));
#757=EDGE_LOOP('',(#242,#243,#244,#245));
#758=EDGE_LOOP('',(#246,#247,#248,#249));
#759=EDGE_LOOP('',(#250,#251,#252,#253));
#760=EDGE_LOOP('',(#254,#255,#256,#257));
#761=EDGE_LOOP('',(#258,#259,#260,#261));
#762=EDGE_LOOP('',(#262,#263,#264,#265));
#763=EDGE_LOOP('',(#266,#267,#268,#269));
#764=EDGE_LOOP('',(#270,#271,#272,#273,#274,#275));
#765=EDGE_LOOP('',(#276,#277,#278,#279));
#766=EDGE_LOOP('',(#280,#281,#282,#283));
#767=EDGE_LOOP('',(#284,#285,#286));
#768=EDGE_LOOP('',(#287,#288,#289,#290));
#769=EDGE_LOOP('',(#291,#292,#293,#294,#295,#296));
#770=EDGE_LOOP('',(#297,#298,#299,#300));
#771=EDGE_LOOP('',(#301,#302,#303,#304,#305,#306));
#772=EDGE_LOOP('',(#307,#308,#309,#310));
#773=EDGE_LOOP('',(#311,#312,#313,#314));
#774=EDGE_LOOP('',(#315,#316,#317,#318));
#775=EDGE_LOOP('',(#319,#320,#321,#322));
#776=EDGE_LOOP('',(#323,#324,#325));
#777=EDGE_LOOP('',(#326,#327,#328,#329));
#778=EDGE_LOOP('',(#330,#331,#332,#333));
#779=EDGE_LOOP('',(#334,#335,#336,#337));
#780=EDGE_LOOP('',(#338,#339,#340,#341));
#781=EDGE_LOOP('',(#342,#343,#344,#345));
#782=EDGE_LOOP('',(#346,#347,#348,#349));
#783=EDGE_LOOP('',(#350,#351,#352,#353));
#784=EDGE_LOOP('',(#354,#355,#356,#357,#358,#359));
#785=EDGE_LOOP('',(#360,#361,#362,#363));
#786=EDGE_LOOP('',(#364,#365,#366,#367,#368,#369));
#787=EDGE_LOOP('',(#370,#371,#372,#373));
#788=EDGE_LOOP('',(#374,#375,#376,#377));
#789=EDGE_LOOP('',(#378,#379,#380,#381));
#790=EDGE_LOOP('',(#382,#383,#384,#385,#386,#387));
#791=EDGE_LOOP('',(#388,#389,#390));
#792=EDGE_LOOP('',(#391,#392,#393,#394));
#793=EDGE_LOOP('',(#395,#396,#397,#398));
#794=EDGE_LOOP('',(#399,#400,#401,#402,#403,#404));
#795=EDGE_LOOP('',(#405,#406,#407,#408));
#796=EDGE_LOOP('',(#409,#410,#411,#412,#413,#414));
#797=EDGE_LOOP('',(#415,#416,#417,#418));
#798=EDGE_LOOP('',(#419,#420,#421,#422));
#799=EDGE_LOOP('',(#423,#424,#425));
#800=EDGE_LOOP('',(#426,#427,#428,#429));
#801=EDGE_LOOP('',(#430,#431,#432,#433));
#802=EDGE_LOOP('',(#434,#435,#436,#437));
#803=EDGE_LOOP('',(#438,#439,#440,#441));
#804=EDGE_LOOP('',(#442,#443,#444,#445));
#805=EDGE_LOOP('',(#446,#447,#448,#449));
#806=EDGE_LOOP('',(#450,#451,#452,#453));
#807=EDGE_LOOP('',(#454,#455,#456,#457));
#808=EDGE_LOOP('',(#458,#459,#460,#461));
#809=EDGE_LOOP('',(#462,#463,#464,#465));
#810=EDGE_LOOP('',(#466,#467,#468,#469));
#811=EDGE_LOOP('',(#470,#471,#472,#473));
#812=EDGE_LOOP('',(#474,#475,#476,#477));
#813=EDGE_LOOP('',(#478,#479,#480,#481));
#814=FACE_BOUND('',#750,.T.);
#815=FACE_BOUND('',#751,.T.);
#816=FACE_BOUND('',#752,.T.);
#817=FACE_BOUND('',#753,.T.);
#818=FACE_BOUND('',#754,.T.);
#819=FACE_BOUND('',#755,.T.);
#820=FACE_BOUND('',#756,.T.);
#821=FACE_BOUND('',#757,.T.);
#822=FACE_BOUND('',#758,.T.);
#823=FACE_BOUND('',#759,.T.);
#824=FACE_BOUND('',#760,.T.);
#825=FACE_BOUND('',#761,.T.);
#826=FACE_BOUND('',#762,.T.);
#827=FACE_BOUND('',#763,.T.);
#828=FACE_BOUND('',#764,.T.);
#829=FACE_BOUND('',#765,.T.);
#830=FACE_BOUND('',#766,.T.);
#831=FACE_BOUND('',#767,.T.);
#832=FACE_BOUND('',#768,.T.);
#833=FACE_BOUND('',#769,.T.);
#834=FACE_BOUND('',#770,.T.);
#835=FACE_BOUND('',#771,.T.);
#836=FACE_BOUND('',#772,.T.);
#837=FACE_BOUND('',#773,.T.);
#838=FACE_BOUND('',#774,.T.);
#839=FACE_BOUND('',#775,.T.);
#840=FACE_BOUND('',#776,.T.);
#841=FACE_BOUND('',#777,.T.);
#842=FACE_BOUND('',#778,.T.);
#843=FACE_BOUND('',#779,.T.);
#844=FACE_BOUND('',#780,.T.);
#845=FACE_BOUND('',#781,.T.);
#846=FACE_BOUND('',#782,.T.);
#847=FACE_BOUND('',#783,.T.);
#848=FACE_BOUND('',#784,.T.);
#849=FACE_BOUND('',#785,.T.);
#850=FACE_BOUND('',#786,.T.);
#851=FACE_BOUND('',#787,.T.);
#852=FACE_BOUND('',#788,.T.);
#853=FACE_BOUND('',#789,.T.);
#854=FACE_BOUND('',#790,.T.);
#855=FACE_BOUND('',#791,.T.);
#856=FACE_BOUND('',#792,.T.);
#857=FACE_BOUND('',#793,.T.);
#858=FACE_BOUND('',#794,.T.);
#859=FACE_BOUND('',#795,.T.);
#860=FACE_BOUND('',#796,.T.);
#861=FACE_BOUND('',#797,.T.);
#862=FACE_BOUND('',#798,.T.);
#863=FACE_BOUND('',#799,.T.);
#864=FACE_BOUND('',#800,.T.);
#865=FACE_BOUND('',#801,.T.);
#866=FACE_BOUND('',#802,.T.);
#867=FACE_BOUND('',#803,.T.);
#868=FACE_BOUND('',#804,.T.);
#869=FACE_BOUND('',#805,.T.);
#870=FACE_BOUND('',#806,.T.);
#871=FACE_BOUND('',#807,.T.);
#872=FACE_BOUND('',#808,.T.);
#873=FACE_BOUND('',#809,.T.);
#874=FACE_BOUND('',#810,.T.);
#875=FACE_BOUND('',#811,.T.);
#876=FACE_BOUND('',#812,.T.);
#877=FACE_BOUND('',#813,.T.);
#878=(
B_SPLINE_SURFACE(3,1,((#1233,#1234),(#1235,#1236),(#1237,#1238),(#1239,
#1240)),.CYLINDRICAL_SURF.,.F.,.F.,.F.)
B_SPLINE_SURFACE_WITH_KNOTS((4,4),(2,2),(0.,0.499781928981094),(0.0454545454545451,0.954545454545455),.PIECEWISE_BEZIER_KNOTS.)
BOUNDED_SURFACE()
GEOMETRIC_REPRESENTATION_ITEM()
RATIONAL_B_SPLINE_SURFACE(((1.,1.),(0.333624094691875,0.333624094691875),(0.333333460146585,0.333333460146585),(0.99912809636413,0.99912809636413)))
REPRESENTATION_ITEM('')
SURFACE()
);
#879=(
B_SPLINE_SURFACE(3,1,((#1250,#1251),(#1252,#1253),(#1254,#1255),(#1256,
#1257)),.CYLINDRICAL_SURF.,.F.,.F.,.F.)
B_SPLINE_SURFACE_WITH_KNOTS((4,4),(2,2),(0.500218071018906,1.),(0.0454545454545451,0.954545454545455),.PIECEWISE_BEZIER_KNOTS.)
BOUNDED_SURFACE()
GEOMETRIC_REPRESENTATION_ITEM()
RATIONAL_B_SPLINE_SURFACE(((0.999128096364129,0.999128096364129),(0.333333460146585,
0.333333460146585),(0.333624094691875,0.333624094691875),(1.,1.)))
REPRESENTATION_ITEM('')
SURFACE()
);
#880=(
B_SPLINE_SURFACE(3,1,((#1393,#1394),(#1395,#1396),(#1397,#1398),(#1399,
#1400)),.CYLINDRICAL_SURF.,.F.,.F.,.F.)
B_SPLINE_SURFACE_WITH_KNOTS((4,4),(2,2),(0.,0.499781928981094),(0.0454545454545451,0.954545454545455),.PIECEWISE_BEZIER_KNOTS.)
BOUNDED_SURFACE()
GEOMETRIC_REPRESENTATION_ITEM()
RATIONAL_B_SPLINE_SURFACE(((1.,1.),(0.333624094691875,0.333624094691875),(0.333333460146585,0.333333460146585),(0.999128096364129,0.999128096364129)))
REPRESENTATION_ITEM('')
SURFACE()
);
#881=(
B_SPLINE_SURFACE(3,1,((#1401,#1402),(#1403,#1404),(#1405,#1406),(#1407,
#1408)),.CYLINDRICAL_SURF.,.F.,.F.,.F.)
B_SPLINE_SURFACE_WITH_KNOTS((4,4),(2,2),(0.500218071018907,1.),(0.0454545454545451,0.954545454545455),.PIECEWISE_BEZIER_KNOTS.)
BOUNDED_SURFACE()
GEOMETRIC_REPRESENTATION_ITEM()
RATIONAL_B_SPLINE_SURFACE(((0.999128096364128,0.999128096364128),(0.333333460146585,
0.333333460146585),(0.333624094691875,0.333624094691875),(1.,1.)))
REPRESENTATION_ITEM('')
SURFACE()
);
#882=(
B_SPLINE_SURFACE(3,1,((#1506,#1507),(#1508,#1509),(#1510,#1511),(#1512,
#1513)),.CYLINDRICAL_SURF.,.F.,.F.,.F.)
B_SPLINE_SURFACE_WITH_KNOTS((4,4),(2,2),(0.,1.),(0.0454545819283517,0.954539339104714),.PIECEWISE_BEZIER_KNOTS.)
BOUNDED_SURFACE()
GEOMETRIC_REPRESENTATION_ITEM()
RATIONAL_B_SPLINE_SURFACE(((1.,1.),(0.333333333333333,0.333333333333333),(0.333333333333333,0.333333333333333),(1.,1.)))
REPRESENTATION_ITEM('')
SURFACE()
);
#883=(
B_SPLINE_SURFACE(3,1,((#1521,#1522),(#1523,#1524),(#1525,#1526),(#1527,
#1528),(#1529,#1530),(#1531,#1532),(#1533,#1534)),.CYLINDRICAL_SURF.,.F.,.F.,.F.)
B_SPLINE_SURFACE_WITH_KNOTS((4,3,4),(2,2),(0.,0.5,1.),(0.,1.),.PIECEWISE_BEZIER_KNOTS.)
BOUNDED_SURFACE()
GEOMETRIC_REPRESENTATION_ITEM()
RATIONAL_B_SPLINE_SURFACE(((1.,1.),(0.75828265983246,0.75828265983246),(0.75828265983246,0.75828265983246),(1.,1.),(0.758282659832459,0.758282659832459),(0.758282659832459,0.758282659832459),(1.,1.)))
REPRESENTATION_ITEM('')
SURFACE()
);
#884=(
B_SPLINE_SURFACE(3,1,((#1541,#1542),(#1543,#1544),(#1545,#1546),(#1547,
#1548)),.CYLINDRICAL_SURF.,.F.,.F.,.F.)
B_SPLINE_SURFACE_WITH_KNOTS((4,4),(2,2),(0.5,1.),(0.0516574110409348,0.948546116468427),.PIECEWISE_BEZIER_KNOTS.)
BOUNDED_SURFACE()
GEOMETRIC_REPRESENTATION_ITEM()
RATIONAL_B_SPLINE_SURFACE(((1.,1.),(0.333333333333333,0.333333333333333),(0.333333333333333,0.333333333333333),(1.,1.)))
REPRESENTATION_ITEM('')
SURFACE()
);
#885=(
B_SPLINE_SURFACE(3,1,((#1663,#1664),(#1665,#1666),(#1667,#1668),(#1669,
#1670)),.CYLINDRICAL_SURF.,.F.,.F.,.F.)
B_SPLINE_SURFACE_WITH_KNOTS((4,4),(2,2),(0.,0.499781928981094),(0.0454545454545454,0.954545454545455),.PIECEWISE_BEZIER_KNOTS.)
BOUNDED_SURFACE()
GEOMETRIC_REPRESENTATION_ITEM()
RATIONAL_B_SPLINE_SURFACE(((1.,1.),(0.333624094691875,0.333624094691875),(0.333333460146585,0.333333460146585),(0.999128096364129,0.999128096364129)))
REPRESENTATION_ITEM('')
SURFACE()
);
#886=(
B_SPLINE_SURFACE(3,1,((#1776,#1777),(#1778,#1779),(#1780,#1781),(#1782,
#1783)),.CYLINDRICAL_SURF.,.F.,.F.,.F.)
B_SPLINE_SURFACE_WITH_KNOTS((4,4),(2,2),(0.500218071018906,1.),(0.0454545454545455,0.954545454545455),.PIECEWISE_BEZIER_KNOTS.)
BOUNDED_SURFACE()
GEOMETRIC_REPRESENTATION_ITEM()
RATIONAL_B_SPLINE_SURFACE(((0.999128096364128,0.999128096364128),(0.333333460146585,
0.333333460146585),(0.333624094691875,0.333624094691875),(1.,1.)))
REPRESENTATION_ITEM('')
SURFACE()
);
#887=(
B_SPLINE_SURFACE(3,1,((#1876,#1877),(#1878,#1879),(#1880,#1881),(#1882,
#1883)),.CYLINDRICAL_SURF.,.F.,.F.,.F.)
B_SPLINE_SURFACE_WITH_KNOTS((4,4),(2,2),(0.,0.499781928981094),(0.0454545454545455,0.954545454545455),.PIECEWISE_BEZIER_KNOTS.)
BOUNDED_SURFACE()
GEOMETRIC_REPRESENTATION_ITEM()
RATIONAL_B_SPLINE_SURFACE(((1.,1.),(0.333624094691875,0.333624094691875),(0.333333460146585,0.333333460146585),(0.999128096364129,0.999128096364129)))
REPRESENTATION_ITEM('')
SURFACE()
);
#888=(
B_SPLINE_SURFACE(3,1,((#1980,#1981),(#1982,#1983),(#1984,#1985),(#1986,
#1987)),.CYLINDRICAL_SURF.,.F.,.F.,.F.)
B_SPLINE_SURFACE_WITH_KNOTS((4,4),(2,2),(0.500218071018907,1.),(0.0454545454545455,0.954545454545455),.PIECEWISE_BEZIER_KNOTS.)
BOUNDED_SURFACE()
GEOMETRIC_REPRESENTATION_ITEM()
RATIONAL_B_SPLINE_SURFACE(((0.999128096364128,0.999128096364128),(0.333333460146585,
0.333333460146585),(0.333624094691876,0.333624094691875),(1.,1.)))
REPRESENTATION_ITEM('')
SURFACE()
);
#889=(
B_SPLINE_SURFACE(3,1,((#2041,#2042),(#2043,#2044),(#2045,#2046),(#2047,
#2048)),.CYLINDRICAL_SURF.,.F.,.F.,.F.)
B_SPLINE_SURFACE_WITH_KNOTS((4,4),(2,2),(0.,1.),(0.0454545819283475,0.95453933910472),.PIECEWISE_BEZIER_KNOTS.)
BOUNDED_SURFACE()
GEOMETRIC_REPRESENTATION_ITEM()
RATIONAL_B_SPLINE_SURFACE(((1.,1.),(0.333333333333334,0.333333333333334),(0.333333333333334,0.333333333333334),(1.,1.)))
REPRESENTATION_ITEM('')
SURFACE()
);
#890=(
B_SPLINE_SURFACE(3,1,((#2056,#2057),(#2058,#2059),(#2060,#2061),(#2062,
#2063)),.CYLINDRICAL_SURF.,.F.,.F.,.F.)
B_SPLINE_SURFACE_WITH_KNOTS((4,4),(2,2),(0.,1.),(0.0454545819283476,0.954539339104718),.PIECEWISE_BEZIER_KNOTS.)
BOUNDED_SURFACE()
GEOMETRIC_REPRESENTATION_ITEM()
RATIONAL_B_SPLINE_SURFACE(((1.,1.),(0.333333333333333,0.333333333333333),(0.333333333333333,0.333333333333333),(1.,1.)))
REPRESENTATION_ITEM('')
SURFACE()
);
#891=(
B_SPLINE_SURFACE(3,1,((#2069,#2070),(#2071,#2072),(#2073,#2074),(#2075,
#2076)),.CYLINDRICAL_SURF.,.F.,.F.,.F.)
B_SPLINE_SURFACE_WITH_KNOTS((4,4),(2,2),(0.,0.5),(0.0516520563622711,0.948546248207007),.PIECEWISE_BEZIER_KNOTS.)
BOUNDED_SURFACE()
GEOMETRIC_REPRESENTATION_ITEM()
RATIONAL_B_SPLINE_SURFACE(((1.,1.),(0.333333333333333,0.333333333333333),(0.333333333333333,0.333333333333333),(1.,1.)))
REPRESENTATION_ITEM('')
SURFACE()
);
#892=(
B_SPLINE_SURFACE(3,1,((#2078,#2079),(#2080,#2081),(#2082,#2083),(#2084,
#2085)),.CYLINDRICAL_SURF.,.F.,.F.,.F.)
B_SPLINE_SURFACE_WITH_KNOTS((4,4),(2,2),(0.,0.499781928981094),(0.0454545454545448,0.954545454545454),.PIECEWISE_BEZIER_KNOTS.)
BOUNDED_SURFACE()
GEOMETRIC_REPRESENTATION_ITEM()
RATIONAL_B_SPLINE_SURFACE(((1.,1.),(0.333624094691875,0.333624094691875),(0.333333460146585,0.333333460146585),(0.999128096364129,0.999128096364129)))
REPRESENTATION_ITEM('')
SURFACE()
);
#893=(
B_SPLINE_SURFACE(3,1,((#2095,#2096),(#2097,#2098),(#2099,#2100),(#2101,
#2102)),.CYLINDRICAL_SURF.,.F.,.F.,.F.)
B_SPLINE_SURFACE_WITH_KNOTS((4,4),(2,2),(0.500218071018906,1.),(0.0454545454545448,0.954545454545454),.PIECEWISE_BEZIER_KNOTS.)
BOUNDED_SURFACE()
GEOMETRIC_REPRESENTATION_ITEM()
RATIONAL_B_SPLINE_SURFACE(((0.999128096364128,0.999128096364128),(0.333333460146585,
0.333333460146585),(0.333624094691875,0.333624094691875),(1.,1.)))
REPRESENTATION_ITEM('')
SURFACE()
);
#894=(
B_SPLINE_SURFACE(3,1,((#2142,#2143),(#2144,#2145),(#2146,#2147),(#2148,
#2149)),.CYLINDRICAL_SURF.,.F.,.F.,.F.)
B_SPLINE_SURFACE_WITH_KNOTS((4,4),(2,2),(0.,0.499781928981094),(0.0454545454545448,0.954545454545454),.PIECEWISE_BEZIER_KNOTS.)
BOUNDED_SURFACE()
GEOMETRIC_REPRESENTATION_ITEM()
RATIONAL_B_SPLINE_SURFACE(((1.,1.),(0.333624094691875,0.333624094691875),(0.333333460146585,0.333333460146585),(0.999128096364129,0.999128096364129)))
REPRESENTATION_ITEM('')
SURFACE()
);
#895=(
B_SPLINE_SURFACE(3,1,((#2150,#2151),(#2152,#2153),(#2154,#2155),(#2156,
#2157)),.CYLINDRICAL_SURF.,.F.,.F.,.F.)
B_SPLINE_SURFACE_WITH_KNOTS((4,4),(2,2),(0.500218071018907,1.),(0.0454545454545448,0.954545454545454),.PIECEWISE_BEZIER_KNOTS.)
BOUNDED_SURFACE()
GEOMETRIC_REPRESENTATION_ITEM()
RATIONAL_B_SPLINE_SURFACE(((0.999128096364128,0.999128096364128),(0.333333460146585,
0.333333460146585),(0.333624094691876,0.333624094691876),(1.,1.)))
REPRESENTATION_ITEM('')
SURFACE()
);
#896=(
B_SPLINE_SURFACE(3,1,((#2159,#2160),(#2161,#2162),(#2163,#2164),(#2165,
#2166)),.CYLINDRICAL_SURF.,.F.,.F.,.F.)
B_SPLINE_SURFACE_WITH_KNOTS((4,4),(2,2),(0.5,1.),(0.0518994936565186,0.948324581489176),.PIECEWISE_BEZIER_KNOTS.)
BOUNDED_SURFACE()
GEOMETRIC_REPRESENTATION_ITEM()
RATIONAL_B_SPLINE_SURFACE(((1.,1.),(0.333333333333333,0.333333333333333),(0.333333333333333,0.333333333333333),(1.,1.)))
REPRESENTATION_ITEM('')
SURFACE()
);
#897=(
B_SPLINE_SURFACE(3,1,((#2289,#2290),(#2291,#2292),(#2293,#2294),(#2295,
#2296)),.CYLINDRICAL_SURF.,.F.,.F.,.F.)
B_SPLINE_SURFACE_WITH_KNOTS((4,4),(2,2),(0.,0.499781928981094),(0.0454545454545454,0.954545454545455),.PIECEWISE_BEZIER_KNOTS.)
BOUNDED_SURFACE()
GEOMETRIC_REPRESENTATION_ITEM()
RATIONAL_B_SPLINE_SURFACE(((1.,1.),(0.333624094691875,0.333624094691875),(0.333333460146585,0.333333460146585),(0.999128096364129,0.999128096364129)))
REPRESENTATION_ITEM('')
SURFACE()
);
#898=(
B_SPLINE_SURFACE(3,1,((#2358,#2359),(#2360,#2361),(#2362,#2363),(#2364,
#2365)),.CYLINDRICAL_SURF.,.F.,.F.,.F.)
B_SPLINE_SURFACE_WITH_KNOTS((4,4),(2,2),(0.500218071018906,1.),(0.0454545454545453,0.954545454545455),.PIECEWISE_BEZIER_KNOTS.)
BOUNDED_SURFACE()
GEOMETRIC_REPRESENTATION_ITEM()
RATIONAL_B_SPLINE_SURFACE(((0.999128096364129,0.999128096364129),(0.333333460146585,
0.333333460146585),(0.333624094691875,0.333624094691875),(1.,1.)))
REPRESENTATION_ITEM('')
SURFACE()
);
#899=(
B_SPLINE_SURFACE(3,1,((#2405,#2406),(#2407,#2408),(#2409,#2410),(#2411,
#2412)),.CYLINDRICAL_SURF.,.F.,.F.,.F.)
B_SPLINE_SURFACE_WITH_KNOTS((4,4),(2,2),(0.,0.499781928981094),(0.0454545454545453,0.954545454545455),.PIECEWISE_BEZIER_KNOTS.)
BOUNDED_SURFACE()
GEOMETRIC_REPRESENTATION_ITEM()
RATIONAL_B_SPLINE_SURFACE(((1.,1.),(0.333624094691875,0.333624094691875),(0.333333460146585,0.333333460146585),(0.999128096364129,0.999128096364129)))
REPRESENTATION_ITEM('')
SURFACE()
);
#900=(
B_SPLINE_SURFACE(3,1,((#2467,#2468),(#2469,#2470),(#2471,#2472),(#2473,
#2474)),.CYLINDRICAL_SURF.,.F.,.F.,.F.)
B_SPLINE_SURFACE_WITH_KNOTS((4,4),(2,2),(0.500218071018907,1.),(0.0454545454545453,0.954545454545455),.PIECEWISE_BEZIER_KNOTS.)
BOUNDED_SURFACE()
GEOMETRIC_REPRESENTATION_ITEM()
RATIONAL_B_SPLINE_SURFACE(((0.999128096364128,0.999128096364128),(0.333333460146585,
0.333333460146585),(0.333624094691875,0.333624094691875),(1.,1.)))
REPRESENTATION_ITEM('')
SURFACE()
);
#901=(
B_SPLINE_SURFACE(3,1,((#2475,#2476),(#2477,#2478),(#2479,#2480),(#2481,
#2482)),.CYLINDRICAL_SURF.,.F.,.F.,.F.)
B_SPLINE_SURFACE_WITH_KNOTS((4,4),(2,2),(0.,0.5),(0.0518945294214837,0.948324710488508),.PIECEWISE_BEZIER_KNOTS.)
BOUNDED_SURFACE()
GEOMETRIC_REPRESENTATION_ITEM()
RATIONAL_B_SPLINE_SURFACE(((1.,1.),(0.333333333333333,0.333333333333333),(0.333333333333333,0.333333333333333),(1.,1.)))
REPRESENTATION_ITEM('')
SURFACE()
);
#902=(
B_SPLINE_SURFACE(3,1,((#2520,#2521),(#2522,#2523),(#2524,#2525),(#2526,
#2527),(#2528,#2529),(#2530,#2531),(#2532,#2533)),.CYLINDRICAL_SURF.,.F.,.F.,.F.)
B_SPLINE_SURFACE_WITH_KNOTS((4,3,4),(2,2),(0.,0.5,1.),(0.045454545454545,0.954545454545455),.PIECEWISE_BEZIER_KNOTS.)
BOUNDED_SURFACE()
GEOMETRIC_REPRESENTATION_ITEM()
RATIONAL_B_SPLINE_SURFACE(((1.,1.),(0.731516832983712,0.731516832983711),(0.731516832983712,0.731516832983711),(1.,1.),(0.731516832983711,0.731516832983711),(0.731516832983711,0.731516832983711),(1.,1.)))
REPRESENTATION_ITEM('')
SURFACE()
);
#903=(
B_SPLINE_SURFACE(3,1,((#2534,#2535),(#2536,#2537),(#2538,#2539),(#2540,
#2541),(#2542,#2543),(#2544,#2545),(#2546,#2547)),.CYLINDRICAL_SURF.,.F.,.F.,.F.)
B_SPLINE_SURFACE_WITH_KNOTS((4,3,4),(2,2),(0.,0.5,1.),(0.0454545454545453,0.954545454545455),.PIECEWISE_BEZIER_KNOTS.)
BOUNDED_SURFACE()
GEOMETRIC_REPRESENTATION_ITEM()
RATIONAL_B_SPLINE_SURFACE(((1.,1.),(0.731516832983711,0.731516832983711),(0.731516832983711,0.731516832983711),(1.,1.),(0.731516832983711,0.731516832983711),(0.731516832983711,0.731516832983711),(1.,1.)))
REPRESENTATION_ITEM('')
SURFACE()
);
#904=(
B_SPLINE_SURFACE(3,1,((#2585,#2586),(#2587,#2588),(#2589,#2590),(#2591,
#2592)),.CYLINDRICAL_SURF.,.F.,.F.,.F.)
B_SPLINE_SURFACE_WITH_KNOTS((4,4),(2,2),(0.,1.),(0.,1.),.PIECEWISE_BEZIER_KNOTS.)
BOUNDED_SURFACE()
GEOMETRIC_REPRESENTATION_ITEM()
RATIONAL_B_SPLINE_SURFACE(((1.,1.),(0.401861691191498,0.401861691191498),(0.401861691191498,0.401861691191498),(1.,1.)))
REPRESENTATION_ITEM('')
SURFACE()
);
#905=(
B_SPLINE_SURFACE(3,1,((#2593,#2594),(#2595,#2596),(#2597,#2598),(#2599,
#2600)),.CYLINDRICAL_SURF.,.F.,.F.,.F.)
B_SPLINE_SURFACE_WITH_KNOTS((4,4),(2,2),(0.,1.),(0.,1.),.PIECEWISE_BEZIER_KNOTS.)
BOUNDED_SURFACE()
GEOMETRIC_REPRESENTATION_ITEM()
RATIONAL_B_SPLINE_SURFACE(((1.,1.),(0.401861691191498,0.401861691191498),(0.401861691191498,0.401861691191498),(1.,1.)))
REPRESENTATION_ITEM('')
SURFACE()
);
#906=ADVANCED_FACE('',(#814),#878,.F.);
#907=ADVANCED_FACE('',(#815,#816),#879,.T.);
#908=ADVANCED_FACE('',(#817),#22,.F.);
#909=ADVANCED_FACE('',(#818),#23,.F.);
#910=ADVANCED_FACE('',(#819),#24,.F.);
#911=ADVANCED_FACE('',(#820),#25,.F.);
#912=ADVANCED_FACE('',(#821),#880,.T.);
#913=ADVANCED_FACE('',(#822,#823),#881,.F.);
#914=ADVANCED_FACE('',(#824),#882,.F.);
#915=ADVANCED_FACE('',(#825),#26,.F.);
#916=ADVANCED_FACE('',(#826),#883,.F.);
#917=ADVANCED_FACE('',(#827),#27,.F.);
#918=ADVANCED_FACE('',(#828),#884,.F.);
#919=ADVANCED_FACE('',(#829,#830),#885,.F.);
#920=ADVANCED_FACE('',(#831,#832),#886,.T.);
#921=ADVANCED_FACE('',(#833),#28,.F.);
#922=ADVANCED_FACE('',(#834),#29,.F.);
#923=ADVANCED_FACE('',(#835),#30,.F.);
#924=ADVANCED_FACE('',(#836),#31,.F.);
#925=ADVANCED_FACE('',(#837,#838),#887,.T.);
#926=ADVANCED_FACE('',(#839,#840),#888,.F.);
#927=ADVANCED_FACE('',(#841),#889,.F.);
#928=ADVANCED_FACE('',(#842),#32,.F.);
#929=ADVANCED_FACE('',(#843),#890,.F.);
#930=ADVANCED_FACE('',(#844),#33,.F.);
#931=ADVANCED_FACE('',(#845),#891,.F.);
#932=ADVANCED_FACE('',(#846),#892,.F.);
#933=ADVANCED_FACE('',(#847),#893,.T.);
#934=ADVANCED_FACE('',(#848),#34,.F.);
#935=ADVANCED_FACE('',(#849),#35,.F.);
#936=ADVANCED_FACE('',(#850),#36,.F.);
#937=ADVANCED_FACE('',(#851),#37,.F.);
#938=ADVANCED_FACE('',(#852),#894,.T.);
#939=ADVANCED_FACE('',(#853),#895,.F.);
#940=ADVANCED_FACE('',(#854),#896,.F.);
#941=ADVANCED_FACE('',(#855,#856),#897,.F.);
#942=ADVANCED_FACE('',(#857),#898,.T.);
#943=ADVANCED_FACE('',(#858),#38,.F.);
#944=ADVANCED_FACE('',(#859),#39,.F.);
#945=ADVANCED_FACE('',(#860),#40,.F.);
#946=ADVANCED_FACE('',(#861),#41,.F.);
#947=ADVANCED_FACE('',(#862,#863),#899,.T.);
#948=ADVANCED_FACE('',(#864),#900,.F.);
#949=ADVANCED_FACE('',(#865),#901,.F.);
#950=ADVANCED_FACE('',(#866),#42,.F.);
#951=ADVANCED_FACE('',(#867),#43,.F.);
#952=ADVANCED_FACE('',(#868),#44,.F.);
#953=ADVANCED_FACE('',(#869),#45,.F.);
#954=ADVANCED_FACE('',(#870),#902,.T.);
#955=ADVANCED_FACE('',(#871),#903,.F.);
#956=ADVANCED_FACE('',(#872),#46,.F.);
#957=ADVANCED_FACE('',(#873),#47,.F.);
#958=ADVANCED_FACE('',(#874),#48,.F.);
#959=ADVANCED_FACE('',(#875),#49,.F.);
#960=ADVANCED_FACE('',(#876),#904,.T.);
#961=ADVANCED_FACE('',(#877),#905,.F.);
#962=CLOSED_SHELL('',(#906,#907,#908,#909,#910,#911,#912,#913,#914,#915,#916,#917));
#963=CLOSED_SHELL('',(#918,#919,#920,#921,#922,#923,#924,#925,#926,#927,#928,#929,#930,#931));
#964=CLOSED_SHELL('',(#932,#933,#934,#935,#936,#937,#938,#939));
#965=CLOSED_SHELL('',(#940,#941,#942,#943,#944,#945,#946,#947,#948,#949));
#966=CLOSED_SHELL('',(#950,#951,#952,#953,#954,#955));
#967=CLOSED_SHELL('',(#956,#957,#958,#959,#960,#961));
#968=STYLED_ITEM('',(#974),#1012);
#969=STYLED_ITEM('',(#975),#1013);
#970=STYLED_ITEM('',(#976),#1014);
#971=STYLED_ITEM('',(#977),#1015);
#972=STYLED_ITEM('',(#978),#1016);
#973=STYLED_ITEM('',(#979),#1017);
#974=PRESENTATION_STYLE_ASSIGNMENT((#980));
#975=PRESENTATION_STYLE_ASSIGNMENT((#981));
#976=PRESENTATION_STYLE_ASSIGNMENT((#982));
#977=PRESENTATION_STYLE_ASSIGNMENT((#983));
#978=PRESENTATION_STYLE_ASSIGNMENT((#984));
#979=PRESENTATION_STYLE_ASSIGNMENT((#985));
#980=SURFACE_STYLE_USAGE(.BOTH.,#986);
#981=SURFACE_STYLE_USAGE(.BOTH.,#987);
#982=SURFACE_STYLE_USAGE(.BOTH.,#988);
#983=SURFACE_STYLE_USAGE(.BOTH.,#989);
#984=SURFACE_STYLE_USAGE(.BOTH.,#990);
#985=SURFACE_STYLE_USAGE(.BOTH.,#991);
#986=SURFACE_SIDE_STYLE('',(#992));
#987=SURFACE_SIDE_STYLE('',(#993));
#988=SURFACE_SIDE_STYLE('',(#994));
#989=SURFACE_SIDE_STYLE('',(#995));
#990=SURFACE_SIDE_STYLE('',(#996));
#991=SURFACE_SIDE_STYLE('',(#997));
#992=SURFACE_STYLE_FILL_AREA(#998);
#993=SURFACE_STYLE_FILL_AREA(#999);
#994=SURFACE_STYLE_FILL_AREA(#1000);
#995=SURFACE_STYLE_FILL_AREA(#1001);
#996=SURFACE_STYLE_FILL_AREA(#1002);
#997=SURFACE_STYLE_FILL_AREA(#1003);
#998=FILL_AREA_STYLE('',(#1004));
#999=FILL_AREA_STYLE('',(#1005));
#1000=FILL_AREA_STYLE('',(#1006));
#1001=FILL_AREA_STYLE('',(#1007));
#1002=FILL_AREA_STYLE('',(#1008));
#1003=FILL_AREA_STYLE('',(#1009));
#1004=FILL_AREA_STYLE_COLOUR('',#1010);
#1005=FILL_AREA_STYLE_COLOUR('',#1010);
#1006=FILL_AREA_STYLE_COLOUR('',#1010);
#1007=FILL_AREA_STYLE_COLOUR('',#1010);
#1008=FILL_AREA_STYLE_COLOUR('',#1011);
#1009=FILL_AREA_STYLE_COLOUR('',#1011);
#1010=COLOUR_RGB('',0.12156862745098,0.184313725490196,0.235294117647059);
#1011=COLOUR_RGB('',0.745098039215686,0.737254901960784,0.729411764705882);
#1012=MANIFOLD_SOLID_BREP('SK\X2\0130\X0\RT SIDE-4B_730-C-501',#962);
#1013=MANIFOLD_SOLID_BREP('SK\X2\0130\X0\RT SIDE-1A_730-C-501',#963);
#1014=MANIFOLD_SOLID_BREP('SK\X2\0130\X0\RT SIDE-2A_730-C-501',#964);
#1015=MANIFOLD_SOLID_BREP('SK\X2\0130\X0\RT SIDE-3A_730-C-501',#965);
#1016=MANIFOLD_SOLID_BREP('SK\X2\0130\X0\RT SIDE-5A_730-C-501',#966);
#1017=MANIFOLD_SOLID_BREP('SK\X2\0130\X0\RT SIDE-5B_730-C-501',#967);
#1018=SHAPE_DEFINITION_REPRESENTATION(#2637,#1024);
#1019=SHAPE_DEFINITION_REPRESENTATION(#2638,#1025);
#1020=SHAPE_DEFINITION_REPRESENTATION(#2639,#1026);
#1021=SHAPE_DEFINITION_REPRESENTATION(#2640,#1027);
#1022=SHAPE_DEFINITION_REPRESENTATION(#2641,#1028);
#1023=SHAPE_DEFINITION_REPRESENTATION(#2642,#1029);
#1024=SHAPE_REPRESENTATION('SK?RT SIDE-4B_730-C-501',(#1030),#2607);
#1025=SHAPE_REPRESENTATION('SK?RT SIDE-1A_730-C-501',(#1039),#2608);
#1026=SHAPE_REPRESENTATION('SK?RT SIDE-2A_730-C-501',(#1048),#2609);
#1027=SHAPE_REPRESENTATION('SK?RT SIDE-3A_730-C-501',(#1057),#2610);
#1028=SHAPE_REPRESENTATION('SK?RT SIDE-5A_730-C-501',(#1066),#2611);
#1029=SHAPE_REPRESENTATION('SK?RT SIDE-5B_730-C-501',(#1071),#2612);
#1030=AXIS2_PLACEMENT_3D('',#1232,#1076,#1077);
#1031=AXIS2_PLACEMENT_3D('',#1241,#1078,#1079);
#1032=AXIS2_PLACEMENT_3D('',#1247,#1080,#1081);
#1033=AXIS2_PLACEMENT_3D('',#1354,#1085,#1086);
#1034=AXIS2_PLACEMENT_3D('',#1360,#1087,#1088);
#1035=AXIS2_PLACEMENT_3D('',#1367,#1090,#1091);
#1036=AXIS2_PLACEMENT_3D('',#1370,#1093,#1094);
#1037=AXIS2_PLACEMENT_3D('',#1384,#1098,#1099);
#1038=AXIS2_PLACEMENT_3D('',#1386,#1100,#1101);
#1039=AXIS2_PLACEMENT_3D('',#1540,#1110,#1111);
#1040=AXIS2_PLACEMENT_3D('',#1767,#1114,#1115);
#1041=AXIS2_PLACEMENT_3D('',#1773,#1116,#1117);
#1042=AXIS2_PLACEMENT_3D('',#1837,#1119,#1120);
#1043=AXIS2_PLACEMENT_3D('',#1843,#1121,#1122);
#1044=AXIS2_PLACEMENT_3D('',#1850,#1124,#1125);
#1045=AXIS2_PLACEMENT_3D('',#1853,#1127,#1128);
#1046=AXIS2_PLACEMENT_3D('',#1867,#1132,#1133);
#1047=AXIS2_PLACEMENT_3D('',#1869,#1134,#1135);
#1048=AXIS2_PLACEMENT_3D('',#2077,#1144,#1145);
#1049=AXIS2_PLACEMENT_3D('',#2086,#1146,#1147);
#1050=AXIS2_PLACEMENT_3D('',#2092,#1148,#1149);
#1051=AXIS2_PLACEMENT_3D('',#2103,#1151,#1152);
#1052=AXIS2_PLACEMENT_3D('',#2109,#1153,#1154);
#1053=AXIS2_PLACEMENT_3D('',#2116,#1156,#1157);
#1054=AXIS2_PLACEMENT_3D('',#2119,#1159,#1160);
#1055=AXIS2_PLACEMENT_3D('',#2133,#1164,#1165);
#1056=AXIS2_PLACEMENT_3D('',#2135,#1166,#1167);
#1057=AXIS2_PLACEMENT_3D('',#2158,#1170,#1171);
#1058=AXIS2_PLACEMENT_3D('',#2349,#1172,#1173);
#1059=AXIS2_PLACEMENT_3D('',#2355,#1174,#1175);
#1060=AXIS2_PLACEMENT_3D('',#2366,#1177,#1178);
#1061=AXIS2_PLACEMENT_3D('',#2372,#1179,#1180);
#1062=AXIS2_PLACEMENT_3D('',#2379,#1182,#1183);
#1063=AXIS2_PLACEMENT_3D('',#2382,#1185,#1186);
#1064=AXIS2_PLACEMENT_3D('',#2396,#1190,#1191);
#1065=AXIS2_PLACEMENT_3D('',#2398,#1192,#1193);
#1066=AXIS2_PLACEMENT_3D('',#2483,#1196,#1197);
#1067=AXIS2_PLACEMENT_3D('',#2488,#1198,#1199);
#1068=AXIS2_PLACEMENT_3D('',#2493,#1201,#1202);
#1069=AXIS2_PLACEMENT_3D('',#2509,#1207,#1208);
#1070=AXIS2_PLACEMENT_3D('',#2511,#1209,#1210);
#1071=AXIS2_PLACEMENT_3D('',#2548,#1214,#1215);
#1072=AXIS2_PLACEMENT_3D('',#2553,#1216,#1217);
#1073=AXIS2_PLACEMENT_3D('',#2558,#1219,#1220);
#1074=AXIS2_PLACEMENT_3D('',#2574,#1225,#1226);
#1075=AXIS2_PLACEMENT_3D('',#2576,#1227,#1228);
#1076=DIRECTION('',(0.,0.,1.));
#1077=DIRECTION('',(1.,0.,0.));
#1078=DIRECTION('',(-1.34838454772502E-16,-1.,-1.83035210859478E-16));
#1079=DIRECTION('',(-0.939692620785908,6.41049718960918E-17,0.342020143325669));
#1080=DIRECTION('',(1.34838454772502E-16,1.,1.83035210859478E-16));
#1081=DIRECTION('',(-0.939692620785908,6.41049718960918E-17,0.342020143325669));
#1082=DIRECTION('',(1.34838454772502E-16,1.,1.83035210859478E-16));
#1083=DIRECTION('',(1.34838454772502E-16,1.,1.83035210859478E-16));
#1084=DIRECTION('',(-1.34838454772502E-16,-1.,-1.83035210859478E-16));
#1085=DIRECTION('',(-1.34838454772502E-16,-1.,-1.83035210859478E-16));
#1086=DIRECTION('',(-0.939692620785908,6.41049718960918E-17,0.342020143325669));
#1087=DIRECTION('',(1.34838454772502E-16,1.,1.83035210859478E-16));
#1088=DIRECTION('',(-0.939692620785908,6.41049718960918E-17,0.342020143325669));
#1089=DIRECTION('',(-1.34838454772502E-16,-1.,-1.83035210859478E-16));
#1090=DIRECTION('',(1.34838454772502E-16,1.,1.83035210859478E-16));
#1091=DIRECTION('',(-0.939692620785908,6.41049718960918E-17,0.342020143325669));
#1092=DIRECTION('',(0.940288127010419,-6.44855553415151E-17,-0.34037955021305));
#1093=DIRECTION('',(1.34838454772502E-16,1.,1.83035210859478E-16));
#1094=DIRECTION('',(-0.939692620785908,6.41049718960918E-17,0.342020143325669));
#1095=DIRECTION('',(0.939692620785908,-6.41049718960918E-17,-0.342020143325669));
#1096=DIRECTION('',(-1.34838454772502E-16,-1.,-1.83035210859478E-16));
#1097=DIRECTION('',(0.939692620785908,-6.41049718960918E-17,-0.342020143325669));
#1098=DIRECTION('',(-1.34838454772502E-16,-1.,-1.83035210859478E-16));
#1099=DIRECTION('',(-0.939692620785908,6.41049718960918E-17,0.342020143325669));
#1100=DIRECTION('',(-1.34838454772502E-16,-1.,-1.83035210859478E-16));
#1101=DIRECTION('',(-0.939692620785908,6.41049718960918E-17,0.342020143325669));
#1102=DIRECTION('',(0.940288127010419,-6.44855553415151E-17,-0.34037955021305));
#1103=DIRECTION('',(1.34838454772502E-16,1.,1.83035210859478E-16));
#1104=DIRECTION('',(-1.34838454772502E-16,-1.,-1.83035210859478E-16));
#1105=DIRECTION('',(1.34838454772502E-16,1.,1.83035210859478E-16));
#1106=DIRECTION('',(3.81942572517007E-31,-1.83035210859478E-16,1.));
#1107=DIRECTION('',(3.81942572517007E-31,-1.83035210859478E-16,1.));
#1108=DIRECTION('',(3.81942572517007E-31,-1.83035210859478E-16,1.));
#1109=DIRECTION('',(3.81942572517007E-31,-1.83035210859478E-16,1.));
#1110=DIRECTION('',(0.,0.,1.));
#1111=DIRECTION('',(1.,0.,0.));
#1112=DIRECTION('',(0.,-1.,0.));
#1113=DIRECTION('',(0.,1.,0.));
#1114=DIRECTION('',(0.,-1.,0.));
#1115=DIRECTION('',(0.939094252094709,0.,-0.343659694585616));
#1116=DIRECTION('',(0.,1.,0.));
#1117=DIRECTION('',(0.939094252094709,0.,-0.343659694585616));
#1118=DIRECTION('',(0.,1.,0.));
#1119=DIRECTION('',(0.,-1.,0.));
#1120=DIRECTION('',(0.939094252094709,0.,-0.343659694585616));
#1121=DIRECTION('',(0.,1.,0.));
#1122=DIRECTION('',(0.939094252094709,0.,-0.343659694585616));
#1123=DIRECTION('',(0.,-1.,0.));
#1124=DIRECTION('',(0.,1.,0.));
#1125=DIRECTION('',(0.939094252094709,0.,-0.343659694585616));
#1126=DIRECTION('',(-0.939692620785908,0.,0.342020143325669));
#1127=DIRECTION('',(0.,1.,0.));
#1128=DIRECTION('',(0.939094252094709,0.,-0.343659694585616));
#1129=DIRECTION('',(-0.939094252094709,0.,0.343659694585616));
#1130=DIRECTION('',(0.,-1.,0.));
#1131=DIRECTION('',(-0.939094252094709,0.,0.343659694585616));
#1132=DIRECTION('',(0.,-1.,0.));
#1133=DIRECTION('',(0.939094252094709,0.,-0.343659694585616));
#1134=DIRECTION('',(0.,-1.,0.));
#1135=DIRECTION('',(0.939094252094709,0.,-0.343659694585616));
#1136=DIRECTION('',(-0.939692620785908,0.,0.342020143325669));
#1137=DIRECTION('',(0.,1.,0.));
#1138=DIRECTION('',(0.,1.,0.));
#1139=DIRECTION('',(0.,-1.,0.));
#1140=DIRECTION('',(0.,0.,1.));
#1141=DIRECTION('',(0.,0.,1.));
#1142=DIRECTION('',(0.,0.,1.));
#1143=DIRECTION('',(0.,0.,1.));
#1144=DIRECTION('',(0.,0.,1.));
#1145=DIRECTION('',(1.,0.,0.));
#1146=DIRECTION('',(-5.98423677612469E-32,-1.,-1.49168733609054E-15));
#1147=DIRECTION('',(-0.939094252094709,-5.12632814338106E-16,0.343659694585616));
#1148=DIRECTION('',(5.98423677612469E-32,1.,1.49168733609054E-15));
#1149=DIRECTION('',(-0.939094252094709,-5.12632814338106E-16,0.343659694585616));
#1150=DIRECTION('',(5.98423677612469E-32,1.,1.49168733609054E-15));
#1151=DIRECTION('',(-5.98423677612469E-32,-1.,-1.49168733609054E-15));
#1152=DIRECTION('',(-0.939094252094709,-5.12632814338106E-16,0.343659694585616));
#1153=DIRECTION('',(5.98423677612469E-32,1.,1.49168733609054E-15));
#1154=DIRECTION('',(-0.939094252094709,-5.12632814338106E-16,0.343659694585616));
#1155=DIRECTION('',(-5.98423677612469E-32,-1.,-1.49168733609054E-15));
#1156=DIRECTION('',(5.98423677612469E-32,1.,1.49168733609054E-15));
#1157=DIRECTION('',(-0.939094252094709,-5.12632814338106E-16,0.343659694585616));
#1158=DIRECTION('',(0.939692620785908,5.10187116486772E-16,-0.342020143325669));
#1159=DIRECTION('',(5.98423677612469E-32,1.,1.49168733609054E-15));
#1160=DIRECTION('',(-0.939094252094709,-5.12632814338106E-16,0.343659694585616));
#1161=DIRECTION('',(0.939094252094709,5.12632814338106E-16,-0.343659694585616));
#1162=DIRECTION('',(-5.98423677612469E-32,-1.,-1.49168733609054E-15));
#1163=DIRECTION('',(0.939094252094709,5.12632814338106E-16,-0.343659694585616));
#1164=DIRECTION('',(-5.98423677612469E-32,-1.,-1.49168733609054E-15));
#1165=DIRECTION('',(-0.939094252094709,-5.12632814338106E-16,0.343659694585616));
#1166=DIRECTION('',(-5.98423677612469E-32,-1.,-1.49168733609054E-15));
#1167=DIRECTION('',(-0.939094252094709,-5.12632814338106E-16,0.343659694585616));
#1168=DIRECTION('',(0.939692620785908,5.10187116486772E-16,-0.342020143325669));
#1169=DIRECTION('',(5.98423677612469E-32,1.,1.49168733609054E-15));
#1170=DIRECTION('',(0.,0.,1.));
#1171=DIRECTION('',(1.,0.,0.));
#1172=DIRECTION('',(0.,-1.,0.));
#1173=DIRECTION('',(0.939094252094709,0.,-0.343659694585616));
#1174=DIRECTION('',(0.,1.,0.));
#1175=DIRECTION('',(0.939094252094709,0.,-0.343659694585616));
#1176=DIRECTION('',(0.,1.,0.));
#1177=DIRECTION('',(0.,-1.,0.));
#1178=DIRECTION('',(0.939094252094709,0.,-0.343659694585616));
#1179=DIRECTION('',(0.,1.,0.));
#1180=DIRECTION('',(0.939094252094709,0.,-0.343659694585616));
#1181=DIRECTION('',(0.,-1.,0.));
#1182=DIRECTION('',(0.,1.,0.));
#1183=DIRECTION('',(0.939094252094709,0.,-0.343659694585616));
#1184=DIRECTION('',(-0.939692620785908,0.,0.342020143325669));
#1185=DIRECTION('',(0.,1.,0.));
#1186=DIRECTION('',(0.939094252094709,0.,-0.343659694585616));
#1187=DIRECTION('',(-0.939094252094709,0.,0.343659694585616));
#1188=DIRECTION('',(0.,-1.,0.));
#1189=DIRECTION('',(-0.939094252094709,0.,0.343659694585616));
#1190=DIRECTION('',(0.,-1.,0.));
#1191=DIRECTION('',(0.939094252094709,0.,-0.343659694585616));
#1192=DIRECTION('',(0.,-1.,0.));
#1193=DIRECTION('',(0.939094252094709,0.,-0.343659694585616));
#1194=DIRECTION('',(-0.939692620785908,0.,0.342020143325669));
#1195=DIRECTION('',(0.,1.,0.));
#1196=DIRECTION('',(0.,0.,1.));
#1197=DIRECTION('',(1.,0.,0.));
#1198=DIRECTION('',(0.,1.,0.));
#1199=DIRECTION('',(-0.973178872777088,0.,-0.230049737188104));
#1200=DIRECTION('',(-0.939692620785908,0.,0.342020143325669));
#1201=DIRECTION('',(0.,1.,0.));
#1202=DIRECTION('',(-0.973178872777088,0.,-0.230049737188104));
#1203=DIRECTION('',(0.973178872777088,0.,0.230049737188104));
#1204=DIRECTION('',(0.,-1.,0.));
#1205=DIRECTION('',(0.,-1.,0.));
#1206=DIRECTION('',(0.973178872777088,0.,0.230049737188104));
#1207=DIRECTION('',(0.,-1.,0.));
#1208=DIRECTION('',(-0.973178872777088,0.,-0.230049737188104));
#1209=DIRECTION('',(0.,-1.,0.));
#1210=DIRECTION('',(-0.973178872777088,0.,-0.230049737188104));
#1211=DIRECTION('',(-0.939692620785908,0.,0.342020143325669));
#1212=DIRECTION('',(0.,1.,0.));
#1213=DIRECTION('',(0.,1.,0.));
#1214=DIRECTION('',(0.,0.,1.));
#1215=DIRECTION('',(1.,0.,0.));
#1216=DIRECTION('',(0.,1.,0.));
#1217=DIRECTION('',(0.939692620785908,0.,-0.342020143325669));
#1218=DIRECTION('',(0.972775878209397,0.,0.231747903494157));
#1219=DIRECTION('',(0.,1.,0.));
#1220=DIRECTION('',(0.939692620785908,0.,-0.342020143325669));
#1221=DIRECTION('',(-0.939692620785908,0.,0.342020143325669));
#1222=DIRECTION('',(0.,-1.,0.));
#1223=DIRECTION('',(0.,-1.,0.));
#1224=DIRECTION('',(-0.939692620785908,0.,0.342020143325669));
#1225=DIRECTION('',(0.,-1.,0.));
#1226=DIRECTION('',(0.939692620785908,0.,-0.342020143325669));
#1227=DIRECTION('',(0.,-1.,0.));
#1228=DIRECTION('',(0.939692620785908,0.,-0.342020143325669));
#1229=DIRECTION('',(0.972775878209397,0.,0.231747903494157));
#1230=DIRECTION('',(0.,1.,0.));
#1231=DIRECTION('',(0.,1.,0.));
#1232=CARTESIAN_POINT('',(0.,0.,0.));
#1233=CARTESIAN_POINT('',(1.50398517091213,4.885,-0.545919962701876));
#1234=CARTESIAN_POINT('',(1.50398517091213,7.385,-0.545919962701875));
#1235=CARTESIAN_POINT('',(0.413572592326568,4.885,-3.54995802764495));
#1236=CARTESIAN_POINT('',(0.413572592326568,7.385,-3.54995802764495));
#1237=CARTESIAN_POINT('',(-2.59320009744069,4.885,-2.4630012645031));
#1238=CARTESIAN_POINT('',(-2.59320009744069,7.385,-2.4630012645031));
#1239=CARTESIAN_POINT('',(-1.50446100321667,4.885,0.544607280340882));
#1240=CARTESIAN_POINT('',(-1.50446100321667,7.385,0.544607280340883));
#1241=CARTESIAN_POINT('',(-1.11997995149323E-15,4.885,-2.28794013574345E-16));
#1242=CARTESIAN_POINT('',(-1.50446100321667,4.885,0.544607280340881));
#1243=CARTESIAN_POINT('',(1.50398517091213,4.885,-0.545919962701875));
#1244=CARTESIAN_POINT('',(1.50398517091213,4.76,-0.545919962701876));
#1245=CARTESIAN_POINT('',(1.50398517091213,7.51,-0.545919962701875));
#1246=CARTESIAN_POINT('',(1.50398517091213,7.385,-0.545919962701875));
#1247=CARTESIAN_POINT('',(-7.82883814561975E-16,7.385,2.2879401357435E-16));
#1248=CARTESIAN_POINT('',(-1.50446100321667,7.385,0.544607280340881));
#1249=CARTESIAN_POINT('',(-1.50446100321667,6.135,0.544607280340881));
#1250=CARTESIAN_POINT('',(-1.5270005087771,4.885,0.555782732904212));
#1251=CARTESIAN_POINT('',(-1.5270005087771,7.385,0.555782732904212));
#1252=CARTESIAN_POINT('',(-0.415920266095193,4.885,3.60845061087492));
#1253=CARTESIAN_POINT('',(-0.415920266095193,7.385,3.60845061087492));
#1254=CARTESIAN_POINT('',(2.63493521433359,4.885,2.49652619758871));
#1255=CARTESIAN_POINT('',(2.63493521433359,7.385,2.49652619758871));
#1256=CARTESIAN_POINT('',(1.52748493920763,4.885,-0.554449962119093));
#1257=CARTESIAN_POINT('',(1.52748493920763,7.385,-0.554449962119092));
#1258=CARTESIAN_POINT('',(-0.275,6.135,1.6015617378047));
#1259=CARTESIAN_POINT('',(-0.275,5.36,1.6015617378047));
#1260=CARTESIAN_POINT('',(-0.275,5.81,1.6015617378047));
#1261=CARTESIAN_POINT('',(-0.275000000000001,5.81,1.6015617378047));
#1262=CARTESIAN_POINT('',(-0.275000000000001,5.81910242020685,1.6015617378047));
#1263=CARTESIAN_POINT('',(-0.274099084600482,5.83715020855009,1.60171681854183));
#1264=CARTESIAN_POINT('',(-0.270135875465218,5.86377957695787,1.60239214719493));
#1265=CARTESIAN_POINT('',(-0.264683278506375,5.88557480633808,1.60330304771357));
#1266=CARTESIAN_POINT('',(-0.25897583461191,5.90283555657573,1.60423307504745));
#1267=CARTESIAN_POINT('',(-0.252452833290811,5.91970275613353,1.60527667648377));
#1268=CARTESIAN_POINT('',(-0.242848543710499,5.93996016911771,1.60676819732091));
#1269=CARTESIAN_POINT('',(-0.231331047859205,5.9591710456715,1.60846392396133));
#1270=CARTESIAN_POINT('',(-0.220964634593321,5.97389371424941,1.6099136252079));
#1271=CARTESIAN_POINT('',(-0.209788967454402,5.98820567621236,1.61141908961831));
#1272=CARTESIAN_POINT('',(-0.194700340146477,6.00482411864494,1.61333152156345));
#1273=CARTESIAN_POINT('',(-0.174825569551814,6.02284021921147,1.61561316808028));
#1274=CARTESIAN_POINT('',(-0.156793896107298,6.0362400293016,1.61744920558196));
#1275=CARTESIAN_POINT('',(-0.141448608260301,6.04596359557232,1.61884616075817));
#1276=CARTESIAN_POINT('',(-0.125783189139238,6.05483585071586,1.62015840828591));
#1277=CARTESIAN_POINT('',(-0.105534957746803,6.06441610603779,1.62163296103446));
#1278=CARTESIAN_POINT('',(-0.0844299272795024,6.07198976829864,1.62284550808801));
#1279=CARTESIAN_POINT('',(-0.0670080587084663,6.07682748062657,1.62363583331345));
#1280=CARTESIAN_POINT('',(-0.0492499419547603,6.08082023595249,1.62429615808825));
#1281=CARTESIAN_POINT('',(-0.0270104380628001,6.0841097906032,1.62484904168698));
#1282=CARTESIAN_POINT('',(-0.00460319991683258,6.08521846535032,1.62503702022267));
#1283=CARTESIAN_POINT('',(0.0133966542080378,6.08478475285877,1.62496354656502));
#1284=CARTESIAN_POINT('',(0.02695671238515,6.08378899442546,1.62479533020617));
#1285=CARTESIAN_POINT('',(0.0404982597956239,6.08211471040236,1.62451381322868));
#1286=CARTESIAN_POINT('',(0.058251456528286,6.07902272371437,1.62399766310398));
#1287=CARTESIAN_POINT('',(0.0800085600189918,6.07355980844095,1.62309720005606));
#1288=CARTESIAN_POINT('',(0.105376567974655,6.06449349361684,1.62164483604472));
#1289=CARTESIAN_POINT('',(0.130058004335631,6.05280730507268,1.61984635015751));
#1290=CARTESIAN_POINT('',(0.153099808463183,6.03896393188801,1.6178232573057));
#1291=CARTESIAN_POINT('',(0.171081729545502,6.02563127184996,1.61599515491309));
#1292=CARTESIAN_POINT('',(0.184698451676498,6.01389393165679,1.61447996424787));
#1293=CARTESIAN_POINT('',(0.194555864577666,6.00451117873975,1.61332087795984));
#1294=CARTESIAN_POINT('',(0.203881201389337,5.99471061485148,1.61216785111145));
#1295=CARTESIAN_POINT('',(0.215594784159565,5.98112651780398,1.61065275321638));
#1296=CARTESIAN_POINT('',(0.228918750433126,5.96316874961761,1.60881841966027));
#1297=CARTESIAN_POINT('',(0.240478093264433,5.94393677402695,1.60711765485998));
#1298=CARTESIAN_POINT('',(0.248659946660543,5.92770720875883,1.60586575225674));
#1299=CARTESIAN_POINT('',(0.25597495431414,5.91120981028342,1.60471919393967));
#1300=CARTESIAN_POINT('',(0.263532028175127,5.8901022519132,1.60349504892011));
#1301=CARTESIAN_POINT('',(0.269002271021162,5.86834824410934,1.60258162965255));
#1302=CARTESIAN_POINT('',(0.272106226894352,5.85056009299082,1.60205636434237));
#1303=CARTESIAN_POINT('',(0.27434377655825,5.83247664486428,1.60167474774859));
#1304=CARTESIAN_POINT('',(0.274999999999999,5.81898167957247,1.6015617378047));
#1305=CARTESIAN_POINT('',(0.274999999999999,5.81,1.6015617378047));
#1306=CARTESIAN_POINT('',(0.275,5.81,1.6015617378047));
#1307=CARTESIAN_POINT('',(0.275,6.135,1.6015617378047));
#1308=CARTESIAN_POINT('',(0.275,5.36,1.6015617378047));
#1309=CARTESIAN_POINT('',(0.274999999999999,5.36,1.6015617378047));
#1310=CARTESIAN_POINT('',(0.274999999999999,5.35089882893397,1.6015617378047));
#1311=CARTESIAN_POINT('',(0.274099331123353,5.33285349628814,1.60171677599773));
#1312=CARTESIAN_POINT('',(0.270137199751098,5.30622768923398,1.6023919224332));
#1313=CARTESIAN_POINT('',(0.264686092471518,5.28443532580317,1.60330258091372));
#1314=CARTESIAN_POINT('',(0.25898023206307,5.26717680111859,1.60423236394732));
#1315=CARTESIAN_POINT('',(0.252458914214268,5.25031140297282,1.60527571684314));
#1316=CARTESIAN_POINT('',(0.242857142753153,5.23005615221265,1.6067668888651));
#1317=CARTESIAN_POINT('',(0.231342645524521,5.21084708100403,1.60846224840619));
#1318=CARTESIAN_POINT('',(0.220979030847119,5.19612575211618,1.60991164556469));
#1319=CARTESIAN_POINT('',(0.209806208001878,5.18181472677872,1.61141683617027));
#1320=CARTESIAN_POINT('',(0.194721104928227,5.16519678659833,1.61332899829393));
#1321=CARTESIAN_POINT('',(0.17485106905444,5.14718090229561,1.6156103860001));
#1322=CARTESIAN_POINT('',(0.156824020536179,5.13378094409117,1.61744627038003));
#1323=CARTESIAN_POINT('',(0.141482134380391,5.12405653573117,1.61884322534457));
#1324=CARTESIAN_POINT('',(0.125819826390769,5.11518304488386,1.62015554995777));
#1325=CARTESIAN_POINT('',(0.105575805919,5.10560096959448,1.62163027681775));
#1326=CARTESIAN_POINT('',(0.0844750346834805,5.09802486621521,1.62284314261625));
#1327=CARTESIAN_POINT('',(0.0670570943047313,5.09318487380187,1.62363380176136));
#1328=CARTESIAN_POINT('',(0.0493018274716399,5.08918926155231,1.6242945716982));
#1329=CARTESIAN_POINT('',(0.0270655490775351,5.0858957615424,1.62484810235846));
#1330=CARTESIAN_POINT('',(0.00466176458489675,5.08478259361231,1.62503684096237));
#1331=CARTESIAN_POINT('',(-0.0133354741285204,5.08521231239218,1.62496404325402));
#1332=CARTESIAN_POINT('',(-0.0268931480377996,5.08620478742189,1.62479637889858));
#1333=CARTESIAN_POINT('',(-0.0404338375824637,5.08787572992856,1.62451541590889));
#1334=CARTESIAN_POINT('',(-0.0581857442069103,5.09096311796241,1.62400001265042));
#1335=CARTESIAN_POINT('',(-0.0799414921117052,5.09641997904553,1.62310049430398));
#1336=CARTESIAN_POINT('',(-0.105307589413587,5.10547810989106,1.62164931040908));
#1337=CARTESIAN_POINT('',(-0.129989067307261,5.11715589013982,1.61985188861886));
#1338=CARTESIAN_POINT('',(-0.153032416452517,5.13099114757103,1.61782964068664));
#1339=CARTESIAN_POINT('',(-0.171015674060064,5.14431644432933,1.61600215114772));
#1340=CARTESIAN_POINT('',(-0.184633719680811,5.15604750638599,1.61448737036523));
#1341=CARTESIAN_POINT('',(-0.194492433268585,5.16542543261692,1.61332853005199));
#1342=CARTESIAN_POINT('',(-0.203820344371338,5.17522226071076,1.61217555100584));
#1343=CARTESIAN_POINT('',(-0.215537048375492,5.18880087076217,1.61066049016109));
#1344=CARTESIAN_POINT('',(-0.228865398159628,5.20675178892439,1.60882602716601));
#1345=CARTESIAN_POINT('',(-0.240429422746045,5.22597608002568,1.60712494684747));
#1346=CARTESIAN_POINT('',(-0.248615943860761,5.24219993663525,1.60587257014997));
#1347=CARTESIAN_POINT('',(-0.25593663797838,5.25869342708437,1.60472531664071));
#1348=CARTESIAN_POINT('',(-0.263500755477504,5.2797954793236,1.60350020284197));
#1349=CARTESIAN_POINT('',(-0.268978773083659,5.30154364495714,1.60258558008435));
#1350=CARTESIAN_POINT('',(-0.272089347382309,5.31932775653806,1.60205923330864));
#1351=CARTESIAN_POINT('',(-0.274334219704734,5.33740399059233,1.60167638946982));
#1352=CARTESIAN_POINT('',(-0.275000000000001,5.3509562288409,1.6015617378047));
#1353=CARTESIAN_POINT('',(-0.275000000000001,5.36,1.6015617378047));
#1354=CARTESIAN_POINT('',(-1.11997995149323E-15,4.885,-2.28794013574345E-16));
#1355=CARTESIAN_POINT('',(1.52748493920763,4.885,-0.554449962119092));
#1356=CARTESIAN_POINT('',(-1.5270005087771,4.885,0.555782732904212));
#1357=CARTESIAN_POINT('',(1.52748493920763,4.76,-0.554449962119092));
#1358=CARTESIAN_POINT('',(1.52748493920763,7.51,-0.554449962119092));
#1359=CARTESIAN_POINT('',(1.52748493920763,7.385,-0.554449962119092));
#1360=CARTESIAN_POINT('',(-7.82883814561975E-16,7.385,2.2879401357435E-16));
#1361=CARTESIAN_POINT('',(-1.5270005087771,7.385,0.555782732904212));
#1362=CARTESIAN_POINT('',(-1.5270005087771,6.135,0.555782732904212));
#1363=CARTESIAN_POINT('',(1.64608071710598,7.385,-1.64900171212106));
#1364=CARTESIAN_POINT('',(-1.64590288117766,7.385,-1.64900171212106));
#1365=CARTESIAN_POINT('',(1.64608071710598,7.385,1.64884537066383));
#1366=CARTESIAN_POINT('',(-1.64590288117766,7.385,1.64884537066383));
#1367=CARTESIAN_POINT('',(-7.82883814561975E-16,7.385,2.2879401357435E-16));
#1368=CARTESIAN_POINT('',(-1.52796820639193,7.385,0.553116769096207));
#1369=CARTESIAN_POINT('',(-1.50446100321667,7.385,0.544607280340881));
#1370=CARTESIAN_POINT('',(-7.82883814561975E-16,7.385,2.2879401357435E-16));
#1371=CARTESIAN_POINT('',(-1.50350819325745,7.385,0.54723222932107));
#1372=CARTESIAN_POINT('',(-1.50350819325745,7.385,0.54723222932107));
#1373=CARTESIAN_POINT('',(-1.52817512455308,4.76,0.556210258083369));
#1374=CARTESIAN_POINT('',(-1.52817512455308,7.51,0.55621025808337));
#1375=CARTESIAN_POINT('',(-1.50233357748147,4.76,0.546804704141913));
#1376=CARTESIAN_POINT('',(-1.50233357748147,7.51,0.546804704141913));
#1377=CARTESIAN_POINT('',(-1.50350819325745,6.135,0.54723222932107));
#1378=CARTESIAN_POINT('',(-1.50350819325745,4.885,0.54723222932107));
#1379=CARTESIAN_POINT('',(-1.50350819325745,4.885,0.54723222932107));
#1380=CARTESIAN_POINT('',(1.65357318185608,4.885,1.6567326257882));
#1381=CARTESIAN_POINT('',(-1.65368669367129,4.885,1.6567326257882));
#1382=CARTESIAN_POINT('',(1.65357318185608,4.885,-1.6568044520557));
#1383=CARTESIAN_POINT('',(-1.65368669367129,4.885,-1.6568044520557));
#1384=CARTESIAN_POINT('',(-1.11997995149323E-15,4.885,-2.28794013574345E-16));
#1385=CARTESIAN_POINT('',(-1.52796820639193,4.885,0.553116769096207));
#1386=CARTESIAN_POINT('',(-1.11997995149323E-15,4.885,-2.28794013574345E-16));
#1387=CARTESIAN_POINT('',(-1.50446100321667,4.885,0.544607280340881));
#1388=CARTESIAN_POINT('',(-1.50328564305791,4.76,0.544181805903114));
#1389=CARTESIAN_POINT('',(-1.50328564305791,7.51,0.544181805903115));
#1390=CARTESIAN_POINT('',(-1.52914356655069,4.76,0.553542243533973));
#1391=CARTESIAN_POINT('',(-1.52914356655069,7.51,0.553542243533974));
#1392=CARTESIAN_POINT('',(-1.52796820639193,6.135,0.553116769096207));
#1393=CARTESIAN_POINT('',(1.52748493920763,4.885,-0.554449962119092));
#1394=CARTESIAN_POINT('',(1.52748493920763,7.385,-0.554449962119092));
#1395=CARTESIAN_POINT('',(0.420034664081672,4.885,-3.6054261218269));
#1396=CARTESIAN_POINT('',(0.420034664081672,7.385,-3.6054261218269));
#1397=CARTESIAN_POINT('',(-2.6337188489632,4.885,-2.50148565926096));
#1398=CARTESIAN_POINT('',(-2.6337188489632,7.385,-2.50148565926096));
#1399=CARTESIAN_POINT('',(-1.52796820639193,4.885,0.553116769096207));
#1400=CARTESIAN_POINT('',(-1.52796820639193,7.385,0.553116769096208));
#1401=CARTESIAN_POINT('',(-1.50350819325745,4.885,0.547232229321071));
#1402=CARTESIAN_POINT('',(-1.50350819325745,7.385,0.547232229321072));
#1403=CARTESIAN_POINT('',(-0.409521492770649,4.885,3.55293598609223));
#1404=CARTESIAN_POINT('',(-0.409521492770649,7.385,3.55293598609223));
#1405=CARTESIAN_POINT('',(2.59439774949768,4.885,2.45811810224119));
#1406=CARTESIAN_POINT('',(2.59439774949768,7.385,2.45811810224119));
#1407=CARTESIAN_POINT('',(1.50398517091213,4.885,-0.545919962701876));
#1408=CARTESIAN_POINT('',(1.50398517091213,7.385,-0.545919962701875));
#1409=CARTESIAN_POINT('',(-0.275,6.135,1.57619002661481));
#1410=CARTESIAN_POINT('',(-0.275,5.81,1.57619002661481));
#1411=CARTESIAN_POINT('',(-0.275,5.36,1.57619002661481));
#1412=CARTESIAN_POINT('',(-0.275000000000002,5.36,1.57619002661481));
#1413=CARTESIAN_POINT('',(-0.275000000000002,5.35089827215674,1.57619002661481));
#1414=CARTESIAN_POINT('',(-0.27409922145742,5.33285191406159,1.57634758003082));
#1415=CARTESIAN_POINT('',(-0.270136669224145,5.30622481971728,1.57703366152552));
#1416=CARTESIAN_POINT('',(-0.264685038012525,5.28443153692746,1.57795904187982));
#1417=CARTESIAN_POINT('',(-0.258978663987527,5.2671724251872,1.57890382745186));
#1418=CARTESIAN_POINT('',(-0.252457254546663,5.25030762125488,1.57996391799672));
#1419=CARTESIAN_POINT('',(-0.242855273724608,5.23005268545113,1.58147898603102));
#1420=CARTESIAN_POINT('',(-0.231340740824716,5.21084412180907,1.5832014138798));
#1421=CARTESIAN_POINT('',(-0.22097683671277,5.19612279769703,1.58467393798295));
#1422=CARTESIAN_POINT('',(-0.209804442119583,5.18181271411385,1.58620300890597));
#1423=CARTESIAN_POINT('',(-0.194720864735291,5.16519666741755,1.58814532780862));
#1424=CARTESIAN_POINT('',(-0.174852008128233,5.14718167826669,1.59046271334547));
#1425=CARTESIAN_POINT('',(-0.156824744368909,5.1337814591553,1.59232761511563));
#1426=CARTESIAN_POINT('',(-0.141483672375172,5.12405747964257,1.59374651564411));
#1427=CARTESIAN_POINT('',(-0.125822732253224,5.11518457772836,1.5950793965676));
#1428=CARTESIAN_POINT('',(-0.10557936500688,5.10560245765806,1.59657728358503));
#1429=CARTESIAN_POINT('',(-0.0844784836154263,5.09802593730638,1.59780922247152));
#1430=CARTESIAN_POINT('',(-0.0670590949472851,5.09318536346081,1.59861235558867));
#1431=CARTESIAN_POINT('',(-0.0493037184977849,5.08918961048519,1.5992834868913));
#1432=CARTESIAN_POINT('',(-0.0270672499419786,5.08589589612225,1.59984570604092));
#1433=CARTESIAN_POINT('',(-0.00466213799061744,5.08478256865056,1.60003742086708));
#1434=CARTESIAN_POINT('',(0.0133364184431313,5.085212330446,1.5999634783302));
#1435=CARTESIAN_POINT('',(0.0268959444771096,5.08620504668107,1.59979315264874));
#1436=CARTESIAN_POINT('',(0.0404364879587928,5.08787612714077,1.59950777468539));
#1437=CARTESIAN_POINT('',(0.0581886417681719,5.0909637359217,1.59898427525539));
#1438=CARTESIAN_POINT('',(0.0799447454041558,5.09642091323756,1.59807062878438));
#1439=CARTESIAN_POINT('',(0.105312614357253,5.10548014685788,1.59659652717046));
#1440=CARTESIAN_POINT('',(0.12999332846585,5.1171582408998,1.59477084297869));
#1441=CARTESIAN_POINT('',(0.153034738821742,5.13099275619346,1.59271688090123));
#1442=CARTESIAN_POINT('',(0.171017596498985,5.14431796314978,1.59086056187423));
#1443=CARTESIAN_POINT('',(0.184635778923361,5.15604935705785,1.58932178139657));
#1444=CARTESIAN_POINT('',(0.194494482180839,5.16542751284523,1.5881445640651));
#1445=CARTESIAN_POINT('',(0.203820584392611,5.17522257869482,1.58697350764493));
#1446=CARTESIAN_POINT('',(0.215536244533364,5.18879992191545,1.58543450991699));
#1447=CARTESIAN_POINT('',(0.228863880591739,5.20674954268081,1.58357094230659));
#1448=CARTESIAN_POINT('',(0.240428589257613,5.22597452219283,1.58184260380737));
#1449=CARTESIAN_POINT('',(0.248615333530201,5.24219868529167,1.5805701573649));
#1450=CARTESIAN_POINT('',(0.255935261771643,5.25869010280484,1.57940465360074));
#1451=CARTESIAN_POINT('',(0.263499636917426,5.27979175619376,1.57815984988822));
#1452=CARTESIAN_POINT('',(0.268978168389392,5.30154060596503,1.57723044381539));
#1453=CARTESIAN_POINT('',(0.272089258536208,5.31932697271161,1.57669554354905));
#1454=CARTESIAN_POINT('',(0.274334273919683,5.33740448022069,1.57630651468951));
#1455=CARTESIAN_POINT('',(0.274999999999999,5.3509561779619,1.57619002661481));
#1456=CARTESIAN_POINT('',(0.274999999999999,5.36,1.57619002661481));
#1457=CARTESIAN_POINT('',(0.275,5.36,1.57619002661481));
#1458=CARTESIAN_POINT('',(0.275,6.135,1.57619002661481));
#1459=CARTESIAN_POINT('',(0.275,5.81,1.57619002661481));
#1460=CARTESIAN_POINT('',(0.274999999999999,5.81,1.57619002661481));
#1461=CARTESIAN_POINT('',(0.274999999999999,5.81910297945214,1.57619002661481));
#1462=CARTESIAN_POINT('',(0.274098974415368,5.83715179812479,1.57634762335083));
#1463=CARTESIAN_POINT('',(0.270135342326423,5.86378246054519,1.5770338903533));
#1464=CARTESIAN_POINT('',(0.264682218218449,5.88557861552609,1.57795951715896));
#1465=CARTESIAN_POINT('',(0.258974258032409,5.90283995571041,1.57890455135291));
#1466=CARTESIAN_POINT('',(0.25245116184026,5.91970656474107,1.57996489489711));
#1467=CARTESIAN_POINT('',(0.242846658004871,5.93996366686905,1.58148031798004));
#1468=CARTESIAN_POINT('',(0.231329121172166,5.95917403884071,1.58320311939089));
#1469=CARTESIAN_POINT('',(0.220962412088659,5.97389670641216,1.5846759530961));
#1470=CARTESIAN_POINT('',(0.209787171434675,5.98820772399217,1.58620530215406));
#1471=CARTESIAN_POINT('',(0.194700060980938,6.00482427707991,1.58814789589978));
#1472=CARTESIAN_POINT('',(0.174826461982704,6.02283948227511,1.59046554462402));
#1473=CARTESIAN_POINT('',(0.156794559278578,6.03623955641621,1.59233060261609));
#1474=CARTESIAN_POINT('',(0.141450086235736,6.04596268793454,1.59374950264426));
#1475=CARTESIAN_POINT('',(0.125786026280495,6.05483435401749,1.59508230535917));
#1476=CARTESIAN_POINT('',(0.105538439093032,6.06441465108023,1.59658001518932));
#1477=CARTESIAN_POINT('',(0.0844332893469429,6.07198872623661,1.59781162975682));
#1478=CARTESIAN_POINT('',(0.0670099598705172,6.07682701635687,1.5986144231745));
#1479=CARTESIAN_POINT('',(0.0492517373769153,6.08081990471439,1.59928510109059));
#1480=CARTESIAN_POINT('',(0.0270120295536154,6.08410966755317,1.59984666201993));
#1481=CARTESIAN_POINT('',(0.0046034593069948,6.08521849253668,1.6000376033287));
#1482=CARTESIAN_POINT('',(-0.0133977244332403,6.08478472863388,1.59996297278898));
#1483=CARTESIAN_POINT('',(-0.0269596256194222,6.08378872226872,1.59979208547589));
#1484=CARTESIAN_POINT('',(-0.0405010867007547,6.08211429169424,1.59950614285246));
#1485=CARTESIAN_POINT('',(-0.0582541876699441,6.07902209230434,1.59898188904974));
#1486=CARTESIAN_POINT('',(-0.0800143203301341,6.07355871473242,1.59806723719919));
#1487=CARTESIAN_POINT('',(-0.101146595656983,6.06600298152844,1.59683796973195));
#1488=CARTESIAN_POINT('',(-0.117733894586634,6.05864754545504,1.59567839511306));
#1489=CARTESIAN_POINT('',(-0.133895526772151,6.05049812405283,1.59442284955316));
#1490=CARTESIAN_POINT('',(-0.153104636856493,6.03896211708287,1.59271034528759));
#1491=CARTESIAN_POINT('',(-0.171083479651841,6.02562967029503,1.5908534466897));
#1492=CARTESIAN_POINT('',(-0.184700696069634,6.01389195944826,1.58931424192951));
#1493=CARTESIAN_POINT('',(-0.194558004694501,6.00450899155757,1.5881367777725));
#1494=CARTESIAN_POINT('',(-0.203881555570545,5.99471017516873,1.58696567124471));
#1495=CARTESIAN_POINT('',(-0.215594084081848,5.98112733375345,1.58542663549096));
#1496=CARTESIAN_POINT('',(-0.2289173334725,5.96317085066491,1.58356319909495));
#1497=CARTESIAN_POINT('',(-0.240477362616488,5.943938147367,1.58183517959862));
#1498=CARTESIAN_POINT('',(-0.248659413383722,5.92770829798197,1.58056321820526));
#1499=CARTESIAN_POINT('',(-0.255973652336146,5.91121295321215,1.57939842073781));
#1500=CARTESIAN_POINT('',(-0.263530972180269,5.89010576834568,1.57815460273031));
#1501=CARTESIAN_POINT('',(-0.269001710410347,5.868351102323,1.57722642236222));
#1502=CARTESIAN_POINT('',(-0.272106179897625,5.85056058894957,1.57669262119536));
#1503=CARTESIAN_POINT('',(-0.274343812772945,5.83247622337706,1.57630484964698));
#1504=CARTESIAN_POINT('',(-0.275000000000001,5.81898189292507,1.57619002661481));
#1505=CARTESIAN_POINT('',(-0.275000000000001,5.81,1.57619002661481));
#1506=CARTESIAN_POINT('',(-0.275000000000001,5.36,1.57589545153833));
#1507=CARTESIAN_POINT('',(-0.275000000000001,5.36,1.6255804477708));
#1508=CARTESIAN_POINT('',(-0.275000000000001,4.81,1.57589545153833));
#1509=CARTESIAN_POINT('',(-0.275000000000001,4.81,1.6255804477708));
#1510=CARTESIAN_POINT('',(0.274999999999999,4.81,1.57589545153833));
#1511=CARTESIAN_POINT('',(0.274999999999999,4.81,1.6255804477708));
#1512=CARTESIAN_POINT('',(0.274999999999999,5.36,1.57589545153833));
#1513=CARTESIAN_POINT('',(0.274999999999999,5.36,1.6255804477708));
#1514=CARTESIAN_POINT('',(-0.275,5.36,-1.41852288416093E-16));
#1515=CARTESIAN_POINT('',(0.275,5.36,-1.41852288416093E-16));
#1516=CARTESIAN_POINT('',(-0.275,5.8325,1.57492144105532));
#1517=CARTESIAN_POINT('',(-0.275,5.8325,1.60283032336419));
#1518=CARTESIAN_POINT('',(-0.275,5.3375,1.57492144105532));
#1519=CARTESIAN_POINT('',(-0.275,5.3375,1.60283032336419));
#1520=CARTESIAN_POINT('',(-0.275,5.81,-5.94864435293279E-17));
#1521=CARTESIAN_POINT('',(0.270128993950388,5.75847013848893,1.57341118292198));
#1522=CARTESIAN_POINT('',(0.270128993950388,5.75847013848893,1.6280650486262));
#1523=CARTESIAN_POINT('',(0.305036329342055,5.94146079893953,1.57341118292198));
#1524=CARTESIAN_POINT('',(0.305036329342055,5.94146079893953,1.6280650486262));
#1525=CARTESIAN_POINT('',(0.186290375157427,6.085,1.57341118292198));
#1526=CARTESIAN_POINT('',(0.186290375157427,6.085,1.6280650486262));
#1527=CARTESIAN_POINT('',(-8.99556752667321E-16,6.085,1.57341118292198));
#1528=CARTESIAN_POINT('',(-8.99556752667321E-16,6.085,1.6280650486262));
#1529=CARTESIAN_POINT('',(-0.186290375157429,6.085,1.57341118292198));
#1530=CARTESIAN_POINT('',(-0.186290375157429,6.085,1.6280650486262));
#1531=CARTESIAN_POINT('',(-0.305036329342057,5.94146079893953,1.57341118292198));
#1532=CARTESIAN_POINT('',(-0.305036329342057,5.94146079893953,1.6280650486262));
#1533=CARTESIAN_POINT('',(-0.27012899395039,5.75847013848893,1.57341118292198));
#1534=CARTESIAN_POINT('',(-0.27012899395039,5.75847013848893,1.6280650486262));
#1535=CARTESIAN_POINT('',(0.275,5.81,-5.94864435293281E-17));
#1536=CARTESIAN_POINT('',(0.275,5.3375,1.57492144105532));
#1537=CARTESIAN_POINT('',(0.275,5.3375,1.60283032336419));
#1538=CARTESIAN_POINT('',(0.275,5.8325,1.57492144105532));
#1539=CARTESIAN_POINT('',(0.275,5.8325,1.60283032336419));
#1540=CARTESIAN_POINT('',(0.,0.,0.));
#1541=CARTESIAN_POINT('',(-1.56524252049018,-0.615,-1.56463478688176E-16));
#1542=CARTESIAN_POINT('',(-1.62535640643843,-0.615,-1.60144392588717E-16));
#1543=CARTESIAN_POINT('',(-1.56524252049018,-0.615,0.66));
#1544=CARTESIAN_POINT('',(-1.62535640643843,-0.615,0.66));
#1545=CARTESIAN_POINT('',(-1.56524252049018,0.045,0.66));
#1546=CARTESIAN_POINT('',(-1.62535640643843,0.045,0.66));
#1547=CARTESIAN_POINT('',(-1.56524252049018,0.045,-7.56367899444502E-17));
#1548=CARTESIAN_POINT('',(-1.62535640643843,0.045,-7.9317703844992E-17));
#1549=CARTESIAN_POINT('',(-1.6,-0.615,-5.53779410314365E-17));
#1550=CARTESIAN_POINT('',(-1.6,-0.615,0.0109260870958295));
#1551=CARTESIAN_POINT('',(-1.59977637738419,-0.613918285752489,0.0325870581314693));
#1552=CARTESIAN_POINT('',(-1.59880232603563,-0.609161888345425,0.0645404167987265));
#1553=CARTESIAN_POINT('',(-1.59748720207552,-0.602620407704598,0.0906871830447377));
#1554=CARTESIAN_POINT('',(-1.59614261079886,-0.595774848487584,0.11139161919581));
#1555=CARTESIAN_POINT('',(-1.59463214114702,-0.587951367878442,0.131624229634602));
#1556=CARTESIAN_POINT('',(-1.59290262073627,-0.578739826451255,0.151056854014135));
#1557=CARTESIAN_POINT('',(-1.59099208847804,-0.568157151877192,0.169730847637728));
#1558=CARTESIAN_POINT('',(-1.58947849560825,-0.559531965899564,0.183354630256387));
#1559=CARTESIAN_POINT('',(-1.58789517659908,-0.550219777870383,0.196587856990745));
#1560=CARTESIAN_POINT('',(-1.58569894281777,-0.536834484540539,0.213742155556602));
#1561=CARTESIAN_POINT('',(-1.58290114614946,-0.518761587901356,0.233665730372383));
#1562=CARTESIAN_POINT('',(-1.57955109942941,-0.494960304578736,0.25526666585296));
#1563=CARTESIAN_POINT('',(-1.5768452007289,-0.473368874109007,0.271337010100574));
#1564=CARTESIAN_POINT('',(-1.57477992467571,-0.45498826761388,0.283005961203457));
#1565=CARTESIAN_POINT('',(-1.57332191577843,-0.44091230487791,0.290995046848579));
#1566=CARTESIAN_POINT('',(-1.57195926355671,-0.426513278332145,0.298262557422071));
#1567=CARTESIAN_POINT('',(-1.57028333405597,-0.406899180246943,0.306988557687277));
#1568=CARTESIAN_POINT('',(-1.56883636090934,-0.386659335090796,0.314276382763705));
#1569=CARTESIAN_POINT('',(-1.56765465542587,-0.365775478107226,0.320100696826194));
#1570=CARTESIAN_POINT('',(-1.56666425624559,-0.344466448347561,0.324918243317591));
#1571=CARTESIAN_POINT('',(-1.56582794835883,-0.317652227747832,0.32891601652809));
#1572=CARTESIAN_POINT('',(-1.5655989269286,-0.295925517831305,0.33));
#1573=CARTESIAN_POINT('',(-1.56559892692861,-0.285,0.33));
#1574=CARTESIAN_POINT('',(-1.59999999984358,-0.615000002626688,-8.17780273866827E-14));
#1575=CARTESIAN_POINT('',(-1.56559892692861,-0.285,0.33));
#1576=CARTESIAN_POINT('',(-1.56178018709596,-0.615,-1.56251471912735E-16));
#1577=CARTESIAN_POINT('',(-1.62880509841938,-0.615,-1.60355564068503E-16));
#1578=CARTESIAN_POINT('',(-1.62499999999568,-0.614999997878334,-4.66412481651614E-14));
#1579=CARTESIAN_POINT('',(-1.59113952876547,-0.285,0.33));
#1580=CARTESIAN_POINT('',(-1.59113952876547,-0.29592519899944,0.33));
#1581=CARTESIAN_POINT('',(-1.59136440646604,-0.317584335054645,0.32891846123669));
#1582=CARTESIAN_POINT('',(-1.59234308847268,-0.349534808856524,0.324162904002416));
#1583=CARTESIAN_POINT('',(-1.59366233497127,-0.375679150058959,0.317622632392969));
#1584=CARTESIAN_POINT('',(-1.59500856790462,-0.396381675529782,0.310778387907976));
#1585=CARTESIAN_POINT('',(-1.59651889440028,-0.416613159734453,0.302956133260915));
#1586=CARTESIAN_POINT('',(-1.59824456335037,-0.436044897169792,0.293745939678532));
#1587=CARTESIAN_POINT('',(-1.60014575367027,-0.454718522579999,0.283164529029598));
#1588=CARTESIAN_POINT('',(-1.60164920451935,-0.468342291827206,0.274540197245537));
#1589=CARTESIAN_POINT('',(-1.60321890076736,-0.481575669154941,0.265228810092334));
#1590=CARTESIAN_POINT('',(-1.60539194610544,-0.498730950161913,0.251844025984355));
#1591=CARTESIAN_POINT('',(-1.60815179126246,-0.518656780605407,0.233770670878257));
#1592=CARTESIAN_POINT('',(-1.61144261907842,-0.540260482587681,0.20996794689245));
#1593=CARTESIAN_POINT('',(-1.614089712983,-0.556332674779146,0.188375253104019));
#1594=CARTESIAN_POINT('',(-1.6161043796308,-0.568003683248616,0.169992149641514));
#1595=CARTESIAN_POINT('',(-1.61752402747426,-0.575994267598764,0.155913846499797));
#1596=CARTESIAN_POINT('',(-1.61884845249198,-0.583262772916518,0.141512896049899));
#1597=CARTESIAN_POINT('',(-1.62047466438553,-0.591989631186816,0.121896644653883));
#1598=CARTESIAN_POINT('',(-1.62187532700931,-0.599277642848741,0.101655448481829));
#1599=CARTESIAN_POINT('',(-1.62301722198151,-0.605101619168498,0.0807717936167795));
#1600=CARTESIAN_POINT('',(-1.62397327506914,-0.6099188503481,0.0594631037316784));
#1601=CARTESIAN_POINT('',(-1.62477943724262,-0.613916230860926,0.0326493561971172));
#1602=CARTESIAN_POINT('',(-1.625,-0.615,0.0109248639975964));
#1603=CARTESIAN_POINT('',(-1.625,-0.615,-6.76484998935958E-17));
#1604=CARTESIAN_POINT('',(-1.59113952876547,-0.285,0.33));
#1605=CARTESIAN_POINT('',(-1.625,0.045,-8.38263230735304E-11));
#1606=CARTESIAN_POINT('',(-1.62500000000056,0.0450000000027407,0.0107891337609146));
#1607=CARTESIAN_POINT('',(-1.62483881239172,0.0442083508286617,0.0269395888169347));
#1608=CARTESIAN_POINT('',(-1.62430558997151,0.0415661514205486,0.0484004834371106));
#1609=CARTESIAN_POINT('',(-1.62374708020274,0.0387789673024914,0.0644720233966293));
#1610=CARTESIAN_POINT('',(-1.62303228583164,0.0351778407481651,0.0804675202345479));
#1611=CARTESIAN_POINT('',(-1.62218017643199,0.0308331968290862,0.0961074279202394));
#1612=CARTESIAN_POINT('',(-1.62119678666776,0.0257468479656249,0.111460829105544));
#1613=CARTESIAN_POINT('',(-1.61972165414084,0.0179861919527672,0.13153392956717));
#1614=CARTESIAN_POINT('',(-1.61759255669986,0.00647326509954081,0.155876232929064));
#1615=CARTESIAN_POINT('',(-1.61463109714577,-0.010383114197859,0.183953154890558));
#1616=CARTESIAN_POINT('',(-1.61198928418796,-0.0264178119344404,0.205513898068492));
#1617=CARTESIAN_POINT('',(-1.6098123987888,-0.0404410037838258,0.221759982849387));
#1618=CARTESIAN_POINT('',(-1.60815987935676,-0.0515571214613307,0.233433154586138));
#1619=CARTESIAN_POINT('',(-1.60650050397204,-0.0632652236611452,0.244584965568154));
#1620=CARTESIAN_POINT('',(-1.60483985595446,-0.0756245775884518,0.255246151514754));
#1621=CARTESIAN_POINT('',(-1.60321821990892,-0.088431554985449,0.26523218742241));
#1622=CARTESIAN_POINT('',(-1.60112958083479,-0.106037032564545,0.277622980737716));
#1623=CARTESIAN_POINT('',(-1.59867941794799,-0.129061605432718,0.291424578508139));
#1624=CARTESIAN_POINT('',(-1.59651700875674,-0.153400109199772,0.30296672194418));
#1625=CARTESIAN_POINT('',(-1.59499803277787,-0.173768687914591,0.3108324329816));
#1626=CARTESIAN_POINT('',(-1.59366039792876,-0.194366369131138,0.317631924245887));
#1627=CARTESIAN_POINT('',(-1.59234285659615,-0.220474130866096,0.324164114420715));
#1628=CARTESIAN_POINT('',(-1.59136504550093,-0.25239050215562,0.328915339572303));
#1629=CARTESIAN_POINT('',(-1.59113952876547,-0.274062113960061,0.33));
#1630=CARTESIAN_POINT('',(-1.59113952876547,-0.285,0.33));
#1631=CARTESIAN_POINT('',(-1.625,0.0449999982839818,-8.3826357147269E-11));
#1632=CARTESIAN_POINT('',(-1.56178018709596,0.045,-7.54247831690099E-17));
#1633=CARTESIAN_POINT('',(-1.62880509841938,0.045,-7.95288753247777E-17));
#1634=CARTESIAN_POINT('',(-1.6,0.045000001173955,1.47608674885018E-10));
#1635=CARTESIAN_POINT('',(-1.56559892692861,-0.285,0.33));
#1636=CARTESIAN_POINT('',(-1.56559892692861,-0.274063638493289,0.33));
#1637=CARTESIAN_POINT('',(-1.56582794154718,-0.252382728025375,0.328916255860589));
#1638=CARTESIAN_POINT('',(-1.56682454370419,-0.22040123513906,0.324151220963321));
#1639=CARTESIAN_POINT('',(-1.56816785115727,-0.194232115291479,0.317597978432885));
#1640=CARTESIAN_POINT('',(-1.5695385146937,-0.173510972485724,0.310740118497748));
#1641=CARTESIAN_POINT('',(-1.57069158060364,-0.158325955318552,0.304862809011968));
#1642=CARTESIAN_POINT('',(-1.5719538836486,-0.143545531287591,0.298290957164856));
#1643=CARTESIAN_POINT('',(-1.5733160025422,-0.129148048015029,0.29102693214175));
#1644=CARTESIAN_POINT('',(-1.57476701414514,-0.115135010247657,0.283076876239639));
#1645=CARTESIAN_POINT('',(-1.57629687796333,-0.101503071783452,0.274437205125395));
#1646=CARTESIAN_POINT('',(-1.57789406556888,-0.0882619607839373,0.265108694110363));
#1647=CARTESIAN_POINT('',(-1.58010454776193,-0.0711004968871307,0.251701582137549));
#1648=CARTESIAN_POINT('',(-1.58291082636209,-0.0511735337065723,0.233601548826407));
#1649=CARTESIAN_POINT('',(-1.58569882398188,-0.0331695231435764,0.213736570257284));
#1650=CARTESIAN_POINT('',(-1.58787067804793,-0.0199276281839017,0.196783297665414));
#1651=CARTESIAN_POINT('',(-1.58945858358597,-0.0105821739493881,0.183530621412616));
#1652=CARTESIAN_POINT('',(-1.59099338730963,-0.0018346971051956,0.169722961144492));
#1653=CARTESIAN_POINT('',(-1.59243476009924,0.00614790168570212,0.15562726883724));
#1654=CARTESIAN_POINT('',(-1.59377916146498,0.0134079473029043,0.141206923688681));
#1655=CARTESIAN_POINT('',(-1.59501674033649,0.0199436264197937,0.126475049721668));
#1656=CARTESIAN_POINT('',(-1.59613948204844,0.025758354484361,0.11142799380622));
#1657=CARTESIAN_POINT('',(-1.59713865650949,0.0308464746471713,0.0960658388752422));
#1658=CARTESIAN_POINT('',(-1.59800620715664,0.0352013679156306,0.0803769350489497));
#1659=CARTESIAN_POINT('',(-1.59897268261202,0.0399947543313338,0.0590461212164671));
#1660=CARTESIAN_POINT('',(-1.59978108476698,0.0439408178851571,0.0323304192844335));
#1661=CARTESIAN_POINT('',(-1.599999999999,0.0449999999951703,0.0107976454433008));
#1662=CARTESIAN_POINT('',(-1.6,0.0450000000000001,1.47608620174139E-10));
#1663=CARTESIAN_POINT('',(-1.50303007061589,-1.25,0.548544079199118));
#1664=CARTESIAN_POINT('',(-1.50303007061589,1.25,0.548544079199118));
#1665=CARTESIAN_POINT('',(-0.407376119976253,-1.25,3.55067444072779));
#1666=CARTESIAN_POINT('',(-0.407376119976253,1.25,3.55067444072779));
#1667=CARTESIAN_POINT('',(2.59749489374426,-1.25,2.45847152745008));
#1668=CARTESIAN_POINT('',(2.59749489374426,1.25,2.45847152745008));
#1669=CARTESIAN_POINT('',(1.50350819325745,-1.25,-0.547232229321071));
#1670=CARTESIAN_POINT('',(1.50350819325745,1.25,-0.547232229321071));
#1671=CARTESIAN_POINT('',(-0.275,0.,1.57619002661481));
#1672=CARTESIAN_POINT('',(-0.275,0.41,1.57619002661481));
#1673=CARTESIAN_POINT('',(-0.275,-0.0400000000000005,1.57619002661481));
#1674=CARTESIAN_POINT('',(-0.275,-0.0400000000000003,1.57619002661481));
#1675=CARTESIAN_POINT('',(-0.275,-0.0491017278432589,1.57619002661481));
#1676=CARTESIAN_POINT('',(-0.274099221457418,-0.0671480859384122,1.57634758003082));
#1677=CARTESIAN_POINT('',(-0.270136669224144,-0.093775180282721,1.57703366152552));
#1678=CARTESIAN_POINT('',(-0.264685038012524,-0.115568463072539,1.57795904187982));
#1679=CARTESIAN_POINT('',(-0.258978663987526,-0.132827574812799,1.57890382745186));
#1680=CARTESIAN_POINT('',(-0.252457254546663,-0.149692378745114,1.57996391799672));
#1681=CARTESIAN_POINT('',(-0.242855273724608,-0.169947314548869,1.58147898603102));
#1682=CARTESIAN_POINT('',(-0.231340740824715,-0.189155878190925,1.5832014138798));
#1683=CARTESIAN_POINT('',(-0.22097683671277,-0.203877202302971,1.58467393798295));
#1684=CARTESIAN_POINT('',(-0.209804442119582,-0.218187285886149,1.58620300890597));
#1685=CARTESIAN_POINT('',(-0.19472086473529,-0.23480333258245,1.58814532780862));
#1686=CARTESIAN_POINT('',(-0.174852008128231,-0.252818321733312,1.59046271334547));
#1687=CARTESIAN_POINT('',(-0.156824744368906,-0.266218540844705,1.59232761511563));
#1688=CARTESIAN_POINT('',(-0.141483672375171,-0.27594252035743,1.59374651564411));
#1689=CARTESIAN_POINT('',(-0.125822732253222,-0.284815422271645,1.5950793965676));
#1690=CARTESIAN_POINT('',(-0.105579365006875,-0.294397542341943,1.59657728358503));
#1691=CARTESIAN_POINT('',(-0.0844784836154243,-0.30197406269362,1.59780922247152));
#1692=CARTESIAN_POINT('',(-0.0670590949472836,-0.306814636539191,1.59861235558867));
#1693=CARTESIAN_POINT('',(-0.0493037184977823,-0.31081038951481,1.59928348689131));
#1694=CARTESIAN_POINT('',(-0.0270672499419759,-0.314104103877748,1.59984570604092));
#1695=CARTESIAN_POINT('',(-0.00466213799061649,-0.315217431349439,1.60003742086708));
#1696=CARTESIAN_POINT('',(0.0133364184431336,-0.314787669554003,1.5999634783302));
#1697=CARTESIAN_POINT('',(0.0268959444771117,-0.313794953318928,1.59979315264874));
#1698=CARTESIAN_POINT('',(0.0404364879587947,-0.31212387285923,1.59950777468539));
#1699=CARTESIAN_POINT('',(0.0581886417681748,-0.309036264078302,1.59898427525539));
#1700=CARTESIAN_POINT('',(0.079944745404158,-0.303579086762441,1.59807062878438));
#1701=CARTESIAN_POINT('',(0.105312614357251,-0.294519853142124,1.59659652717046));
#1702=CARTESIAN_POINT('',(0.129993328465852,-0.2828417591002,1.59477084297868));
#1703=CARTESIAN_POINT('',(0.153034738821743,-0.269007243806535,1.59271688090123));
#1704=CARTESIAN_POINT('',(0.171017596498984,-0.255682036850227,1.59086056187423));
#1705=CARTESIAN_POINT('',(0.184635778923364,-0.243950642942149,1.58932178139657));
#1706=CARTESIAN_POINT('',(0.194494482180839,-0.234572487154774,1.5881445640651));
#1707=CARTESIAN_POINT('',(0.203820584392614,-0.22477742130518,1.58697350764493));
#1708=CARTESIAN_POINT('',(0.215536244533364,-0.211200078084553,1.58543450991699));
#1709=CARTESIAN_POINT('',(0.228863880591742,-0.193250457319189,1.58357094230659));
#1710=CARTESIAN_POINT('',(0.240428589257615,-0.17402547780717,1.58184260380737));
#1711=CARTESIAN_POINT('',(0.248615333530202,-0.15780131470833,1.5805701573649));
#1712=CARTESIAN_POINT('',(0.255935261771648,-0.14130989719515,1.57940465360074));
#1713=CARTESIAN_POINT('',(0.263499636917427,-0.120208243806246,1.57815984988822));
#1714=CARTESIAN_POINT('',(0.268978168389394,-0.0984593940349725,1.57723044381539));
#1715=CARTESIAN_POINT('',(0.27208925853621,-0.0806730272883896,1.57669554354905));
#1716=CARTESIAN_POINT('',(0.274334273919684,-0.0625955197793064,1.57630651468951));
#1717=CARTESIAN_POINT('',(0.275,-0.0490438220380961,1.57619002661481));
#1718=CARTESIAN_POINT('',(0.275,-0.0400000000000002,1.57619002661481));
#1719=CARTESIAN_POINT('',(0.275,-0.04,1.57619002661481));
#1720=CARTESIAN_POINT('',(0.275,0.,1.57619002661481));
#1721=CARTESIAN_POINT('',(0.275,0.41,1.57619002661481));
#1722=CARTESIAN_POINT('',(0.275,0.41,1.57619002661481));
#1723=CARTESIAN_POINT('',(0.275,0.419101727843259,1.57619002661481));
#1724=CARTESIAN_POINT('',(0.274099221457419,0.43714808593841,1.57634758003082));
#1725=CARTESIAN_POINT('',(0.270136669224143,0.463775180282724,1.57703366152552));
#1726=CARTESIAN_POINT('',(0.264685038012524,0.485568463072539,1.57795904187982));
#1727=CARTESIAN_POINT('',(0.258978663987526,0.502827574812799,1.57890382745186));
#1728=CARTESIAN_POINT('',(0.252457254546662,0.519692378745116,1.57996391799672));
#1729=CARTESIAN_POINT('',(0.242855273724608,0.539947314548868,1.58147898603102));
#1730=CARTESIAN_POINT('',(0.231340740824715,0.559155878190925,1.5832014138798));
#1731=CARTESIAN_POINT('',(0.220976836712771,0.573877202302971,1.58467393798295));
#1732=CARTESIAN_POINT('',(0.209804442119581,0.588187285886149,1.58620300890597));
#1733=CARTESIAN_POINT('',(0.19472086473529,0.604803332582449,1.58814532780862));
#1734=CARTESIAN_POINT('',(0.174852008128231,0.622818321733312,1.59046271334547));
#1735=CARTESIAN_POINT('',(0.156824744368906,0.636218540844705,1.59232761511563));
#1736=CARTESIAN_POINT('',(0.141483672375172,0.645942520357429,1.59374651564411));
#1737=CARTESIAN_POINT('',(0.125822732253222,0.654815422271645,1.5950793965676));
#1738=CARTESIAN_POINT('',(0.105579365006873,0.664397542341944,1.59657728358503));
#1739=CARTESIAN_POINT('',(0.0844784836154247,0.671974062693619,1.59780922247152));
#1740=CARTESIAN_POINT('',(0.0670590949472841,0.676814636539191,1.59861235558867));
#1741=CARTESIAN_POINT('',(0.0493037184977829,0.680810389514809,1.5992834868913));
#1742=CARTESIAN_POINT('',(0.0270672499419758,0.684104103877749,1.59984570604092));
#1743=CARTESIAN_POINT('',(0.00466213799061742,0.685217431349439,1.60003742086708));
#1744=CARTESIAN_POINT('',(-0.0133364184431338,0.684787669554003,1.5999634783302));
#1745=CARTESIAN_POINT('',(-0.0268959444771114,0.683794953318929,1.59979315264874));
#1746=CARTESIAN_POINT('',(-0.0404364879587947,0.682123872859229,1.59950777468539));
#1747=CARTESIAN_POINT('',(-0.0581886417681742,0.679036264078302,1.59898427525539));
#1748=CARTESIAN_POINT('',(-0.0799447454041576,0.673579086762441,1.59807062878438));
#1749=CARTESIAN_POINT('',(-0.105312614357253,0.664519853142122,1.59659652717046));
#1750=CARTESIAN_POINT('',(-0.129993328465852,0.652841759100201,1.59477084297868));
#1751=CARTESIAN_POINT('',(-0.153034738821743,0.639007243806535,1.59271688090123));
#1752=CARTESIAN_POINT('',(-0.171017596498984,0.625682036850227,1.59086056187423));
#1753=CARTESIAN_POINT('',(-0.184635778923363,0.613950642942149,1.58932178139657));
#1754=CARTESIAN_POINT('',(-0.194494482180839,0.604572487154775,1.5881445640651));
#1755=CARTESIAN_POINT('',(-0.203820584392613,0.59477742130518,1.58697350764493));
#1756=CARTESIAN_POINT('',(-0.215536244533364,0.581200078084553,1.58543450991699));
#1757=CARTESIAN_POINT('',(-0.228863880591741,0.56325045731919,1.58357094230659));
#1758=CARTESIAN_POINT('',(-0.240428589257614,0.54402547780717,1.58184260380737));
#1759=CARTESIAN_POINT('',(-0.248615333530202,0.527801314708331,1.5805701573649));
#1760=CARTESIAN_POINT('',(-0.255935261771647,0.51130989719515,1.57940465360074));
#1761=CARTESIAN_POINT('',(-0.263499636917427,0.490208243806246,1.57815984988822));
#1762=CARTESIAN_POINT('',(-0.268978168389394,0.468459394034972,1.57723044381539));
#1763=CARTESIAN_POINT('',(-0.272089258536209,0.45067302728839,1.57669554354905));
#1764=CARTESIAN_POINT('',(-0.274334273919684,0.432595519779306,1.57630651468951));
#1765=CARTESIAN_POINT('',(-0.275,0.419043822038096,1.57619002661481));
#1766=CARTESIAN_POINT('',(-0.275,0.41,1.57619002661481));
#1767=CARTESIAN_POINT('',(0.,-1.25,0.));
#1768=CARTESIAN_POINT('',(1.50350819325745,-1.25,-0.54723222932107));
#1769=CARTESIAN_POINT('',(-1.50303007061589,-1.25,0.548544079199118));
#1770=CARTESIAN_POINT('',(-1.50303007061589,-1.375,0.548544079199118));
#1771=CARTESIAN_POINT('',(-1.50303007061589,1.375,0.548544079199118));
#1772=CARTESIAN_POINT('',(-1.50303007061589,1.25,0.548544079199118));
#1773=CARTESIAN_POINT('',(0.,1.25,0.));
#1774=CARTESIAN_POINT('',(1.50350819325745,1.25,-0.54723222932107));
#1775=CARTESIAN_POINT('',(1.50350819325745,0.,-0.54723222932107));
#1776=CARTESIAN_POINT('',(1.5260281596539,-1.25,-0.558447003701627));
#1777=CARTESIAN_POINT('',(1.5260281596539,1.25,-0.558447003701627));
#1778=CARTESIAN_POINT('',(0.409621701404457,-1.25,-3.60917103233011));
#1779=CARTESIAN_POINT('',(0.409621701404457,1.25,-3.60917103233011));
#1780=CARTESIAN_POINT('',(-2.63928845908763,-1.25,-2.49192356799095));
#1781=CARTESIAN_POINT('',(-2.63928845908763,1.25,-2.49192356799095));
#1782=CARTESIAN_POINT('',(-1.52651491546926,-1.25,0.557115080436604));
#1783=CARTESIAN_POINT('',(-1.52651491546926,1.25,0.557115080436604));
#1784=CARTESIAN_POINT('',(-1.625,-0.615,-6.76484998935958E-17));
#1785=CARTESIAN_POINT('',(-1.625,-0.615,-0.0109325497904744));
#1786=CARTESIAN_POINT('',(-1.62477955652094,-0.613917008954466,-0.0326063802105644));
#1787=CARTESIAN_POINT('',(-1.62381935665992,-0.609154901572768,-0.064578822818872));
#1788=CARTESIAN_POINT('',(-1.62252296114681,-0.602605395944398,-0.0907412504585844));
#1789=CARTESIAN_POINT('',(-1.62119755244153,-0.595751207292204,-0.111458077804872));
#1790=CARTESIAN_POINT('',(-1.61970872709431,-0.587918023062955,-0.131701959704142));
#1791=CARTESIAN_POINT('',(-1.61800406743953,-0.578694825427361,-0.151145265736285));
#1792=CARTESIAN_POINT('',(-1.6161211430789,-0.568098526653732,-0.169828974844405));
#1793=CARTESIAN_POINT('',(-1.61462950754494,-0.559462116938752,-0.183459526320979));
#1794=CARTESIAN_POINT('',(-1.61306924303076,-0.550137559629917,-0.196699059370416));
#1795=CARTESIAN_POINT('',(-1.61090520427513,-0.536734676107078,-0.213860485734163));
#1796=CARTESIAN_POINT('',(-1.6081489479648,-0.518638293284061,-0.233789603641223));
#1797=CARTESIAN_POINT('',(-1.60539937655464,-0.498780242272915,-0.251793207750735));
#1798=CARTESIAN_POINT('',(-1.60325086695004,-0.481833782810522,-0.265034778196835));
#1799=CARTESIAN_POINT('',(-1.6016769704899,-0.468587892954216,-0.274379406868782));
#1800=CARTESIAN_POINT('',(-1.60015242962248,-0.454785518623894,-0.283127738296576));
#1801=CARTESIAN_POINT('',(-1.59871784965618,-0.440694379720369,-0.291111951218674));
#1802=CARTESIAN_POINT('',(-1.59737743718603,-0.426279581507768,-0.298373471810175));
#1803=CARTESIAN_POINT('',(-1.59614144423988,-0.411553770762467,-0.304910871292287));
#1804=CARTESIAN_POINT('',(-1.59501838296129,-0.396513525423957,-0.310727576174739));
#1805=CARTESIAN_POINT('',(-1.59401744038217,-0.381158533097255,-0.315818138575906));
#1806=CARTESIAN_POINT('',(-1.59314720378182,-0.365478561788143,-0.320175733286278));
#1807=CARTESIAN_POINT('',(-1.59217620383304,-0.34415511319625,-0.324974770962048));
#1808=CARTESIAN_POINT('',(-1.5913621465759,-0.317448224423802,-0.328928962269777));
#1809=CARTESIAN_POINT('',(-1.59108504816787,-0.290541217783439,-0.33026231067162));
#1810=CARTESIAN_POINT('',(-1.59119308620553,-0.268926095760649,-0.329741971545471));
#1811=CARTESIAN_POINT('',(-1.59144061591194,-0.252643894812191,-0.328546214452702));
#1812=CARTESIAN_POINT('',(-1.59185496920757,-0.236378957261234,-0.326534454473565));
#1813=CARTESIAN_POINT('',(-1.59261421645695,-0.215060513220716,-0.322819448595601));
#1814=CARTESIAN_POINT('',(-1.59393743818606,-0.188935833967078,-0.316256561361914));
#1815=CARTESIAN_POINT('',(-1.59571159779084,-0.163573028912484,-0.307183557655433));
#1816=CARTESIAN_POINT('',(-1.59738156393851,-0.143667006436463,-0.298352203972056));
#1817=CARTESIAN_POINT('',(-1.59918583942762,-0.124285205632168,-0.288575008409116));
#1818=CARTESIAN_POINT('',(-1.60115048540344,-0.10585267302527,-0.277502078459117));
#1819=CARTESIAN_POINT('',(-1.60323350595649,-0.0883082312411364,-0.265139354577029));
#1820=CARTESIAN_POINT('',(-1.60484364221192,-0.0755983185551299,-0.255220711808398));
#1821=CARTESIAN_POINT('',(-1.6064891020575,-0.0633476828241205,-0.244659854840723));
#1822=CARTESIAN_POINT('',(-1.60816421531323,-0.0515252915176677,-0.233405312944138));
#1823=CARTESIAN_POINT('',(-1.60982596867043,-0.0403513995860469,-0.221661983599496));
#1824=CARTESIAN_POINT('',(-1.61200699291443,-0.0263070577377405,-0.205377190289782));
#1825=CARTESIAN_POINT('',(-1.61464145642682,-0.0103266714346724,-0.183845427411676));
#1826=CARTESIAN_POINT('',(-1.61707823751792,0.00354889862893723,-0.160768936015745));
#1827=CARTESIAN_POINT('',(-1.61886810543751,0.0133699962139972,-0.141294674072428));
#1828=CARTESIAN_POINT('',(-1.62009521491175,0.0199521371789651,-0.126457213183408));
#1829=CARTESIAN_POINT('',(-1.62120237375231,0.0257758642050657,-0.111378793102009));
#1830=CARTESIAN_POINT('',(-1.62218255019912,0.0308453062610266,-0.0960646148875818));
#1831=CARTESIAN_POINT('',(-1.62302942924824,0.0351632024008468,-0.0805143182411131));
#1832=CARTESIAN_POINT('',(-1.62373642751612,0.0387254824395615,-0.0647252230604536));
#1833=CARTESIAN_POINT('',(-1.62429703021961,0.0415236567568913,-0.0486994307711269));
#1834=CARTESIAN_POINT('',(-1.62483953557492,0.0442120176763448,-0.0269827491689883));
#1835=CARTESIAN_POINT('',(-1.62499999999944,0.0449999999972606,-0.0107842009289903));
#1836=CARTESIAN_POINT('',(-1.625,0.045,-8.38258789927059E-11));
#1837=CARTESIAN_POINT('',(0.,-1.25,0.));
#1838=CARTESIAN_POINT('',(-1.52651491546926,-1.25,0.557115080436604));
#1839=CARTESIAN_POINT('',(1.5260281596539,-1.25,-0.558447003701626));
#1840=CARTESIAN_POINT('',(-1.52651491546926,-1.375,0.557115080436604));
#1841=CARTESIAN_POINT('',(-1.52651491546926,1.375,0.557115080436604));
#1842=CARTESIAN_POINT('',(-1.52651491546926,1.25,0.557115080436604));
#1843=CARTESIAN_POINT('',(0.,1.25,0.));
#1844=CARTESIAN_POINT('',(1.5260281596539,1.25,-0.558447003701626));
#1845=CARTESIAN_POINT('',(1.5260281596539,0.,-0.558447003701626));
#1846=CARTESIAN_POINT('',(-1.64643691106536,1.25,1.64868400645625));
#1847=CARTESIAN_POINT('',(1.64626155266852,1.25,1.64868400645625));
#1848=CARTESIAN_POINT('',(-1.64643691106536,1.25,-1.64852518356416));
#1849=CARTESIAN_POINT('',(1.64626155266852,1.25,-1.64852518356416));
#1850=CARTESIAN_POINT('',(0.,1.25,0.));
#1851=CARTESIAN_POINT('',(1.5270005087771,1.25,-0.555782732904212));
#1852=CARTESIAN_POINT('',(1.50350819325745,1.25,-0.54723222932107));
#1853=CARTESIAN_POINT('',(0.,1.25,0.));
#1854=CARTESIAN_POINT('',(1.50255080335153,1.25,-0.549855511336986));
#1855=CARTESIAN_POINT('',(1.50255080335153,1.25,-0.549855511336986));
#1856=CARTESIAN_POINT('',(1.52720202746902,-1.375,-0.558876578319859));
#1857=CARTESIAN_POINT('',(1.52720202746902,1.375,-0.558876578319859));
#1858=CARTESIAN_POINT('',(1.50137693553641,-1.375,-0.549425936718754));
#1859=CARTESIAN_POINT('',(1.50137693553641,1.375,-0.549425936718754));
#1860=CARTESIAN_POINT('',(1.50255080335153,0.,-0.549855511336986));
#1861=CARTESIAN_POINT('',(1.50255080335153,-1.25,-0.549855511336986));
#1862=CARTESIAN_POINT('',(1.50255080335153,-1.25,-0.549855511336986));
#1863=CARTESIAN_POINT('',(-1.65333967115986,-1.25,-1.65658347941842));
#1864=CARTESIAN_POINT('',(1.65345567155841,-1.25,-1.65658347941842));
#1865=CARTESIAN_POINT('',(-1.65333967115986,-1.25,1.65665779905643));
#1866=CARTESIAN_POINT('',(1.65345567155841,-1.25,1.65665779905643));
#1867=CARTESIAN_POINT('',(0.,-1.25,0.));
#1868=CARTESIAN_POINT('',(1.5270005087771,-1.25,-0.555782732904212));
#1869=CARTESIAN_POINT('',(0.,-1.25,0.));
#1870=CARTESIAN_POINT('',(1.50350819325745,-1.25,-0.54723222932107));
#1871=CARTESIAN_POINT('',(1.50233357748147,-1.375,-0.546804704141913));
#1872=CARTESIAN_POINT('',(1.50233357748147,1.375,-0.546804704141913));
#1873=CARTESIAN_POINT('',(1.52817512455308,-1.375,-0.55621025808337));
#1874=CARTESIAN_POINT('',(1.52817512455308,1.375,-0.55621025808337));
#1875=CARTESIAN_POINT('',(1.5270005087771,0.,-0.555782732904212));
#1876=CARTESIAN_POINT('',(-1.52651491546926,-1.25,0.557115080436604));
#1877=CARTESIAN_POINT('',(-1.52651491546926,1.25,0.557115080436604));
#1878=CARTESIAN_POINT('',(-0.413741371850882,-1.25,3.60615372886416));
#1879=CARTESIAN_POINT('',(-0.413741371850882,1.25,3.60615372886416));
#1880=CARTESIAN_POINT('',(2.63808075145901,-1.25,2.49688514506649));
#1881=CARTESIAN_POINT('',(2.63808075145901,1.25,2.49688514506649));
#1882=CARTESIAN_POINT('',(1.5270005087771,-1.25,-0.555782732904213));
#1883=CARTESIAN_POINT('',(1.5270005087771,1.25,-0.555782732904213));
#1884=CARTESIAN_POINT('',(-0.275,0.,1.6015617378047));
#1885=CARTESIAN_POINT('',(-0.275,-0.0400000000000005,1.6015617378047));
#1886=CARTESIAN_POINT('',(-0.275,0.41,1.6015617378047));
#1887=CARTESIAN_POINT('',(-0.275,0.409999999999999,1.6015617378047));
#1888=CARTESIAN_POINT('',(-0.275,0.419101171066028,1.6015617378047));
#1889=CARTESIAN_POINT('',(-0.274099331123355,0.437146503711859,1.60171677599773));
#1890=CARTESIAN_POINT('',(-0.270137199751099,0.463772310766024,1.6023919224332));
#1891=CARTESIAN_POINT('',(-0.264686092471518,0.485564674196833,1.60330258091373));
#1892=CARTESIAN_POINT('',(-0.258980232063071,0.502823198881412,1.60423236394732));
#1893=CARTESIAN_POINT('',(-0.252458914214269,0.519688597027182,1.60527571684314));
#1894=CARTESIAN_POINT('',(-0.242857142753155,0.539943847787353,1.6067668888651));
#1895=CARTESIAN_POINT('',(-0.231342645524522,0.55915291899598,1.60846224840619));
#1896=CARTESIAN_POINT('',(-0.220979030847119,0.573874247883816,1.60991164556469));
#1897=CARTESIAN_POINT('',(-0.209806208001883,0.588185273221281,1.61141683617027));
#1898=CARTESIAN_POINT('',(-0.194721104928229,0.604803213401669,1.61332899829393));
#1899=CARTESIAN_POINT('',(-0.174851069054436,0.622819097704387,1.6156103860001));
#1900=CARTESIAN_POINT('',(-0.156824020536183,0.63621905590883,1.61744627038003));
#1901=CARTESIAN_POINT('',(-0.141482134380392,0.645943464268829,1.61884322534457));
#1902=CARTESIAN_POINT('',(-0.125819826390776,0.654816955116138,1.62015554995777));
#1903=CARTESIAN_POINT('',(-0.105575805918999,0.664399030405522,1.62163027681775));
#1904=CARTESIAN_POINT('',(-0.0844750346834829,0.671975133784793,1.62284314261625));
#1905=CARTESIAN_POINT('',(-0.0670570943047336,0.676815126198134,1.62363380176136));
#1906=CARTESIAN_POINT('',(-0.0493018274716414,0.680810738447697,1.6242945716982));
#1907=CARTESIAN_POINT('',(-0.027065549077537,0.684104238457604,1.62484810235846));
#1908=CARTESIAN_POINT('',(-0.00466176458489732,0.685217406387685,1.62503684096238));
#1909=CARTESIAN_POINT('',(0.0133354741285191,0.684787687607826,1.62496404325402));
#1910=CARTESIAN_POINT('',(0.0268931480377982,0.683795212578113,1.62479637889858));
#1911=CARTESIAN_POINT('',(0.0404338375824612,0.68212427007144,1.62451541590889));
#1912=CARTESIAN_POINT('',(0.0581857442069103,0.679036882037598,1.62400001265042));
#1913=CARTESIAN_POINT('',(0.0799414921117032,0.673580020954472,1.62310049430398));
#1914=CARTESIAN_POINT('',(0.105307589413585,0.664521890108938,1.62164931040908));
#1915=CARTESIAN_POINT('',(0.12998906730726,0.652844109860184,1.61985188861886));
#1916=CARTESIAN_POINT('',(0.153032416452517,0.639008852428965,1.61782964068664));
#1917=CARTESIAN_POINT('',(0.171015674060057,0.625683555670677,1.61600215114772));
#1918=CARTESIAN_POINT('',(0.18463371968081,0.613952493614011,1.61448737036523));
#1919=CARTESIAN_POINT('',(0.194492433268585,0.604574567383084,1.61332853005199));
#1920=CARTESIAN_POINT('',(0.203820344371335,0.594777739289237,1.61217555100584));
#1921=CARTESIAN_POINT('',(0.215537048375494,0.581199129237829,1.61066049016109));
#1922=CARTESIAN_POINT('',(0.228865398159627,0.563248211075608,1.60882602716601));
#1923=CARTESIAN_POINT('',(0.240429422746042,0.544023919974332,1.60712494684747));
#1924=CARTESIAN_POINT('',(0.248615943860759,0.527800063364752,1.60587257014997));
#1925=CARTESIAN_POINT('',(0.25593663797838,0.511306572915627,1.60472531664071));
#1926=CARTESIAN_POINT('',(0.263500755477502,0.490204520676402,1.60350020284197));
#1927=CARTESIAN_POINT('',(0.268978773083659,0.468456355042859,1.60258558008435));
#1928=CARTESIAN_POINT('',(0.272089347382307,0.450672243461941,1.60205923330864));
#1929=CARTESIAN_POINT('',(0.274334219704733,0.432596009407665,1.60167638946982));
#1930=CARTESIAN_POINT('',(0.275,0.419043771159101,1.6015617378047));
#1931=CARTESIAN_POINT('',(0.275,0.409999999999999,1.6015617378047));
#1932=CARTESIAN_POINT('',(0.275,0.41,1.6015617378047));
#1933=CARTESIAN_POINT('',(0.275,0.,1.6015617378047));
#1934=CARTESIAN_POINT('',(0.275,-0.04,1.6015617378047));
#1935=CARTESIAN_POINT('',(0.275,-0.04,1.6015617378047));
#1936=CARTESIAN_POINT('',(0.275,-0.0491011710660289,1.6015617378047));
#1937=CARTESIAN_POINT('',(0.274099331123355,-0.0671465037118611,1.60171677599773));
#1938=CARTESIAN_POINT('',(0.270137199751098,-0.0937723107660248,1.6023919224332));
#1939=CARTESIAN_POINT('',(0.26468609247152,-0.115564674196828,1.60330258091372));
#1940=CARTESIAN_POINT('',(0.258980232063071,-0.132823198881415,1.60423236394732));
#1941=CARTESIAN_POINT('',(0.25245891421427,-0.149688597027179,1.60527571684314));
#1942=CARTESIAN_POINT('',(0.242857142753153,-0.169943847787357,1.6067668888651));
#1943=CARTESIAN_POINT('',(0.231342645524523,-0.189152918995978,1.60846224840619));
#1944=CARTESIAN_POINT('',(0.220979030847118,-0.203874247883818,1.6099116455647));
#1945=CARTESIAN_POINT('',(0.209806208001882,-0.218185273221283,1.61141683617027));
#1946=CARTESIAN_POINT('',(0.194721104928226,-0.234803213401671,1.61332899829393));
#1947=CARTESIAN_POINT('',(0.174851069054439,-0.252819097704384,1.6156103860001));
#1948=CARTESIAN_POINT('',(0.156824020536183,-0.26621905590883,1.61744627038003));
#1949=CARTESIAN_POINT('',(0.141482134380393,-0.275943464268829,1.61884322534457));
#1950=CARTESIAN_POINT('',(0.125819826390773,-0.284816955116139,1.62015554995777));
#1951=CARTESIAN_POINT('',(0.105575805919001,-0.294399030405521,1.62163027681775));
#1952=CARTESIAN_POINT('',(0.0844750346834792,-0.301975133784793,1.62284314261625));
#1953=CARTESIAN_POINT('',(0.0670570943047342,-0.306815126198134,1.62363380176136));
#1954=CARTESIAN_POINT('',(0.0493018274716403,-0.310810738447697,1.6242945716982));
#1955=CARTESIAN_POINT('',(0.0270655490775399,-0.314104238457604,1.62484810235846));
#1956=CARTESIAN_POINT('',(0.00466176458489825,-0.315217406387686,1.62503684096238));
#1957=CARTESIAN_POINT('',(-0.0133354741285186,-0.314787687607826,1.62496404325402));
#1958=CARTESIAN_POINT('',(-0.0268931480378002,-0.313795212578114,1.62479637889858));
#1959=CARTESIAN_POINT('',(-0.0404338375824631,-0.312124270071439,1.62451541590889));
#1960=CARTESIAN_POINT('',(-0.058185744206909,-0.309036882037598,1.62400001265042));
#1961=CARTESIAN_POINT('',(-0.0799414921117012,-0.303580020954472,1.62310049430398));
#1962=CARTESIAN_POINT('',(-0.105307589413585,-0.294521890108939,1.62164931040908));
#1963=CARTESIAN_POINT('',(-0.129989067307262,-0.282844109860182,1.61985188861886));
#1964=CARTESIAN_POINT('',(-0.153032416452514,-0.269008852428966,1.61782964068664));
#1965=CARTESIAN_POINT('',(-0.171015674060062,-0.255683555670673,1.61600215114772));
#1966=CARTESIAN_POINT('',(-0.184633719680809,-0.243952493614011,1.61448737036523));
#1967=CARTESIAN_POINT('',(-0.194492433268586,-0.234574567383082,1.61332853005199));
#1968=CARTESIAN_POINT('',(-0.203820344371336,-0.224777739289237,1.61217555100584));
#1969=CARTESIAN_POINT('',(-0.21553704837549,-0.211199129237833,1.61066049016109));
#1970=CARTESIAN_POINT('',(-0.228865398159627,-0.193248211075608,1.60882602716601));
#1971=CARTESIAN_POINT('',(-0.240429422746045,-0.174023919974327,1.60712494684747));
#1972=CARTESIAN_POINT('',(-0.248615943860758,-0.157800063364752,1.60587257014997));
#1973=CARTESIAN_POINT('',(-0.25593663797838,-0.141306572915627,1.60472531664071));
#1974=CARTESIAN_POINT('',(-0.263500755477501,-0.120204520676402,1.60350020284197));
#1975=CARTESIAN_POINT('',(-0.268978773083659,-0.098456355042859,1.60258558008436));
#1976=CARTESIAN_POINT('',(-0.272089347382308,-0.08067224346194,1.60205923330864));
#1977=CARTESIAN_POINT('',(-0.274334219704733,-0.0625960094076723,1.60167638946982));
#1978=CARTESIAN_POINT('',(-0.275,-0.049043771159103,1.6015617378047));
#1979=CARTESIAN_POINT('',(-0.275,-0.0400000000000008,1.6015617378047));
#1980=CARTESIAN_POINT('',(1.50255080335153,-1.25,-0.549855511336987));
#1981=CARTESIAN_POINT('',(1.50255080335153,1.25,-0.549855511336987));
#1982=CARTESIAN_POINT('',(0.403319829075156,-1.25,-3.55364532414041));
#1983=CARTESIAN_POINT('',(0.403319829075156,1.25,-3.55364532414041));
#1984=CARTESIAN_POINT('',(-2.59868402125552,-1.25,-2.45358628232955));
#1985=CARTESIAN_POINT('',(-2.59868402125552,1.25,-2.45358628232955));
#1986=CARTESIAN_POINT('',(-1.50303007061589,-1.25,0.548544079199118));
#1987=CARTESIAN_POINT('',(-1.50303007061589,1.25,0.548544079199118));
#1988=CARTESIAN_POINT('',(-1.6,0.0450000000000001,1.47608620174139E-10));
#1989=CARTESIAN_POINT('',(-1.6000000000005,0.0450000000024146,-0.0053980690888217));
#1990=CARTESIAN_POINT('',(-1.59994542343497,0.0447355399906165,-0.0162076710186523));
#1991=CARTESIAN_POINT('',(-1.59969771189653,0.0435324381445351,-0.0324963097806057));
#1992=CARTESIAN_POINT('',(-1.59928399748792,0.0415136239621555,-0.0487607389411338));
#1993=CARTESIAN_POINT('',(-1.59852616934562,0.0377890857213823,-0.070079924210205));
#1994=CARTESIAN_POINT('',(-1.59720488839977,0.0312135963268951,-0.0962061404167234));
#1995=CARTESIAN_POINT('',(-1.59542999798687,0.0221269096369543,-0.121570827626184));
#1996=CARTESIAN_POINT('',(-1.59375556360991,0.0132827389525273,-0.141479637035338));
#1997=CARTESIAN_POINT('',(-1.59194446247354,0.00349633806362238,-0.160855914569941));
#1998=CARTESIAN_POINT('',(-1.58996740840042,-0.00758693241868478,-0.179285293183103));
#1999=CARTESIAN_POINT('',(-1.58786534076999,-0.0199599209219287,-0.196825568821999));
#2000=CARTESIAN_POINT('',(-1.5862373590286,-0.0298863926517352,-0.209532224391084));
#2001=CARTESIAN_POINT('',(-1.58457032055093,-0.0404555897228883,-0.221779756556492));
#2002=CARTESIAN_POINT('',(-1.58286997698316,-0.0517175756486695,-0.233597471324197));
#2003=CARTESIAN_POINT('',(-1.58118026231886,-0.063464689679744,-0.244763263239812));
#2004=CARTESIAN_POINT('',(-1.57895785452142,-0.0797559157488867,-0.25879852665293));
#2005=CARTESIAN_POINT('',(-1.57626535851194,-0.101295140683838,-0.27476745375959));
#2006=CARTESIAN_POINT('',(-1.57376529876274,-0.124382460622307,-0.288633286659312));
#2007=CARTESIAN_POINT('',(-1.57192485669206,-0.143862604303972,-0.298444390241518));
#2008=CARTESIAN_POINT('',(-1.57066149017403,-0.158700653612778,-0.305017512270074));
#2009=CARTESIAN_POINT('',(-1.56951995855165,-0.173781513709061,-0.310833271433512));
#2010=CARTESIAN_POINT('',(-1.56850820490687,-0.189098560455878,-0.315894907055338));
#2011=CARTESIAN_POINT('',(-1.5676332368641,-0.204652783296613,-0.320205212328296));
#2012=CARTESIAN_POINT('',(-1.56690237009834,-0.220446402445015,-0.323759823341414));
#2013=CARTESIAN_POINT('',(-1.566322726706,-0.236479190468986,-0.326550334878003));
#2014=CARTESIAN_POINT('',(-1.56576238041275,-0.258200050793603,-0.329226907546944));
#2015=CARTESIAN_POINT('',(-1.56548765497058,-0.285203243280226,-0.330526356797233));
#2016=CARTESIAN_POINT('',(-1.56576934421892,-0.312117322352716,-0.329193761600746));
#2017=CARTESIAN_POINT('',(-1.56632471924107,-0.333571296380269,-0.326540727671431));
#2018=CARTESIAN_POINT('',(-1.5669053936232,-0.349640559591287,-0.323745305232658));
#2019=CARTESIAN_POINT('',(-1.56764706946951,-0.365626400046966,-0.320137710805273));
#2020=CARTESIAN_POINT('',(-1.56852985446109,-0.381256954564012,-0.315787555201728));
#2021=CARTESIAN_POINT('',(-1.56954712414416,-0.396601265183447,-0.310696257018972));
#2022=CARTESIAN_POINT('',(-1.57107070596073,-0.416664160507329,-0.302929795327208));
#2023=CARTESIAN_POINT('',(-1.57282565819459,-0.436121631974027,-0.293714039202312));
#2024=CARTESIAN_POINT('',(-1.57478475059843,-0.455033967560928,-0.282979398154494));
#2025=CARTESIAN_POINT('',(-1.57684365521299,-0.473352325893938,-0.271344917868986));
#2026=CARTESIAN_POINT('',(-1.57900360393709,-0.490593673092282,-0.258519159304602));
#2027=CARTESIAN_POINT('',(-1.58122136656247,-0.506827632705988,-0.244497337500466));
#2028=CARTESIAN_POINT('',(-1.5829014790758,-0.518493978809606,-0.233381971387351));
#2029=CARTESIAN_POINT('',(-1.58458511416869,-0.529640038688879,-0.22167394486361));
#2030=CARTESIAN_POINT('',(-1.5862664953458,-0.540296052098902,-0.209314378152416));
#2031=CARTESIAN_POINT('',(-1.58790408825042,-0.550272313137056,-0.196514010588864));
#2032=CARTESIAN_POINT('',(-1.59000952592657,-0.562654311084776,-0.178913914931749));
#2033=CARTESIAN_POINT('',(-1.59247215927715,-0.576447252584373,-0.155895441305015));
#2034=CARTESIAN_POINT('',(-1.59463834002998,-0.587984554613804,-0.13155873294503));
#2035=CARTESIAN_POINT('',(-1.5961565572261,-0.595846421600048,-0.111191917901745));
#2036=CARTESIAN_POINT('',(-1.59749115965395,-0.602639858276771,-0.0906045979848193));
#2037=CARTESIAN_POINT('',(-1.59880350461825,-0.609167740737586,-0.0645059378964889));
#2038=CARTESIAN_POINT('',(-1.59977589154001,-0.613915887319149,-0.0326002550384984));
#2039=CARTESIAN_POINT('',(-1.6,-0.615,-0.0109354050758896));
#2040=CARTESIAN_POINT('',(-1.6,-0.615,-5.53779410314365E-17));
#2041=CARTESIAN_POINT('',(-0.275,-0.0400000000000001,1.57589545153833));
#2042=CARTESIAN_POINT('',(-0.275,-0.0400000000000001,1.6255804477708));
#2043=CARTESIAN_POINT('',(-0.275,-0.59,1.57589545153833));
#2044=CARTESIAN_POINT('',(-0.275,-0.59,1.6255804477708));
#2045=CARTESIAN_POINT('',(0.275,-0.59,1.57589545153833));
#2046=CARTESIAN_POINT('',(0.275,-0.59,1.6255804477708));
#2047=CARTESIAN_POINT('',(0.275,-0.04,1.57589545153833));
#2048=CARTESIAN_POINT('',(0.275,-0.04,1.6255804477708));
#2049=CARTESIAN_POINT('',(-0.275,-0.0400000000000005,0.));
#2050=CARTESIAN_POINT('',(0.275,-0.04,0.));
#2051=CARTESIAN_POINT('',(-0.275,0.4325,1.57492144105532));
#2052=CARTESIAN_POINT('',(-0.275,0.4325,1.60283032336419));
#2053=CARTESIAN_POINT('',(-0.275,-0.0625000000000005,1.57492144105532));
#2054=CARTESIAN_POINT('',(-0.275,-0.0625000000000005,1.60283032336419));
#2055=CARTESIAN_POINT('',(-0.275,0.41,0.));
#2056=CARTESIAN_POINT('',(0.275,0.41,1.57589545153833));
#2057=CARTESIAN_POINT('',(0.275,0.41,1.6255804477708));
#2058=CARTESIAN_POINT('',(0.275,0.960000000000002,1.57589545153833));
#2059=CARTESIAN_POINT('',(0.275,0.960000000000001,1.6255804477708));
#2060=CARTESIAN_POINT('',(-0.275000000000001,0.960000000000001,1.57589545153833));
#2061=CARTESIAN_POINT('',(-0.275000000000001,0.960000000000001,1.6255804477708));
#2062=CARTESIAN_POINT('',(-0.275,0.409999999999999,1.57589545153833));
#2063=CARTESIAN_POINT('',(-0.275,0.409999999999999,1.6255804477708));
#2064=CARTESIAN_POINT('',(0.275,0.41,0.));
#2065=CARTESIAN_POINT('',(0.275,-0.0625,1.57492144105532));
#2066=CARTESIAN_POINT('',(0.275,-0.0625,1.60283032336419));
#2067=CARTESIAN_POINT('',(0.275,0.4325,1.57492144105532));
#2068=CARTESIAN_POINT('',(0.275,0.4325,1.60283032336419));
#2069=CARTESIAN_POINT('',(-1.56524216159331,0.045,-7.56367679683555E-17));
#2070=CARTESIAN_POINT('',(-1.62535641526819,0.045,-7.93177043856593E-17));
#2071=CARTESIAN_POINT('',(-1.56524216159331,0.0450000000000001,-0.66));
#2072=CARTESIAN_POINT('',(-1.62535641526819,0.0450000000000001,-0.66));
#2073=CARTESIAN_POINT('',(-1.56524216159331,-0.615,-0.66));
#2074=CARTESIAN_POINT('',(-1.62535641526819,-0.615,-0.66));
#2075=CARTESIAN_POINT('',(-1.56524216159331,-0.615,-1.56463456712081E-16));
#2076=CARTESIAN_POINT('',(-1.62535641526819,-0.615,-1.60144393129385E-16));
#2077=CARTESIAN_POINT('',(0.,0.,0.));
#2078=CARTESIAN_POINT('',(1.50303007061588,1.25,-0.548544079199119));
#2079=CARTESIAN_POINT('',(1.50303007061588,2.385,-0.548544079199118));
#2080=CARTESIAN_POINT('',(0.407376119976251,1.25000000000001,-3.55067444072779));
#2081=CARTESIAN_POINT('',(0.407376119976251,2.38500000000001,-3.55067444072779));
#2082=CARTESIAN_POINT('',(-2.59749489374426,1.25,-2.45847152745008));
#2083=CARTESIAN_POINT('',(-2.59749489374426,2.385,-2.45847152745008));
#2084=CARTESIAN_POINT('',(-1.50350819325745,1.25,0.547232229321071));
#2085=CARTESIAN_POINT('',(-1.50350819325745,2.385,0.547232229321072));
#2086=CARTESIAN_POINT('',(-2.81862664613311E-16,1.25,-8.46532563231381E-16));
#2087=CARTESIAN_POINT('',(-1.50350819325745,1.25,0.547232229321069));
#2088=CARTESIAN_POINT('',(1.50303007061589,1.25,-0.548544079199119));
#2089=CARTESIAN_POINT('',(1.50303007061588,1.19325,-0.548544079199119));
#2090=CARTESIAN_POINT('',(1.50303007061588,2.44175,-0.548544079199117));
#2091=CARTESIAN_POINT('',(1.50303007061588,2.385,-0.548544079199118));
#2092=CARTESIAN_POINT('',(-2.81862664613311E-16,2.385,8.46532563231382E-16));
#2093=CARTESIAN_POINT('',(-1.50350819325745,2.385,0.547232229321071));
#2094=CARTESIAN_POINT('',(-1.50350819325745,1.8175,0.54723222932107));
#2095=CARTESIAN_POINT('',(-1.5260281596539,1.25,0.558447003701626));
#2096=CARTESIAN_POINT('',(-1.5260281596539,2.385,0.558447003701628));
#2097=CARTESIAN_POINT('',(-0.409621701404458,1.24999999999999,3.60917103233011));
#2098=CARTESIAN_POINT('',(-0.409621701404458,2.38499999999999,3.60917103233011));
#2099=CARTESIAN_POINT('',(2.63928845908763,1.25,2.49192356799095));
#2100=CARTESIAN_POINT('',(2.63928845908763,2.385,2.49192356799095));
#2101=CARTESIAN_POINT('',(1.52651491546926,1.25,-0.557115080436605));
#2102=CARTESIAN_POINT('',(1.52651491546926,2.385,-0.557115080436603));
#2103=CARTESIAN_POINT('',(-2.81862664613311E-16,1.25,-8.46532563231381E-16));
#2104=CARTESIAN_POINT('',(1.52651491546926,1.25,-0.557115080436605));
#2105=CARTESIAN_POINT('',(-1.5260281596539,1.25,0.558447003701625));
#2106=CARTESIAN_POINT('',(1.52651491546926,1.19325,-0.557115080436605));
#2107=CARTESIAN_POINT('',(1.52651491546926,2.44175,-0.557115080436604));
#2108=CARTESIAN_POINT('',(1.52651491546926,2.385,-0.557115080436604));
#2109=CARTESIAN_POINT('',(-2.81862664613311E-16,2.385,8.46532563231382E-16));
#2110=CARTESIAN_POINT('',(-1.5260281596539,2.385,0.558447003701627));
#2111=CARTESIAN_POINT('',(-1.5260281596539,1.8175,0.558447003701626));
#2112=CARTESIAN_POINT('',(1.64643691106536,2.385,-1.64868400645625));
#2113=CARTESIAN_POINT('',(-1.64626155266852,2.385,-1.64868400645625));
#2114=CARTESIAN_POINT('',(1.64643691106536,2.385,1.64852518356416));
#2115=CARTESIAN_POINT('',(-1.64626155266852,2.385,1.64852518356416));
#2116=CARTESIAN_POINT('',(-2.81862664613311E-16,2.385,8.46532563231382E-16));
#2117=CARTESIAN_POINT('',(-1.5270005087771,2.385,0.555782732904213));
#2118=CARTESIAN_POINT('',(-1.50350819325745,2.385,0.547232229321071));
#2119=CARTESIAN_POINT('',(-2.81862664613311E-16,2.385,8.46532563231382E-16));
#2120=CARTESIAN_POINT('',(-1.50255080335153,2.385,0.549855511336987));
#2121=CARTESIAN_POINT('',(-1.50255080335153,2.385,0.549855511336987));
#2122=CARTESIAN_POINT('',(-1.52720202746902,1.19325,0.558876578319858));
#2123=CARTESIAN_POINT('',(-1.52720202746902,2.44175,0.55887657831986));
#2124=CARTESIAN_POINT('',(-1.50137693553641,1.19325,0.549425936718753));
#2125=CARTESIAN_POINT('',(-1.50137693553641,2.44175,0.549425936718755));
#2126=CARTESIAN_POINT('',(-1.50255080335153,1.8175,0.549855511336986));
#2127=CARTESIAN_POINT('',(-1.50255080335153,1.25,0.549855511336985));
#2128=CARTESIAN_POINT('',(-1.50255080335153,1.25,0.549855511336985));
#2129=CARTESIAN_POINT('',(1.65333967115986,1.25,1.65658347941842));
#2130=CARTESIAN_POINT('',(-1.65345567155841,1.25,1.65658347941842));
#2131=CARTESIAN_POINT('',(1.65333967115986,1.25,-1.65665779905643));
#2132=CARTESIAN_POINT('',(-1.65345567155841,1.25,-1.65665779905643));
#2133=CARTESIAN_POINT('',(-2.81862664613311E-16,1.25,-8.46532563231381E-16));
#2134=CARTESIAN_POINT('',(-1.5270005087771,1.25,0.555782732904211));
#2135=CARTESIAN_POINT('',(-2.81862664613311E-16,1.25,-8.46532563231381E-16));
#2136=CARTESIAN_POINT('',(-1.50350819325745,1.25,0.547232229321069));
#2137=CARTESIAN_POINT('',(-1.50233357748147,1.19325,0.546804704141912));
#2138=CARTESIAN_POINT('',(-1.50233357748147,2.44175,0.546804704141914));
#2139=CARTESIAN_POINT('',(-1.52817512455308,1.19325,0.556210258083369));
#2140=CARTESIAN_POINT('',(-1.52817512455308,2.44175,0.55621025808337));
#2141=CARTESIAN_POINT('',(-1.5270005087771,1.8175,0.555782732904212));
#2142=CARTESIAN_POINT('',(1.52651491546926,1.25,-0.557115080436605));
#2143=CARTESIAN_POINT('',(1.52651491546926,2.385,-0.557115080436604));
#2144=CARTESIAN_POINT('',(0.41374137185088,1.25000000000001,-3.60615372886416));
#2145=CARTESIAN_POINT('',(0.413741371850881,2.38500000000001,-3.60615372886416));
#2146=CARTESIAN_POINT('',(-2.63808075145901,1.25,-2.49688514506649));
#2147=CARTESIAN_POINT('',(-2.63808075145901,2.385,-2.49688514506649));
#2148=CARTESIAN_POINT('',(-1.5270005087771,1.25,0.555782732904212));
#2149=CARTESIAN_POINT('',(-1.5270005087771,2.385,0.555782732904213));
#2150=CARTESIAN_POINT('',(-1.50255080335153,1.25,0.549855511336987));
#2151=CARTESIAN_POINT('',(-1.50255080335153,2.385,0.549855511336989));
#2152=CARTESIAN_POINT('',(-0.403319829075156,1.24999999999999,3.55364532414041));
#2153=CARTESIAN_POINT('',(-0.403319829075156,2.38499999999999,3.55364532414041));
#2154=CARTESIAN_POINT('',(2.59868402125551,1.25,2.45358628232955));
#2155=CARTESIAN_POINT('',(2.59868402125551,2.385,2.45358628232955));
#2156=CARTESIAN_POINT('',(1.50303007061589,1.25,-0.548544079199119));
#2157=CARTESIAN_POINT('',(1.50303007061588,2.385,-0.548544079199117));
#2158=CARTESIAN_POINT('',(0.,0.,0.));
#2159=CARTESIAN_POINT('',(1.5608669965877,2.705,6.42939569552371E-17));
#2160=CARTESIAN_POINT('',(1.62538250300246,2.705,6.42939569552371E-17));
#2161=CARTESIAN_POINT('',(1.5608669965877,2.705,-0.7));
#2162=CARTESIAN_POINT('',(1.62538250300246,2.705,-0.7));
#2163=CARTESIAN_POINT('',(1.5608669965877,3.405,-0.7));
#2164=CARTESIAN_POINT('',(1.62538250300246,3.405,-0.7));
#2165=CARTESIAN_POINT('',(1.5608669965877,3.405,-2.14313189850776E-17));
#2166=CARTESIAN_POINT('',(1.62538250300246,3.405,-2.14313189850776E-17));
#2167=CARTESIAN_POINT('',(1.6,2.705,2.15832637033244E-16));
#2168=CARTESIAN_POINT('',(1.6,2.705,-0.0115925492981397));
#2169=CARTESIAN_POINT('',(1.59974826785498,2.70614811557235,-0.0345740357002675));
#2170=CARTESIAN_POINT('',(1.59865186262289,2.71119588123172,-0.0684731908330766));
#2171=CARTESIAN_POINT('',(1.59717151785029,2.71813753096794,-0.0962108474640791));
#2172=CARTESIAN_POINT('',(1.59565795057759,2.72540143003445,-0.118173574676923));
#2173=CARTESIAN_POINT('',(1.59438294599011,2.73162585749212,-0.134266845916713));
#2174=CARTESIAN_POINT('',(1.5929849060067,2.73858560060282,-0.149931536590543));
#2175=CARTESIAN_POINT('',(1.59147370406107,2.74627790548602,-0.165190183287079));
#2176=CARTESIAN_POINT('',(1.5898608608249,2.75469625259956,-0.180041436723105));
#2177=CARTESIAN_POINT('',(1.58815698929826,2.76384425345013,-0.194488787974447));
#2178=CARTESIAN_POINT('',(1.58637434881014,2.77372134701653,-0.20852248446244));
#2179=CARTESIAN_POINT('',(1.5839019771002,2.78791475794431,-0.226709938570289));
#2180=CARTESIAN_POINT('',(1.58075257203411,2.80707407089864,-0.247829106928552));
#2181=CARTESIAN_POINT('',(1.57760845536461,2.82810257341353,-0.266915934210334));
#2182=CARTESIAN_POINT('',(1.57515036750159,2.84604919636382,-0.280957683352555));
#2183=CARTESIAN_POINT('',(1.57334881045096,2.86007930251974,-0.290870031715528));
#2184=CARTESIAN_POINT('',(1.57160347988504,2.8746961161259,-0.30014958337057));
#2185=CARTESIAN_POINT('',(1.56996051383838,2.88961857005167,-0.308620395052988));
#2186=CARTESIAN_POINT('',(1.56842449224996,2.90488639219964,-0.316327686641592));
#2187=CARTESIAN_POINT('',(1.56700729512851,2.92048571559841,-0.323269326282142));
#2188=CARTESIAN_POINT('',(1.56571872943833,2.93642054817401,-0.329448824087296));
#2189=CARTESIAN_POINT('',(1.56456939155722,2.95269149509521,-0.334860237238776));
#2190=CARTESIAN_POINT('',(1.56356927328644,2.96930934643561,-0.339495819565821));
#2191=CARTESIAN_POINT('',(1.56245180399546,2.99191352675598,-0.344607437673891));
#2192=CARTESIAN_POINT('',(1.56150804180597,3.02035722905578,-0.348849431245681));
#2193=CARTESIAN_POINT('',(1.56124949958691,3.04340824138034,-0.350000000056603));
#2194=CARTESIAN_POINT('',(1.5612494995996,3.05500000170905,-0.35));
#2195=CARTESIAN_POINT('',(1.59999999982284,2.70499999725859,8.08883835057552E-14));
#2196=CARTESIAN_POINT('',(1.5612494995996,3.05500000170905,-0.35));
#2197=CARTESIAN_POINT('',(1.55713180202279,2.705,6.42939569552371E-17));
#2198=CARTESIAN_POINT('',(1.62910157093091,2.705,6.42939569552371E-17));
#2199=CARTESIAN_POINT('',(1.62499999999033,2.70500000215144,4.47024796779987E-14));
#2200=CARTESIAN_POINT('',(1.58686010725583,3.05499998978841,-0.35));
#2201=CARTESIAN_POINT('',(1.58686010733043,3.04340849125068,-0.349999999661807));
#2202=CARTESIAN_POINT('',(1.58711393705268,3.02042921575829,-0.348852091366891));
#2203=CARTESIAN_POINT('',(1.58821840597012,2.98653363565181,-0.343805351700797));
#2204=CARTESIAN_POINT('',(1.58970691915179,2.95879905035992,-0.336865208883905));
#2205=CARTESIAN_POINT('',(1.59122555983923,2.93683876644356,-0.329602961877241));
#2206=CARTESIAN_POINT('',(1.592502932377,2.92074669687345,-0.323379739117192));
#2207=CARTESIAN_POINT('',(1.59390122973192,2.90508307311805,-0.316421296230605));
#2208=CARTESIAN_POINT('',(1.59540998027416,2.8898251787619,-0.308730292803778));
#2209=CARTESIAN_POINT('',(1.59701708786647,2.87497438291319,-0.300313215123745));
#2210=CARTESIAN_POINT('',(1.59871141808941,2.86052713249506,-0.291166368052405));
#2211=CARTESIAN_POINT('',(1.60048025224918,2.84649329236259,-0.281290344361078));
#2212=CARTESIAN_POINT('',(1.60292802109604,2.82830471934947,-0.267097716739469));
#2213=CARTESIAN_POINT('',(1.60603541211738,2.80718290637247,-0.247938076870516));
#2214=CARTESIAN_POINT('',(1.60912301286611,2.78809329429612,-0.226908400687525));
#2215=CARTESIAN_POINT('',(1.61152865255919,2.77404921578389,-0.208960128212543));
#2216=CARTESIAN_POINT('',(1.6132877609707,2.76413541677004,-0.194928898886267));
#2217=CARTESIAN_POINT('',(1.61498834551379,2.75485375760726,-0.180309561667193));
#2218=CARTESIAN_POINT('',(1.61658582334581,2.74638104348703,-0.165384222516054));
#2219=CARTESIAN_POINT('',(1.618076311073,2.73867242570928,-0.150113940652229));
#2220=CARTESIAN_POINT('',(1.61944892329765,2.73172990210594,-0.13451251273503));
#2221=CARTESIAN_POINT('',(1.62069479613127,2.72554995493997,-0.118576123602255));
#2222=CARTESIAN_POINT('',(1.62180431734459,2.72013844588247,-0.102304216202882));
#2223=CARTESIAN_POINT('',(1.62276843578332,2.71550311818328,-0.0856864177257453));
#2224=CARTESIAN_POINT('',(1.62384443264023,2.71039183966158,-0.0630825172796994));
#2225=CARTESIAN_POINT('',(1.62475171127546,2.70615031116403,-0.0346392648683354));
#2226=CARTESIAN_POINT('',(1.625,2.705,-0.011591102398248));
#2227=CARTESIAN_POINT('',(1.625,2.705,2.53261360657045E-16));
#2228=CARTESIAN_POINT('',(1.58686010725583,3.05499998978841,-0.35));
#2229=CARTESIAN_POINT('',(1.625,3.405,1.03676012634342E-10));
#2230=CARTESIAN_POINT('',(1.62500000000073,3.40500000000339,-0.0114460069288543));
#2231=CARTESIAN_POINT('',(1.62481856230279,3.40415980437111,-0.0285825097223962));
#2232=CARTESIAN_POINT('',(1.62421821520407,3.40135506722522,-0.051355654071636));
#2233=CARTESIAN_POINT('',(1.62358895056658,3.39839439801107,-0.0684179476290936));
#2234=CARTESIAN_POINT('',(1.62278451974878,3.39457362881335,-0.0853794868193332));
#2235=CARTESIAN_POINT('',(1.62182558870601,3.38996444170189,-0.101965571885965));
#2236=CARTESIAN_POINT('',(1.62071879054554,3.38456807981456,-0.118249114939309));
#2237=CARTESIAN_POINT('',(1.61905824921127,3.37633376460229,-0.139541964246919));
#2238=CARTESIAN_POINT('',(1.6171407039239,3.3665604700354,-0.160193259857882));
#2239=CARTESIAN_POINT('',(1.61499270249315,3.35517002775186,-0.180272037374408));
#2240=CARTESIAN_POINT('',(1.61273307889825,3.34283748777327,-0.199698996588567));
#2241=CARTESIAN_POINT('',(1.61035405534956,3.32923580354793,-0.217992818324319));
#2242=CARTESIAN_POINT('',(1.60790298725727,3.31436417591968,-0.235218017023454));
#2243=CARTESIAN_POINT('',(1.60604175390389,3.3025735723123,-0.247598065989629));
#2244=CARTESIAN_POINT('',(1.60417211483259,3.29015201130275,-0.259427714814804));
#2245=CARTESIAN_POINT('',(1.60230087940414,3.27703947658059,-0.270736210903842));
#2246=CARTESIAN_POINT('',(1.60047593054842,3.26347154918938,-0.281314026058801));
#2247=CARTESIAN_POINT('',(1.59812344462303,3.24480792678544,-0.294449159833032));
#2248=CARTESIAN_POINT('',(1.59536255980084,3.2203948975592,-0.30908372405626));
#2249=CARTESIAN_POINT('',(1.59292352266034,3.19456911133389,-0.32133169250175));
#2250=CARTESIAN_POINT('',(1.59121033408325,3.17295650153428,-0.32967640235607));
#2251=CARTESIAN_POINT('',(1.5900801587485,3.15658561853135,-0.335080092136102));
#2252=CARTESIAN_POINT('',(1.58910906839179,3.14005504669314,-0.339651873873632));
#2253=CARTESIAN_POINT('',(1.58803390837275,3.11780374771496,-0.344648820756292));
#2254=CARTESIAN_POINT('',(1.5871146916568,3.08959698706504,-0.348848494608194));
#2255=CARTESIAN_POINT('',(1.58686010718115,3.06660550799488,-0.350000000338602));
#2256=CARTESIAN_POINT('',(1.58686010725583,3.05499998978841,-0.35));
#2257=CARTESIAN_POINT('',(1.625,3.40499999818103,1.03675934037068E-10));
#2258=CARTESIAN_POINT('',(1.55713180202279,3.405,-2.14313189850776E-17));
#2259=CARTESIAN_POINT('',(1.62910157093091,3.405,-2.14313189850776E-17));
#2260=CARTESIAN_POINT('',(1.6,3.40500000115677,-1.62237305215982E-14));
#2261=CARTESIAN_POINT('',(1.5612494995996,3.05500000170905,-0.35));
#2262=CARTESIAN_POINT('',(1.5612494996123,3.0666035024492,-0.34999999994334));
#2263=CARTESIAN_POINT('',(1.56150802820291,3.08960615575346,-0.348849721504002));
#2264=CARTESIAN_POINT('',(1.56263284691264,3.12353503063772,-0.343792803628778));
#2265=CARTESIAN_POINT('',(1.56414865400858,3.15129598955962,-0.336838778608509));
#2266=CARTESIAN_POINT('',(1.56569502067248,3.17327644045517,-0.329561918552938));
#2267=CARTESIAN_POINT('',(1.56699534162824,3.18937950258153,-0.32332757035769));
#2268=CARTESIAN_POINT('',(1.56841869726512,3.20505415599864,-0.316356518592542));
#2269=CARTESIAN_POINT('',(1.56995432682047,3.22032202540795,-0.308651773133488));
#2270=CARTESIAN_POINT('',(1.57158992830349,3.23518212694246,-0.30021963069407));
#2271=CARTESIAN_POINT('',(1.57331410786662,3.24963767703278,-0.291056550735489));
#2272=CARTESIAN_POINT('',(1.575114036321,3.26367980823907,-0.281162289693437));
#2273=CARTESIAN_POINT('',(1.57760405571407,3.28187449301941,-0.266946158089536));
#2274=CARTESIAN_POINT('',(1.58076382518086,3.30299735706334,-0.247758951758808));
#2275=CARTESIAN_POINT('',(1.58390296627051,3.32208767141998,-0.226696268756834));
#2276=CARTESIAN_POINT('',(1.58634809533531,3.33612983073551,-0.208719673408532));
#2277=CARTESIAN_POINT('',(1.58813596205469,3.3460422393312,-0.194664055880721));
#2278=CARTESIAN_POINT('',(1.58986330321401,3.3553175938547,-0.180024397393538));
#2279=CARTESIAN_POINT('',(1.59148526459716,3.36378181988496,-0.165080397404639));
#2280=CARTESIAN_POINT('',(1.59299824612469,3.37148148619448,-0.14978974038054));
#2281=CARTESIAN_POINT('',(1.5943910668251,3.37841390167588,-0.134167085715789));
#2282=CARTESIAN_POINT('',(1.59565474082232,3.38458261764294,-0.118207962106135));
#2283=CARTESIAN_POINT('',(1.59677939568711,3.38998119534862,-0.101912929500889));
#2284=CARTESIAN_POINT('',(1.59775605903653,3.39460287417912,-0.0852670743821854));
#2285=CARTESIAN_POINT('',(1.59884373284377,3.39968853051615,-0.0626408021723292));
#2286=CARTESIAN_POINT('',(1.59975354480551,3.40387569748439,-0.0343019589884572));
#2287=CARTESIAN_POINT('',(1.6,3.405,-0.0114566255273255));
#2288=CARTESIAN_POINT('',(1.6,3.405,-1.6205361273734E-14));
#2289=CARTESIAN_POINT('',(-1.50303007061589,2.385,0.548544079199118));
#2290=CARTESIAN_POINT('',(-1.50303007061589,4.885,0.548544079199118));
#2291=CARTESIAN_POINT('',(-0.407376119976254,2.385,3.55067444072779));
#2292=CARTESIAN_POINT('',(-0.407376119976254,4.885,3.55067444072779));
#2293=CARTESIAN_POINT('',(2.59749489374426,2.385,2.45847152745009));
#2294=CARTESIAN_POINT('',(2.59749489374426,4.885,2.45847152745009));
#2295=CARTESIAN_POINT('',(1.50350819325745,2.385,-0.547232229321071));
#2296=CARTESIAN_POINT('',(1.50350819325745,4.885,-0.547232229321071));
#2297=CARTESIAN_POINT('',(1.6,3.405,-1.6205361273734E-14));
#2298=CARTESIAN_POINT('',(1.6,3.405,0.00572763034804597));
#2299=CARTESIAN_POINT('',(1.5999385714288,3.40471934640615,0.0171970636283543));
#2300=CARTESIAN_POINT('',(1.59965957549625,3.40344174083142,0.0344847117193513));
#2301=CARTESIAN_POINT('',(1.59919390304043,3.40129929586482,0.0517363269768696));
#2302=CARTESIAN_POINT('',(1.59834092697746,3.3973469368291,0.0743515015199161));
#2303=CARTESIAN_POINT('',(1.59685366736254,3.39036924013426,0.102066497153663));
#2304=CARTESIAN_POINT('',(1.59485557103076,3.38072688021758,0.128974452569492));
#2305=CARTESIAN_POINT('',(1.59296998754301,3.371340124867,0.150096999958557));
#2306=CARTESIAN_POINT('',(1.59093233935808,3.36096371377891,0.170634920435741));
#2307=CARTESIAN_POINT('',(1.58870700607518,3.34920916284862,0.190176976275033));
#2308=CARTESIAN_POINT('',(1.58634050519244,3.3360866632592,0.208776474309919));
#2309=CARTESIAN_POINT('',(1.58450741074934,3.32555839764832,0.222251388365989));
#2310=CARTESIAN_POINT('',(1.58262972102771,3.31434622860836,0.235242160565603));
#2311=CARTESIAN_POINT('',(1.58007669023441,3.298421752162,0.251948490028154));
#2312=CARTESIAN_POINT('',(1.57691715944519,3.27725057224282,0.271094777326331));
#2313=CARTESIAN_POINT('',(1.57327721961678,3.24984651180419,0.291415140144093));
#2314=CARTESIAN_POINT('',(1.57045844824965,3.22535379098508,0.306125247736097));
#2315=CARTESIAN_POINT('',(1.5683837167531,3.20469414692215,0.316530410253676));
#2316=CARTESIAN_POINT('',(1.56695998693894,3.18896533403293,0.323498542210674));
#2317=CARTESIAN_POINT('',(1.56567287154535,3.17297328100389,0.329666526267171));
#2318=CARTESIAN_POINT('',(1.56453179258247,3.1567284479997,0.33503558800011));
#2319=CARTESIAN_POINT('',(1.56354467172283,3.14022830290407,0.339608755795099));
#2320=CARTESIAN_POINT('',(1.5627199509878,3.12347175401224,0.343380654476688));
#2321=CARTESIAN_POINT('',(1.56206565956156,3.10645411021834,0.34634252606719));
#2322=CARTESIAN_POINT('',(1.56143365557267,3.08341194773745,0.34918105998313));
#2323=CARTESIAN_POINT('',(1.56112393022673,3.05477251312117,0.350558482316993));
#2324=CARTESIAN_POINT('',(1.56144212311811,3.02621490392583,0.34914317469149));
#2325=CARTESIAN_POINT('',(1.5620692976641,3.00344965238358,0.346326074301633));
#2326=CARTESIAN_POINT('',(1.5627254084274,2.98638962523164,0.343355940290374));
#2327=CARTESIAN_POINT('',(1.56356227876135,2.96943985633443,0.339527940659967));
#2328=CARTESIAN_POINT('',(1.56489011817319,2.94733891044794,0.333374088386462));
#2329=CARTESIAN_POINT('',(1.56692951348042,2.92047031836352,0.323714414506423));
#2330=CARTESIAN_POINT('',(1.56940381986273,2.89467181100242,0.311490884490429));
#2331=CARTESIAN_POINT('',(1.57161410957239,2.87460224168129,0.300094302466713));
#2332=CARTESIAN_POINT('',(1.57393241534206,2.85519806075994,0.287765301037509));
#2333=CARTESIAN_POINT('',(1.57636572214493,2.83691871374367,0.27416509055363));
#2334=CARTESIAN_POINT('',(1.57886384372477,2.81970621758458,0.259295272577052));
#2335=CARTESIAN_POINT('',(1.58075643652006,2.8073340637855,0.247505562175341));
#2336=CARTESIAN_POINT('',(1.58265326407374,2.79551040702229,0.235083655269753));
#2337=CARTESIAN_POINT('',(1.58454700442271,2.78420851454334,0.221971817506203));
#2338=CARTESIAN_POINT('',(1.58638868202246,2.7736415002805,0.208411219572029));
#2339=CARTESIAN_POINT('',(1.58875791396522,2.76051619632668,0.189753664036737));
#2340=CARTESIAN_POINT('',(1.59152928972221,2.74589114203179,0.165347390868212));
#2341=CARTESIAN_POINT('',(1.59396847372069,2.7336479809688,0.139522173395667));
#2342=CARTESIAN_POINT('',(1.59567728212616,2.72530793861646,0.117912370885592));
#2343=CARTESIAN_POINT('',(1.59680240326512,2.71990933888622,0.101550226775441));
#2344=CARTESIAN_POINT('',(1.59776805040226,2.71534099825812,0.0850261260597735));
#2345=CARTESIAN_POINT('',(1.59883598393795,2.71034778466156,0.062783676031333));
#2346=CARTESIAN_POINT('',(1.59974770498964,2.70615085763161,0.0345864596557714));
#2347=CARTESIAN_POINT('',(1.6,2.705,0.011602908086105));
#2348=CARTESIAN_POINT('',(1.6,2.705,2.15832637033244E-16));
#2349=CARTESIAN_POINT('',(-5.63725329226622E-16,2.385,1.07531602142939E-30));
#2350=CARTESIAN_POINT('',(1.50350819325745,2.385,-0.54723222932107));
#2351=CARTESIAN_POINT('',(-1.50303007061589,2.385,0.548544079199118));
#2352=CARTESIAN_POINT('',(-1.50303007061589,2.26,0.548544079199118));
#2353=CARTESIAN_POINT('',(-1.50303007061589,5.01,0.548544079199118));
#2354=CARTESIAN_POINT('',(-1.50303007061589,4.885,0.548544079199118));
#2355=CARTESIAN_POINT('',(-5.63725329226622E-16,4.885,1.07531602142939E-30));
#2356=CARTESIAN_POINT('',(1.50350819325745,4.885,-0.54723222932107));
#2357=CARTESIAN_POINT('',(1.50350819325745,3.635,-0.54723222932107));
#2358=CARTESIAN_POINT('',(1.5260281596539,2.385,-0.558447003701626));
#2359=CARTESIAN_POINT('',(1.5260281596539,4.885,-0.558447003701626));
#2360=CARTESIAN_POINT('',(0.409621701404457,2.385,-3.60917103233011));
#2361=CARTESIAN_POINT('',(0.409621701404457,4.885,-3.60917103233011));
#2362=CARTESIAN_POINT('',(-2.63928845908764,2.385,-2.49192356799095));
#2363=CARTESIAN_POINT('',(-2.63928845908764,4.885,-2.49192356799095));
#2364=CARTESIAN_POINT('',(-1.52651491546926,2.385,0.557115080436604));
#2365=CARTESIAN_POINT('',(-1.52651491546926,4.885,0.557115080436604));
#2366=CARTESIAN_POINT('',(-5.63725329226622E-16,2.385,1.07531602142939E-30));
#2367=CARTESIAN_POINT('',(-1.52651491546926,2.385,0.557115080436604));
#2368=CARTESIAN_POINT('',(1.5260281596539,2.385,-0.558447003701626));
#2369=CARTESIAN_POINT('',(-1.52651491546926,2.26,0.557115080436604));
#2370=CARTESIAN_POINT('',(-1.52651491546926,5.01,0.557115080436604));
#2371=CARTESIAN_POINT('',(-1.52651491546926,4.885,0.557115080436604));
#2372=CARTESIAN_POINT('',(-5.63725329226622E-16,4.885,1.07531602142939E-30));
#2373=CARTESIAN_POINT('',(1.5260281596539,4.885,-0.558447003701626));
#2374=CARTESIAN_POINT('',(1.5260281596539,3.635,-0.558447003701626));
#2375=CARTESIAN_POINT('',(-1.64643691106536,4.885,1.64868400645625));
#2376=CARTESIAN_POINT('',(1.64626155266852,4.885,1.64868400645625));
#2377=CARTESIAN_POINT('',(-1.64643691106536,4.885,-1.64852518356416));
#2378=CARTESIAN_POINT('',(1.64626155266852,4.885,-1.64852518356416));
#2379=CARTESIAN_POINT('',(-5.63725329226622E-16,4.885,1.07531602142939E-30));
#2380=CARTESIAN_POINT('',(1.5270005087771,4.885,-0.555782732904212));
#2381=CARTESIAN_POINT('',(1.50350819325745,4.885,-0.54723222932107));
#2382=CARTESIAN_POINT('',(-5.63725329226622E-16,4.885,1.07531602142939E-30));
#2383=CARTESIAN_POINT('',(1.50255080335153,4.885,-0.549855511336986));
#2384=CARTESIAN_POINT('',(1.50255080335153,4.885,-0.549855511336986));
#2385=CARTESIAN_POINT('',(1.52720202746902,2.26,-0.558876578319859));
#2386=CARTESIAN_POINT('',(1.52720202746902,5.01,-0.558876578319859));
#2387=CARTESIAN_POINT('',(1.50137693553641,2.26,-0.549425936718754));
#2388=CARTESIAN_POINT('',(1.50137693553641,5.01,-0.549425936718754));
#2389=CARTESIAN_POINT('',(1.50255080335153,3.635,-0.549855511336986));
#2390=CARTESIAN_POINT('',(1.50255080335153,2.385,-0.549855511336986));
#2391=CARTESIAN_POINT('',(1.50255080335153,2.385,-0.549855511336986));
#2392=CARTESIAN_POINT('',(-1.65333967115986,2.385,-1.65658347941842));
#2393=CARTESIAN_POINT('',(1.65345567155841,2.385,-1.65658347941842));
#2394=CARTESIAN_POINT('',(-1.65333967115986,2.385,1.65665779905643));
#2395=CARTESIAN_POINT('',(1.65345567155841,2.385,1.65665779905643));
#2396=CARTESIAN_POINT('',(-5.63725329226622E-16,2.385,1.07531602142939E-30));
#2397=CARTESIAN_POINT('',(1.5270005087771,2.385,-0.555782732904212));
#2398=CARTESIAN_POINT('',(-5.63725329226622E-16,2.385,1.07531602142939E-30));
#2399=CARTESIAN_POINT('',(1.50350819325745,2.385,-0.54723222932107));
#2400=CARTESIAN_POINT('',(1.50233357748147,2.26,-0.546804704141913));
#2401=CARTESIAN_POINT('',(1.50233357748147,5.01,-0.546804704141913));
#2402=CARTESIAN_POINT('',(1.52817512455308,2.26,-0.55621025808337));
#2403=CARTESIAN_POINT('',(1.52817512455308,5.01,-0.55621025808337));
#2404=CARTESIAN_POINT('',(1.5270005087771,3.635,-0.555782732904212));
#2405=CARTESIAN_POINT('',(-1.52651491546926,2.385,0.557115080436604));
#2406=CARTESIAN_POINT('',(-1.52651491546926,4.885,0.557115080436604));
#2407=CARTESIAN_POINT('',(-0.413741371850883,2.385,3.60615372886416));
#2408=CARTESIAN_POINT('',(-0.413741371850883,4.885,3.60615372886416));
#2409=CARTESIAN_POINT('',(2.63808075145901,2.385,2.49688514506649));
#2410=CARTESIAN_POINT('',(2.63808075145901,4.885,2.49688514506649));
#2411=CARTESIAN_POINT('',(1.5270005087771,2.385,-0.555782732904213));
#2412=CARTESIAN_POINT('',(1.5270005087771,4.885,-0.555782732904213));
#2413=CARTESIAN_POINT('',(1.625,2.705,2.53261360657045E-16));
#2414=CARTESIAN_POINT('',(1.625,2.705,0.0115992568368229));
#2415=CARTESIAN_POINT('',(1.62475185286366,2.70614944141488,0.0345941134898935));
#2416=CARTESIAN_POINT('',(1.62367106412334,2.71120315457564,0.0685131735365315));
#2417=CARTESIAN_POINT('',(1.62221183427965,2.71815318508096,0.0962672160130319));
#2418=CARTESIAN_POINT('',(1.62071989792656,2.72542610584874,0.118242927137186));
#2419=CARTESIAN_POINT('',(1.61946318595282,2.73165819779047,0.134345188902185));
#2420=CARTESIAN_POINT('',(1.61808524769488,2.73862665188167,0.150018582608151));
#2421=CARTESIAN_POINT('',(1.61659584222251,2.74632869191592,0.165285472291521));
#2422=CARTESIAN_POINT('',(1.61500634025029,2.75475783819971,0.180144507395317));
#2423=CARTESIAN_POINT('',(1.61332722719712,2.7639177156784,0.194599091549723));
#2424=CARTESIAN_POINT('',(1.61157059373498,2.77380787607313,0.20863951986175));
#2425=CARTESIAN_POINT('',(1.60913452752196,2.78802003632003,0.226834679469742));
#2426=CARTESIAN_POINT('',(1.60603196005857,2.80720397578866,0.247960173801584));
#2427=CARTESIAN_POINT('',(1.60293537710277,2.8282594996934,0.267049909564662));
#2428=CARTESIAN_POINT('',(1.60051506152066,2.84622879648252,0.281091443997236));
#2429=CARTESIAN_POINT('',(1.59874147119185,2.86027687850935,0.29100260466465));
#2430=CARTESIAN_POINT('',(1.59702376061316,2.87491091088276,0.300278739985969));
#2431=CARTESIAN_POINT('',(1.59540727043115,2.88984990168593,0.308744468569927));
#2432=CARTESIAN_POINT('',(1.59389641694282,2.90513442516893,0.316445488840118));
#2433=CARTESIAN_POINT('',(1.59250292060303,2.92075031623263,0.323379516471012));
#2434=CARTESIAN_POINT('',(1.59123641379867,2.93670180006199,0.329550129875783));
#2435=CARTESIAN_POINT('',(1.59010736973671,2.95298879714525,0.334951134255694));
#2436=CARTESIAN_POINT('',(1.58912545343507,2.96962452107372,0.339575518211309));
#2437=CARTESIAN_POINT('',(1.58803001736205,2.99224284195299,0.344667185620129));
#2438=CARTESIAN_POINT('',(1.58711144119415,3.0205717463018,0.348862983603939));
#2439=CARTESIAN_POINT('',(1.58679862461318,3.04911863424538,0.35027835478851));
#2440=CARTESIAN_POINT('',(1.58692052772016,3.07205247126847,0.349726280804697));
#2441=CARTESIAN_POINT('',(1.5872000087895,3.08933215318113,0.348456731615499));
#2442=CARTESIAN_POINT('',(1.58766758057659,3.10658427934399,0.346321973002565));
#2443=CARTESIAN_POINT('',(1.58852424293047,3.12919794613139,0.342380124616872));
#2444=CARTESIAN_POINT('',(1.59001713783839,3.15691047671496,0.33541642246403));
#2445=CARTESIAN_POINT('',(1.59201840566539,3.18381509836248,0.325789629480147));
#2446=CARTESIAN_POINT('',(1.59390219129331,3.20493414192858,0.316417287156222));
#2447=CARTESIAN_POINT('',(1.59593522966267,3.22547739214249,0.30605151798301));
#2448=CARTESIAN_POINT('',(1.59814923412584,3.24502241403703,0.294308879313869));
#2449=CARTESIAN_POINT('',(1.60049621617165,3.26362605245859,0.281198271216207));
#2450=CARTESIAN_POINT('',(1.60231026686038,3.27710441811257,0.270679016519214));
#2451=CARTESIAN_POINT('',(1.60416420317679,3.29009808349695,0.259476620639528));
#2452=CARTESIAN_POINT('',(1.6060508149745,3.3026342596339,0.24754127266888));
#2453=CARTESIAN_POINT('',(1.60792080482423,3.31447483418238,0.235096790223638));
#2454=CARTESIAN_POINT('',(1.61037580374742,3.32936365467681,0.217833475492543));
#2455=CARTESIAN_POINT('',(1.61334110731324,3.34630811485848,0.195005579172948));
#2456=CARTESIAN_POINT('',(1.61608490870891,3.36102959919956,0.170525522680316));
#2457=CARTESIAN_POINT('',(1.61809941885641,3.37144638508711,0.14987176580929));
#2458=CARTESIAN_POINT('',(1.61947977702479,3.3784246653856,0.134143704400465));
#2459=CARTESIAN_POINT('',(1.62072564404841,3.38460165970606,0.11815438306869));
#2460=CARTESIAN_POINT('',(1.62182872057851,3.38997951318143,0.101912871956417));
#2461=CARTESIAN_POINT('',(1.62278195687364,3.39456122178993,0.0854173287200119));
#2462=CARTESIAN_POINT('',(1.623577830099,3.39834175309619,0.0686660954188669));
#2463=CARTESIAN_POINT('',(1.62420906479296,3.40131223732789,0.0516568966429292));
#2464=CARTESIAN_POINT('',(1.62481948195769,3.40416418364374,0.0286192229027123));
#2465=CARTESIAN_POINT('',(1.62499999999927,3.40499999999661,0.0114402227951254));
#2466=CARTESIAN_POINT('',(1.625,3.405,1.03675568545132E-10));
#2467=CARTESIAN_POINT('',(1.50255080335153,2.385,-0.549855511336987));
#2468=CARTESIAN_POINT('',(1.50255080335153,4.885,-0.549855511336987));
#2469=CARTESIAN_POINT('',(0.403319829075156,2.385,-3.55364532414041));
#2470=CARTESIAN_POINT('',(0.403319829075156,4.885,-3.55364532414041));
#2471=CARTESIAN_POINT('',(-2.59868402125552,2.385,-2.45358628232955));
#2472=CARTESIAN_POINT('',(-2.59868402125552,4.885,-2.45358628232955));
#2473=CARTESIAN_POINT('',(-1.50303007061589,2.385,0.548544079199118));
#2474=CARTESIAN_POINT('',(-1.50303007061589,4.885,0.548544079199118));
#2475=CARTESIAN_POINT('',(1.56086663931285,3.405,-2.14313189850776E-17));
#2476=CARTESIAN_POINT('',(1.62538251228651,3.405,-2.14313189850776E-17));
#2477=CARTESIAN_POINT('',(1.56086663931285,3.405,0.7));
#2478=CARTESIAN_POINT('',(1.62538251228651,3.405,0.7));
#2479=CARTESIAN_POINT('',(1.56086663931285,2.705,0.7));
#2480=CARTESIAN_POINT('',(1.62538251228651,2.705,0.7));
#2481=CARTESIAN_POINT('',(1.56086663931285,2.705,6.42939569552371E-17));
#2482=CARTESIAN_POINT('',(1.62538251228651,2.705,6.42939569552371E-17));
#2483=CARTESIAN_POINT('',(0.,0.,0.));
#2484=CARTESIAN_POINT('',(-1.65777266941124,9.385,1.64883596832065));
#2485=CARTESIAN_POINT('',(1.65739765187474,9.385,1.64883596832065));
#2486=CARTESIAN_POINT('',(-1.65777266941124,9.385,-0.568931552195811));
#2487=CARTESIAN_POINT('',(1.65739765187474,9.385,-0.568931552195811));
#2488=CARTESIAN_POINT('',(-1.30036778144848E-15,9.385,2.48047450885432E-30));
#2489=CARTESIAN_POINT('',(-1.58141566826277,9.385,-0.37383082293067));
#2490=CARTESIAN_POINT('',(1.5270005087771,9.385,-0.555782732904212));
#2491=CARTESIAN_POINT('',(1.50350819325745,9.385,-0.54723222932107));
#2492=CARTESIAN_POINT('',(1.50350819325745,9.385,-0.54723222932107));
#2493=CARTESIAN_POINT('',(-1.30036778144848E-15,9.385,2.48047450885432E-30));
#2494=CARTESIAN_POINT('',(-1.55708619644334,9.385,-0.368079579500967));
#2495=CARTESIAN_POINT('',(-1.55708619644334,9.385,-0.368079579500967));
#2496=CARTESIAN_POINT('',(-1.58263214185374,7.285,-0.374118385102155));
#2497=CARTESIAN_POINT('',(-1.58263214185374,9.485,-0.374118385102155));
#2498=CARTESIAN_POINT('',(-1.55586972285237,7.285,-0.367792017329482));
#2499=CARTESIAN_POINT('',(-1.55586972285237,9.485,-0.367792017329482));
#2500=CARTESIAN_POINT('',(-1.58141566826277,8.385,-0.37383082293067));
#2501=CARTESIAN_POINT('',(-1.58141566826277,7.385,-0.37383082293067));
#2502=CARTESIAN_POINT('',(-1.55708619644334,8.385,-0.368079579500967));
#2503=CARTESIAN_POINT('',(-1.55708619644334,7.385,-0.368079579500967));
#2504=CARTESIAN_POINT('',(-1.55708619644334,7.385,-0.368079579500967));
#2505=CARTESIAN_POINT('',(-1.65841774360189,7.385,-0.568939513758006));
#2506=CARTESIAN_POINT('',(1.65348595827277,7.385,-0.568939513758006));
#2507=CARTESIAN_POINT('',(-1.65841774360189,7.385,1.65017085691531));
#2508=CARTESIAN_POINT('',(1.65348595827277,7.385,1.65017085691531));
#2509=CARTESIAN_POINT('',(-1.30036778144848E-15,7.385,2.48047450885432E-30));
#2510=CARTESIAN_POINT('',(1.5270005087771,7.385,-0.555782732904212));
#2511=CARTESIAN_POINT('',(-1.30036778144848E-15,7.385,2.48047450885432E-30));
#2512=CARTESIAN_POINT('',(1.50350819325745,7.385,-0.54723222932107));
#2513=CARTESIAN_POINT('',(1.50350819325745,7.385,-0.54723222932107));
#2514=CARTESIAN_POINT('',(1.50233357748147,7.285,-0.546804704141913));
#2515=CARTESIAN_POINT('',(1.50233357748147,9.485,-0.546804704141913));
#2516=CARTESIAN_POINT('',(1.52817512455308,7.285,-0.55621025808337));
#2517=CARTESIAN_POINT('',(1.52817512455308,9.485,-0.55621025808337));
#2518=CARTESIAN_POINT('',(1.5270005087771,8.385,-0.555782732904212));
#2519=CARTESIAN_POINT('',(1.50350819325745,8.385,-0.54723222932107));
#2520=CARTESIAN_POINT('',(-1.58141566826277,7.385,-0.373830822930671));
#2521=CARTESIAN_POINT('',(-1.58141566826277,9.385,-0.373830822930671));
#2522=CARTESIAN_POINT('',(-1.85466151228348,7.385,0.782080440978584));
#2523=CARTESIAN_POINT('',(-1.85466151228348,9.385,0.782080440978585));
#2524=CARTESIAN_POINT('',(-1.09078166278531,7.385,1.6916307237214));
#2525=CARTESIAN_POINT('',(-1.09078166278531,9.385,1.6916307237214));
#2526=CARTESIAN_POINT('',(0.0949572365921476,7.385,1.62222320388373));
#2527=CARTESIAN_POINT('',(0.0949572365921476,9.385,1.62222320388373));
#2528=CARTESIAN_POINT('',(1.28069613596961,7.385,1.55281568404605));
#2529=CARTESIAN_POINT('',(1.28069613596961,9.385,1.55281568404605));
#2530=CARTESIAN_POINT('',(1.93324128034855,7.385,0.560354613850173));
#2531=CARTESIAN_POINT('',(1.93324128034855,9.385,0.560354613850173));
#2532=CARTESIAN_POINT('',(1.5270005087771,7.385,-0.555782732904211));
#2533=CARTESIAN_POINT('',(1.5270005087771,9.385,-0.555782732904211));
#2534=CARTESIAN_POINT('',(-1.55708619644334,7.385,-0.36807957950097));
#2535=CARTESIAN_POINT('',(-1.55708619644334,9.385,-0.36807957950097));
#2536=CARTESIAN_POINT('',(-1.82612825824835,7.385,0.770048434194298));
#2537=CARTESIAN_POINT('',(-1.82612825824835,9.385,0.770048434194298));
#2538=CARTESIAN_POINT('',(-1.07400040643477,7.385,1.66560563566415));
#2539=CARTESIAN_POINT('',(-1.07400040643477,9.385,1.66560563566415));
#2540=CARTESIAN_POINT('',(0.0934963560291914,7.385,1.59726592382398));
#2541=CARTESIAN_POINT('',(0.0934963560291914,9.385,1.59726592382398));
#2542=CARTESIAN_POINT('',(1.26099311849315,7.385,1.5289262119838));
#2543=CARTESIAN_POINT('',(1.26099311849315,9.385,1.5289262119838));
#2544=CARTESIAN_POINT('',(1.90349910680473,7.385,0.551733773637093));
#2545=CARTESIAN_POINT('',(1.90349910680473,9.385,0.551733773637093));
#2546=CARTESIAN_POINT('',(1.50350819325745,7.385,-0.547232229321069));
#2547=CARTESIAN_POINT('',(1.50350819325745,9.385,-0.547232229321069));
#2548=CARTESIAN_POINT('',(0.,0.,0.));
#2549=CARTESIAN_POINT('',(-1.59940736995547,9.385,-0.363245667958573));
#2550=CARTESIAN_POINT('',(1.5456470766423,9.385,-0.363245667958573));
#2551=CARTESIAN_POINT('',(-1.59940736995547,9.385,-1.63684389523592));
#2552=CARTESIAN_POINT('',(1.5456470766423,9.385,-1.63684389523592));
#2553=CARTESIAN_POINT('',(-1.30036778144848E-15,9.385,2.48047450885432E-30));
#2554=CARTESIAN_POINT('',(1.5270005087771,9.385,-0.555782732904212));
#2555=CARTESIAN_POINT('',(-1.58076080209027,9.385,-0.376590343178006));
#2556=CARTESIAN_POINT('',(-1.55644140513503,9.385,-0.370796645590652));
#2557=CARTESIAN_POINT('',(-1.55644140513503,9.385,-0.370796645590652));
#2558=CARTESIAN_POINT('',(-1.30036778144848E-15,9.385,2.48047450885432E-30));
#2559=CARTESIAN_POINT('',(1.50350819325745,9.385,-0.54723222932107));
#2560=CARTESIAN_POINT('',(1.50350819325745,9.385,-0.54723222932107));
#2561=CARTESIAN_POINT('',(1.52817512455308,7.285,-0.55621025808337));
#2562=CARTESIAN_POINT('',(1.52817512455308,9.485,-0.55621025808337));
#2563=CARTESIAN_POINT('',(1.50233357748147,7.285,-0.546804704141913));
#2564=CARTESIAN_POINT('',(1.50233357748147,9.485,-0.546804704141913));
#2565=CARTESIAN_POINT('',(1.5270005087771,8.385,-0.555782732904212));
#2566=CARTESIAN_POINT('',(1.5270005087771,7.385,-0.555782732904212));
#2567=CARTESIAN_POINT('',(1.50350819325745,8.385,-0.54723222932107));
#2568=CARTESIAN_POINT('',(1.50350819325745,7.385,-0.54723222932107));
#2569=CARTESIAN_POINT('',(1.50350819325745,7.385,-0.54723222932107));
#2570=CARTESIAN_POINT('',(-1.59940736995547,7.385,-1.64677861821183));
#2571=CARTESIAN_POINT('',(1.5456470766423,7.385,-1.64677861821183));
#2572=CARTESIAN_POINT('',(-1.59940736995547,7.385,-0.363186415137643));
#2573=CARTESIAN_POINT('',(1.5456470766423,7.385,-0.363186415137643));
#2574=CARTESIAN_POINT('',(-1.30036778144848E-15,7.385,2.48047450885432E-30));
#2575=CARTESIAN_POINT('',(-1.58076080209027,7.385,-0.376590343178006));
#2576=CARTESIAN_POINT('',(-1.30036778144848E-15,7.385,2.48047450885432E-30));
#2577=CARTESIAN_POINT('',(-1.55644140513503,7.385,-0.370796645590652));
#2578=CARTESIAN_POINT('',(-1.55644140513503,7.385,-0.370796645590652));
#2579=CARTESIAN_POINT('',(-1.55522543528727,7.285,-0.370506960711284));
#2580=CARTESIAN_POINT('',(-1.55522543528727,9.485,-0.370506960711284));
#2581=CARTESIAN_POINT('',(-1.58197677193803,7.285,-0.376880028057375));
#2582=CARTESIAN_POINT('',(-1.58197677193803,9.485,-0.376880028057375));
#2583=CARTESIAN_POINT('',(-1.58076080209027,8.385,-0.376590343178006));
#2584=CARTESIAN_POINT('',(-1.55644140513503,8.385,-0.370796645590652));
#2585=CARTESIAN_POINT('',(1.6040964307436,7.285,-0.259806929999232));
#2586=CARTESIAN_POINT('',(1.6040964307436,9.485,-0.259806929999232));
#2587=CARTESIAN_POINT('',(1.17537399407546,7.285,-2.9068191957656));
#2588=CARTESIAN_POINT('',(1.17537399407546,9.485,-2.9068191957656));
#2589=CARTESIAN_POINT('',(-1.50168603046879,7.285,-2.75246088595554));
#2590=CARTESIAN_POINT('',(-1.50168603046879,9.485,-2.75246088595554));
#2591=CARTESIAN_POINT('',(-1.62332717590991,7.285,-0.0737148557100389));
#2592=CARTESIAN_POINT('',(-1.62332717590991,9.485,-0.0737148557100389));
#2593=CARTESIAN_POINT('',(1.57941802411678,7.285,-0.255809900306936));
#2594=CARTESIAN_POINT('',(1.57941802411678,9.485,-0.255809900306936));
#2595=CARTESIAN_POINT('',(1.15729131724353,7.285,-2.86209890044613));
#2596=CARTESIAN_POINT('',(1.15729131724353,9.485,-2.86209890044613));
#2597=CARTESIAN_POINT('',(-1.47858316846158,7.285,-2.71011533386392));
#2598=CARTESIAN_POINT('',(-1.47858316846158,9.485,-2.71011533386392));
#2599=CARTESIAN_POINT('',(-1.59835291166514,7.285,-0.0725807810068075));
#2600=CARTESIAN_POINT('',(-1.59835291166514,9.485,-0.0725807810068075));
#2601=MECHANICAL_DESIGN_GEOMETRIC_PRESENTATION_REPRESENTATION('',(#968),#2607);
#2602=MECHANICAL_DESIGN_GEOMETRIC_PRESENTATION_REPRESENTATION('',(#969),#2608);
#2603=MECHANICAL_DESIGN_GEOMETRIC_PRESENTATION_REPRESENTATION('',(#970),#2609);
#2604=MECHANICAL_DESIGN_GEOMETRIC_PRESENTATION_REPRESENTATION('',(#971),#2610);
#2605=MECHANICAL_DESIGN_GEOMETRIC_PRESENTATION_REPRESENTATION('',(#972),#2611);
#2606=MECHANICAL_DESIGN_GEOMETRIC_PRESENTATION_REPRESENTATION('',(#973),#2612);
#2607=(
GEOMETRIC_REPRESENTATION_CONTEXT(3)
GLOBAL_UNCERTAINTY_ASSIGNED_CONTEXT((#2613))
GLOBAL_UNIT_ASSIGNED_CONTEXT((#2631,#2625,#2619))
REPRESENTATION_CONTEXT('SK?RT SIDE-4B_730-C-501','TOP_LEVEL_ASSEMBLY_PART')
);
#2608=(
GEOMETRIC_REPRESENTATION_CONTEXT(3)
GLOBAL_UNCERTAINTY_ASSIGNED_CONTEXT((#2614))
GLOBAL_UNIT_ASSIGNED_CONTEXT((#2632,#2626,#2620))
REPRESENTATION_CONTEXT('SK?RT SIDE-1A_730-C-501','TOP_LEVEL_ASSEMBLY_PART')
);
#2609=(
GEOMETRIC_REPRESENTATION_CONTEXT(3)
GLOBAL_UNCERTAINTY_ASSIGNED_CONTEXT((#2615))
GLOBAL_UNIT_ASSIGNED_CONTEXT((#2633,#2627,#2621))
REPRESENTATION_CONTEXT('SK?RT SIDE-2A_730-C-501','TOP_LEVEL_ASSEMBLY_PART')
);
#2610=(
GEOMETRIC_REPRESENTATION_CONTEXT(3)
GLOBAL_UNCERTAINTY_ASSIGNED_CONTEXT((#2616))
GLOBAL_UNIT_ASSIGNED_CONTEXT((#2634,#2628,#2622))
REPRESENTATION_CONTEXT('SK?RT SIDE-3A_730-C-501','TOP_LEVEL_ASSEMBLY_PART')
);
#2611=(
GEOMETRIC_REPRESENTATION_CONTEXT(3)
GLOBAL_UNCERTAINTY_ASSIGNED_CONTEXT((#2617))
GLOBAL_UNIT_ASSIGNED_CONTEXT((#2635,#2629,#2623))
REPRESENTATION_CONTEXT('SK?RT SIDE-5A_730-C-501','TOP_LEVEL_ASSEMBLY_PART')
);
#2612=(
GEOMETRIC_REPRESENTATION_CONTEXT(3)
GLOBAL_UNCERTAINTY_ASSIGNED_CONTEXT((#2618))
GLOBAL_UNIT_ASSIGNED_CONTEXT((#2636,#2630,#2624))
REPRESENTATION_CONTEXT('SK?RT SIDE-5B_730-C-501','TOP_LEVEL_ASSEMBLY_PART')
);
#2613=UNCERTAINTY_MEASURE_WITH_UNIT(LENGTH_MEASURE(2.E-05),#2631,'DISTANCE_ACCURACY_VALUE','Maximum Tolerance applied to model');
#2614=UNCERTAINTY_MEASURE_WITH_UNIT(LENGTH_MEASURE(2.E-05),#2632,'DISTANCE_ACCURACY_VALUE','Maximum Tolerance applied to model');
#2615=UNCERTAINTY_MEASURE_WITH_UNIT(LENGTH_MEASURE(1.E-08),#2633,'DISTANCE_ACCURACY_VALUE','Maximum Tolerance applied to model');
#2616=UNCERTAINTY_MEASURE_WITH_UNIT(LENGTH_MEASURE(2.E-05),#2634,'DISTANCE_ACCURACY_VALUE','Maximum Tolerance applied to model');
#2617=UNCERTAINTY_MEASURE_WITH_UNIT(LENGTH_MEASURE(1.E-08),#2635,'DISTANCE_ACCURACY_VALUE','Maximum Tolerance applied to model');
#2618=UNCERTAINTY_MEASURE_WITH_UNIT(LENGTH_MEASURE(1.E-08),#2636,'DISTANCE_ACCURACY_VALUE','Maximum Tolerance applied to model');
#2619=(
NAMED_UNIT(*)
SI_UNIT($,.STERADIAN.)
SOLID_ANGLE_UNIT()
);
#2620=(
NAMED_UNIT(*)
SI_UNIT($,.STERADIAN.)
SOLID_ANGLE_UNIT()
);
#2621=(
NAMED_UNIT(*)
SI_UNIT($,.STERADIAN.)
SOLID_ANGLE_UNIT()
);
#2622=(
NAMED_UNIT(*)
SI_UNIT($,.STERADIAN.)
SOLID_ANGLE_UNIT()
);
#2623=(
NAMED_UNIT(*)
SI_UNIT($,.STERADIAN.)
SOLID_ANGLE_UNIT()
);
#2624=(
NAMED_UNIT(*)
SI_UNIT($,.STERADIAN.)
SOLID_ANGLE_UNIT()
);
#2625=(
NAMED_UNIT(*)
PLANE_ANGLE_UNIT()
SI_UNIT($,.RADIAN.)
);
#2626=(
NAMED_UNIT(*)
PLANE_ANGLE_UNIT()
SI_UNIT($,.RADIAN.)
);
#2627=(
NAMED_UNIT(*)
PLANE_ANGLE_UNIT()
SI_UNIT($,.RADIAN.)
);
#2628=(
NAMED_UNIT(*)
PLANE_ANGLE_UNIT()
SI_UNIT($,.RADIAN.)
);
#2629=(
NAMED_UNIT(*)
PLANE_ANGLE_UNIT()
SI_UNIT($,.RADIAN.)
);
#2630=(
NAMED_UNIT(*)
PLANE_ANGLE_UNIT()
SI_UNIT($,.RADIAN.)
);
#2631=(
LENGTH_UNIT()
NAMED_UNIT(*)
SI_UNIT($,.METRE.)
);
#2632=(
LENGTH_UNIT()
NAMED_UNIT(*)
SI_UNIT($,.METRE.)
);
#2633=(
LENGTH_UNIT()
NAMED_UNIT(*)
SI_UNIT($,.METRE.)
);
#2634=(
LENGTH_UNIT()
NAMED_UNIT(*)
SI_UNIT($,.METRE.)
);
#2635=(
LENGTH_UNIT()
NAMED_UNIT(*)
SI_UNIT($,.METRE.)
);
#2636=(
LENGTH_UNIT()
NAMED_UNIT(*)
SI_UNIT($,.METRE.)
);
#2637=PRODUCT_DEFINITION_SHAPE('','',#2643);
#2638=PRODUCT_DEFINITION_SHAPE('','',#2644);
#2639=PRODUCT_DEFINITION_SHAPE('','',#2645);
#2640=PRODUCT_DEFINITION_SHAPE('','',#2646);
#2641=PRODUCT_DEFINITION_SHAPE('','',#2647);
#2642=PRODUCT_DEFINITION_SHAPE('','',#2648);
#2643=PRODUCT_DEFINITION('','',#2655,#2649);
#2644=PRODUCT_DEFINITION('','',#2656,#2650);
#2645=PRODUCT_DEFINITION('','',#2657,#2651);
#2646=PRODUCT_DEFINITION('','',#2658,#2652);
#2647=PRODUCT_DEFINITION('','',#2659,#2653);
#2648=PRODUCT_DEFINITION('','',#2660,#2654);
#2649=PRODUCT_DEFINITION_CONTEXT('',#2691,'design');
#2650=PRODUCT_DEFINITION_CONTEXT('',#2692,'design');
#2651=PRODUCT_DEFINITION_CONTEXT('',#2693,'design');
#2652=PRODUCT_DEFINITION_CONTEXT('',#2694,'design');
#2653=PRODUCT_DEFINITION_CONTEXT('',#2695,'design');
#2654=PRODUCT_DEFINITION_CONTEXT('',#2696,'design');
#2655=PRODUCT_DEFINITION_FORMATION_WITH_SPECIFIED_SOURCE('','',#2667,.NOT_KNOWN.);
#2656=PRODUCT_DEFINITION_FORMATION_WITH_SPECIFIED_SOURCE('','',#2668,.NOT_KNOWN.);
#2657=PRODUCT_DEFINITION_FORMATION_WITH_SPECIFIED_SOURCE('','',#2669,.NOT_KNOWN.);
#2658=PRODUCT_DEFINITION_FORMATION_WITH_SPECIFIED_SOURCE('','',#2670,.NOT_KNOWN.);
#2659=PRODUCT_DEFINITION_FORMATION_WITH_SPECIFIED_SOURCE('','',#2671,.NOT_KNOWN.);
#2660=PRODUCT_DEFINITION_FORMATION_WITH_SPECIFIED_SOURCE('','',#2672,.NOT_KNOWN.);
#2661=PRODUCT_RELATED_PRODUCT_CATEGORY('','',(#2667));
#2662=PRODUCT_RELATED_PRODUCT_CATEGORY('','',(#2668));
#2663=PRODUCT_RELATED_PRODUCT_CATEGORY('','',(#2669));
#2664=PRODUCT_RELATED_PRODUCT_CATEGORY('','',(#2670));
#2665=PRODUCT_RELATED_PRODUCT_CATEGORY('','',(#2671));
#2666=PRODUCT_RELATED_PRODUCT_CATEGORY('','',(#2672));
#2667=PRODUCT('SK?RT SIDE-4B_730-C-501','SK?RT SIDE-4B_730-C-501','SK?RT SIDE-4B_730-C-501',(#2679));
#2668=PRODUCT('SK?RT SIDE-1A_730-C-501','SK?RT SIDE-1A_730-C-501','SK?RT SIDE-1A_730-C-501',(#2680));
#2669=PRODUCT('SK?RT SIDE-2A_730-C-501','SK?RT SIDE-2A_730-C-501','SK?RT SIDE-2A_730-C-501',(#2681));
#2670=PRODUCT('SK?RT SIDE-3A_730-C-501','SK?RT SIDE-3A_730-C-501','SK?RT SIDE-3A_730-C-501',(#2682));
#2671=PRODUCT('SK?RT SIDE-5A_730-C-501','SK?RT SIDE-5A_730-C-501','SK?RT SIDE-5A_730-C-501',(#2683));
#2672=PRODUCT('SK?RT SIDE-5B_730-C-501','SK?RT SIDE-5B_730-C-501','SK?RT SIDE-5B_730-C-501',(#2684));
#2673=PRODUCT_CATEGORY('','');
#2674=PRODUCT_CATEGORY('','');
#2675=PRODUCT_CATEGORY('','');
#2676=PRODUCT_CATEGORY('','');
#2677=PRODUCT_CATEGORY('','');
#2678=PRODUCT_CATEGORY('','');
#2679=PRODUCT_CONTEXT('',#2691,'mechanical');
#2680=PRODUCT_CONTEXT('',#2692,'mechanical');
#2681=PRODUCT_CONTEXT('',#2693,'mechanical');
#2682=PRODUCT_CONTEXT('',#2694,'mechanical');
#2683=PRODUCT_CONTEXT('',#2695,'mechanical');
#2684=PRODUCT_CONTEXT('',#2696,'mechanical');
#2685=APPLICATION_PROTOCOL_DEFINITION('international standard','ap242_managed_model_based_3d_engineering',2020,#2691);
#2686=APPLICATION_PROTOCOL_DEFINITION('international standard','ap242_managed_model_based_3d_engineering',2020,#2692);
#2687=APPLICATION_PROTOCOL_DEFINITION('international standard','ap242_managed_model_based_3d_engineering',2020,#2693);
#2688=APPLICATION_PROTOCOL_DEFINITION('international standard','ap242_managed_model_based_3d_engineering',2020,#2694);
#2689=APPLICATION_PROTOCOL_DEFINITION('international standard','ap242_managed_model_based_3d_engineering',2020,#2695);
#2690=APPLICATION_PROTOCOL_DEFINITION('international standard','ap242_managed_model_based_3d_engineering',2020,#2696);
#2691=APPLICATION_CONTEXT('managed model based 3d engineering');
#2692=APPLICATION_CONTEXT('managed model based 3d engineering');
#2693=APPLICATION_CONTEXT('managed model based 3d engineering');
#2694=APPLICATION_CONTEXT('managed model based 3d engineering');
#2695=APPLICATION_CONTEXT('managed model based 3d engineering');
#2696=APPLICATION_CONTEXT('managed model based 3d engineering');
ENDSEC;
END-ISO-10303-21;
