ISO-10303-21;
HEADER;
/*Generated by software containing ST-Developer
 * from STEP Tools, Inc. (www.steptools.com) 
 */
/*OPTION: using custom renumber hook */
/*description */
/*implementation_level */
FILE_DESCRIPTION(('STEP AP242 Edition 2','STEP AP242 Edition 2''CAx-IF Rec.Pracs.---Representation and Presentation of Product Manufa
cturing Information (PMI)---4.0---2014-10-13','STEP AP242 Edition 2''CAx-IF Rec.Pracs.---Representation and Presentation of Product Manufa
cturing Information (PMI)---4.0---2014-10-13''CAx-IF Rec.Pracs.---3D Tessellated Geometry---0.4---2014-09-14','STEP AP242 Edition 2''CAx-IF Rec.Pracs.---Representation and Presentation of Product Manufa
cturing Information (PMI)---4.0---2014-10-13''CAx-IF Rec.Pracs.---3D Tessellated Geometry---0.4---2014-09-14''2;1','STEP AP242 Edition 2''CAx-IF Rec.Pracs.---Representation and Presentation of Product Manufa
cturing Information (PMI)---4.0---2014-10-13''CAx-IF Rec.Pracs.---3D Tessellated Geometry---0.4---2014-09-14''2;1''CAx-IF Rec.Pracs.---User Defined Attributes---1.5---2016-08-15'),'2;1');
/*name */
/*time_stamp */
/*author */
/*organization */
/*preprocessor_version */
/*originating_system */
/*authorisation */
FILE_NAME('/vol/tmp/translate-13804769687333207658/SKIRT_730-C-501_260130.step','2026-03-16T09:46:51',(''),(''),'ST-DEVELOPER v20','ONSHAPE BY PTC INC, 1.212','  ');
FILE_SCHEMA(('AP242_MANAGED_MODEL_BASED_3D_ENGINEERING_MIM_LF { 1 0 10303 442 3 1 4 }'));
ENDSEC;
DATA;
#10=SHAPE_REPRESENTATION_RELATIONSHIP('','',#820,#16);
#11=SHAPE_REPRESENTATION_RELATIONSHIP('','',#821,#17);
#12=SHAPE_REPRESENTATION_RELATIONSHIP('','',#822,#18);
#13=SHAPE_REPRESENTATION_RELATIONSHIP('','',#823,#19);
#14=SHAPE_REPRESENTATION_RELATIONSHIP('','',#824,#20);
#15=SHAPE_REPRESENTATION_RELATIONSHIP('','',#825,#21);
#16=ADVANCED_BREP_SHAPE_REPRESENTATION('',(#808),#2120);
#17=ADVANCED_BREP_SHAPE_REPRESENTATION('',(#809),#2121);
#18=ADVANCED_BREP_SHAPE_REPRESENTATION('',(#810),#2122);
#19=ADVANCED_BREP_SHAPE_REPRESENTATION('',(#811),#2123);
#20=ADVANCED_BREP_SHAPE_REPRESENTATION('',(#812),#2124);
#21=ADVANCED_BREP_SHAPE_REPRESENTATION('',(#813),#2125);
#22=B_SPLINE_CURVE_WITH_KNOTS('',3,(#1147,#1148,#1149,#1150,#1151,#1152,#1153,#1154,#1155,#1156,#1157,#1158,#1159,#1160,#1161,#1162,#1163,#1164,#1165,#1166,#1167,#1168,#1169,#1170,#1171,#1172,#1173,#1174,#1175,#1176,#1177,#1178,#1179,#1180,#1181,#1182,#1183,#1184,#1185,#1186,#1187,#1188,#1189,#1190,#1191),.UNSPECIFIED.,.F.,.F.,(4,1,1,1,1,1,1,1,1,1,1,1,1,1,1,1,1,1,1,1,1,1,1,1,1,1,1,1,1,1,1,1,1,1,1,1,1,1,1,1,1,1,4),(1.66533453693773E-16,0.0269096401459716,0.0538192802919431,0.0807289204379146,0.0941837405109003,0.107638560583886,0.134548200729858,0.161457840875829,0.174912660948815,0.188367481021801,0.215277121167772,0.242186761313743,0.269096401459715,0.282551221532701,0.296006041605686,0.322915681751658,0.349825321897629,0.363280141970615,0.376734962043601,0.403644602189572,0.430554242335544,0.44400906240853,0.457463882481515,0.470918702554501,0.484373522627487,0.511283162773458,0.53819280291943,0.565102443065401,0.592012083211373,0.618921723357344,0.63237654343033,0.645831363503316,0.659286183576301,0.672741003649287,0.699650643795259,0.72656028394123,0.740015104014216,0.753469924087202,0.780379564233173,0.807289204379145,0.82074402445213,0.834198844525116,0.861108484671087),.UNSPECIFIED.);
#23=B_SPLINE_CURVE_WITH_KNOTS('',3,(#1195,#1196,#1197,#1198,#1199,#1200,#1201,#1202,#1203,#1204,#1205,#1206,#1207,#1208,#1209,#1210,#1211,#1212,#1213,#1214,#1215,#1216,#1217,#1218,#1219,#1220,#1221,#1222,#1223,#1224,#1225,#1226,#1227,#1228,#1229,#1230,#1231,#1232,#1233,#1234,#1235,#1236,#1237,#1238,#1239),.UNSPECIFIED.,.F.,.F.,(4,1,1,1,1,1,1,1,1,1,1,1,1,1,1,1,1,1,1,1,1,1,1,1,1,1,1,1,1,1,1,1,1,1,1,1,1,1,1,1,1,1,4),(1.38777878078145E-16,0.0269096401459716,0.053819280291943,0.0807289204379145,0.0941837405109002,0.107638560583886,0.134548200729857,0.161457840875829,0.174912660948815,0.1883674810218,0.215277121167772,0.242186761313743,0.269096401459715,0.2825512215327,0.296006041605686,0.322915681751658,0.349825321897629,0.363280141970615,0.3767349620436,0.403644602189572,0.430554242335543,0.444009062408529,0.457463882481515,0.470918702554501,0.484373522627486,0.511283162773458,0.538192802919429,0.565102443065401,0.592012083211372,0.618921723357343,0.632376543430329,0.645831363503315,0.659286183576301,0.672741003649286,0.699650643795258,0.726560283941229,0.740015104014215,0.753469924087201,0.780379564233172,0.807289204379144,0.820744024452129,0.834198844525115,0.861108484671087),.UNSPECIFIED.);
#24=B_SPLINE_CURVE_WITH_KNOTS('',3,(#1240,#1241,#1242,#1243,#1244,#1245,#1246,#1247,#1248,#1249,#1250,#1251,#1252,#1253,#1254,#1255,#1256,#1257,#1258,#1259,#1260,#1261,#1262,#1263,#1264,#1265,#1266,#1267,#1268,#1269,#1270,#1271,#1272,#1273,#1274,#1275,#1276,#1277,#1278,#1279,#1280,#1281,#1282,#1283,#1284,#1285,#1286,#1287,#1288,#1289,#1290,#1291,#1292,#1293,#1294,#1295,#1296,#1297,#1298,#1299,#1300,#1301,#1302,#1303,#1304,#1305,#1306,#1307,#1308,#1309,#1310,#1311,#1312,#1313,#1314,#1315,#1316,#1317,#1318,#1319,#1320,#1321,#1322,#1323,#1324,#1325,#1326,#1327,#1328,#1329,#1330,#1331,#1332,#1333,#1334,#1335,#1336,#1337,#1338,#1339,#1340,#1341,#1342,#1343,#1344,#1345),.UNSPECIFIED.,.T.,.F.,(1,1,1,1,1,1,1,1,1,1,1,1,1,1,1,1,1,1,1,1,1,1,1,1,1,1,1,1,1,1,1,1,1,1,1,1,1,1,1,1,1,1,1,1,1,1,1,1,1,1,1,1,1,1,1,1,1,1,1,1,1,1,1,1,1,1,1,1,1,1,1,1,1,1,1,1,1,1,1,1,1,1,1,1,1,1,1,1,1,1,1,1,1,1,1,1,1,1,1,1,1,1,1,1,1,1,1,1,1,1),(-0.0646487431432998,-0.0323243715716499,-0.016162185785825,0.,0.0161621857858249,0.0323243715716498,0.0646487431432997,0.0969731147149495,0.113135300500774,0.129297486286599,0.161621857858249,0.177784043644074,0.193946229429899,0.210108415215724,0.226270601001549,0.258594972573199,0.290919344144848,0.307081529930673,0.323243715716498,0.339405901502323,0.355568087288148,0.371730273073973,0.387892458859798,0.404054644645623,0.420216830431448,0.436379016217273,0.452541202003098,0.484865573574747,0.501027759360572,0.517189945146397,0.533352130932222,0.549514316718047,0.581838688289697,0.614163059861347,0.630325245647172,0.646487431432997,0.662649617218821,0.678811803004646,0.694973988790471,0.711136174576296,0.727298360362121,0.743460546147946,0.775784917719596,0.808109289291246,0.824271475077071,0.840433660862896,0.85659584664872,0.872758032434545,0.88892021822037,0.905082404006195,0.92124458979202,0.937406775577845,0.95356896136367,0.969731147149495,1.00205551872114,1.03437989029279,1.05054207607862,1.06670426186444,1.08286644765027,1.09902863343609,1.13135300500774,1.16367737657939,1.17983956236522,1.19600174815104,1.22832611972269,1.24448830550852,1.26065049129434,1.27681267708017,1.29297486286599,1.30913704865182,1.32529923443764,1.35762360600929,1.38994797758094,1.40611016336677,1.42227234915259,1.43843453493842,1.45459672072424,1.47075890651007,1.48692109229589,1.50308327808172,1.51924546386754,1.55156983543919,1.58389420701084,1.60005639279667,1.61621857858249,1.63238076436832,1.64854295015414,1.66470513593997,1.68086732172579,1.71319169329744,1.74551606486909,1.77784043644074,1.79400262222657,1.81016480801239,1.82632699379822,1.84248917958404,1.85865136536987,1.87481355115569,1.90713792272734,1.93946229429899,1.95562448008481,1.97178666587064,1.98794885165646,2.00411103744229,2.03643540901394,2.05259759479976,2.06875978058559,2.08492196637141,2.10108415215724,2.13340852372889),.UNSPECIFIED.);
#25=B_SPLINE_CURVE_WITH_KNOTS('',3,(#1351,#1352,#1353,#1354,#1355,#1356,#1357,#1358,#1359,#1360,#1361,#1362,#1363,#1364,#1365,#1366,#1367,#1368,#1369,#1370,#1371,#1372,#1373,#1374,#1375,#1376,#1377,#1378,#1379,#1380,#1381,#1382,#1383,#1384,#1385,#1386,#1387,#1388,#1389,#1390,#1391,#1392,#1393,#1394,#1395),.UNSPECIFIED.,.F.,.F.,(4,1,1,1,1,1,1,1,1,1,1,1,1,1,1,1,1,1,1,1,1,1,1,1,1,1,1,1,1,1,1,1,1,1,1,1,1,1,1,1,1,1,4),(4.85722573273506E-17,0.0269111435879571,0.0538222871759141,0.0807334307638712,0.0941890025578497,0.107644574351828,0.134555717939785,0.161466861527742,0.174922433321721,0.188378005115699,0.215289148703656,0.242200292291613,0.26911143587957,0.282567007673549,0.296022579467527,0.322933723055485,0.349844866643442,0.36330043843742,0.376756010231399,0.403667153819356,0.430578297407313,0.444033869201291,0.45748944099527,0.470945012789248,0.484400584583227,0.511311728171184,0.538222871759141,0.565134015347098,0.592045158935055,0.618956302523012,0.632411874316991,0.645867446110969,0.659323017904948,0.672778589698926,0.699689733286883,0.72660087687484,0.740056448668819,0.753512020462797,0.780423164050754,0.807334307638711,0.82078987943269,0.834245451226668,0.861156594814625),.UNSPECIFIED.);
#26=B_SPLINE_CURVE_WITH_KNOTS('',3,(#1399,#1400,#1401,#1402,#1403,#1404,#1405,#1406,#1407,#1408,#1409,#1410,#1411,#1412,#1413,#1414,#1415,#1416,#1417,#1418,#1419,#1420,#1421,#1422,#1423,#1424,#1425,#1426,#1427,#1428,#1429,#1430,#1431,#1432,#1433,#1434,#1435,#1436,#1437,#1438,#1439,#1440,#1441,#1442,#1443),.UNSPECIFIED.,.F.,.F.,(4,1,1,1,1,1,1,1,1,1,1,1,1,1,1,1,1,1,1,1,1,1,1,1,1,1,1,1,1,1,1,1,1,1,1,1,1,1,1,1,1,1,4),(0.,0.026911143587957,0.0538222871759141,0.0807334307638711,0.0941890025578496,0.107644574351828,0.134555717939785,0.161466861527742,0.174922433321721,0.188378005115699,0.215289148703656,0.242200292291613,0.26911143587957,0.282567007673549,0.296022579467527,0.322933723055484,0.349844866643441,0.36330043843742,0.376756010231398,0.403667153819355,0.430578297407312,0.444033869201291,0.457489440995269,0.470945012789248,0.484400584583226,0.511311728171183,0.538222871759141,0.565134015347098,0.592045158935055,0.618956302523012,0.63241187431699,0.645867446110969,0.659323017904947,0.672778589698926,0.699689733286883,0.72660087687484,0.740056448668818,0.753512020462797,0.780423164050754,0.807334307638711,0.820789879432689,0.834245451226668,0.861156594814625),.UNSPECIFIED.);
#27=B_SPLINE_CURVE_WITH_KNOTS('',3,(#1444,#1445,#1446,#1447,#1448,#1449,#1450,#1451,#1452,#1453,#1454,#1455,#1456,#1457,#1458,#1459,#1460,#1461,#1462,#1463,#1464,#1465,#1466,#1467,#1468,#1469,#1470,#1471,#1472,#1473,#1474,#1475,#1476,#1477,#1478,#1479,#1480,#1481,#1482,#1483,#1484,#1485,#1486,#1487,#1488,#1489,#1490,#1491,#1492,#1493,#1494,#1495,#1496,#1497,#1498,#1499,#1500,#1501,#1502,#1503,#1504,#1505,#1506,#1507,#1508,#1509,#1510,#1511,#1512,#1513,#1514,#1515,#1516,#1517,#1518,#1519,#1520,#1521,#1522,#1523,#1524,#1525,#1526,#1527,#1528,#1529,#1530,#1531,#1532,#1533,#1534,#1535,#1536,#1537,#1538,#1539,#1540,#1541,#1542,#1543,#1544,#1545,#1546,#1547,#1548),.UNSPECIFIED.,.T.,.F.,(1,1,1,1,1,1,1,1,1,1,1,1,1,1,1,1,1,1,1,1,1,1,1,1,1,1,1,1,1,1,1,1,1,1,1,1,1,1,1,1,1,1,1,1,1,1,1,1,1,1,1,1,1,1,1,1,1,1,1,1,1,1,1,1,1,1,1,1,1,1,1,1,1,1,1,1,1,1,1,1,1,1,1,1,1,1,1,1,1,1,1,1,1,1,1,1,1,1,1,1,1,1,1,1,1,1,1,1,1),(-0.0646522803905101,-0.0323261401952553,-0.0161630700976274,0.,0.0161630700976275,0.0323261401952549,0.0646522803905099,0.0969784205857648,0.113141490683392,0.12930456078102,0.161630700976275,0.177793771073902,0.19395684117153,0.210119911269157,0.226282981366785,0.25860912156204,0.290935261757295,0.307098331854922,0.323261401952549,0.339424472050177,0.355587542147804,0.371750612245432,0.387913682343059,0.404076752440687,0.420239822538314,0.436402892635942,0.452565962733569,0.484892102928824,0.517218243124079,0.533381313221707,0.549544383319334,0.565707453416962,0.581870523514589,0.614196663709844,0.646522803905099,0.662685874002726,0.678848944100354,0.711175084295609,0.727338154393236,0.743501224490864,0.759664294588491,0.775827364686119,0.791990434783746,0.808153504881374,0.840479645076629,0.872805785271884,0.888968855369511,0.905131925467138,0.921294995564766,0.937458065662393,0.953621135760021,0.969784205857648,0.985947275955276,1.0021103460529,1.03443648624816,1.06676262644341,1.08292569654104,1.09908876663867,1.1152518367363,1.13141490683392,1.14757797693155,1.16374104702918,1.19606718722443,1.21223025732206,1.22839332741969,1.26071946761494,1.27688253771257,1.2930456078102,1.30920867790783,1.32537174800545,1.34153481810308,1.35769788820071,1.39002402839596,1.42235016859122,1.43851323868885,1.45467630878647,1.4708393788841,1.48700244898173,1.51932858917698,1.53549165927461,1.55165472937224,1.56781779946986,1.58398086956749,1.61630700976275,1.648633149958,1.66479622005563,1.68095929015326,1.71328543034851,1.72944850044614,1.74561157054377,1.76177464064139,1.77793771073902,1.81026385093428,1.84258999112953,1.87491613132479,1.89107920142241,1.90724227152004,1.92340534161767,1.9395684117153,1.95573148181292,1.97189455191055,1.98805762200818,2.00422069210581,2.03654683230106,2.05270990239869,2.06887297249632,2.08503604259394,2.10119911269157,2.13352525288683),.UNSPECIFIED.);
#28=B_SPLINE_CURVE_WITH_KNOTS('',3,(#1639,#1640,#1641,#1642,#1643,#1644,#1645,#1646,#1647,#1648,#1649,#1650,#1651,#1652,#1653,#1654,#1655,#1656,#1657,#1658,#1659,#1660,#1661,#1662,#1663,#1664,#1665,#1666,#1667,#1668,#1669,#1670,#1671,#1672,#1673,#1674,#1675,#1676,#1677,#1678,#1679,#1680,#1681,#1682,#1683,#1684,#1685,#1686,#1687,#1688,#1689,#1690,#1691,#1692,#1693,#1694,#1695,#1696,#1697,#1698,#1699,#1700,#1701,#1702,#1703,#1704,#1705,#1706,#1707,#1708,#1709,#1710,#1711,#1712,#1713,#1714,#1715,#1716,#1717,#1718,#1719,#1720,#1721,#1722,#1723,#1724,#1725,#1726,#1727,#1728,#1729,#1730,#1731,#1732,#1733,#1734,#1735,#1736,#1737,#1738,#1739,#1740,#1741,#1742,#1743,#1744,#1745,#1746),.UNSPECIFIED.,.T.,.F.,(1,1,1,1,1,1,1,1,1,1,1,1,1,1,1,1,1,1,1,1,1,1,1,1,1,1,1,1,1,1,1,1,1,1,1,1,1,1,1,1,1,1,1,1,1,1,1,1,1,1,1,1,1,1,1,1,1,1,1,1,1,1,1,1,1,1,1,1,1,1,1,1,1,1,1,1,1,1,1,1,1,1,1,1,1,1,1,1,1,1,1,1,1,1,1,1,1,1,1,1,1,1,1,1,1,1,1,1,1,1,1,1),(-0.0514428300836438,-0.0342952200557627,-0.0171476100278816,0.,0.0171476100278811,0.0342952200557623,0.0685904401115246,0.102885660167287,0.120033270195168,0.137180880223049,0.15432849025093,0.171476100278811,0.188623710306693,0.205771320334574,0.222918930362455,0.240066540390336,0.274361760446098,0.308656980501861,0.325804590529742,0.342952200557623,0.360099810585504,0.377247420613385,0.394395030641266,0.411542640669147,0.428690250697029,0.44583786072491,0.462985470752791,0.480133080780672,0.514428300836434,0.531575910864315,0.548723520892197,0.565871130920078,0.583018740947959,0.617313961003721,0.651609181059484,0.668756791087365,0.685904401115246,0.703052011143127,0.720199621171008,0.737347231198889,0.75449484122677,0.771642451254652,0.788790061282533,0.823085281338295,0.857380501394057,0.874528111421938,0.89167572144982,0.908823331477701,0.925970941505582,0.943118551533463,0.960266161561344,0.977413771589225,0.994561381617106,1.01170899164499,1.02885660167287,1.06315182172863,1.09744704178439,1.11459465181227,1.13174226184016,1.14888987186804,1.16603748189592,1.20033270195168,1.23462792200744,1.25177553203532,1.2689231420632,1.30321836211897,1.32036597214685,1.33751358217473,1.35466119220261,1.37180880223049,1.40610402228625,1.44039924234202,1.47469446239778,1.49184207242566,1.50898968245354,1.52613729248142,1.5432849025093,1.56043251253718,1.57758012256507,1.59472773259295,1.61187534262083,1.64617056267659,1.68046578273235,1.69761339276023,1.71476100278811,1.731908612816,1.74905622284388,1.76620383287176,1.78335144289964,1.8176466629554,1.83479427298328,1.85194188301116,1.88623710306693,1.90338471309481,1.92053232312269,1.93767993315057,1.95482754317845,1.97197515320633,1.98912276323421,2.02341798328998,2.05771320334574,2.07486081337362,2.0920084234015,2.10915603342938,2.12630364345726,2.14345125348514,2.16059886351302,2.17774647354091,2.19489408356879,2.21204169359667,2.22918930362455,2.26348452368031),.UNSPECIFIED.);
#29=B_SPLINE_CURVE_WITH_KNOTS('',3,(#1749,#1750,#1751,#1752,#1753,#1754,#1755,#1756,#1757,#1758,#1759,#1760,#1761,#1762,#1763,#1764,#1765,#1766,#1767,#1768,#1769,#1770,#1771,#1772,#1773,#1774,#1775,#1776,#1777,#1778,#1779,#1780,#1781,#1782,#1783,#1784,#1785,#1786,#1787,#1788,#1789,#1790,#1791,#1792,#1793,#1794,#1795,#1796,#1797,#1798,#1799,#1800,#1801,#1802,#1803,#1804,#1805,#1806,#1807,#1808,#1809,#1810,#1811,#1812,#1813,#1814,#1815,#1816,#1817,#1818,#1819,#1820,#1821,#1822,#1823,#1824,#1825,#1826,#1827,#1828,#1829,#1830,#1831,#1832,#1833,#1834,#1835,#1836,#1837,#1838,#1839,#1840,#1841,#1842,#1843,#1844,#1845,#1846,#1847,#1848,#1849,#1850,#1851,#1852,#1853,#1854,#1855,#1856,#1857),.UNSPECIFIED.,.T.,.F.,(1,1,1,1,1,1,1,1,1,1,1,1,1,1,1,1,1,1,1,1,1,1,1,1,1,1,1,1,1,1,1,1,1,1,1,1,1,1,1,1,1,1,1,1,1,1,1,1,1,1,1,1,1,1,1,1,1,1,1,1,1,1,1,1,1,1,1,1,1,1,1,1,1,1,1,1,1,1,1,1,1,1,1,1,1,1,1,1,1,1,1,1,1,1,1,1,1,1,1,1,1,1,1,1,1,1,1,1,1,1,1,1,1),(-0.0685945937019339,-0.0342972968509669,-0.0171486484254832,0.,0.0171486484254835,0.034297296850967,0.068594593701934,0.102891890552901,0.120040538978384,0.137189187403868,0.154337835829351,0.171486484254835,0.188635132680318,0.205783781105802,0.222932429531285,0.240081077956769,0.274378374807736,0.308675671658703,0.325824320084186,0.34297296850967,0.360121616935153,0.377270265360637,0.39441891378612,0.411567562211604,0.428716210637087,0.445864859062571,0.463013507488054,0.480162155913538,0.514459452764505,0.548756749615472,0.565905398040955,0.583054046466439,0.600202694891922,0.617351343317406,0.651648640168373,0.685945937019339,0.703094585444823,0.720243233870306,0.754540530721273,0.771689179146757,0.788837827572241,0.805986475997724,0.823135124423207,0.840283772848691,0.857432421274174,0.891729718125141,0.926027014976108,0.943175663401592,0.960324311827075,0.977472960252559,0.994621608678042,1.01177025710353,1.02891890552901,1.04606755395449,1.06321620237998,1.09751349923094,1.13181079608191,1.14895944450739,1.16610809293288,1.18325674135836,1.20040538978384,1.21755403820933,1.23470268663481,1.26899998348578,1.28614863191126,1.30329728033675,1.33759457718771,1.3547432256132,1.37189187403868,1.38904052246416,1.40618917088965,1.42333781931513,1.44048646774061,1.47478376459158,1.50908106144255,1.52622970986803,1.54337835829351,1.560527006719,1.57767565514448,1.59482430356996,1.61197295199545,1.62912160042093,1.64627024884641,1.6634188972719,1.68056754569738,1.71486484254835,1.74916213939932,1.7663107878248,1.78345943625028,1.80060808467577,1.81775673310125,1.83490538152673,1.85205402995222,1.8692026783777,1.88635132680318,1.92064862365415,1.95494592050512,1.9720945689306,1.98924321735608,2.00639186578157,2.02354051420705,2.04068916263254,2.05783781105802,2.0749864594835,2.09213510790899,2.10928375633447,2.12643240475995,2.16072970161092,2.1778783500364,2.19502699846189,2.21217564688737,2.22932429531285,2.26362159216382),.UNSPECIFIED.);
#30=B_SPLINE_CURVE_WITH_KNOTS('',3,(#1889,#1890,#1891,#1892,#1893,#1894,#1895,#1896,#1897,#1898,#1899,#1900,#1901,#1902,#1903,#1904,#1905,#1906,#1907,#1908,#1909,#1910,#1911,#1912,#1913,#1914,#1915,#1916,#1917,#1918,#1919,#1920,#1921,#1922,#1923,#1924,#1925,#1926,#1927,#1928,#1929,#1930,#1931,#1932,#1933),.UNSPECIFIED.,.F.,.F.,(4,1,1,1,1,1,1,1,1,1,1,1,1,1,1,1,1,1,1,1,1,1,1,1,1,1,1,1,1,1,1,1,1,1,1,1,1,1,1,1,1,1,4),(0.,0.0269096401459714,0.0538192802919428,0.0807289204379142,0.0941837405108999,0.107638560583886,0.134548200729857,0.161457840875828,0.174912660948814,0.1883674810218,0.215277121167771,0.242186761313743,0.269096401459714,0.2825512215327,0.296006041605685,0.322915681751657,0.349825321897628,0.363280141970614,0.376734962043599,0.403644602189571,0.430554242335542,0.444009062408528,0.457463882481514,0.470918702554499,0.484373522627485,0.511283162773456,0.538192802919428,0.565102443065399,0.592012083211371,0.618921723357342,0.632376543430328,0.645831363503313,0.659286183576299,0.672741003649285,0.699650643795256,0.726560283941228,0.740015104014213,0.753469924087199,0.78037956423317,0.807289204379142,0.820744024452127,0.834198844525113,0.861108484671084),.UNSPECIFIED.);
#31=B_SPLINE_CURVE_WITH_KNOTS('',3,(#1937,#1938,#1939,#1940,#1941,#1942,#1943,#1944,#1945,#1946,#1947,#1948,#1949,#1950,#1951,#1952,#1953,#1954,#1955,#1956,#1957,#1958,#1959,#1960,#1961,#1962,#1963,#1964,#1965,#1966,#1967,#1968,#1969,#1970,#1971,#1972,#1973,#1974,#1975,#1976,#1977,#1978,#1979,#1980,#1981),.UNSPECIFIED.,.F.,.F.,(4,1,1,1,1,1,1,1,1,1,1,1,1,1,1,1,1,1,1,1,1,1,1,1,1,1,1,1,1,1,1,1,1,1,1,1,1,1,1,1,1,1,4),(0.,0.0269096401459715,0.053819280291943,0.0807289204379145,0.0941837405109003,0.107638560583886,0.134548200729858,0.161457840875829,0.174912660948815,0.188367481021801,0.215277121167772,0.242186761313744,0.269096401459715,0.282551221532701,0.296006041605687,0.322915681751658,0.34982532189763,0.363280141970615,0.376734962043601,0.403644602189573,0.430554242335544,0.44400906240853,0.457463882481516,0.470918702554501,0.484373522627487,0.511283162773459,0.53819280291943,0.565102443065402,0.592012083211373,0.618921723357345,0.632376543430331,0.645831363503316,0.659286183576302,0.672741003649288,0.699650643795259,0.726560283941231,0.740015104014217,0.753469924087202,0.780379564233174,0.807289204379146,0.820744024452131,0.834198844525117,0.861108484671088),.UNSPECIFIED.);
#32=B_SPLINE_CURVE_WITH_KNOTS('',3,(#1986,#1987,#1988,#1989,#1990,#1991,#1992,#1993,#1994,#1995,#1996,#1997,#1998,#1999,#2000,#2001,#2002,#2003,#2004,#2005,#2006,#2007,#2008,#2009,#2010,#2011,#2012,#2013,#2014,#2015,#2016,#2017,#2018,#2019,#2020,#2021,#2022,#2023,#2024,#2025,#2026,#2027,#2028,#2029,#2030),.UNSPECIFIED.,.F.,.F.,(4,1,1,1,1,1,1,1,1,1,1,1,1,1,1,1,1,1,1,1,1,1,1,1,1,1,1,1,1,1,1,1,1,1,1,1,1,1,1,1,1,1,4),(0.,0.026911143587957,0.0538222871759139,0.0807334307638709,0.0941890025578494,0.107644574351828,0.134555717939785,0.161466861527742,0.17492243332172,0.188378005115699,0.215289148703656,0.242200292291613,0.26911143587957,0.282567007673548,0.296022579467527,0.322933723055484,0.349844866643441,0.363300438437419,0.376756010231398,0.403667153819354,0.430578297407311,0.44403386920129,0.457489440995268,0.470945012789247,0.484400584583225,0.511311728171182,0.538222871759139,0.565134015347096,0.592045158935053,0.61895630252301,0.632411874316989,0.645867446110967,0.659323017904946,0.672778589698924,0.699689733286881,0.726600876874838,0.740056448668817,0.753512020462795,0.780423164050752,0.807334307638709,0.820789879432687,0.834245451226666,0.861156594814623),.UNSPECIFIED.);
#33=B_SPLINE_CURVE_WITH_KNOTS('',3,(#2034,#2035,#2036,#2037,#2038,#2039,#2040,#2041,#2042,#2043,#2044,#2045,#2046,#2047,#2048,#2049,#2050,#2051,#2052,#2053,#2054,#2055,#2056,#2057,#2058,#2059,#2060,#2061,#2062,#2063,#2064,#2065,#2066,#2067,#2068,#2069,#2070,#2071,#2072,#2073,#2074,#2075,#2076,#2077,#2078),.UNSPECIFIED.,.F.,.F.,(4,1,1,1,1,1,1,1,1,1,1,1,1,1,1,1,1,1,1,1,1,1,1,1,1,1,1,1,1,1,1,1,1,1,1,1,1,1,1,1,1,1,4),(0.,0.026911143587957,0.0538222871759141,0.0807334307638711,0.0941890025578497,0.107644574351828,0.134555717939785,0.161466861527742,0.174922433321721,0.188378005115699,0.215289148703656,0.242200292291613,0.26911143587957,0.282567007673549,0.296022579467528,0.322933723055485,0.349844866643442,0.36330043843742,0.376756010231399,0.403667153819356,0.430578297407313,0.444033869201291,0.45748944099527,0.470945012789248,0.484400584583227,0.511311728171184,0.538222871759141,0.565134015347098,0.592045158935055,0.618956302523012,0.632411874316991,0.645867446110969,0.659323017904948,0.672778589698926,0.699689733286883,0.72660087687484,0.740056448668819,0.753512020462797,0.780423164050754,0.807334307638711,0.82078987943269,0.834245451226668,0.861156594814625),.UNSPECIFIED.);
#34=CYLINDRICAL_SURFACE('',#835,1.625);
#35=CYLINDRICAL_SURFACE('',#836,1.6);
#36=CYLINDRICAL_SURFACE('',#837,0.275);
#37=CYLINDRICAL_SURFACE('',#839,0.275);
#38=CYLINDRICAL_SURFACE('',#841,0.33);
#39=CYLINDRICAL_SURFACE('',#851,1.625);
#40=CYLINDRICAL_SURFACE('',#852,1.6);
#41=CYLINDRICAL_SURFACE('',#862,1.625);
#42=CYLINDRICAL_SURFACE('',#863,1.6);
#43=CYLINDRICAL_SURFACE('',#873,1.625);
#44=CYLINDRICAL_SURFACE('',#874,1.6);
#45=CYLINDRICAL_SURFACE('',#875,0.35);
#46=CYLINDRICAL_SURFACE('',#885,1.625);
#47=CYLINDRICAL_SURFACE('',#886,1.6);
#48=CYLINDRICAL_SURFACE('',#887,0.275);
#49=CYLINDRICAL_SURFACE('',#889,0.275);
#50=CYLINDRICAL_SURFACE('',#900,1.625);
#51=CYLINDRICAL_SURFACE('',#901,1.6);
#52=LINE('',#1123,#116);
#53=LINE('',#1127,#117);
#54=LINE('',#1129,#118);
#55=LINE('',#1131,#119);
#56=LINE('',#1133,#120);
#57=LINE('',#1139,#121);
#58=LINE('',#1141,#122);
#59=LINE('',#1142,#123);
#60=LINE('',#1144,#124);
#61=LINE('',#1193,#125);
#62=LINE('',#1348,#126);
#63=LINE('',#1397,#127);
#64=LINE('',#1551,#128);
#65=LINE('',#1552,#129);
#66=LINE('',#1554,#130);
#67=LINE('',#1556,#131);
#68=LINE('',#1564,#132);
#69=LINE('',#1568,#133);
#70=LINE('',#1570,#134);
#71=LINE('',#1572,#135);
#72=LINE('',#1574,#136);
#73=LINE('',#1580,#137);
#74=LINE('',#1582,#138);
#75=LINE('',#1583,#139);
#76=LINE('',#1591,#140);
#77=LINE('',#1595,#141);
#78=LINE('',#1597,#142);
#79=LINE('',#1599,#143);
#80=LINE('',#1601,#144);
#81=LINE('',#1607,#145);
#82=LINE('',#1609,#146);
#83=LINE('',#1610,#147);
#84=LINE('',#1618,#148);
#85=LINE('',#1622,#149);
#86=LINE('',#1624,#150);
#87=LINE('',#1626,#151);
#88=LINE('',#1628,#152);
#89=LINE('',#1634,#153);
#90=LINE('',#1636,#154);
#91=LINE('',#1637,#155);
#92=LINE('',#1865,#156);
#93=LINE('',#1869,#157);
#94=LINE('',#1871,#158);
#95=LINE('',#1873,#159);
#96=LINE('',#1875,#160);
#97=LINE('',#1881,#161);
#98=LINE('',#1883,#162);
#99=LINE('',#1884,#163);
#100=LINE('',#1886,#164);
#101=LINE('',#1935,#165);
#102=LINE('',#1983,#166);
#103=LINE('',#2032,#167);
#104=LINE('',#2080,#168);
#105=LINE('',#2081,#169);
#106=LINE('',#2083,#170);
#107=LINE('',#2085,#171);
#108=LINE('',#2092,#172);
#109=LINE('',#2096,#173);
#110=LINE('',#2098,#174);
#111=LINE('',#2100,#175);
#112=LINE('',#2102,#176);
#113=LINE('',#2108,#177);
#114=LINE('',#2110,#178);
#115=LINE('',#2111,#179);
#116=VECTOR('',#908,1.);
#117=VECTOR('',#911,1.);
#118=VECTOR('',#914,1.);
#119=VECTOR('',#915,1.);
#120=VECTOR('',#916,1.);
#121=VECTOR('',#923,1.);
#122=VECTOR('',#926,1.);
#123=VECTOR('',#927,1.);
#124=VECTOR('',#930,1.);
#125=VECTOR('',#931,1.);
#126=VECTOR('',#934,1.);
#127=VECTOR('',#935,1.);
#128=VECTOR('',#938,1.);
#129=VECTOR('',#939,1.);
#130=VECTOR('',#942,1.);
#131=VECTOR('',#945,1.);
#132=VECTOR('',#956,1.);
#133=VECTOR('',#959,1.);
#134=VECTOR('',#962,1.);
#135=VECTOR('',#963,1.);
#136=VECTOR('',#964,1.);
#137=VECTOR('',#971,1.);
#138=VECTOR('',#974,1.);
#139=VECTOR('',#975,1.);
#140=VECTOR('',#986,1.);
#141=VECTOR('',#989,1.);
#142=VECTOR('',#992,1.);
#143=VECTOR('',#993,1.);
#144=VECTOR('',#994,1.);
#145=VECTOR('',#1001,1.);
#146=VECTOR('',#1004,1.);
#147=VECTOR('',#1005,1.);
#148=VECTOR('',#1016,1.);
#149=VECTOR('',#1019,1.);
#150=VECTOR('',#1022,1.);
#151=VECTOR('',#1023,1.);
#152=VECTOR('',#1024,1.);
#153=VECTOR('',#1031,1.);
#154=VECTOR('',#1034,1.);
#155=VECTOR('',#1035,1.);
#156=VECTOR('',#1048,1.);
#157=VECTOR('',#1051,1.);
#158=VECTOR('',#1054,1.);
#159=VECTOR('',#1055,1.);
#160=VECTOR('',#1056,1.);
#161=VECTOR('',#1063,1.);
#162=VECTOR('',#1066,1.);
#163=VECTOR('',#1067,1.);
#164=VECTOR('',#1070,1.);
#165=VECTOR('',#1071,1.);
#166=VECTOR('',#1074,1.);
#167=VECTOR('',#1075,1.);
#168=VECTOR('',#1078,1.);
#169=VECTOR('',#1079,1.);
#170=VECTOR('',#1082,1.);
#171=VECTOR('',#1085,1.);
#172=VECTOR('',#1094,1.);
#173=VECTOR('',#1097,1.);
#174=VECTOR('',#1100,1.);
#175=VECTOR('',#1101,1.);
#176=VECTOR('',#1102,1.);
#177=VECTOR('',#1109,1.);
#178=VECTOR('',#1112,1.);
#179=VECTOR('',#1113,1.);
#180=ORIENTED_EDGE('',*,*,#380,.T.);
#181=ORIENTED_EDGE('',*,*,#381,.T.);
#182=ORIENTED_EDGE('',*,*,#382,.F.);
#183=ORIENTED_EDGE('',*,*,#383,.F.);
#184=ORIENTED_EDGE('',*,*,#384,.F.);
#185=ORIENTED_EDGE('',*,*,#383,.T.);
#186=ORIENTED_EDGE('',*,*,#385,.T.);
#187=ORIENTED_EDGE('',*,*,#386,.F.);
#188=ORIENTED_EDGE('',*,*,#387,.T.);
#189=ORIENTED_EDGE('',*,*,#386,.T.);
#190=ORIENTED_EDGE('',*,*,#388,.F.);
#191=ORIENTED_EDGE('',*,*,#389,.F.);
#192=ORIENTED_EDGE('',*,*,#390,.F.);
#193=ORIENTED_EDGE('',*,*,#389,.T.);
#194=ORIENTED_EDGE('',*,*,#391,.T.);
#195=ORIENTED_EDGE('',*,*,#381,.F.);
#196=ORIENTED_EDGE('',*,*,#392,.T.);
#197=ORIENTED_EDGE('',*,*,#393,.T.);
#198=ORIENTED_EDGE('',*,*,#394,.T.);
#199=ORIENTED_EDGE('',*,*,#395,.T.);
#200=ORIENTED_EDGE('',*,*,#396,.T.);
#201=ORIENTED_EDGE('',*,*,#390,.T.);
#202=ORIENTED_EDGE('',*,*,#380,.F.);
#203=ORIENTED_EDGE('',*,*,#384,.T.);
#204=ORIENTED_EDGE('',*,*,#387,.F.);
#205=ORIENTED_EDGE('',*,*,#397,.T.);
#206=ORIENTED_EDGE('',*,*,#398,.T.);
#207=ORIENTED_EDGE('',*,*,#399,.T.);
#208=ORIENTED_EDGE('',*,*,#400,.T.);
#209=ORIENTED_EDGE('',*,*,#401,.T.);
#210=ORIENTED_EDGE('',*,*,#391,.F.);
#211=ORIENTED_EDGE('',*,*,#388,.T.);
#212=ORIENTED_EDGE('',*,*,#385,.F.);
#213=ORIENTED_EDGE('',*,*,#382,.T.);
#214=ORIENTED_EDGE('',*,*,#398,.F.);
#215=ORIENTED_EDGE('',*,*,#402,.T.);
#216=ORIENTED_EDGE('',*,*,#395,.F.);
#217=ORIENTED_EDGE('',*,*,#403,.F.);
#218=ORIENTED_EDGE('',*,*,#397,.F.);
#219=ORIENTED_EDGE('',*,*,#404,.T.);
#220=ORIENTED_EDGE('',*,*,#392,.F.);
#221=ORIENTED_EDGE('',*,*,#402,.F.);
#222=ORIENTED_EDGE('',*,*,#400,.F.);
#223=ORIENTED_EDGE('',*,*,#405,.T.);
#224=ORIENTED_EDGE('',*,*,#393,.F.);
#225=ORIENTED_EDGE('',*,*,#404,.F.);
#226=ORIENTED_EDGE('',*,*,#399,.F.);
#227=ORIENTED_EDGE('',*,*,#403,.T.);
#228=ORIENTED_EDGE('',*,*,#394,.F.);
#229=ORIENTED_EDGE('',*,*,#405,.F.);
#230=ORIENTED_EDGE('',*,*,#396,.F.);
#231=ORIENTED_EDGE('',*,*,#401,.F.);
#232=ORIENTED_EDGE('',*,*,#406,.T.);
#233=ORIENTED_EDGE('',*,*,#407,.T.);
#234=ORIENTED_EDGE('',*,*,#408,.F.);
#235=ORIENTED_EDGE('',*,*,#409,.F.);
#236=ORIENTED_EDGE('',*,*,#410,.F.);
#237=ORIENTED_EDGE('',*,*,#409,.T.);
#238=ORIENTED_EDGE('',*,*,#411,.T.);
#239=ORIENTED_EDGE('',*,*,#412,.F.);
#240=ORIENTED_EDGE('',*,*,#413,.T.);
#241=ORIENTED_EDGE('',*,*,#412,.T.);
#242=ORIENTED_EDGE('',*,*,#414,.F.);
#243=ORIENTED_EDGE('',*,*,#415,.F.);
#244=ORIENTED_EDGE('',*,*,#416,.F.);
#245=ORIENTED_EDGE('',*,*,#415,.T.);
#246=ORIENTED_EDGE('',*,*,#417,.T.);
#247=ORIENTED_EDGE('',*,*,#407,.F.);
#248=ORIENTED_EDGE('',*,*,#416,.T.);
#249=ORIENTED_EDGE('',*,*,#406,.F.);
#250=ORIENTED_EDGE('',*,*,#410,.T.);
#251=ORIENTED_EDGE('',*,*,#413,.F.);
#252=ORIENTED_EDGE('',*,*,#417,.F.);
#253=ORIENTED_EDGE('',*,*,#414,.T.);
#254=ORIENTED_EDGE('',*,*,#411,.F.);
#255=ORIENTED_EDGE('',*,*,#408,.T.);
#256=ORIENTED_EDGE('',*,*,#418,.T.);
#257=ORIENTED_EDGE('',*,*,#419,.T.);
#258=ORIENTED_EDGE('',*,*,#420,.F.);
#259=ORIENTED_EDGE('',*,*,#421,.F.);
#260=ORIENTED_EDGE('',*,*,#422,.F.);
#261=ORIENTED_EDGE('',*,*,#421,.T.);
#262=ORIENTED_EDGE('',*,*,#423,.T.);
#263=ORIENTED_EDGE('',*,*,#424,.F.);
#264=ORIENTED_EDGE('',*,*,#425,.T.);
#265=ORIENTED_EDGE('',*,*,#424,.T.);
#266=ORIENTED_EDGE('',*,*,#426,.F.);
#267=ORIENTED_EDGE('',*,*,#427,.F.);
#268=ORIENTED_EDGE('',*,*,#428,.F.);
#269=ORIENTED_EDGE('',*,*,#427,.T.);
#270=ORIENTED_EDGE('',*,*,#429,.T.);
#271=ORIENTED_EDGE('',*,*,#419,.F.);
#272=ORIENTED_EDGE('',*,*,#428,.T.);
#273=ORIENTED_EDGE('',*,*,#418,.F.);
#274=ORIENTED_EDGE('',*,*,#422,.T.);
#275=ORIENTED_EDGE('',*,*,#425,.F.);
#276=ORIENTED_EDGE('',*,*,#429,.F.);
#277=ORIENTED_EDGE('',*,*,#426,.T.);
#278=ORIENTED_EDGE('',*,*,#423,.F.);
#279=ORIENTED_EDGE('',*,*,#420,.T.);
#280=ORIENTED_EDGE('',*,*,#430,.T.);
#281=ORIENTED_EDGE('',*,*,#431,.T.);
#282=ORIENTED_EDGE('',*,*,#432,.F.);
#283=ORIENTED_EDGE('',*,*,#433,.F.);
#284=ORIENTED_EDGE('',*,*,#434,.F.);
#285=ORIENTED_EDGE('',*,*,#433,.T.);
#286=ORIENTED_EDGE('',*,*,#435,.T.);
#287=ORIENTED_EDGE('',*,*,#436,.F.);
#288=ORIENTED_EDGE('',*,*,#437,.T.);
#289=ORIENTED_EDGE('',*,*,#436,.T.);
#290=ORIENTED_EDGE('',*,*,#438,.F.);
#291=ORIENTED_EDGE('',*,*,#439,.F.);
#292=ORIENTED_EDGE('',*,*,#440,.F.);
#293=ORIENTED_EDGE('',*,*,#439,.T.);
#294=ORIENTED_EDGE('',*,*,#441,.T.);
#295=ORIENTED_EDGE('',*,*,#431,.F.);
#296=ORIENTED_EDGE('',*,*,#442,.T.);
#297=ORIENTED_EDGE('',*,*,#440,.T.);
#298=ORIENTED_EDGE('',*,*,#430,.F.);
#299=ORIENTED_EDGE('',*,*,#434,.T.);
#300=ORIENTED_EDGE('',*,*,#437,.F.);
#301=ORIENTED_EDGE('',*,*,#443,.T.);
#302=ORIENTED_EDGE('',*,*,#441,.F.);
#303=ORIENTED_EDGE('',*,*,#438,.T.);
#304=ORIENTED_EDGE('',*,*,#435,.F.);
#305=ORIENTED_EDGE('',*,*,#432,.T.);
#306=ORIENTED_EDGE('',*,*,#442,.F.);
#307=ORIENTED_EDGE('',*,*,#443,.F.);
#308=ORIENTED_EDGE('',*,*,#444,.T.);
#309=ORIENTED_EDGE('',*,*,#445,.T.);
#310=ORIENTED_EDGE('',*,*,#446,.F.);
#311=ORIENTED_EDGE('',*,*,#447,.F.);
#312=ORIENTED_EDGE('',*,*,#448,.F.);
#313=ORIENTED_EDGE('',*,*,#447,.T.);
#314=ORIENTED_EDGE('',*,*,#449,.T.);
#315=ORIENTED_EDGE('',*,*,#450,.F.);
#316=ORIENTED_EDGE('',*,*,#451,.T.);
#317=ORIENTED_EDGE('',*,*,#450,.T.);
#318=ORIENTED_EDGE('',*,*,#452,.F.);
#319=ORIENTED_EDGE('',*,*,#453,.F.);
#320=ORIENTED_EDGE('',*,*,#454,.F.);
#321=ORIENTED_EDGE('',*,*,#453,.T.);
#322=ORIENTED_EDGE('',*,*,#455,.T.);
#323=ORIENTED_EDGE('',*,*,#445,.F.);
#324=ORIENTED_EDGE('',*,*,#456,.T.);
#325=ORIENTED_EDGE('',*,*,#457,.T.);
#326=ORIENTED_EDGE('',*,*,#458,.T.);
#327=ORIENTED_EDGE('',*,*,#459,.T.);
#328=ORIENTED_EDGE('',*,*,#454,.T.);
#329=ORIENTED_EDGE('',*,*,#444,.F.);
#330=ORIENTED_EDGE('',*,*,#448,.T.);
#331=ORIENTED_EDGE('',*,*,#451,.F.);
#332=ORIENTED_EDGE('',*,*,#460,.T.);
#333=ORIENTED_EDGE('',*,*,#461,.T.);
#334=ORIENTED_EDGE('',*,*,#462,.T.);
#335=ORIENTED_EDGE('',*,*,#463,.T.);
#336=ORIENTED_EDGE('',*,*,#455,.F.);
#337=ORIENTED_EDGE('',*,*,#452,.T.);
#338=ORIENTED_EDGE('',*,*,#449,.F.);
#339=ORIENTED_EDGE('',*,*,#446,.T.);
#340=ORIENTED_EDGE('',*,*,#461,.F.);
#341=ORIENTED_EDGE('',*,*,#464,.T.);
#342=ORIENTED_EDGE('',*,*,#459,.F.);
#343=ORIENTED_EDGE('',*,*,#465,.F.);
#344=ORIENTED_EDGE('',*,*,#460,.F.);
#345=ORIENTED_EDGE('',*,*,#466,.T.);
#346=ORIENTED_EDGE('',*,*,#456,.F.);
#347=ORIENTED_EDGE('',*,*,#464,.F.);
#348=ORIENTED_EDGE('',*,*,#463,.F.);
#349=ORIENTED_EDGE('',*,*,#467,.T.);
#350=ORIENTED_EDGE('',*,*,#457,.F.);
#351=ORIENTED_EDGE('',*,*,#466,.F.);
#352=ORIENTED_EDGE('',*,*,#462,.F.);
#353=ORIENTED_EDGE('',*,*,#465,.T.);
#354=ORIENTED_EDGE('',*,*,#458,.F.);
#355=ORIENTED_EDGE('',*,*,#467,.F.);
#356=ORIENTED_EDGE('',*,*,#468,.T.);
#357=ORIENTED_EDGE('',*,*,#469,.T.);
#358=ORIENTED_EDGE('',*,*,#470,.F.);
#359=ORIENTED_EDGE('',*,*,#471,.F.);
#360=ORIENTED_EDGE('',*,*,#472,.F.);
#361=ORIENTED_EDGE('',*,*,#471,.T.);
#362=ORIENTED_EDGE('',*,*,#473,.T.);
#363=ORIENTED_EDGE('',*,*,#474,.F.);
#364=ORIENTED_EDGE('',*,*,#475,.T.);
#365=ORIENTED_EDGE('',*,*,#474,.T.);
#366=ORIENTED_EDGE('',*,*,#476,.F.);
#367=ORIENTED_EDGE('',*,*,#477,.F.);
#368=ORIENTED_EDGE('',*,*,#478,.F.);
#369=ORIENTED_EDGE('',*,*,#477,.T.);
#370=ORIENTED_EDGE('',*,*,#479,.T.);
#371=ORIENTED_EDGE('',*,*,#469,.F.);
#372=ORIENTED_EDGE('',*,*,#478,.T.);
#373=ORIENTED_EDGE('',*,*,#468,.F.);
#374=ORIENTED_EDGE('',*,*,#472,.T.);
#375=ORIENTED_EDGE('',*,*,#475,.F.);
#376=ORIENTED_EDGE('',*,*,#479,.F.);
#377=ORIENTED_EDGE('',*,*,#476,.T.);
#378=ORIENTED_EDGE('',*,*,#473,.F.);
#379=ORIENTED_EDGE('',*,*,#470,.T.);
#380=EDGE_CURVE('',#480,#481,#548,.T.);
#381=EDGE_CURVE('',#481,#482,#52,.T.);
#382=EDGE_CURVE('',#483,#482,#549,.T.);
#383=EDGE_CURVE('',#480,#483,#53,.T.);
#384=EDGE_CURVE('',#480,#484,#54,.T.);
#385=EDGE_CURVE('',#483,#485,#55,.T.);
#386=EDGE_CURVE('',#484,#485,#56,.T.);
#387=EDGE_CURVE('',#486,#484,#550,.T.);
#388=EDGE_CURVE('',#487,#485,#551,.T.);
#389=EDGE_CURVE('',#486,#487,#57,.T.);
#390=EDGE_CURVE('',#486,#481,#58,.T.);
#391=EDGE_CURVE('',#487,#482,#59,.T.);
#392=EDGE_CURVE('',#488,#489,#60,.T.);
#393=EDGE_CURVE('',#489,#490,#22,.T.);
#394=EDGE_CURVE('',#490,#491,#61,.T.);
#395=EDGE_CURVE('',#491,#488,#23,.T.);
#396=EDGE_CURVE('',#492,#492,#24,.T.);
#397=EDGE_CURVE('',#493,#494,#62,.T.);
#398=EDGE_CURVE('',#494,#495,#25,.T.);
#399=EDGE_CURVE('',#495,#496,#63,.T.);
#400=EDGE_CURVE('',#496,#493,#26,.T.);
#401=EDGE_CURVE('',#497,#497,#27,.T.);
#402=EDGE_CURVE('',#494,#488,#64,.T.);
#403=EDGE_CURVE('',#495,#491,#65,.T.);
#404=EDGE_CURVE('',#493,#489,#66,.T.);
#405=EDGE_CURVE('',#496,#490,#67,.T.);
#406=EDGE_CURVE('',#498,#499,#552,.T.);
#407=EDGE_CURVE('',#499,#500,#68,.T.);
#408=EDGE_CURVE('',#501,#500,#553,.T.);
#409=EDGE_CURVE('',#498,#501,#69,.T.);
#410=EDGE_CURVE('',#498,#502,#70,.T.);
#411=EDGE_CURVE('',#501,#503,#71,.T.);
#412=EDGE_CURVE('',#502,#503,#72,.T.);
#413=EDGE_CURVE('',#504,#502,#554,.T.);
#414=EDGE_CURVE('',#505,#503,#555,.T.);
#415=EDGE_CURVE('',#504,#505,#73,.T.);
#416=EDGE_CURVE('',#504,#499,#74,.T.);
#417=EDGE_CURVE('',#505,#500,#75,.T.);
#418=EDGE_CURVE('',#506,#507,#556,.T.);
#419=EDGE_CURVE('',#507,#508,#76,.T.);
#420=EDGE_CURVE('',#509,#508,#557,.T.);
#421=EDGE_CURVE('',#506,#509,#77,.T.);
#422=EDGE_CURVE('',#506,#510,#78,.T.);
#423=EDGE_CURVE('',#509,#511,#79,.T.);
#424=EDGE_CURVE('',#510,#511,#80,.T.);
#425=EDGE_CURVE('',#512,#510,#558,.T.);
#426=EDGE_CURVE('',#513,#511,#559,.T.);
#427=EDGE_CURVE('',#512,#513,#81,.T.);
#428=EDGE_CURVE('',#512,#507,#82,.T.);
#429=EDGE_CURVE('',#513,#508,#83,.T.);
#430=EDGE_CURVE('',#514,#515,#560,.T.);
#431=EDGE_CURVE('',#515,#516,#84,.T.);
#432=EDGE_CURVE('',#517,#516,#561,.T.);
#433=EDGE_CURVE('',#514,#517,#85,.T.);
#434=EDGE_CURVE('',#514,#518,#86,.T.);
#435=EDGE_CURVE('',#517,#519,#87,.T.);
#436=EDGE_CURVE('',#518,#519,#88,.T.);
#437=EDGE_CURVE('',#520,#518,#562,.T.);
#438=EDGE_CURVE('',#521,#519,#563,.T.);
#439=EDGE_CURVE('',#520,#521,#89,.T.);
#440=EDGE_CURVE('',#520,#515,#90,.T.);
#441=EDGE_CURVE('',#521,#516,#91,.T.);
#442=EDGE_CURVE('',#522,#522,#28,.T.);
#443=EDGE_CURVE('',#523,#523,#29,.T.);
#444=EDGE_CURVE('',#524,#525,#564,.T.);
#445=EDGE_CURVE('',#525,#526,#92,.T.);
#446=EDGE_CURVE('',#527,#526,#565,.T.);
#447=EDGE_CURVE('',#524,#527,#93,.T.);
#448=EDGE_CURVE('',#524,#528,#94,.T.);
#449=EDGE_CURVE('',#527,#529,#95,.T.);
#450=EDGE_CURVE('',#528,#529,#96,.T.);
#451=EDGE_CURVE('',#530,#528,#566,.T.);
#452=EDGE_CURVE('',#531,#529,#567,.T.);
#453=EDGE_CURVE('',#530,#531,#97,.T.);
#454=EDGE_CURVE('',#530,#525,#98,.T.);
#455=EDGE_CURVE('',#531,#526,#99,.T.);
#456=EDGE_CURVE('',#532,#533,#100,.T.);
#457=EDGE_CURVE('',#533,#534,#30,.T.);
#458=EDGE_CURVE('',#534,#535,#101,.T.);
#459=EDGE_CURVE('',#535,#532,#31,.T.);
#460=EDGE_CURVE('',#536,#537,#102,.T.);
#461=EDGE_CURVE('',#537,#538,#32,.T.);
#462=EDGE_CURVE('',#538,#539,#103,.T.);
#463=EDGE_CURVE('',#539,#536,#33,.T.);
#464=EDGE_CURVE('',#537,#532,#104,.T.);
#465=EDGE_CURVE('',#538,#535,#105,.T.);
#466=EDGE_CURVE('',#536,#533,#106,.T.);
#467=EDGE_CURVE('',#539,#534,#107,.T.);
#468=EDGE_CURVE('',#540,#541,#568,.T.);
#469=EDGE_CURVE('',#541,#542,#108,.T.);
#470=EDGE_CURVE('',#543,#542,#569,.T.);
#471=EDGE_CURVE('',#540,#543,#109,.T.);
#472=EDGE_CURVE('',#540,#544,#110,.T.);
#473=EDGE_CURVE('',#543,#545,#111,.T.);
#474=EDGE_CURVE('',#544,#545,#112,.T.);
#475=EDGE_CURVE('',#546,#544,#570,.T.);
#476=EDGE_CURVE('',#547,#545,#571,.T.);
#477=EDGE_CURVE('',#546,#547,#113,.T.);
#478=EDGE_CURVE('',#546,#541,#114,.T.);
#479=EDGE_CURVE('',#547,#542,#115,.T.);
#480=VERTEX_POINT('',#1121);
#481=VERTEX_POINT('',#1122);
#482=VERTEX_POINT('',#1124);
#483=VERTEX_POINT('',#1126);
#484=VERTEX_POINT('',#1130);
#485=VERTEX_POINT('',#1132);
#486=VERTEX_POINT('',#1136);
#487=VERTEX_POINT('',#1138);
#488=VERTEX_POINT('',#1145);
#489=VERTEX_POINT('',#1146);
#490=VERTEX_POINT('',#1192);
#491=VERTEX_POINT('',#1194);
#492=VERTEX_POINT('',#1346);
#493=VERTEX_POINT('',#1349);
#494=VERTEX_POINT('',#1350);
#495=VERTEX_POINT('',#1396);
#496=VERTEX_POINT('',#1398);
#497=VERTEX_POINT('',#1549);
#498=VERTEX_POINT('',#1562);
#499=VERTEX_POINT('',#1563);
#500=VERTEX_POINT('',#1565);
#501=VERTEX_POINT('',#1567);
#502=VERTEX_POINT('',#1571);
#503=VERTEX_POINT('',#1573);
#504=VERTEX_POINT('',#1577);
#505=VERTEX_POINT('',#1579);
#506=VERTEX_POINT('',#1589);
#507=VERTEX_POINT('',#1590);
#508=VERTEX_POINT('',#1592);
#509=VERTEX_POINT('',#1594);
#510=VERTEX_POINT('',#1598);
#511=VERTEX_POINT('',#1600);
#512=VERTEX_POINT('',#1604);
#513=VERTEX_POINT('',#1606);
#514=VERTEX_POINT('',#1616);
#515=VERTEX_POINT('',#1617);
#516=VERTEX_POINT('',#1619);
#517=VERTEX_POINT('',#1621);
#518=VERTEX_POINT('',#1625);
#519=VERTEX_POINT('',#1627);
#520=VERTEX_POINT('',#1631);
#521=VERTEX_POINT('',#1633);
#522=VERTEX_POINT('',#1747);
#523=VERTEX_POINT('',#1858);
#524=VERTEX_POINT('',#1863);
#525=VERTEX_POINT('',#1864);
#526=VERTEX_POINT('',#1866);
#527=VERTEX_POINT('',#1868);
#528=VERTEX_POINT('',#1872);
#529=VERTEX_POINT('',#1874);
#530=VERTEX_POINT('',#1878);
#531=VERTEX_POINT('',#1880);
#532=VERTEX_POINT('',#1887);
#533=VERTEX_POINT('',#1888);
#534=VERTEX_POINT('',#1934);
#535=VERTEX_POINT('',#1936);
#536=VERTEX_POINT('',#1984);
#537=VERTEX_POINT('',#1985);
#538=VERTEX_POINT('',#2031);
#539=VERTEX_POINT('',#2033);
#540=VERTEX_POINT('',#2090);
#541=VERTEX_POINT('',#2091);
#542=VERTEX_POINT('',#2093);
#543=VERTEX_POINT('',#2095);
#544=VERTEX_POINT('',#2099);
#545=VERTEX_POINT('',#2101);
#546=VERTEX_POINT('',#2105);
#547=VERTEX_POINT('',#2107);
#548=CIRCLE('',#828,1.625);
#549=CIRCLE('',#829,1.6);
#550=CIRCLE('',#832,1.625);
#551=CIRCLE('',#833,1.6);
#552=CIRCLE('',#844,1.625);
#553=CIRCLE('',#845,1.6);
#554=CIRCLE('',#848,1.625);
#555=CIRCLE('',#849,1.6);
#556=CIRCLE('',#855,1.625);
#557=CIRCLE('',#856,1.6);
#558=CIRCLE('',#859,1.625);
#559=CIRCLE('',#860,1.6);
#560=CIRCLE('',#866,1.625);
#561=CIRCLE('',#867,1.6);
#562=CIRCLE('',#870,1.625);
#563=CIRCLE('',#871,1.6);
#564=CIRCLE('',#878,1.625);
#565=CIRCLE('',#879,1.6);
#566=CIRCLE('',#882,1.625);
#567=CIRCLE('',#883,1.6);
#568=CIRCLE('',#893,1.625);
#569=CIRCLE('',#894,1.6);
#570=CIRCLE('',#897,1.625);
#571=CIRCLE('',#898,1.6);
#572=EDGE_LOOP('',(#180,#181,#182,#183));
#573=EDGE_LOOP('',(#184,#185,#186,#187));
#574=EDGE_LOOP('',(#188,#189,#190,#191));
#575=EDGE_LOOP('',(#192,#193,#194,#195));
#576=EDGE_LOOP('',(#196,#197,#198,#199));
#577=EDGE_LOOP('',(#200));
#578=EDGE_LOOP('',(#201,#202,#203,#204));
#579=EDGE_LOOP('',(#205,#206,#207,#208));
#580=EDGE_LOOP('',(#209));
#581=EDGE_LOOP('',(#210,#211,#212,#213));
#582=EDGE_LOOP('',(#214,#215,#216,#217));
#583=EDGE_LOOP('',(#218,#219,#220,#221));
#584=EDGE_LOOP('',(#222,#223,#224,#225));
#585=EDGE_LOOP('',(#226,#227,#228,#229));
#586=EDGE_LOOP('',(#230));
#587=EDGE_LOOP('',(#231));
#588=EDGE_LOOP('',(#232,#233,#234,#235));
#589=EDGE_LOOP('',(#236,#237,#238,#239));
#590=EDGE_LOOP('',(#240,#241,#242,#243));
#591=EDGE_LOOP('',(#244,#245,#246,#247));
#592=EDGE_LOOP('',(#248,#249,#250,#251));
#593=EDGE_LOOP('',(#252,#253,#254,#255));
#594=EDGE_LOOP('',(#256,#257,#258,#259));
#595=EDGE_LOOP('',(#260,#261,#262,#263));
#596=EDGE_LOOP('',(#264,#265,#266,#267));
#597=EDGE_LOOP('',(#268,#269,#270,#271));
#598=EDGE_LOOP('',(#272,#273,#274,#275));
#599=EDGE_LOOP('',(#276,#277,#278,#279));
#600=EDGE_LOOP('',(#280,#281,#282,#283));
#601=EDGE_LOOP('',(#284,#285,#286,#287));
#602=EDGE_LOOP('',(#288,#289,#290,#291));
#603=EDGE_LOOP('',(#292,#293,#294,#295));
#604=EDGE_LOOP('',(#296));
#605=EDGE_LOOP('',(#297,#298,#299,#300));
#606=EDGE_LOOP('',(#301));
#607=EDGE_LOOP('',(#302,#303,#304,#305));
#608=EDGE_LOOP('',(#306));
#609=EDGE_LOOP('',(#307));
#610=EDGE_LOOP('',(#308,#309,#310,#311));
#611=EDGE_LOOP('',(#312,#313,#314,#315));
#612=EDGE_LOOP('',(#316,#317,#318,#319));
#613=EDGE_LOOP('',(#320,#321,#322,#323));
#614=EDGE_LOOP('',(#324,#325,#326,#327));
#615=EDGE_LOOP('',(#328,#329,#330,#331));
#616=EDGE_LOOP('',(#332,#333,#334,#335));
#617=EDGE_LOOP('',(#336,#337,#338,#339));
#618=EDGE_LOOP('',(#340,#341,#342,#343));
#619=EDGE_LOOP('',(#344,#345,#346,#347));
#620=EDGE_LOOP('',(#348,#349,#350,#351));
#621=EDGE_LOOP('',(#352,#353,#354,#355));
#622=EDGE_LOOP('',(#356,#357,#358,#359));
#623=EDGE_LOOP('',(#360,#361,#362,#363));
#624=EDGE_LOOP('',(#364,#365,#366,#367));
#625=EDGE_LOOP('',(#368,#369,#370,#371));
#626=EDGE_LOOP('',(#372,#373,#374,#375));
#627=EDGE_LOOP('',(#376,#377,#378,#379));
#628=FACE_BOUND('',#572,.T.);
#629=FACE_BOUND('',#573,.T.);
#630=FACE_BOUND('',#574,.T.);
#631=FACE_BOUND('',#575,.T.);
#632=FACE_BOUND('',#576,.T.);
#633=FACE_BOUND('',#577,.T.);
#634=FACE_BOUND('',#578,.T.);
#635=FACE_BOUND('',#579,.T.);
#636=FACE_BOUND('',#580,.T.);
#637=FACE_BOUND('',#581,.T.);
#638=FACE_BOUND('',#582,.T.);
#639=FACE_BOUND('',#583,.T.);
#640=FACE_BOUND('',#584,.T.);
#641=FACE_BOUND('',#585,.T.);
#642=FACE_BOUND('',#586,.T.);
#643=FACE_BOUND('',#587,.T.);
#644=FACE_BOUND('',#588,.T.);
#645=FACE_BOUND('',#589,.T.);
#646=FACE_BOUND('',#590,.T.);
#647=FACE_BOUND('',#591,.T.);
#648=FACE_BOUND('',#592,.T.);
#649=FACE_BOUND('',#593,.T.);
#650=FACE_BOUND('',#594,.T.);
#651=FACE_BOUND('',#595,.T.);
#652=FACE_BOUND('',#596,.T.);
#653=FACE_BOUND('',#597,.T.);
#654=FACE_BOUND('',#598,.T.);
#655=FACE_BOUND('',#599,.T.);
#656=FACE_BOUND('',#600,.T.);
#657=FACE_BOUND('',#601,.T.);
#658=FACE_BOUND('',#602,.T.);
#659=FACE_BOUND('',#603,.T.);
#660=FACE_BOUND('',#604,.T.);
#661=FACE_BOUND('',#605,.T.);
#662=FACE_BOUND('',#606,.T.);
#663=FACE_BOUND('',#607,.T.);
#664=FACE_BOUND('',#608,.T.);
#665=FACE_BOUND('',#609,.T.);
#666=FACE_BOUND('',#610,.T.);
#667=FACE_BOUND('',#611,.T.);
#668=FACE_BOUND('',#612,.T.);
#669=FACE_BOUND('',#613,.T.);
#670=FACE_BOUND('',#614,.T.);
#671=FACE_BOUND('',#615,.T.);
#672=FACE_BOUND('',#616,.T.);
#673=FACE_BOUND('',#617,.T.);
#674=FACE_BOUND('',#618,.T.);
#675=FACE_BOUND('',#619,.T.);
#676=FACE_BOUND('',#620,.T.);
#677=FACE_BOUND('',#621,.T.);
#678=FACE_BOUND('',#622,.T.);
#679=FACE_BOUND('',#623,.T.);
#680=FACE_BOUND('',#624,.T.);
#681=FACE_BOUND('',#625,.T.);
#682=FACE_BOUND('',#626,.T.);
#683=FACE_BOUND('',#627,.T.);
#684=PLANE('',#827);
#685=PLANE('',#830);
#686=PLANE('',#831);
#687=PLANE('',#834);
#688=PLANE('',#838);
#689=PLANE('',#840);
#690=PLANE('',#843);
#691=PLANE('',#846);
#692=PLANE('',#847);
#693=PLANE('',#850);
#694=PLANE('',#854);
#695=PLANE('',#857);
#696=PLANE('',#858);
#697=PLANE('',#861);
#698=PLANE('',#865);
#699=PLANE('',#868);
#700=PLANE('',#869);
#701=PLANE('',#872);
#702=PLANE('',#877);
#703=PLANE('',#880);
#704=PLANE('',#881);
#705=PLANE('',#884);
#706=PLANE('',#888);
#707=PLANE('',#890);
#708=PLANE('',#892);
#709=PLANE('',#895);
#710=PLANE('',#896);
#711=PLANE('',#899);
#712=ADVANCED_FACE('',(#628),#684,.F.);
#713=ADVANCED_FACE('',(#629),#685,.F.);
#714=ADVANCED_FACE('',(#630),#686,.F.);
#715=ADVANCED_FACE('',(#631),#687,.F.);
#716=ADVANCED_FACE('',(#632,#633,#634),#34,.T.);
#717=ADVANCED_FACE('',(#635,#636,#637),#35,.F.);
#718=ADVANCED_FACE('',(#638),#36,.F.);
#719=ADVANCED_FACE('',(#639),#688,.F.);
#720=ADVANCED_FACE('',(#640),#37,.F.);
#721=ADVANCED_FACE('',(#641),#689,.F.);
#722=ADVANCED_FACE('',(#642,#643),#38,.F.);
#723=ADVANCED_FACE('',(#644),#690,.F.);
#724=ADVANCED_FACE('',(#645),#691,.F.);
#725=ADVANCED_FACE('',(#646),#692,.F.);
#726=ADVANCED_FACE('',(#647),#693,.F.);
#727=ADVANCED_FACE('',(#648),#39,.T.);
#728=ADVANCED_FACE('',(#649),#40,.F.);
#729=ADVANCED_FACE('',(#650),#694,.F.);
#730=ADVANCED_FACE('',(#651),#695,.F.);
#731=ADVANCED_FACE('',(#652),#696,.F.);
#732=ADVANCED_FACE('',(#653),#697,.F.);
#733=ADVANCED_FACE('',(#654),#41,.T.);
#734=ADVANCED_FACE('',(#655),#42,.F.);
#735=ADVANCED_FACE('',(#656),#698,.F.);
#736=ADVANCED_FACE('',(#657),#699,.F.);
#737=ADVANCED_FACE('',(#658),#700,.F.);
#738=ADVANCED_FACE('',(#659),#701,.F.);
#739=ADVANCED_FACE('',(#660,#661),#43,.T.);
#740=ADVANCED_FACE('',(#662,#663),#44,.F.);
#741=ADVANCED_FACE('',(#664,#665),#45,.F.);
#742=ADVANCED_FACE('',(#666),#702,.F.);
#743=ADVANCED_FACE('',(#667),#703,.F.);
#744=ADVANCED_FACE('',(#668),#704,.F.);
#745=ADVANCED_FACE('',(#669),#705,.F.);
#746=ADVANCED_FACE('',(#670,#671),#46,.T.);
#747=ADVANCED_FACE('',(#672,#673),#47,.F.);
#748=ADVANCED_FACE('',(#674),#48,.F.);
#749=ADVANCED_FACE('',(#675),#706,.F.);
#750=ADVANCED_FACE('',(#676),#49,.F.);
#751=ADVANCED_FACE('',(#677),#707,.F.);
#752=ADVANCED_FACE('',(#678),#708,.F.);
#753=ADVANCED_FACE('',(#679),#709,.F.);
#754=ADVANCED_FACE('',(#680),#710,.F.);
#755=ADVANCED_FACE('',(#681),#711,.F.);
#756=ADVANCED_FACE('',(#682),#50,.T.);
#757=ADVANCED_FACE('',(#683),#51,.F.);
#758=CLOSED_SHELL('',(#712,#713,#714,#715,#716,#717,#718,#719,#720,#721,#722));
#759=CLOSED_SHELL('',(#723,#724,#725,#726,#727,#728));
#760=CLOSED_SHELL('',(#729,#730,#731,#732,#733,#734));
#761=CLOSED_SHELL('',(#735,#736,#737,#738,#739,#740,#741));
#762=CLOSED_SHELL('',(#742,#743,#744,#745,#746,#747,#748,#749,#750,#751));
#763=CLOSED_SHELL('',(#752,#753,#754,#755,#756,#757));
#764=STYLED_ITEM('',(#770),#808);
#765=STYLED_ITEM('',(#771),#809);
#766=STYLED_ITEM('',(#772),#810);
#767=STYLED_ITEM('',(#773),#811);
#768=STYLED_ITEM('',(#774),#812);
#769=STYLED_ITEM('',(#775),#813);
#770=PRESENTATION_STYLE_ASSIGNMENT((#776));
#771=PRESENTATION_STYLE_ASSIGNMENT((#777));
#772=PRESENTATION_STYLE_ASSIGNMENT((#778));
#773=PRESENTATION_STYLE_ASSIGNMENT((#779));
#774=PRESENTATION_STYLE_ASSIGNMENT((#780));
#775=PRESENTATION_STYLE_ASSIGNMENT((#781));
#776=SURFACE_STYLE_USAGE(.BOTH.,#782);
#777=SURFACE_STYLE_USAGE(.BOTH.,#783);
#778=SURFACE_STYLE_USAGE(.BOTH.,#784);
#779=SURFACE_STYLE_USAGE(.BOTH.,#785);
#780=SURFACE_STYLE_USAGE(.BOTH.,#786);
#781=SURFACE_STYLE_USAGE(.BOTH.,#787);
#782=SURFACE_SIDE_STYLE('',(#788));
#783=SURFACE_SIDE_STYLE('',(#789));
#784=SURFACE_SIDE_STYLE('',(#790));
#785=SURFACE_SIDE_STYLE('',(#791));
#786=SURFACE_SIDE_STYLE('',(#792));
#787=SURFACE_SIDE_STYLE('',(#793));
#788=SURFACE_STYLE_FILL_AREA(#794);
#789=SURFACE_STYLE_FILL_AREA(#795);
#790=SURFACE_STYLE_FILL_AREA(#796);
#791=SURFACE_STYLE_FILL_AREA(#797);
#792=SURFACE_STYLE_FILL_AREA(#798);
#793=SURFACE_STYLE_FILL_AREA(#799);
#794=FILL_AREA_STYLE('',(#800));
#795=FILL_AREA_STYLE('',(#801));
#796=FILL_AREA_STYLE('',(#802));
#797=FILL_AREA_STYLE('',(#803));
#798=FILL_AREA_STYLE('',(#804));
#799=FILL_AREA_STYLE('',(#805));
#800=FILL_AREA_STYLE_COLOUR('',#806);
#801=FILL_AREA_STYLE_COLOUR('',#807);
#802=FILL_AREA_STYLE_COLOUR('',#806);
#803=FILL_AREA_STYLE_COLOUR('',#806);
#804=FILL_AREA_STYLE_COLOUR('',#806);
#805=FILL_AREA_STYLE_COLOUR('',#807);
#806=COLOUR_RGB('',0.12156862745098,0.184313725490196,0.235294117647059);
#807=COLOUR_RGB('',0.745098039215686,0.737254901960784,0.729411764705882);
#808=MANIFOLD_SOLID_BREP('SK\X2\0130\X0\RT SIDE-1A_730-C-501',#758);
#809=MANIFOLD_SOLID_BREP('SK\X2\0130\X0\RT SIDE-5B_730-C-501',#759);
#810=MANIFOLD_SOLID_BREP('SK\X2\0130\X0\RT SIDE-2A_730-C-501',#760);
#811=MANIFOLD_SOLID_BREP('SK\X2\0130\X0\RT SIDE-3A_730-C-501',#761);
#812=MANIFOLD_SOLID_BREP('SK\X2\0130\X0\RT SIDE-4B_730-C-501',#762);
#813=MANIFOLD_SOLID_BREP('SK\X2\0130\X0\RT SIDE-5A_730-C-501',#763);
#814=SHAPE_DEFINITION_REPRESENTATION(#2150,#820);
#815=SHAPE_DEFINITION_REPRESENTATION(#2151,#821);
#816=SHAPE_DEFINITION_REPRESENTATION(#2152,#822);
#817=SHAPE_DEFINITION_REPRESENTATION(#2153,#823);
#818=SHAPE_DEFINITION_REPRESENTATION(#2154,#824);
#819=SHAPE_DEFINITION_REPRESENTATION(#2155,#825);
#820=SHAPE_REPRESENTATION('SK?RT SIDE-1A_730-C-501',(#826),#2120);
#821=SHAPE_REPRESENTATION('SK?RT SIDE-5B_730-C-501',(#842),#2121);
#822=SHAPE_REPRESENTATION('SK?RT SIDE-2A_730-C-501',(#853),#2122);
#823=SHAPE_REPRESENTATION('SK?RT SIDE-3A_730-C-501',(#864),#2123);
#824=SHAPE_REPRESENTATION('SK?RT SIDE-4B_730-C-501',(#876),#2124);
#825=SHAPE_REPRESENTATION('SK?RT SIDE-5A_730-C-501',(#891),#2125);
#826=AXIS2_PLACEMENT_3D('',#1118,#902,#903);
#827=AXIS2_PLACEMENT_3D('',#1119,#904,#905);
#828=AXIS2_PLACEMENT_3D('',#1120,#906,#907);
#829=AXIS2_PLACEMENT_3D('',#1125,#909,#910);
#830=AXIS2_PLACEMENT_3D('',#1128,#912,#913);
#831=AXIS2_PLACEMENT_3D('',#1134,#917,#918);
#832=AXIS2_PLACEMENT_3D('',#1135,#919,#920);
#833=AXIS2_PLACEMENT_3D('',#1137,#921,#922);
#834=AXIS2_PLACEMENT_3D('',#1140,#924,#925);
#835=AXIS2_PLACEMENT_3D('',#1143,#928,#929);
#836=AXIS2_PLACEMENT_3D('',#1347,#932,#933);
#837=AXIS2_PLACEMENT_3D('',#1550,#936,#937);
#838=AXIS2_PLACEMENT_3D('',#1553,#940,#941);
#839=AXIS2_PLACEMENT_3D('',#1555,#943,#944);
#840=AXIS2_PLACEMENT_3D('',#1557,#946,#947);
#841=AXIS2_PLACEMENT_3D('',#1558,#948,#949);
#842=AXIS2_PLACEMENT_3D('',#1559,#950,#951);
#843=AXIS2_PLACEMENT_3D('',#1560,#952,#953);
#844=AXIS2_PLACEMENT_3D('',#1561,#954,#955);
#845=AXIS2_PLACEMENT_3D('',#1566,#957,#958);
#846=AXIS2_PLACEMENT_3D('',#1569,#960,#961);
#847=AXIS2_PLACEMENT_3D('',#1575,#965,#966);
#848=AXIS2_PLACEMENT_3D('',#1576,#967,#968);
#849=AXIS2_PLACEMENT_3D('',#1578,#969,#970);
#850=AXIS2_PLACEMENT_3D('',#1581,#972,#973);
#851=AXIS2_PLACEMENT_3D('',#1584,#976,#977);
#852=AXIS2_PLACEMENT_3D('',#1585,#978,#979);
#853=AXIS2_PLACEMENT_3D('',#1586,#980,#981);
#854=AXIS2_PLACEMENT_3D('',#1587,#982,#983);
#855=AXIS2_PLACEMENT_3D('',#1588,#984,#985);
#856=AXIS2_PLACEMENT_3D('',#1593,#987,#988);
#857=AXIS2_PLACEMENT_3D('',#1596,#990,#991);
#858=AXIS2_PLACEMENT_3D('',#1602,#995,#996);
#859=AXIS2_PLACEMENT_3D('',#1603,#997,#998);
#860=AXIS2_PLACEMENT_3D('',#1605,#999,#1000);
#861=AXIS2_PLACEMENT_3D('',#1608,#1002,#1003);
#862=AXIS2_PLACEMENT_3D('',#1611,#1006,#1007);
#863=AXIS2_PLACEMENT_3D('',#1612,#1008,#1009);
#864=AXIS2_PLACEMENT_3D('',#1613,#1010,#1011);
#865=AXIS2_PLACEMENT_3D('',#1614,#1012,#1013);
#866=AXIS2_PLACEMENT_3D('',#1615,#1014,#1015);
#867=AXIS2_PLACEMENT_3D('',#1620,#1017,#1018);
#868=AXIS2_PLACEMENT_3D('',#1623,#1020,#1021);
#869=AXIS2_PLACEMENT_3D('',#1629,#1025,#1026);
#870=AXIS2_PLACEMENT_3D('',#1630,#1027,#1028);
#871=AXIS2_PLACEMENT_3D('',#1632,#1029,#1030);
#872=AXIS2_PLACEMENT_3D('',#1635,#1032,#1033);
#873=AXIS2_PLACEMENT_3D('',#1638,#1036,#1037);
#874=AXIS2_PLACEMENT_3D('',#1748,#1038,#1039);
#875=AXIS2_PLACEMENT_3D('',#1859,#1040,#1041);
#876=AXIS2_PLACEMENT_3D('',#1860,#1042,#1043);
#877=AXIS2_PLACEMENT_3D('',#1861,#1044,#1045);
#878=AXIS2_PLACEMENT_3D('',#1862,#1046,#1047);
#879=AXIS2_PLACEMENT_3D('',#1867,#1049,#1050);
#880=AXIS2_PLACEMENT_3D('',#1870,#1052,#1053);
#881=AXIS2_PLACEMENT_3D('',#1876,#1057,#1058);
#882=AXIS2_PLACEMENT_3D('',#1877,#1059,#1060);
#883=AXIS2_PLACEMENT_3D('',#1879,#1061,#1062);
#884=AXIS2_PLACEMENT_3D('',#1882,#1064,#1065);
#885=AXIS2_PLACEMENT_3D('',#1885,#1068,#1069);
#886=AXIS2_PLACEMENT_3D('',#1982,#1072,#1073);
#887=AXIS2_PLACEMENT_3D('',#2079,#1076,#1077);
#888=AXIS2_PLACEMENT_3D('',#2082,#1080,#1081);
#889=AXIS2_PLACEMENT_3D('',#2084,#1083,#1084);
#890=AXIS2_PLACEMENT_3D('',#2086,#1086,#1087);
#891=AXIS2_PLACEMENT_3D('',#2087,#1088,#1089);
#892=AXIS2_PLACEMENT_3D('',#2088,#1090,#1091);
#893=AXIS2_PLACEMENT_3D('',#2089,#1092,#1093);
#894=AXIS2_PLACEMENT_3D('',#2094,#1095,#1096);
#895=AXIS2_PLACEMENT_3D('',#2097,#1098,#1099);
#896=AXIS2_PLACEMENT_3D('',#2103,#1103,#1104);
#897=AXIS2_PLACEMENT_3D('',#2104,#1105,#1106);
#898=AXIS2_PLACEMENT_3D('',#2106,#1107,#1108);
#899=AXIS2_PLACEMENT_3D('',#2109,#1110,#1111);
#900=AXIS2_PLACEMENT_3D('',#2112,#1114,#1115);
#901=AXIS2_PLACEMENT_3D('',#2113,#1116,#1117);
#902=DIRECTION('',(0.,0.,1.));
#903=DIRECTION('',(1.,0.,0.));
#904=DIRECTION('',(0.,-1.,0.));
#905=DIRECTION('',(0.,0.,-1.));
#906=DIRECTION('',(0.,1.,0.));
#907=DIRECTION('',(0.939094252094709,0.,-0.343659694585616));
#908=DIRECTION('',(-0.939692620785908,0.,0.342020143325669));
#909=DIRECTION('',(0.,1.,0.));
#910=DIRECTION('',(0.939094252094709,0.,-0.343659694585616));
#911=DIRECTION('',(-0.939094252094709,0.,0.343659694585616));
#912=DIRECTION('',(-0.343659694585616,0.,-0.939094252094709));
#913=DIRECTION('',(-0.939094252094709,0.,0.343659694585616));
#914=DIRECTION('',(0.,-1.,0.));
#915=DIRECTION('',(0.,-1.,0.));
#916=DIRECTION('',(-0.939094252094709,0.,0.343659694585616));
#917=DIRECTION('',(0.,1.,0.));
#918=DIRECTION('',(0.,0.,1.));
#919=DIRECTION('',(0.,-1.,0.));
#920=DIRECTION('',(0.939094252094709,0.,-0.343659694585616));
#921=DIRECTION('',(0.,-1.,0.));
#922=DIRECTION('',(0.939094252094709,0.,-0.343659694585616));
#923=DIRECTION('',(-0.939692620785908,0.,0.342020143325669));
#924=DIRECTION('',(0.342020143325669,0.,0.939692620785908));
#925=DIRECTION('',(0.939692620785908,0.,-0.342020143325669));
#926=DIRECTION('',(0.,1.,0.));
#927=DIRECTION('',(0.,1.,0.));
#928=DIRECTION('',(0.,1.,0.));
#929=DIRECTION('',(-0.939393794134928,0.,0.342840049499449));
#930=DIRECTION('',(0.,1.,0.));
#931=DIRECTION('',(0.,-1.,0.));
#932=DIRECTION('',(0.,1.,0.));
#933=DIRECTION('',(-0.939393794134928,0.,0.342840049499449));
#934=DIRECTION('',(0.,-1.,0.));
#935=DIRECTION('',(0.,1.,0.));
#936=DIRECTION('',(0.,0.,1.));
#937=DIRECTION('',(-1.,-6.78245338680096E-16,0.));
#938=DIRECTION('',(0.,0.,1.));
#939=DIRECTION('',(0.,0.,1.));
#940=DIRECTION('',(-1.,0.,0.));
#941=DIRECTION('',(0.,-1.,0.));
#942=DIRECTION('',(0.,0.,1.));
#943=DIRECTION('',(0.,0.,1.));
#944=DIRECTION('',(1.,2.58379176640036E-16,0.));
#945=DIRECTION('',(0.,0.,1.));
#946=DIRECTION('',(1.,0.,0.));
#947=DIRECTION('',(0.,1.,0.));
#948=DIRECTION('',(-1.,0.,-6.12323399573677E-17));
#949=DIRECTION('',(0.,1.,0.));
#950=DIRECTION('',(0.,0.,1.));
#951=DIRECTION('',(1.,0.,0.));
#952=DIRECTION('',(0.,-1.,0.));
#953=DIRECTION('',(0.,0.,-1.));
#954=DIRECTION('',(0.,1.,0.));
#955=DIRECTION('',(0.939692620785908,0.,-0.342020143325669));
#956=DIRECTION('',(0.972775878209397,0.,0.231747903494157));
#957=DIRECTION('',(0.,1.,0.));
#958=DIRECTION('',(0.939692620785908,0.,-0.342020143325669));
#959=DIRECTION('',(-0.939692620785908,0.,0.342020143325669));
#960=DIRECTION('',(-0.342020143325669,0.,-0.939692620785908));
#961=DIRECTION('',(-0.939692620785908,0.,0.342020143325669));
#962=DIRECTION('',(0.,-1.,0.));
#963=DIRECTION('',(0.,-1.,0.));
#964=DIRECTION('',(-0.939692620785908,0.,0.342020143325669));
#965=DIRECTION('',(0.,1.,0.));
#966=DIRECTION('',(0.,0.,1.));
#967=DIRECTION('',(0.,-1.,0.));
#968=DIRECTION('',(0.939692620785908,0.,-0.342020143325669));
#969=DIRECTION('',(0.,-1.,0.));
#970=DIRECTION('',(0.939692620785908,0.,-0.342020143325669));
#971=DIRECTION('',(0.972775878209397,0.,0.231747903494157));
#972=DIRECTION('',(0.231747903494157,0.,-0.972775878209397));
#973=DIRECTION('',(-0.972775878209397,0.,-0.231747903494157));
#974=DIRECTION('',(0.,1.,0.));
#975=DIRECTION('',(0.,1.,0.));
#976=DIRECTION('',(0.,1.,0.));
#977=DIRECTION('',(0.939692620785908,0.,-0.342020143325669));
#978=DIRECTION('',(0.,1.,0.));
#979=DIRECTION('',(0.939692620785908,0.,-0.342020143325669));
#980=DIRECTION('',(0.,0.,1.));
#981=DIRECTION('',(1.,0.,0.));
#982=DIRECTION('',(-5.98423677612469E-32,-1.,-1.49168733609054E-15));
#983=DIRECTION('',(-7.86011913008984E-48,-1.49168733609054E-15,1.));
#984=DIRECTION('',(5.98423677612469E-32,1.,1.49168733609054E-15));
#985=DIRECTION('',(-0.939094252094709,-5.12632814338106E-16,0.343659694585616));
#986=DIRECTION('',(0.939692620785908,5.10187116486772E-16,-0.342020143325669));
#987=DIRECTION('',(5.98423677612469E-32,1.,1.49168733609054E-15));
#988=DIRECTION('',(-0.939094252094709,-5.12632814338106E-16,0.343659694585616));
#989=DIRECTION('',(0.939094252094709,5.12632814338106E-16,-0.343659694585616));
#990=DIRECTION('',(0.343659694585616,-1.40083500324509E-15,0.939094252094709));
#991=DIRECTION('',(0.939094252094709,5.12632814338106E-16,-0.343659694585616));
#992=DIRECTION('',(-5.98423677612469E-32,-1.,-1.49168733609054E-15));
#993=DIRECTION('',(-5.98423677612469E-32,-1.,-1.49168733609054E-15));
#994=DIRECTION('',(0.939094252094709,5.12632814338106E-16,-0.343659694585616));
#995=DIRECTION('',(5.98423677612469E-32,1.,1.49168733609054E-15));
#996=DIRECTION('',(7.86011913008984E-48,1.49168733609054E-15,-1.));
#997=DIRECTION('',(-5.98423677612469E-32,-1.,-1.49168733609054E-15));
#998=DIRECTION('',(-0.939094252094709,-5.12632814338106E-16,0.343659694585616));
#999=DIRECTION('',(-5.98423677612469E-32,-1.,-1.49168733609054E-15));
#1000=DIRECTION('',(-0.939094252094709,-5.12632814338106E-16,0.343659694585616));
#1001=DIRECTION('',(0.939692620785908,5.10187116486772E-16,-0.342020143325669));
#1002=DIRECTION('',(-0.342020143325669,1.40172758224407E-15,-0.939692620785908));
#1003=DIRECTION('',(-0.939692620785908,-5.10187116486772E-16,0.342020143325669));
#1004=DIRECTION('',(5.98423677612469E-32,1.,1.49168733609054E-15));
#1005=DIRECTION('',(5.98423677612469E-32,1.,1.49168733609054E-15));
#1006=DIRECTION('',(5.98423677612469E-32,1.,1.49168733609054E-15));
#1007=DIRECTION('',(0.939393794134928,5.11410160142982E-16,-0.342840049499449));
#1008=DIRECTION('',(5.98423677612469E-32,1.,1.49168733609054E-15));
#1009=DIRECTION('',(0.939393794134928,5.11410160142982E-16,-0.342840049499449));
#1010=DIRECTION('',(0.,0.,1.));
#1011=DIRECTION('',(1.,0.,0.));
#1012=DIRECTION('',(0.,-1.,0.));
#1013=DIRECTION('',(0.,0.,-1.));
#1014=DIRECTION('',(0.,1.,0.));
#1015=DIRECTION('',(0.939094252094709,0.,-0.343659694585616));
#1016=DIRECTION('',(-0.939692620785908,0.,0.342020143325669));
#1017=DIRECTION('',(0.,1.,0.));
#1018=DIRECTION('',(0.939094252094709,0.,-0.343659694585616));
#1019=DIRECTION('',(-0.939094252094709,0.,0.343659694585616));
#1020=DIRECTION('',(-0.343659694585616,0.,-0.939094252094709));
#1021=DIRECTION('',(-0.939094252094709,0.,0.343659694585616));
#1022=DIRECTION('',(0.,-1.,0.));
#1023=DIRECTION('',(0.,-1.,0.));
#1024=DIRECTION('',(-0.939094252094709,0.,0.343659694585616));
#1025=DIRECTION('',(0.,1.,0.));
#1026=DIRECTION('',(0.,0.,1.));
#1027=DIRECTION('',(0.,-1.,0.));
#1028=DIRECTION('',(0.939094252094709,0.,-0.343659694585616));
#1029=DIRECTION('',(0.,-1.,0.));
#1030=DIRECTION('',(0.939094252094709,0.,-0.343659694585616));
#1031=DIRECTION('',(-0.939692620785908,0.,0.342020143325669));
#1032=DIRECTION('',(0.342020143325669,0.,0.939692620785908));
#1033=DIRECTION('',(0.939692620785908,0.,-0.342020143325669));
#1034=DIRECTION('',(0.,1.,0.));
#1035=DIRECTION('',(0.,1.,0.));
#1036=DIRECTION('',(0.,1.,0.));
#1037=DIRECTION('',(-0.939393794134928,0.,0.342840049499449));
#1038=DIRECTION('',(0.,1.,0.));
#1039=DIRECTION('',(-0.939393794134928,0.,0.342840049499449));
#1040=DIRECTION('',(1.,0.,0.));
#1041=DIRECTION('',(0.,1.,0.));
#1042=DIRECTION('',(0.,0.,1.));
#1043=DIRECTION('',(1.,0.,0.));
#1044=DIRECTION('',(-1.34838454772502E-16,-1.,-1.83035210859478E-16));
#1045=DIRECTION('',(3.81942572517007E-31,-1.83035210859478E-16,1.));
#1046=DIRECTION('',(1.34838454772502E-16,1.,1.83035210859478E-16));
#1047=DIRECTION('',(-0.939692620785908,6.41049718960918E-17,0.342020143325669));
#1048=DIRECTION('',(0.940288127010419,-6.44855553415151E-17,-0.34037955021305));
#1049=DIRECTION('',(1.34838454772502E-16,1.,1.83035210859478E-16));
#1050=DIRECTION('',(-0.939692620785908,6.41049718960918E-17,0.342020143325669));
#1051=DIRECTION('',(0.939692620785908,-6.41049718960918E-17,-0.342020143325669));
#1052=DIRECTION('',(0.342020143325669,-2.18114304615747E-16,0.939692620785908));
#1053=DIRECTION('',(0.939692620785908,-6.41049718960918E-17,-0.342020143325669));
#1054=DIRECTION('',(-1.34838454772502E-16,-1.,-1.83035210859478E-16));
#1055=DIRECTION('',(-1.34838454772502E-16,-1.,-1.83035210859478E-16));
#1056=DIRECTION('',(0.939692620785908,-6.41049718960918E-17,-0.342020143325669));
#1057=DIRECTION('',(1.34838454772502E-16,1.,1.83035210859478E-16));
#1058=DIRECTION('',(-3.81942572517007E-31,1.83035210859478E-16,-1.));
#1059=DIRECTION('',(-1.34838454772502E-16,-1.,-1.83035210859478E-16));
#1060=DIRECTION('',(-0.939692620785908,6.41049718960918E-17,0.342020143325669));
#1061=DIRECTION('',(-1.34838454772502E-16,-1.,-1.83035210859478E-16));
#1062=DIRECTION('',(-0.939692620785908,6.41049718960918E-17,0.342020143325669));
#1063=DIRECTION('',(0.940288127010419,-6.44855553415151E-17,-0.34037955021305));
#1064=DIRECTION('',(-0.34037955021305,2.18002088182903E-16,-0.940288127010419));
#1065=DIRECTION('',(-0.940288127010419,6.44855553415151E-17,0.34037955021305));
#1066=DIRECTION('',(1.34838454772502E-16,1.,1.83035210859478E-16));
#1067=DIRECTION('',(1.34838454772502E-16,1.,1.83035210859478E-16));
#1068=DIRECTION('',(1.34838454772502E-16,1.,1.83035210859478E-16));
#1069=DIRECTION('',(0.93999073182008,-6.42952881006329E-17,-0.341199976688672));
#1070=DIRECTION('',(1.34838454772502E-16,1.,1.83035210859478E-16));
#1071=DIRECTION('',(-1.34838454772502E-16,-1.,-1.83035210859478E-16));
#1072=DIRECTION('',(1.34838454772502E-16,1.,1.83035210859478E-16));
#1073=DIRECTION('',(0.93999073182008,-6.42952881006329E-17,-0.341199976688672));
#1074=DIRECTION('',(-1.34838454772502E-16,-1.,-1.83035210859478E-16));
#1075=DIRECTION('',(1.34838454772502E-16,1.,1.83035210859478E-16));
#1076=DIRECTION('',(3.81942572517007E-31,-1.83035210859478E-16,1.));
#1077=DIRECTION('',(1.,-6.51596808052575E-16,-5.01207731674273E-31));
#1078=DIRECTION('',(3.81942572517007E-31,-1.83035210859478E-16,1.));
#1079=DIRECTION('',(3.81942572517007E-31,-1.83035210859478E-16,1.));
#1080=DIRECTION('',(-1.,1.34838454772502E-16,4.06622757518258E-31));
#1081=DIRECTION('',(-1.34838454772502E-16,-1.,-1.83035210859478E-16));
#1082=DIRECTION('',(3.81942572517007E-31,-1.83035210859478E-16,1.));
#1083=DIRECTION('',(3.81942572517007E-31,-1.83035210859478E-16,1.));
#1084=DIRECTION('',(-1.,3.93217631412538E-16,4.53915244596265E-31));
#1085=DIRECTION('',(3.81942572517007E-31,-1.83035210859478E-16,1.));
#1086=DIRECTION('',(1.,-1.34838454772502E-16,-4.06622757518258E-31));
#1087=DIRECTION('',(1.34838454772502E-16,1.,1.83035210859478E-16));
#1088=DIRECTION('',(0.,0.,1.));
#1089=DIRECTION('',(1.,0.,0.));
#1090=DIRECTION('',(0.,-1.,0.));
#1091=DIRECTION('',(0.,0.,-1.));
#1092=DIRECTION('',(0.,1.,0.));
#1093=DIRECTION('',(-0.973178872777088,0.,-0.230049737188104));
#1094=DIRECTION('',(-0.939692620785908,0.,0.342020143325669));
#1095=DIRECTION('',(0.,1.,0.));
#1096=DIRECTION('',(-0.973178872777088,0.,-0.230049737188104));
#1097=DIRECTION('',(0.973178872777088,0.,0.230049737188104));
#1098=DIRECTION('',(-0.230049737188104,0.,0.973178872777088));
#1099=DIRECTION('',(0.973178872777088,0.,0.230049737188104));
#1100=DIRECTION('',(0.,-1.,0.));
#1101=DIRECTION('',(0.,-1.,0.));
#1102=DIRECTION('',(0.973178872777088,0.,0.230049737188104));
#1103=DIRECTION('',(0.,1.,0.));
#1104=DIRECTION('',(0.,0.,1.));
#1105=DIRECTION('',(0.,-1.,0.));
#1106=DIRECTION('',(-0.973178872777088,0.,-0.230049737188104));
#1107=DIRECTION('',(0.,-1.,0.));
#1108=DIRECTION('',(-0.973178872777088,0.,-0.230049737188104));
#1109=DIRECTION('',(-0.939692620785908,0.,0.342020143325669));
#1110=DIRECTION('',(0.342020143325669,0.,0.939692620785908));
#1111=DIRECTION('',(0.939692620785908,0.,-0.342020143325669));
#1112=DIRECTION('',(0.,1.,0.));
#1113=DIRECTION('',(0.,1.,0.));
#1114=DIRECTION('',(0.,1.,0.));
#1115=DIRECTION('',(0.0584352225182463,0.,0.998291202389985));
#1116=DIRECTION('',(0.,1.,0.));
#1117=DIRECTION('',(0.0584352225182463,0.,0.998291202389986));
#1118=CARTESIAN_POINT('',(0.,0.,0.));
#1119=CARTESIAN_POINT('',(-1.50303007061589,1.25,0.548544079199115));
#1120=CARTESIAN_POINT('',(0.,1.25,0.));
#1121=CARTESIAN_POINT('',(1.5260281596539,1.25,-0.558447003701626));
#1122=CARTESIAN_POINT('',(1.5270005087771,1.25,-0.555782732904212));
#1123=CARTESIAN_POINT('',(1.50350819325745,1.25,-0.54723222932107));
#1124=CARTESIAN_POINT('',(1.50350819325745,1.25,-0.54723222932107));
#1125=CARTESIAN_POINT('',(0.,1.25,0.));
#1126=CARTESIAN_POINT('',(1.50255080335153,1.25,-0.549855511336986));
#1127=CARTESIAN_POINT('',(1.50255080335153,1.25,-0.549855511336986));
#1128=CARTESIAN_POINT('',(1.50255080335153,0.,-0.549855511336986));
#1129=CARTESIAN_POINT('',(1.5260281596539,0.,-0.558447003701626));
#1130=CARTESIAN_POINT('',(1.5260281596539,-1.25,-0.558447003701626));
#1131=CARTESIAN_POINT('',(1.50255080335153,0.,-0.549855511336986));
#1132=CARTESIAN_POINT('',(1.50255080335153,-1.25,-0.549855511336986));
#1133=CARTESIAN_POINT('',(1.50255080335153,-1.25,-0.549855511336986));
#1134=CARTESIAN_POINT('',(-1.50303007061589,-1.25,0.548544079199115));
#1135=CARTESIAN_POINT('',(0.,-1.25,0.));
#1136=CARTESIAN_POINT('',(1.5270005087771,-1.25,-0.555782732904212));
#1137=CARTESIAN_POINT('',(0.,-1.25,0.));
#1138=CARTESIAN_POINT('',(1.50350819325745,-1.25,-0.54723222932107));
#1139=CARTESIAN_POINT('',(1.50350819325745,-1.25,-0.54723222932107));
#1140=CARTESIAN_POINT('',(1.50350819325745,0.,-0.54723222932107));
#1141=CARTESIAN_POINT('',(1.5270005087771,0.,-0.555782732904212));
#1142=CARTESIAN_POINT('',(1.50350819325745,0.,-0.54723222932107));
#1143=CARTESIAN_POINT('',(0.,0.,0.));
#1144=CARTESIAN_POINT('',(-0.275,0.,1.6015617378047));
#1145=CARTESIAN_POINT('',(-0.275,-0.0400000000000005,1.6015617378047));
#1146=CARTESIAN_POINT('',(-0.275,0.41,1.6015617378047));
#1147=CARTESIAN_POINT('',(-0.275,0.41,1.60156173780469));
#1148=CARTESIAN_POINT('',(-0.275,0.419100332067414,1.6015617378047));
#1149=CARTESIAN_POINT('',(-0.274099497435299,0.437143145538094,1.60171674706092));
#1150=CARTESIAN_POINT('',(-0.270138829797746,0.463762960022964,1.60239164577037));
#1151=CARTESIAN_POINT('',(-0.26469049085768,0.485548360522892,1.60330184873462));
#1152=CARTESIAN_POINT('',(-0.258988291750555,0.502800710715933,1.60423106183801));
#1153=CARTESIAN_POINT('',(-0.2524664726124,0.519671514413396,1.60527452847698));
#1154=CARTESIAN_POINT('',(-0.24286749923073,0.539924052477113,1.60676531344087));
#1155=CARTESIAN_POINT('',(-0.231357903770253,0.559128664152652,1.60846003120605));
#1156=CARTESIAN_POINT('',(-0.221003524438186,0.573840992310808,1.60990827231121));
#1157=CARTESIAN_POINT('',(-0.209834964804961,0.588151533925369,1.61141308981038));
#1158=CARTESIAN_POINT('',(-0.194744301670263,0.604780517523852,1.61332622087881));
#1159=CARTESIAN_POINT('',(-0.174877816705146,0.622796449516628,1.61560742962062));
#1160=CARTESIAN_POINT('',(-0.156866076829862,0.636189666286833,1.61744216135687));
#1161=CARTESIAN_POINT('',(-0.14152671320277,0.645916832083476,1.6188393368288));
#1162=CARTESIAN_POINT('',(-0.125858062206731,0.654797523978263,1.62015260013478));
#1163=CARTESIAN_POINT('',(-0.105615779828451,0.664382380226588,1.62162766134245));
#1164=CARTESIAN_POINT('',(-0.0845200340878291,0.67196018999317,1.62284073087049));
#1165=CARTESIAN_POINT('',(-0.0671180196000438,0.676799708036656,1.62363126708071));
#1166=CARTESIAN_POINT('',(-0.0493593415856187,0.680800527942328,1.6242928636524));
#1167=CARTESIAN_POINT('',(-0.0271153143812644,0.684099374995175,1.62484727960024));
#1168=CARTESIAN_POINT('',(-0.00471630701417734,0.685216366535734,1.62503666485015));
#1169=CARTESIAN_POINT('',(0.0132751236764227,0.684790419090625,1.62496450569421));
#1170=CARTESIAN_POINT('',(0.0268196007833876,0.683802364514354,1.62479758505825));
#1171=CARTESIAN_POINT('',(0.0403681583001697,0.682134164658936,1.62451707445565));
#1172=CARTESIAN_POINT('',(0.0581258787431101,0.679049935306594,1.62400217734758));
#1173=CARTESIAN_POINT('',(0.0798843839290758,0.673597058069829,1.62310327351351));
#1174=CARTESIAN_POINT('',(0.105238756394719,0.664549927533212,1.621653735362));
#1175=CARTESIAN_POINT('',(0.129922163669965,0.652880193583696,1.61985730701281));
#1176=CARTESIAN_POINT('',(0.152976491041947,0.639046310290092,1.61783495573147));
#1177=CARTESIAN_POINT('',(0.170958331568232,0.625728728900407,1.61600820599064));
#1178=CARTESIAN_POINT('',(0.184572796730752,0.614007394345361,1.61449432629353));
#1179=CARTESIAN_POINT('',(0.194428216176502,0.60463877490675,1.61333627862881));
#1180=CARTESIAN_POINT('',(0.203766383125658,0.594837450079293,1.61218238919615));
#1181=CARTESIAN_POINT('',(0.215488500742923,0.581260258690178,1.61066699775143));
#1182=CARTESIAN_POINT('',(0.228821831742599,0.563312852336181,1.60883223171285));
#1183=CARTESIAN_POINT('',(0.240384968325914,0.544102883404117,1.60713159573846));
#1184=CARTESIAN_POINT('',(0.248573692380765,0.527889314513541,1.60587911802933));
#1185=CARTESIAN_POINT('',(0.25590513573987,0.511387018891083,1.60473036030432));
#1186=CARTESIAN_POINT('',(0.26347546292073,0.490287001049785,1.60350436752831));
#1187=CARTESIAN_POINT('',(0.268959198725089,0.468545332935171,1.60258886969246));
#1188=CARTESIAN_POINT('',(0.272073940309543,0.450773587902837,1.60206185137895));
#1189=CARTESIAN_POINT('',(0.274325144722741,0.432708420313624,1.6016779483373));
#1190=CARTESIAN_POINT('',(0.275,0.419100340821323,1.60156173780469));
#1191=CARTESIAN_POINT('',(0.275,0.41,1.60156173780469));
#1192=CARTESIAN_POINT('',(0.275,0.41,1.6015617378047));
#1193=CARTESIAN_POINT('',(0.275,0.,1.6015617378047));
#1194=CARTESIAN_POINT('',(0.275,-0.04,1.6015617378047));
#1195=CARTESIAN_POINT('',(0.275,-0.04,1.60156173780469));
#1196=CARTESIAN_POINT('',(0.275,-0.0491003320674143,1.60156173780469));
#1197=CARTESIAN_POINT('',(0.274099497435299,-0.0671431455380938,1.60171674706092));
#1198=CARTESIAN_POINT('',(0.270138829797746,-0.0937629600229638,1.60239164577037));
#1199=CARTESIAN_POINT('',(0.26469049085768,-0.115548360522892,1.60330184873462));
#1200=CARTESIAN_POINT('',(0.258988291750556,-0.132800710715933,1.60423106183801));
#1201=CARTESIAN_POINT('',(0.2524664726124,-0.149671514413396,1.60527452847698));
#1202=CARTESIAN_POINT('',(0.24286749923073,-0.169924052477114,1.60676531344087));
#1203=CARTESIAN_POINT('',(0.231357903770253,-0.189128664152651,1.60846003120605));
#1204=CARTESIAN_POINT('',(0.221003524438186,-0.203840992310808,1.60990827231121));
#1205=CARTESIAN_POINT('',(0.209834964804961,-0.218151533925369,1.61141308981038));
#1206=CARTESIAN_POINT('',(0.194744301670263,-0.234780517523852,1.61332622087881));
#1207=CARTESIAN_POINT('',(0.174877816705147,-0.252796449516628,1.61560742962062));
#1208=CARTESIAN_POINT('',(0.156866076829862,-0.266189666286832,1.61744216135687));
#1209=CARTESIAN_POINT('',(0.14152671320277,-0.275916832083476,1.6188393368288));
#1210=CARTESIAN_POINT('',(0.125858062206731,-0.284797523978263,1.62015260013477));
#1211=CARTESIAN_POINT('',(0.105615779828451,-0.294382380226588,1.62162766134245));
#1212=CARTESIAN_POINT('',(0.0845200340878295,-0.30196018999317,1.62284073087049));
#1213=CARTESIAN_POINT('',(0.0671180196000439,-0.306799708036656,1.62363126708071));
#1214=CARTESIAN_POINT('',(0.0493593415856193,-0.310800527942329,1.6242928636524));
#1215=CARTESIAN_POINT('',(0.0271153143812646,-0.314099374995174,1.62484727960024));
#1216=CARTESIAN_POINT('',(0.0047163070141779,-0.315216366535734,1.62503666485015));
#1217=CARTESIAN_POINT('',(-0.0132751236764223,-0.314790419090625,1.62496450569421));
#1218=CARTESIAN_POINT('',(-0.0268196007833872,-0.313802364514353,1.62479758505825));
#1219=CARTESIAN_POINT('',(-0.0403681583001692,-0.312134164658936,1.62451707445565));
#1220=CARTESIAN_POINT('',(-0.0581258787431098,-0.309049935306594,1.62400217734758));
#1221=CARTESIAN_POINT('',(-0.0798843839290751,-0.303597058069829,1.62310327351351));
#1222=CARTESIAN_POINT('',(-0.105238756394718,-0.294549927533212,1.621653735362));
#1223=CARTESIAN_POINT('',(-0.129922163669965,-0.282880193583696,1.61985730701281));
#1224=CARTESIAN_POINT('',(-0.152976491041947,-0.269046310290092,1.61783495573147));
#1225=CARTESIAN_POINT('',(-0.170958331568231,-0.255728728900407,1.61600820599064));
#1226=CARTESIAN_POINT('',(-0.184572796730752,-0.244007394345362,1.61449432629353));
#1227=CARTESIAN_POINT('',(-0.194428216176501,-0.234638774906751,1.61333627862881));
#1228=CARTESIAN_POINT('',(-0.203766383125658,-0.224837450079294,1.61218238919615));
#1229=CARTESIAN_POINT('',(-0.215488500742922,-0.211260258690178,1.61066699775143));
#1230=CARTESIAN_POINT('',(-0.228821831742598,-0.193312852336182,1.60883223171285));
#1231=CARTESIAN_POINT('',(-0.240384968325914,-0.174102883404118,1.60713159573846));
#1232=CARTESIAN_POINT('',(-0.248573692380765,-0.157889314513541,1.60587911802933));
#1233=CARTESIAN_POINT('',(-0.25590513573987,-0.141387018891083,1.60473036030433));
#1234=CARTESIAN_POINT('',(-0.26347546292073,-0.120287001049786,1.60350436752831));
#1235=CARTESIAN_POINT('',(-0.268959198725089,-0.0985453329351715,1.60258886969246));
#1236=CARTESIAN_POINT('',(-0.272073940309543,-0.0807735879028377,1.60206185137895));
#1237=CARTESIAN_POINT('',(-0.274325144722741,-0.0627084203136247,1.6016779483373));
#1238=CARTESIAN_POINT('',(-0.275,-0.0491003408213234,1.60156173780469));
#1239=CARTESIAN_POINT('',(-0.275,-0.0400000000000005,1.60156173780469));
#1240=CARTESIAN_POINT('',(-1.59119586268352,-0.268645932426652,0.329728600109991));
#1241=CARTESIAN_POINT('',(-1.59111136016364,-0.284999182119296,0.330135710743815));
#1242=CARTESIAN_POINT('',(-1.59119586925476,-0.301357339096164,0.329728556914748));
#1243=CARTESIAN_POINT('',(-1.59152798655475,-0.322929561813837,0.328123886177025));
#1244=CARTESIAN_POINT('',(-1.59234462276757,-0.349576983080632,0.324155323283456));
#1245=CARTESIAN_POINT('',(-1.59366549697012,-0.375735832271976,0.317606855688743));
#1246=CARTESIAN_POINT('',(-1.5950133858429,-0.396451061885089,0.310753700018434));
#1247=CARTESIAN_POINT('',(-1.59652539207697,-0.416692579880958,0.302922009611885));
#1248=CARTESIAN_POINT('',(-1.59825294073683,-0.436133995333656,0.293700552937057));
#1249=CARTESIAN_POINT('',(-1.60015609644845,-0.454816167688188,0.283106176815436));
#1250=CARTESIAN_POINT('',(-1.60166104063424,-0.468445800775144,0.274471264277697));
#1251=CARTESIAN_POINT('',(-1.60323227233634,-0.481684798443286,0.265148112222008));
#1252=CARTESIAN_POINT('',(-1.60540716679668,-0.498845401421324,0.251747409096704));
#1253=CARTESIAN_POINT('',(-1.60816882277757,-0.518773903091938,0.233653914010433));
#1254=CARTESIAN_POINT('',(-1.61091262344589,-0.536778440986239,0.213797633852853));
#1255=CARTESIAN_POINT('',(-1.61305026621693,-0.550021250450496,0.196852003575427));
#1256=CARTESIAN_POINT('',(-1.61461317199235,-0.55936705585742,0.183606369143486));
#1257=CARTESIAN_POINT('',(-1.61612418319654,-0.56811666154744,0.169804009588326));
#1258=CARTESIAN_POINT('',(-1.61754343418097,-0.576102096490064,0.155712827065906));
#1259=CARTESIAN_POINT('',(-1.61886727352601,-0.583364820749862,0.14129787579086));
#1260=CARTESIAN_POINT('',(-1.62008605564634,-0.58990337321418,0.126571863436947));
#1261=CARTESIAN_POINT('',(-1.62119187504662,-0.59572114174942,0.111531461199545));
#1262=CARTESIAN_POINT('',(-1.62217618869222,-0.6008127817441,0.096176232896701));
#1263=CARTESIAN_POINT('',(-1.62303093400123,-0.605171063364881,0.0804966802173931));
#1264=CARTESIAN_POINT('',(-1.62398404235893,-0.609972552565596,0.059171382648028));
#1265=CARTESIAN_POINT('',(-1.62462542134831,-0.613152649745162,0.0377020236964405));
#1266=CARTESIAN_POINT('',(-1.62494821647898,-0.614745219458327,0.0160356903717243));
#1267=CARTESIAN_POINT('',(-1.62502753439935,-0.615135484214182,-0.000341641316172267));
#1268=CARTESIAN_POINT('',(-1.6249414366697,-0.614711813267605,-0.0166891378809705));
#1269=CARTESIAN_POINT('',(-1.62461184273263,-0.613085601492508,-0.0382597062956909));
#1270=CARTESIAN_POINT('',(-1.62380648592258,-0.609090519963267,-0.064901260789454));
#1271=CARTESIAN_POINT('',(-1.62250526727894,-0.602515207616526,-0.0910565687862525));
#1272=CARTESIAN_POINT('',(-1.62117619855653,-0.595639832862459,-0.111767922423488));
#1273=CARTESIAN_POINT('',(-1.62005739262486,-0.58975142207736,-0.126941520702487));
#1274=CARTESIAN_POINT('',(-1.61883107381875,-0.583168550767261,-0.141712156281476));
#1275=CARTESIAN_POINT('',(-1.61750599494811,-0.575894016198352,-0.156099764913328));
#1276=CARTESIAN_POINT('',(-1.61609227469803,-0.567933763183113,-0.170103158417567));
#1277=CARTESIAN_POINT('',(-1.61459925930663,-0.559284269839207,-0.183725377968723));
#1278=CARTESIAN_POINT('',(-1.61303775409598,-0.549946073750108,-0.196956919382778));
#1279=CARTESIAN_POINT('',(-1.61087275658002,-0.53652729410445,-0.214104217998199));
#1280=CARTESIAN_POINT('',(-1.60811655541155,-0.518415829614826,-0.234011492605717));
#1281=CARTESIAN_POINT('',(-1.60536753857225,-0.498541451880112,-0.251995745438682));
#1282=CARTESIAN_POINT('',(-1.60322001304273,-0.481582539717908,-0.2652212097956));
#1283=CARTESIAN_POINT('',(-1.60164696496825,-0.468326160084716,-0.274554364943131));
#1284=CARTESIAN_POINT('',(-1.6001239361834,-0.45451692014268,-0.283288576961988));
#1285=CARTESIAN_POINT('',(-1.59869122973319,-0.440420956939391,-0.291257974142338));
#1286=CARTESIAN_POINT('',(-1.59735279883894,-0.426000919053529,-0.298505233895879));
#1287=CARTESIAN_POINT('',(-1.5961189601401,-0.411270087819453,-0.305028449058794));
#1288=CARTESIAN_POINT('',(-1.59499820051335,-0.396224692719125,-0.310831072585115));
#1289=CARTESIAN_POINT('',(-1.59399973486429,-0.380864923145218,-0.315907417843469));
#1290=CARTESIAN_POINT('',(-1.59313206698742,-0.365178630892404,-0.320250978866983));
#1291=CARTESIAN_POINT('',(-1.59216504166257,-0.343853890747625,-0.325029325574587));
#1292=CARTESIAN_POINT('',(-1.59135604713236,-0.317147744489369,-0.328958372564968));
#1293=CARTESIAN_POINT('',(-1.59108403403152,-0.29024038982845,-0.33026720019063));
#1294=CARTESIAN_POINT('',(-1.59119614306149,-0.268625846676005,-0.329727232798203));
#1295=CARTESIAN_POINT('',(-1.59144678599837,-0.2523421573565,-0.328516351283395));
#1296=CARTESIAN_POINT('',(-1.59186406016862,-0.236082935668128,-0.326490169033074));
#1297=CARTESIAN_POINT('',(-1.59262698826671,-0.214771100567496,-0.322756540660682));
#1298=CARTESIAN_POINT('',(-1.59395447971746,-0.188654661014268,-0.316170930160531));
#1299=CARTESIAN_POINT('',(-1.59573239914968,-0.163300359319115,-0.307075718218574));
#1300=CARTESIAN_POINT('',(-1.59740521400497,-0.143400228904307,-0.298225653759597));
#1301=CARTESIAN_POINT('',(-1.59921133490697,-0.124032462378222,-0.288433908173059));
#1302=CARTESIAN_POINT('',(-1.60117758380851,-0.105611126144552,-0.277345963863181));
#1303=CARTESIAN_POINT('',(-1.60326173064377,-0.0880785060383772,-0.264968761246608));
#1304=CARTESIAN_POINT('',(-1.60487250592584,-0.0753773940173087,-0.255039296664351));
#1305=CARTESIAN_POINT('',(-1.60651844100774,-0.0631352995025941,-0.244467300266994));
#1306=CARTESIAN_POINT('',(-1.60819366772548,-0.0513227002339386,-0.233202433192917));
#1307=CARTESIAN_POINT('',(-1.60985486723735,-0.040161496492307,-0.221452131783253));
#1308=CARTESIAN_POINT('',(-1.61203505970036,-0.0261325719557916,-0.205157121822356));
#1309=CARTESIAN_POINT('',(-1.61466792107461,-0.010171626763723,-0.18361358226193));
#1310=CARTESIAN_POINT('',(-1.61710264726112,0.00368542461716297,-0.160523709083436));
#1311=CARTESIAN_POINT('',(-1.61889018735536,0.0134896801324087,-0.141041571068417));
#1312=CARTESIAN_POINT('',(-1.62011515281384,0.0200579525238774,-0.126201615467131));
#1313=CARTESIAN_POINT('',(-1.62122015020255,0.0258685105406063,-0.111119885199508));
#1314=CARTESIAN_POINT('',(-1.62219804862901,0.0309248341488082,-0.0958027020615961));
#1315=CARTESIAN_POINT('',(-1.62304256436451,0.0352297312946909,-0.0802492720713548));
#1316=CARTESIAN_POINT('',(-1.62374709460084,0.0387789410262838,-0.0644573580523267));
#1317=CARTESIAN_POINT('',(-1.62430516889829,0.0415641092612061,-0.0484275535279727));
#1318=CARTESIAN_POINT('',(-1.62484399748163,0.0442339810590226,-0.0267111494067173));
#1319=CARTESIAN_POINT('',(-1.62510711787306,0.0455260570349137,0.000286697944586233));
#1320=CARTESIAN_POINT('',(-1.62483453793749,0.0441873014338486,0.0271938614347458));
#1321=CARTESIAN_POINT('',(-1.62429834177851,0.0415301230991186,0.048642009302766));
#1322=CARTESIAN_POINT('',(-1.62373774978138,0.0387322041961466,0.0647058164087516));
#1323=CARTESIAN_POINT('',(-1.62302126112621,0.035121983792425,0.0806887110226281));
#1324=CARTESIAN_POINT('',(-1.62216774902935,0.03076939750769,0.0963163318186251));
#1325=CARTESIAN_POINT('',(-1.62118319110321,0.0256759482300272,0.111657861656182));
#1326=CARTESIAN_POINT('',(-1.61970682255567,0.0179069873771106,0.131715459131858));
#1327=CARTESIAN_POINT('',(-1.61757664024414,0.00638507579028095,0.156039948281372));
#1328=CARTESIAN_POINT('',(-1.61461503273671,-0.0104775022798931,0.184092885606125));
#1329=CARTESIAN_POINT('',(-1.61197396639949,-0.026513314845378,0.20563348257764));
#1330=CARTESIAN_POINT('',(-1.60979789654024,-0.0405364855555549,0.221865041332595));
#1331=CARTESIAN_POINT('',(-1.60814611938168,-0.051651945586821,0.23352776141657));
#1332=CARTESIAN_POINT('',(-1.60648758407203,-0.0633588692649883,0.244669667973775));
#1333=CARTESIAN_POINT('',(-1.60482788565697,-0.0757164075492916,0.255321263932424));
#1334=CARTESIAN_POINT('',(-1.60320748503329,-0.0885192204093814,0.265296944441922));
#1335=CARTESIAN_POINT('',(-1.60112042635856,-0.106119192970588,0.277675545097606));
#1336=CARTESIAN_POINT('',(-1.59867227013096,-0.129135520360665,0.291463513614862));
#1337=CARTESIAN_POINT('',(-1.59651172546692,-0.153464778669253,0.302994486276555));
#1338=CARTESIAN_POINT('',(-1.59499415381323,-0.173824621539454,0.310852262072883));
#1339=CARTESIAN_POINT('',(-1.5939919224652,-0.189265475292263,0.315946730116145));
#1340=CARTESIAN_POINT('',(-1.59313139697038,-0.204849151619017,0.320254082071375));
#1341=CARTESIAN_POINT('',(-1.59217880543856,-0.225823748193813,0.324961561498207));
#1342=CARTESIAN_POINT('',(-1.5915276097068,-0.247094442121065,0.328125640523391));
#1343=CARTESIAN_POINT('',(-1.59119586268352,-0.268645932426652,0.329728600109991));
#1344=CARTESIAN_POINT('',(-1.59111136016364,-0.284999182119296,0.330135710743815));
#1345=CARTESIAN_POINT('',(-1.59119586925476,-0.301357339096164,0.329728556914748));
#1346=CARTESIAN_POINT('',(-1.59113952876547,-0.285,0.33));
#1347=CARTESIAN_POINT('',(0.,0.,0.));
#1348=CARTESIAN_POINT('',(-0.275,0.,1.57619002661481));
#1349=CARTESIAN_POINT('',(-0.275,0.41,1.57619002661481));
#1350=CARTESIAN_POINT('',(-0.275,-0.0400000000000005,1.57619002661481));
#1351=CARTESIAN_POINT('',(-0.275,-0.0400000000000005,1.57619002661481));
#1352=CARTESIAN_POINT('',(-0.275,-0.0491008829552702,1.57619002661481));
#1353=CARTESIAN_POINT('',(-0.274099389569543,-0.0671446800742752,1.57634755031073));
#1354=CARTESIAN_POINT('',(-0.270138327749312,-0.0937656549825397,1.57703337548487));
#1355=CARTESIAN_POINT('',(-0.264689538108511,-0.115551773019808,1.57795828073433));
#1356=CARTESIAN_POINT('',(-0.258986901057989,-0.132804595234249,1.57890247536155));
#1357=CARTESIAN_POINT('',(-0.252464952410921,-0.14967498607553,1.57996268835513));
#1358=CARTESIAN_POINT('',(-0.242865824110946,-0.169927150025405,1.58147735552878));
#1359=CARTESIAN_POINT('',(-0.231356291083968,-0.189131150462926,1.58319911788171));
#1360=CARTESIAN_POINT('',(-0.221001907024325,-0.203843165808329,1.58467043039837));
#1361=CARTESIAN_POINT('',(-0.209833745103216,-0.218152914720298,1.58619913107139));
#1362=CARTESIAN_POINT('',(-0.1947444623412,-0.234780249929087,1.58814245809355));
#1363=CARTESIAN_POINT('',(-0.174879163519756,-0.252795315715823,1.59045966329503));
#1364=CARTESIAN_POINT('',(-0.156867741984093,-0.266188496925658,1.59232334823599));
#1365=CARTESIAN_POINT('',(-0.141529042568382,-0.275915418438164,1.59374249610803));
#1366=CARTESIAN_POINT('',(-0.125861566260414,-0.284795687924406,1.59507635360476));
#1367=CARTESIAN_POINT('',(-0.105619928203449,-0.294380648791793,1.59657458824083));
#1368=CARTESIAN_POINT('',(-0.0845241711858638,-0.301958880960903,1.59780673404066));
#1369=CARTESIAN_POINT('',(-0.0671212271395195,-0.306798912677188,1.5986097301981));
#1370=CARTESIAN_POINT('',(-0.0493621144339037,-0.310800030964086,1.59928172690854));
#1371=CARTESIAN_POINT('',(-0.0271176975212163,-0.314099171803805,1.59984485866572));
#1372=CARTESIAN_POINT('',(-0.0047174628716948,-0.315216376645121,1.60003723944222));
#1373=CARTESIAN_POINT('',(0.0132751335422785,-0.314790439560338,1.59996395462564));
#1374=CARTESIAN_POINT('',(0.0268210109765808,-0.313802241633927,1.59979440101163));
#1375=CARTESIAN_POINT('',(0.0403698534850768,-0.312133915836967,1.59950948441732));
#1376=CARTESIAN_POINT('',(0.0581279442371421,-0.309049499949934,1.59898650453453));
#1377=CARTESIAN_POINT('',(0.0798869325561417,-0.303596328845627,1.59807348561371));
#1378=CARTESIAN_POINT('',(0.105242624759309,-0.294548362397007,1.59660109709215));
#1379=CARTESIAN_POINT('',(0.129925539195316,-0.2828783309472,1.59477642078213));
#1380=CARTESIAN_POINT('',(0.152978117081317,-0.269045170302652,1.59272234706035));
#1381=CARTESIAN_POINT('',(0.170959515089849,-0.255727783090675,1.59086679095743));
#1382=CARTESIAN_POINT('',(0.184573872645687,-0.24400643104505,1.58932896158734));
#1383=CARTESIAN_POINT('',(0.194429394017107,-0.234637571605463,1.58815254266626));
#1384=CARTESIAN_POINT('',(0.203765937301393,-0.224837891274582,1.58698054274325));
#1385=CARTESIAN_POINT('',(0.215487120375315,-0.211261938218804,1.58544119972906));
#1386=CARTESIAN_POINT('',(0.228819808244848,-0.193315824558519,1.58357731834816));
#1387=CARTESIAN_POINT('',(0.240383408574858,-0.174105736861152,1.5818494693994));
#1388=CARTESIAN_POINT('',(0.248572526135611,-0.157891747368349,1.58057689771252));
#1389=CARTESIAN_POINT('',(0.255903384275245,-0.141391301503251,1.57940983917776));
#1390=CARTESIAN_POINT('',(0.263474054796687,-0.120291675134167,1.57816412988063));
#1391=CARTESIAN_POINT('',(0.268958349822522,-0.0985494242551345,1.57723382794548));
#1392=CARTESIAN_POINT('',(0.272073611825835,-0.0807759504433275,1.57669824511297));
#1393=CARTESIAN_POINT('',(0.274325113590782,-0.0627091864833445,1.57630811359879));
#1394=CARTESIAN_POINT('',(0.275,-0.0491008947507711,1.57619002661481));
#1395=CARTESIAN_POINT('',(0.275,-0.04,1.57619002661481));
#1396=CARTESIAN_POINT('',(0.275,-0.04,1.57619002661481));
#1397=CARTESIAN_POINT('',(0.275,0.,1.57619002661481));
#1398=CARTESIAN_POINT('',(0.275,0.41,1.57619002661481));
#1399=CARTESIAN_POINT('',(0.275,0.41,1.57619002661481));
#1400=CARTESIAN_POINT('',(0.275,0.41910088295527,1.57619002661481));
#1401=CARTESIAN_POINT('',(0.274099389569543,0.437144680074275,1.57634755031073));
#1402=CARTESIAN_POINT('',(0.270138327749312,0.463765654982539,1.57703337548487));
#1403=CARTESIAN_POINT('',(0.264689538108511,0.485551773019808,1.57795828073433));
#1404=CARTESIAN_POINT('',(0.258986901057989,0.502804595234248,1.57890247536155));
#1405=CARTESIAN_POINT('',(0.252464952410921,0.51967498607553,1.57996268835513));
#1406=CARTESIAN_POINT('',(0.242865824110946,0.539927150025404,1.58147735552878));
#1407=CARTESIAN_POINT('',(0.231356291083969,0.559131150462926,1.58319911788171));
#1408=CARTESIAN_POINT('',(0.221001907024325,0.573843165808329,1.58467043039837));
#1409=CARTESIAN_POINT('',(0.209833745103216,0.588152914720298,1.58619913107139));
#1410=CARTESIAN_POINT('',(0.194744462341201,0.604780249929087,1.58814245809356));
#1411=CARTESIAN_POINT('',(0.174879163519756,0.622795315715822,1.59045966329503));
#1412=CARTESIAN_POINT('',(0.156867741984094,0.636188496925658,1.59232334823599));
#1413=CARTESIAN_POINT('',(0.141529042568383,0.645915418438164,1.59374249610803));
#1414=CARTESIAN_POINT('',(0.125861566260414,0.654795687924406,1.59507635360476));
#1415=CARTESIAN_POINT('',(0.10561992820345,0.664380648791792,1.59657458824083));
#1416=CARTESIAN_POINT('',(0.0845241711858642,0.671958880960903,1.59780673404066));
#1417=CARTESIAN_POINT('',(0.0671212271395201,0.676798912677188,1.5986097301981));
#1418=CARTESIAN_POINT('',(0.0493621144339038,0.680800030964086,1.59928172690854));
#1419=CARTESIAN_POINT('',(0.0271176975212175,0.684099171803806,1.59984485866572));
#1420=CARTESIAN_POINT('',(0.00471746287169524,0.685216376645121,1.60003723944222));
#1421=CARTESIAN_POINT('',(-0.013275133542278,0.684790439560339,1.59996395462564));
#1422=CARTESIAN_POINT('',(-0.0268210109765802,0.683802241633926,1.59979440101163));
#1423=CARTESIAN_POINT('',(-0.0403698534850765,0.682133915836967,1.59950948441732));
#1424=CARTESIAN_POINT('',(-0.0581279442371418,0.679049499949934,1.59898650453453));
#1425=CARTESIAN_POINT('',(-0.0798869325561411,0.673596328845627,1.59807348561371));
#1426=CARTESIAN_POINT('',(-0.105242624759309,0.664548362397007,1.59660109709215));
#1427=CARTESIAN_POINT('',(-0.129925539195316,0.6528783309472,1.59477642078213));
#1428=CARTESIAN_POINT('',(-0.152978117081316,0.639045170302652,1.59272234706035));
#1429=CARTESIAN_POINT('',(-0.17095951508985,0.625727783090675,1.59086679095743));
#1430=CARTESIAN_POINT('',(-0.184573872645687,0.61400643104505,1.58932896158734));
#1431=CARTESIAN_POINT('',(-0.194429394017108,0.604637571605463,1.58815254266626));
#1432=CARTESIAN_POINT('',(-0.203765937301393,0.594837891274582,1.58698054274325));
#1433=CARTESIAN_POINT('',(-0.215487120375315,0.581261938218804,1.58544119972906));
#1434=CARTESIAN_POINT('',(-0.228819808244848,0.563315824558519,1.58357731834816));
#1435=CARTESIAN_POINT('',(-0.240383408574858,0.544105736861152,1.5818494693994));
#1436=CARTESIAN_POINT('',(-0.248572526135612,0.527891747368349,1.58057689771252));
#1437=CARTESIAN_POINT('',(-0.255903384275244,0.511391301503251,1.57940983917776));
#1438=CARTESIAN_POINT('',(-0.263474054796687,0.490291675134166,1.57816412988063));
#1439=CARTESIAN_POINT('',(-0.268958349822522,0.468549424255136,1.57723382794548));
#1440=CARTESIAN_POINT('',(-0.272073611825835,0.450775950443327,1.57669824511297));
#1441=CARTESIAN_POINT('',(-0.274325113590782,0.432709186483344,1.57630811359879));
#1442=CARTESIAN_POINT('',(-0.275,0.419100894750771,1.57619002661481));
#1443=CARTESIAN_POINT('',(-0.275,0.41,1.57619002661481));
#1444=CARTESIAN_POINT('',(-1.56565616728701,-0.301372111425089,0.329728670979554));
#1445=CARTESIAN_POINT('',(-1.56557030050555,-0.284996249524101,0.330135699548718));
#1446=CARTESIAN_POINT('',(-1.56565619226242,-0.268642890478506,0.329728530825575));
#1447=CARTESIAN_POINT('',(-1.56599376475895,-0.247067729243225,0.328123677438541));
#1448=CARTESIAN_POINT('',(-1.56682378830332,-0.220420249024458,0.324154757916489));
#1449=CARTESIAN_POINT('',(-1.56816624969202,-0.194260527489415,0.317605841141328));
#1450=CARTESIAN_POINT('',(-1.56953610226217,-0.173545090243469,0.310752312481137));
#1451=CARTESIAN_POINT('',(-1.57107259586274,-0.153304694189194,0.302920787251567));
#1452=CARTESIAN_POINT('',(-1.57282804614769,-0.133864236553295,0.2936996088242));
#1453=CARTESIAN_POINT('',(-1.57476182149616,-0.115183155677894,0.283105751227906));
#1454=CARTESIAN_POINT('',(-1.57629091770217,-0.101554371504471,0.274471364005433));
#1455=CARTESIAN_POINT('',(-1.57788733693255,-0.088315979856794,0.265148667460985));
#1456=CARTESIAN_POINT('',(-1.58009688993738,-0.0711571451522476,0.251749461524689));
#1457=CARTESIAN_POINT('',(-1.5829022654167,-0.0512315229950399,0.233659143754877));
#1458=CARTESIAN_POINT('',(-1.58568951125538,-0.0332281633309142,0.213805330353513));
#1459=CARTESIAN_POINT('',(-1.58786096003112,-0.0199858434937776,0.19686153071423));
#1460=CARTESIAN_POINT('',(-1.58944862022447,-0.0106398766341517,0.183616700742867));
#1461=CARTESIAN_POINT('',(-1.59098343567156,-0.00189059388143034,0.169816042547774));
#1462=CARTESIAN_POINT('',(-1.59242500419503,0.00609456025539134,0.155726860290414));
#1463=CARTESIAN_POINT('',(-1.59376970465266,0.0133574580455758,0.141313383174901));
#1464=CARTESIAN_POINT('',(-1.59500771734474,0.0198964511621996,0.126588509513043));
#1465=CARTESIAN_POINT('',(-1.59613102664904,0.0257149453112966,0.111548726054771));
#1466=CARTESIAN_POINT('',(-1.59713092333466,0.0308073900793242,0.0961938840472584));
#1467=CARTESIAN_POINT('',(-1.59799932231892,0.0351670260756153,0.0805132412744177));
#1468=CARTESIAN_POINT('',(-1.59896730245097,0.0399683398490193,0.0591903665768009));
#1469=CARTESIAN_POINT('',(-1.59977793059337,0.0439254473316996,0.032484048242614));
#1470=CARTESIAN_POINT('',(-1.60005405553647,0.0452617437867011,0.00557616267311163));
#1471=CARTESIAN_POINT('',(-1.59994708850509,0.0447436485147047,-0.0160399979004857));
#1472=CARTESIAN_POINT('',(-1.5997011956532,0.0435493774534306,-0.0323240631950623));
#1473=CARTESIAN_POINT('',(-1.59928924345007,0.0415393000717745,-0.0485883817488022));
#1474=CARTESIAN_POINT('',(-1.59853374110661,0.0378265159900825,-0.0699068604186028));
#1475=CARTESIAN_POINT('',(-1.59721533976554,0.0312662093657332,-0.0960324421691127));
#1476=CARTESIAN_POINT('',(-1.59544322860953,0.022195467207494,-0.121396978436421));
#1477=CARTESIAN_POINT('',(-1.59377103803882,0.0133653357174814,-0.141305268051907));
#1478=CARTESIAN_POINT('',(-1.59196159393869,0.00359068181669943,-0.160686544630056));
#1479=CARTESIAN_POINT('',(-1.58998611368439,-0.00747998470057574,-0.179119487570591));
#1480=CARTESIAN_POINT('',(-1.58788535506059,-0.0198401556498342,-0.196664113839478));
#1481=CARTESIAN_POINT('',(-1.58625823416883,-0.0297567613533188,-0.20937419520245));
#1482=CARTESIAN_POINT('',(-1.58459196025844,-0.0403155672539522,-0.221625155274269));
#1483=CARTESIAN_POINT('',(-1.5828921260943,-0.0515674805310663,-0.233447436582723));
#1484=CARTESIAN_POINT('',(-1.58120241967228,-0.0633067446872794,-0.244620185015849));
#1485=CARTESIAN_POINT('',(-1.57897993041278,-0.0795865524319629,-0.258664003480796));
#1486=CARTESIAN_POINT('',(-1.5762868458796,-0.101111751833682,-0.274644462010872));
#1487=CARTESIAN_POINT('',(-1.57378573377445,-0.124182999078864,-0.288522012540723));
#1488=CARTESIAN_POINT('',(-1.57194378027113,-0.143652229799585,-0.298344778921146));
#1489=CARTESIAN_POINT('',(-1.57067888417487,-0.158484752572653,-0.304928000116625));
#1490=CARTESIAN_POINT('',(-1.56953574032888,-0.173559316325781,-0.310753632320526));
#1491=CARTESIAN_POINT('',(-1.56852220444641,-0.188870206226974,-0.315825440365774));
#1492=CARTESIAN_POINT('',(-1.56764530564506,-0.204418057585206,-0.320146166634601));
#1493=CARTESIAN_POINT('',(-1.56691233976987,-0.220205449908804,-0.32371160662733));
#1494=CARTESIAN_POINT('',(-1.5663304586113,-0.236230916415059,-0.326513276087638));
#1495=CARTESIAN_POINT('',(-1.56576676420385,-0.257946458613249,-0.329206110752427));
#1496=CARTESIAN_POINT('',(-1.56548767121112,-0.284946862044359,-0.330526279642456));
#1497=CARTESIAN_POINT('',(-1.56576486491928,-0.311856550180062,-0.329215011827908));
#1498=CARTESIAN_POINT('',(-1.56631658371164,-0.333307874072827,-0.326579713941707));
#1499=CARTESIAN_POINT('',(-1.56689440838757,-0.34937365825608,-0.32379842085847));
#1500=CARTESIAN_POINT('',(-1.56763346590602,-0.365361677379994,-0.320204260226863));
#1501=CARTESIAN_POINT('',(-1.56851376581138,-0.380994554041676,-0.315867389267581));
#1502=CARTESIAN_POINT('',(-1.56952864617259,-0.396341199694751,-0.310789504829777));
#1503=CARTESIAN_POINT('',(-1.5710491708634,-0.41640720238089,-0.303041245689837));
#1504=CARTESIAN_POINT('',(-1.57280135447648,-0.435868596409893,-0.293843828238781));
#1505=CARTESIAN_POINT('',(-1.57475770552283,-0.454783451758646,-0.283129725139874));
#1506=CARTESIAN_POINT('',(-1.57681501287892,-0.473112875452392,-0.271511008602222));
#1507=CARTESIAN_POINT('',(-1.57897352470265,-0.490362848246896,-0.258702407444998));
#1508=CARTESIAN_POINT('',(-1.58119034689173,-0.506606549680174,-0.244697673427308));
#1509=CARTESIAN_POINT('',(-1.58286995867095,-0.518280323237503,-0.233595441731403));
#1510=CARTESIAN_POINT('',(-1.58455330148797,-0.529434009069841,-0.22190097091176));
#1511=CARTESIAN_POINT('',(-1.58623467678956,-0.540098416903663,-0.209555145724841));
#1512=CARTESIAN_POINT('',(-1.58787311055312,-0.550086965428532,-0.196763957223265));
#1513=CARTESIAN_POINT('',(-1.58997974505454,-0.562483997771603,-0.179177776296627));
#1514=CARTESIAN_POINT('',(-1.59244452810287,-0.576296637693654,-0.156176183161348));
#1515=CARTESIAN_POINT('',(-1.59461352897916,-0.587854165342071,-0.131858105428994));
#1516=CARTESIAN_POINT('',(-1.59613469450046,-0.595734187635357,-0.111505021301769));
#1517=CARTESIAN_POINT('',(-1.5971384208881,-0.600845209390526,-0.0960689512109365));
#1518=CARTESIAN_POINT('',(-1.59799978709388,-0.605169132589593,-0.0804895353663255));
#1519=CARTESIAN_POINT('',(-1.59895322690358,-0.609898761812008,-0.05951997615857));
#1520=CARTESIAN_POINT('',(-1.59960571086106,-0.61308521218349,-0.038253887093679));
#1521=CARTESIAN_POINT('',(-1.59994033870427,-0.614710936582921,-0.0167050826897187));
#1522=CARTESIAN_POINT('',(-1.60002797579106,-0.615135541046504,-0.00035656569423907));
#1523=CARTESIAN_POINT('',(-1.59994752352703,-0.614745761754574,0.0160089869670723));
#1524=CARTESIAN_POINT('',(-1.59962175760529,-0.613163396351948,0.0375869244819629));
#1525=CARTESIAN_POINT('',(-1.59881453277334,-0.609221845118218,0.0642428979687826));
#1526=CARTESIAN_POINT('',(-1.59750301241355,-0.602699801219558,0.090409716894764));
#1527=CARTESIAN_POINT('',(-1.59616078410037,-0.595868120546595,0.111131657214433));
#1528=CARTESIAN_POINT('',(-1.5946517454915,-0.588054437369313,0.131388068868663));
#1529=CARTESIAN_POINT('',(-1.59292316236279,-0.578851097917165,0.150841158957294));
#1530=CARTESIAN_POINT('',(-1.59101299073084,-0.568274534354646,0.169535213060119));
#1531=CARTESIAN_POINT('',(-1.58949941242421,-0.559653005325423,0.183173553944161));
#1532=CARTESIAN_POINT('',(-1.58791592882553,-0.550343964740876,0.19642047566964));
#1533=CARTESIAN_POINT('',(-1.58571892884246,-0.536960284482172,0.213594543426098));
#1534=CARTESIAN_POINT('',(-1.58291930220576,-0.518884647019978,0.233543650692767));
#1535=CARTESIAN_POINT('',(-1.57956671592962,-0.49507796971643,0.255170661442017));
#1536=CARTESIAN_POINT('',(-1.57685849894689,-0.473480448300201,0.271260015367606));
#1537=CARTESIAN_POINT('',(-1.57479108316949,-0.455091793204422,0.282943973264594));
#1538=CARTESIAN_POINT('',(-1.57333141824122,-0.441008399304102,0.290943766673633));
#1539=CARTESIAN_POINT('',(-1.57196719949726,-0.4266016474345,0.298220761474289));
#1540=CARTESIAN_POINT('',(-1.57070878824793,-0.411883232289395,0.304773906215589));
#1541=CARTESIAN_POINT('',(-1.56956487940612,-0.396850128653706,0.310606554703808));
#1542=CARTESIAN_POINT('',(-1.56854477910337,-0.381501394322002,0.315713532203489));
#1543=CARTESIAN_POINT('',(-1.56765738132059,-0.365828907328625,0.320087340263032));
#1544=CARTESIAN_POINT('',(-1.56666567618411,-0.344506623978618,0.32491141600438));
#1545=CARTESIAN_POINT('',(-1.56599579525799,-0.323038263506628,0.328113910004478));
#1546=CARTESIAN_POINT('',(-1.56565616728701,-0.301372111425089,0.329728670979554));
#1547=CARTESIAN_POINT('',(-1.56557030050555,-0.284996249524101,0.330135699548718));
#1548=CARTESIAN_POINT('',(-1.56565619226242,-0.268642890478506,0.329728530825575));
#1549=CARTESIAN_POINT('',(-1.56559892692861,-0.285,0.33));
#1550=CARTESIAN_POINT('',(2.21836195422761E-16,-0.04,0.));
#1551=CARTESIAN_POINT('',(-0.275,-0.0400000000000005,0.));
#1552=CARTESIAN_POINT('',(0.275,-0.04,0.));
#1553=CARTESIAN_POINT('',(-0.275,0.41,0.));
#1554=CARTESIAN_POINT('',(-0.275,0.41,0.));
#1555=CARTESIAN_POINT('',(-1.81553887973595E-16,0.41,0.));
#1556=CARTESIAN_POINT('',(0.275,0.41,0.));
#1557=CARTESIAN_POINT('',(0.275,-0.04,0.));
#1558=CARTESIAN_POINT('',(0.,-0.285,0.));
#1559=CARTESIAN_POINT('',(0.,0.,0.));
#1560=CARTESIAN_POINT('',(-0.0921024431353087,9.385,-1.59734690658245));
#1561=CARTESIAN_POINT('',(-1.30036778144848E-15,9.385,2.48047450885432E-30));
#1562=CARTESIAN_POINT('',(1.5270005087771,9.385,-0.555782732904212));
#1563=CARTESIAN_POINT('',(-1.58076080209027,9.385,-0.376590343178006));
#1564=CARTESIAN_POINT('',(-1.55644140513503,9.385,-0.370796645590652));
#1565=CARTESIAN_POINT('',(-1.55644140513503,9.385,-0.370796645590652));
#1566=CARTESIAN_POINT('',(-1.30036778144848E-15,9.385,2.48047450885432E-30));
#1567=CARTESIAN_POINT('',(1.50350819325745,9.385,-0.54723222932107));
#1568=CARTESIAN_POINT('',(1.50350819325745,9.385,-0.54723222932107));
#1569=CARTESIAN_POINT('',(1.50350819325745,8.385,-0.54723222932107));
#1570=CARTESIAN_POINT('',(1.5270005087771,8.385,-0.555782732904212));
#1571=CARTESIAN_POINT('',(1.5270005087771,7.385,-0.555782732904212));
#1572=CARTESIAN_POINT('',(1.50350819325745,8.385,-0.54723222932107));
#1573=CARTESIAN_POINT('',(1.50350819325745,7.385,-0.54723222932107));
#1574=CARTESIAN_POINT('',(1.50350819325745,7.385,-0.54723222932107));
#1575=CARTESIAN_POINT('',(-0.0921024431353087,7.385,-1.59734690658245));
#1576=CARTESIAN_POINT('',(-1.30036778144848E-15,7.385,2.48047450885432E-30));
#1577=CARTESIAN_POINT('',(-1.58076080209027,7.385,-0.376590343178006));
#1578=CARTESIAN_POINT('',(-1.30036778144848E-15,7.385,2.48047450885432E-30));
#1579=CARTESIAN_POINT('',(-1.55644140513503,7.385,-0.370796645590652));
#1580=CARTESIAN_POINT('',(-1.55644140513503,7.385,-0.370796645590652));
#1581=CARTESIAN_POINT('',(-1.55644140513503,8.385,-0.370796645590652));
#1582=CARTESIAN_POINT('',(-1.58076080209027,8.385,-0.376590343178006));
#1583=CARTESIAN_POINT('',(-1.55644140513503,8.385,-0.370796645590652));
#1584=CARTESIAN_POINT('',(-1.30036778144848E-15,8.385,2.48047450885432E-30));
#1585=CARTESIAN_POINT('',(-1.30036778144848E-15,8.385,2.48047450885432E-30));
#1586=CARTESIAN_POINT('',(0.,0.,0.));
#1587=CARTESIAN_POINT('',(1.50303007061589,2.385,-0.548544079199114));
#1588=CARTESIAN_POINT('',(-2.81862664613311E-16,2.385,8.46532563231382E-16));
#1589=CARTESIAN_POINT('',(-1.5260281596539,2.385,0.558447003701627));
#1590=CARTESIAN_POINT('',(-1.5270005087771,2.385,0.555782732904213));
#1591=CARTESIAN_POINT('',(-1.50350819325745,2.385,0.547232229321071));
#1592=CARTESIAN_POINT('',(-1.50350819325745,2.385,0.547232229321071));
#1593=CARTESIAN_POINT('',(-2.81862664613311E-16,2.385,8.46532563231382E-16));
#1594=CARTESIAN_POINT('',(-1.50255080335153,2.385,0.549855511336987));
#1595=CARTESIAN_POINT('',(-1.50255080335153,2.385,0.549855511336987));
#1596=CARTESIAN_POINT('',(-1.50255080335153,1.8175,0.549855511336986));
#1597=CARTESIAN_POINT('',(-1.5260281596539,1.8175,0.558447003701626));
#1598=CARTESIAN_POINT('',(-1.5260281596539,1.25,0.558447003701625));
#1599=CARTESIAN_POINT('',(-1.50255080335153,1.8175,0.549855511336986));
#1600=CARTESIAN_POINT('',(-1.50255080335153,1.25,0.549855511336985));
#1601=CARTESIAN_POINT('',(-1.50255080335153,1.25,0.549855511336985));
#1602=CARTESIAN_POINT('',(1.50303007061589,1.25,-0.548544079199116));
#1603=CARTESIAN_POINT('',(-2.81862664613311E-16,1.25,-8.46532563231381E-16));
#1604=CARTESIAN_POINT('',(-1.5270005087771,1.25,0.555782732904211));
#1605=CARTESIAN_POINT('',(-2.81862664613311E-16,1.25,-8.46532563231381E-16));
#1606=CARTESIAN_POINT('',(-1.50350819325745,1.25,0.547232229321069));
#1607=CARTESIAN_POINT('',(-1.50350819325745,1.25,0.547232229321069));
#1608=CARTESIAN_POINT('',(-1.50350819325745,1.8175,0.54723222932107));
#1609=CARTESIAN_POINT('',(-1.5270005087771,1.8175,0.555782732904212));
#1610=CARTESIAN_POINT('',(-1.50350819325745,1.8175,0.54723222932107));
#1611=CARTESIAN_POINT('',(-2.81862664613311E-16,1.8175,5.37658010714697E-31));
#1612=CARTESIAN_POINT('',(-2.81862664613311E-16,1.8175,5.37658010714697E-31));
#1613=CARTESIAN_POINT('',(0.,0.,0.));
#1614=CARTESIAN_POINT('',(-1.50303007061589,4.885,0.548544079199115));
#1615=CARTESIAN_POINT('',(-5.63725329226622E-16,4.885,1.07531602142939E-30));
#1616=CARTESIAN_POINT('',(1.5260281596539,4.885,-0.558447003701626));
#1617=CARTESIAN_POINT('',(1.5270005087771,4.885,-0.555782732904212));
#1618=CARTESIAN_POINT('',(1.50350819325745,4.885,-0.54723222932107));
#1619=CARTESIAN_POINT('',(1.50350819325745,4.885,-0.54723222932107));
#1620=CARTESIAN_POINT('',(-5.63725329226622E-16,4.885,1.07531602142939E-30));
#1621=CARTESIAN_POINT('',(1.50255080335153,4.885,-0.549855511336986));
#1622=CARTESIAN_POINT('',(1.50255080335153,4.885,-0.549855511336986));
#1623=CARTESIAN_POINT('',(1.50255080335153,3.635,-0.549855511336986));
#1624=CARTESIAN_POINT('',(1.5260281596539,3.635,-0.558447003701626));
#1625=CARTESIAN_POINT('',(1.5260281596539,2.385,-0.558447003701626));
#1626=CARTESIAN_POINT('',(1.50255080335153,3.635,-0.549855511336986));
#1627=CARTESIAN_POINT('',(1.50255080335153,2.385,-0.549855511336986));
#1628=CARTESIAN_POINT('',(1.50255080335153,2.385,-0.549855511336986));
#1629=CARTESIAN_POINT('',(-1.50303007061589,2.385,0.548544079199115));
#1630=CARTESIAN_POINT('',(-5.63725329226622E-16,2.385,1.07531602142939E-30));
#1631=CARTESIAN_POINT('',(1.5270005087771,2.385,-0.555782732904212));
#1632=CARTESIAN_POINT('',(-5.63725329226622E-16,2.385,1.07531602142939E-30));
#1633=CARTESIAN_POINT('',(1.50350819325745,2.385,-0.54723222932107));
#1634=CARTESIAN_POINT('',(1.50350819325745,2.385,-0.54723222932107));
#1635=CARTESIAN_POINT('',(1.50350819325745,3.635,-0.54723222932107));
#1636=CARTESIAN_POINT('',(1.5270005087771,3.635,-0.555782732904212));
#1637=CARTESIAN_POINT('',(1.50350819325745,3.635,-0.54723222932107));
#1638=CARTESIAN_POINT('',(-5.63725329226622E-16,3.635,1.07531602142939E-30));
#1639=CARTESIAN_POINT('',(1.58692369667199,3.07235125595319,-0.349711878096486));
#1640=CARTESIAN_POINT('',(1.58682831111952,3.05500091756825,-0.350144058586458));
#1641=CARTESIAN_POINT('',(1.58692370238496,3.03764501250432,-0.349711887557683));
#1642=CARTESIAN_POINT('',(1.5872985524358,3.01475811828524,-0.34800881943627));
#1643=CARTESIAN_POINT('',(1.58822016935822,2.98648807772231,-0.343797158820139));
#1644=CARTESIAN_POINT('',(1.58971055423402,2.95873778280757,-0.336848150641397));
#1645=CARTESIAN_POINT('',(1.59123109553207,2.93676379690899,-0.329576279564256));
#1646=CARTESIAN_POINT('',(1.59250991272618,2.92066362431821,-0.323345419677683));
#1647=CARTESIAN_POINT('',(1.59390977801018,2.90499194994339,-0.316378305818886));
#1648=CARTESIAN_POINT('',(1.59542016343265,2.88972663742402,-0.308677755253768));
#1649=CARTESIAN_POINT('',(1.5970289641134,2.87486888493472,-0.300250161783981));
#1650=CARTESIAN_POINT('',(1.59872500583108,2.86041531419428,-0.291091886963924));
#1651=CARTESIAN_POINT('',(1.60049560313178,2.84637537806705,-0.281203150081461));
#1652=CARTESIAN_POINT('',(1.60294547945488,2.82818116188365,-0.266993331248187));
#1653=CARTESIAN_POINT('',(1.60605493461792,2.80705635202146,-0.247812477394418));
#1654=CARTESIAN_POINT('',(1.60914424914327,2.78796530854332,-0.226758447657785));
#1655=CARTESIAN_POINT('',(1.61155081418798,2.77392213555239,-0.208789508581196));
#1656=CARTESIAN_POINT('',(1.61331048569526,2.76400942640876,-0.194741138231444));
#1657=CARTESIAN_POINT('',(1.61501103884635,2.75473172604735,-0.180106578517576));
#1658=CARTESIAN_POINT('',(1.61660807573809,2.7462645541929,-0.165167008253231));
#1659=CARTESIAN_POINT('',(1.61809788481301,2.73856214066448,-0.14988173315209));
#1660=CARTESIAN_POINT('',(1.61946951259829,2.73162682473138,-0.134265011851175));
#1661=CARTESIAN_POINT('',(1.62071409545408,2.72545507669471,-0.118312743222724));
#1662=CARTESIAN_POINT('',(1.62182197755803,2.72005297322288,-0.102024827339919));
#1663=CARTESIAN_POINT('',(1.62278415836659,2.71542801261896,-0.0853890829828256));
#1664=CARTESIAN_POINT('',(1.62385677604732,2.71033382019993,-0.0627672838458884));
#1665=CARTESIAN_POINT('',(1.6245785296768,2.70695981727943,-0.0399928490950608));
#1666=CARTESIAN_POINT('',(1.62494177726984,2.70527009372303,-0.0170068534892933));
#1667=CARTESIAN_POINT('',(1.62503099398842,2.70485620690046,0.000369172254084384));
#1668=CARTESIAN_POINT('',(1.62493400229805,2.70530621375392,0.0177135860008563));
#1669=CARTESIAN_POINT('',(1.62456290171252,2.70703257613332,0.0405986807584011));
#1670=CARTESIAN_POINT('',(1.62365626811629,2.7112729231958,0.0688625518474942));
#1671=CARTESIAN_POINT('',(1.62219147598286,2.71825102904094,0.0966091548002343));
#1672=CARTESIAN_POINT('',(1.62069528997761,2.7255470504781,0.118579411165587));
#1673=CARTESIAN_POINT('',(1.61943611213638,2.73179372894981,0.134670731632439));
#1674=CARTESIAN_POINT('',(1.61805582583155,2.73877705303567,0.150335302144903));
#1675=CARTESIAN_POINT('',(1.61656434411629,2.74649357561333,0.165592980997023));
#1676=CARTESIAN_POINT('',(1.61497298129448,2.75493719202447,0.180443079106447));
#1677=CARTESIAN_POINT('',(1.61329226929996,2.76411137404661,0.194888489270465));
#1678=CARTESIAN_POINT('',(1.61153416191439,2.77401657467293,0.208920526368532));
#1679=CARTESIAN_POINT('',(1.60909697934983,2.78824606781047,0.227100294632004));
#1680=CARTESIAN_POINT('',(1.60599440507538,2.80744682492188,0.248202420176281));
#1681=CARTESIAN_POINT('',(1.60289841336393,2.82852048310429,0.267271280827663));
#1682=CARTESIAN_POINT('',(1.6004791983146,2.84650366049668,0.281295416641767));
#1683=CARTESIAN_POINT('',(1.59870655487084,2.86056350752696,0.291194213511562));
#1684=CARTESIAN_POINT('',(1.59699059782178,2.87520506673353,0.300454897358706));
#1685=CARTESIAN_POINT('',(1.59537625111266,2.89014964629899,0.308904574079202));
#1686=CARTESIAN_POINT('',(1.59386768054871,2.90544015046548,0.316590073542159));
#1687=CARTESIAN_POINT('',(1.5924766707544,2.92106181410601,0.323508651402763));
#1688=CARTESIAN_POINT('',(1.59121282816468,2.93701922568896,0.329663898831153));
#1689=CARTESIAN_POINT('',(1.59008665933872,2.95331173672279,0.335049358163964));
#1690=CARTESIAN_POINT('',(1.58910772877732,2.96995475895889,0.339658384183087));
#1691=CARTESIAN_POINT('',(1.58801694014532,2.99257462187456,0.344727290525196));
#1692=CARTESIAN_POINT('',(1.58710427796748,3.02090327305925,0.348895462335998));
#1693=CARTESIAN_POINT('',(1.58679743177921,3.04945097934558,0.350283762590356));
#1694=CARTESIAN_POINT('',(1.58692412393177,3.07238452536843,0.349709976363959));
#1695=CARTESIAN_POINT('',(1.58720727719635,3.08966620567257,0.348423651146721));
#1696=CARTESIAN_POINT('',(1.58767828787868,3.10691201248463,0.346272923479196));
#1697=CARTESIAN_POINT('',(1.58853930158889,3.12951878954424,0.342310370311372));
#1698=CARTESIAN_POINT('',(1.59003724634078,3.15722249707557,0.335321390082627));
#1699=CARTESIAN_POINT('',(1.59204300397516,3.18411832495174,0.325669666807951));
#1700=CARTESIAN_POINT('',(1.59393014166547,3.20523068216166,0.316276571289138));
#1701=CARTESIAN_POINT('',(1.59596539856839,3.22575877990386,0.3058944097365));
#1702=CARTESIAN_POINT('',(1.5981813255468,3.24529158989505,0.294134884771847));
#1703=CARTESIAN_POINT('',(1.60052967869474,3.26388239407622,0.281007897241521));
#1704=CARTESIAN_POINT('',(1.60234450479248,3.27735107386142,0.270476419951328));
#1705=CARTESIAN_POINT('',(1.60419906315761,3.29033575042667,0.259261255597804));
#1706=CARTESIAN_POINT('',(1.60671460839961,3.30703469018196,0.24333242414421));
#1707=CARTESIAN_POINT('',(1.60981637764979,3.32617270721307,0.22215543286448));
#1708=CARTESIAN_POINT('',(1.61337266678748,3.34648264068761,0.194745383794315));
#1709=CARTESIAN_POINT('',(1.61611405213886,3.36118315387038,0.170249613419734));
#1710=CARTESIAN_POINT('',(1.61812576940119,3.37158098973631,0.149587149281797));
#1711=CARTESIAN_POINT('',(1.61950360293227,3.3785438463256,0.133855870709043));
#1712=CARTESIAN_POINT('',(1.62074690616718,3.38470611294906,0.117862541373569));
#1713=CARTESIAN_POINT('',(1.6218472777421,3.3900692777572,0.101617321383354));
#1714=CARTESIAN_POINT('',(1.62279770051444,3.39463639607425,0.0851179107265289));
#1715=CARTESIAN_POINT('',(1.62359062784536,3.39840221949939,0.0683631974837655));
#1716=CARTESIAN_POINT('',(1.62421884094434,3.40135804965692,0.0513489852351524));
#1717=CARTESIAN_POINT('',(1.62482483556084,3.40418903075397,0.0283118306075745));
#1718=CARTESIAN_POINT('',(1.62512053571302,3.40555813467115,-0.000321459997306344));
#1719=CARTESIAN_POINT('',(1.62481341442635,3.40413590189012,-0.0288711625844754));
#1720=CARTESIAN_POINT('',(1.62420948420332,3.4013141501383,-0.0516297888340399));
#1721=CARTESIAN_POINT('',(1.62357770209864,3.39834124672354,-0.0686834745448877));
#1722=CARTESIAN_POINT('',(1.62277125319312,3.39451026176006,-0.0856302691319758));
#1723=CARTESIAN_POINT('',(1.62181062624943,3.3898920301797,-0.102202575531913));
#1724=CARTESIAN_POINT('',(1.6207024244711,3.38448763025732,-0.118472613849908));
#1725=CARTESIAN_POINT('',(1.61904037567131,3.37624379693395,-0.13974804560063));
#1726=CARTESIAN_POINT('',(1.61712187360531,3.36646283015285,-0.160382391481533));
#1727=CARTESIAN_POINT('',(1.6149732983476,3.35506564441008,-0.180445412280662));
#1728=CARTESIAN_POINT('',(1.61271401768469,3.34273070790608,-0.199852023054177));
#1729=CARTESIAN_POINT('',(1.61033559662838,3.32912740473002,-0.218128555417072));
#1730=CARTESIAN_POINT('',(1.60788552113839,3.31425586926815,-0.23533715808995));
#1731=CARTESIAN_POINT('',(1.60602517589266,3.30246599221235,-0.247705387094655));
#1732=CARTESIAN_POINT('',(1.6041565350588,3.29004568049078,-0.25952386843567));
#1733=CARTESIAN_POINT('',(1.60228647669866,3.27693544995967,-0.27082127835363));
#1734=CARTESIAN_POINT('',(1.60046299956846,3.26337215047306,-0.281387446332601));
#1735=CARTESIAN_POINT('',(1.59811241429743,3.24471476167819,-0.294508761187562));
#1736=CARTESIAN_POINT('',(1.59535394143231,3.22031104809956,-0.309127903794103));
#1737=CARTESIAN_POINT('',(1.59291714418057,3.19449567494836,-0.321363199980174));
#1738=CARTESIAN_POINT('',(1.59120565902661,3.17289304478945,-0.329698923165428));
#1739=CARTESIAN_POINT('',(1.59007669294748,3.1565308779277,-0.335096521093179));
#1740=CARTESIAN_POINT('',(1.58910663089841,3.14000896082915,-0.339663215310095));
#1741=CARTESIAN_POINT('',(1.58830112934599,3.12332926260738,-0.343406990076753));
#1742=CARTESIAN_POINT('',(1.5876653338349,3.10649315582438,-0.346332151666638));
#1743=CARTESIAN_POINT('',(1.58720445812432,3.08949617308805,-0.348436461311155));
#1744=CARTESIAN_POINT('',(1.58692369667199,3.07235125595319,-0.349711878096486));
#1745=CARTESIAN_POINT('',(1.58682831111952,3.05500091756825,-0.350144058586458));
#1746=CARTESIAN_POINT('',(1.58692370238496,3.03764501250432,-0.349711887557683));
#1747=CARTESIAN_POINT('',(1.58686010725583,3.05499998978841,-0.35));
#1748=CARTESIAN_POINT('',(-5.63725329226622E-16,3.635,1.07531602142939E-30));
#1749=CARTESIAN_POINT('',(1.56131411811537,3.03762910956588,-0.349712004017452));
#1750=CARTESIAN_POINT('',(1.56121718358705,3.0550040197769,-0.350144033931997));
#1751=CARTESIAN_POINT('',(1.56131414513403,3.07235482158083,-0.349711860254561));
#1752=CARTESIAN_POINT('',(1.56169519028867,3.09524499008354,-0.348008573336454));
#1753=CARTESIAN_POINT('',(1.56263200553992,3.12351516934013,-0.343796499833765));
#1754=CARTESIAN_POINT('',(1.56414688407925,3.15126644825396,-0.33684696952896));
#1755=CARTESIAN_POINT('',(1.56569232963982,3.17324063918107,-0.32957467866086));
#1756=CARTESIAN_POINT('',(1.56699194787366,3.18933976920402,-0.323343990921177));
#1757=CARTESIAN_POINT('',(1.56841454165788,3.2050105897474,-0.316377085316309));
#1758=CARTESIAN_POINT('',(1.56994937674383,3.22027490906895,-0.308676907457588));
#1759=CARTESIAN_POINT('',(1.57158415555373,3.23513168613266,-0.300249795844146));
#1760=CARTESIAN_POINT('',(1.57330750385005,3.24958421645505,-0.291092181816767));
#1761=CARTESIAN_POINT('',(1.57510657511454,3.26362342902108,-0.281204007373019));
#1762=CARTESIAN_POINT('',(1.577595574746,3.28181544340481,-0.266996079149543));
#1763=CARTESIAN_POINT('',(1.58075434074962,3.30293686323037,-0.247819029671573));
#1764=CARTESIAN_POINT('',(1.58389265081904,3.32202649783516,-0.226767997464552));
#1765=CARTESIAN_POINT('',(1.5863373319815,3.33606909436123,-0.208801287499876));
#1766=CARTESIAN_POINT('',(1.5881249248033,3.34598201896808,-0.194753885669646));
#1767=CARTESIAN_POINT('',(1.58985228773946,3.35525929710001,-0.180121465807396));
#1768=CARTESIAN_POINT('',(1.59147446299482,3.3637261667643,-0.165184287088771));
#1769=CARTESIAN_POINT('',(1.59298777578846,3.37142880398735,-0.149900802121172));
#1770=CARTESIAN_POINT('',(1.59438107604938,3.37836466892733,-0.134285466067937));
#1771=CARTESIAN_POINT('',(1.59564537784316,3.38453730821862,-0.118333948626234));
#1772=CARTESIAN_POINT('',(1.59677083204418,3.38994039491334,-0.102046558196047));
#1773=CARTESIAN_POINT('',(1.59774843338142,3.39456701571412,-0.0854093745102196));
#1774=CARTESIAN_POINT('',(1.59883777777699,3.39966096617109,-0.0627912784025371));
#1775=CARTESIAN_POINT('',(1.59975005470997,3.4038596608697,-0.0344624120499456));
#1776=CARTESIAN_POINT('',(1.60006085848656,3.40527784706206,-0.0059138059176148));
#1777=CARTESIAN_POINT('',(1.59994041609402,3.40472781653977,0.0170217686969396));
#1778=CARTESIAN_POINT('',(1.59966344920001,3.4034594995541,0.0343042057032737));
#1779=CARTESIAN_POINT('',(1.59919974023756,3.4013262319223,0.0515555610552055));
#1780=CARTESIAN_POINT('',(1.59834937148001,3.39738629213842,0.0741695442607816));
#1781=CARTESIAN_POINT('',(1.59686534886138,3.39042467316406,0.101883468956548));
#1782=CARTESIAN_POINT('',(1.59487041362004,3.38079937264102,0.128790671791407));
#1783=CARTESIAN_POINT('',(1.59298735526388,3.37142749241581,0.149912618414817));
#1784=CARTESIAN_POINT('',(1.59095160919411,3.36106370932743,0.170455417087847));
#1785=CARTESIAN_POINT('',(1.58872808221605,3.34932269504874,0.190000983569998));
#1786=CARTESIAN_POINT('',(1.58636310183206,3.33621403491573,0.208604776222195));
#1787=CARTESIAN_POINT('',(1.58453100365133,3.32569640256162,0.222083207552818));
#1788=CARTESIAN_POINT('',(1.5826542405586,3.31449559101901,0.235077114993038));
#1789=CARTESIAN_POINT('',(1.58073996877069,3.30256275303512,0.247612705676254));
#1790=CARTESIAN_POINT('',(1.57883820472152,3.29012235309118,0.259451584976595));
#1791=CARTESIAN_POINT('',(1.57633546639217,3.27286406883691,0.274339190872681));
#1792=CARTESIAN_POINT('',(1.57330171863642,3.25004300540411,0.291282842459462));
#1793=CARTESIAN_POINT('',(1.57048177489415,3.22556804530607,0.306005778317142));
#1794=CARTESIAN_POINT('',(1.56840531504136,3.20492000892315,0.316423449064369));
#1795=CARTESIAN_POINT('',(1.56697987179739,3.18919746586628,0.323402286038059));
#1796=CARTESIAN_POINT('',(1.56569093282206,3.17321241093116,0.329580800688439));
#1797=CARTESIAN_POINT('',(1.56454783325777,3.15697446339174,0.334960730375303));
#1798=CARTESIAN_POINT('',(1.56355851545913,3.14048144787616,0.339545062374982));
#1799=CARTESIAN_POINT('',(1.56273139825045,3.12373184827733,0.34332859436243));
#1800=CARTESIAN_POINT('',(1.56207454761509,3.10672248618363,0.346302469585495));
#1801=CARTESIAN_POINT('',(1.56143869020209,3.08368589187594,0.349158603183747));
#1802=CARTESIAN_POINT('',(1.56112395294952,3.05505011214741,0.350558380527816));
#1803=CARTESIAN_POINT('',(1.56143695608537,3.02649760146201,0.349166223392141));
#1804=CARTESIAN_POINT('',(1.56205990425055,3.00373548948427,0.346368399776295));
#1805=CARTESIAN_POINT('',(1.56271270886952,2.98667962215506,0.343413687690334));
#1806=CARTESIAN_POINT('',(1.56354656159551,2.96972713073203,0.339600231647945));
#1807=CARTESIAN_POINT('',(1.56453959553176,2.95314941533848,0.334999250035493));
#1808=CARTESIAN_POINT('',(1.5656843852045,2.93687375666023,0.329611962680943));
#1809=CARTESIAN_POINT('',(1.56739952907385,2.91559052445135,0.321390830017221));
#1810=CARTESIAN_POINT('',(1.56937562784098,2.89494770099431,0.311632509940808));
#1811=CARTESIAN_POINT('',(1.57158281990587,2.87487490198067,0.300257977623645));
#1812=CARTESIAN_POINT('',(1.57389922936814,2.85545912690858,0.287946412393123));
#1813=CARTESIAN_POINT('',(1.57633085688564,2.83717053592418,0.274365032670684));
#1814=CARTESIAN_POINT('',(1.57882785704439,2.81994766718023,0.259514092112791));
#1815=CARTESIAN_POINT('',(1.58071985552138,2.80756752416555,0.247738841339138));
#1816=CARTESIAN_POINT('',(1.58261629650723,2.79573584625365,0.235332114953135));
#1817=CARTESIAN_POINT('',(1.58451010684887,2.78442434897403,0.222234809903201));
#1818=CARTESIAN_POINT('',(1.5863527108881,2.77384423283189,0.208684611247678));
#1819=CARTESIAN_POINT('',(1.58872330991915,2.7607026404105,0.190042511705677));
#1820=CARTESIAN_POINT('',(1.5914971570293,2.74605619168286,0.165654940983001));
#1821=CARTESIAN_POINT('',(1.59393955036741,2.73379125555725,0.139851145793179));
#1822=CARTESIAN_POINT('',(1.59565186055947,2.72543090729068,0.118255553992931));
#1823=CARTESIAN_POINT('',(1.59678017349025,2.7200151943549,0.101898875695113));
#1824=CARTESIAN_POINT('',(1.59774906706232,2.71543028255539,0.0853816799025828));
#1825=CARTESIAN_POINT('',(1.5985534582186,2.71166824411389,0.0687062716669975));
#1826=CARTESIAN_POINT('',(1.59918872685957,2.70872469179133,0.0518738951969851));
#1827=CARTESIAN_POINT('',(1.59965009148718,2.70660179810369,0.0348804608963325));
#1828=CARTESIAN_POINT('',(1.59993267900739,2.70530758563827,0.0177376894774974));
#1829=CARTESIAN_POINT('',(1.60003149086676,2.70485613373917,0.000392722203905202));
#1830=CARTESIAN_POINT('',(1.599941073122,2.70526917953596,-0.0169717967121278));
#1831=CARTESIAN_POINT('',(1.5995745515251,2.70694775144903,-0.0398654418595657));
#1832=CARTESIAN_POINT('',(1.59866611954804,2.71112985781829,-0.0681456198762789));
#1833=CARTESIAN_POINT('',(1.59718998755094,2.71805009819593,-0.0959053715998744));
#1834=CARTESIAN_POINT('',(1.59567917556222,2.72529874838533,-0.11788745839331));
#1835=CARTESIAN_POINT('',(1.59440541871377,2.7315151234924,-0.134000472907907));
#1836=CARTESIAN_POINT('',(1.59300837331341,2.73846752722593,-0.149682573305445));
#1837=CARTESIAN_POINT('',(1.59149779672941,2.74615377841975,-0.164958418692092));
#1838=CARTESIAN_POINT('',(1.58988527925499,2.75456704725719,-0.17982612048932));
#1839=CARTESIAN_POINT('',(1.58818142396732,2.76371104203659,-0.194289531313373));
#1840=CARTESIAN_POINT('',(1.58639859812235,2.77358464979161,-0.20833826454125));
#1841=CARTESIAN_POINT('',(1.5839253164149,2.78777639382845,-0.226547607883547));
#1842=CARTESIAN_POINT('',(1.58077378083233,2.80693873816668,-0.24769482094713));
#1843=CARTESIAN_POINT('',(1.57762722998204,2.82797190625491,-0.266805371469737));
#1844=CARTESIAN_POINT('',(1.57516695549237,2.84592410017889,-0.280864826757322));
#1845=CARTESIAN_POINT('',(1.57336375149742,2.85995861090172,-0.290789340923847));
#1846=CARTESIAN_POINT('',(1.57161652210074,2.87458226357848,-0.300081411138293));
#1847=CARTESIAN_POINT('',(1.56997162838644,2.88951284702606,-0.308563949415434));
#1848=CARTESIAN_POINT('',(1.56843378073184,2.9047890845439,-0.316281708059982));
#1849=CARTESIAN_POINT('',(1.56701485242454,2.92039735273408,-0.323232753159071));
#1850=CARTESIAN_POINT('',(1.56572468076459,2.93634156706895,-0.329420587226979));
#1851=CARTESIAN_POINT('',(1.5645738764757,2.95262237898202,-0.334839314603391));
#1852=CARTESIAN_POINT('',(1.56357247011915,2.96925044541839,-0.339481129254691));
#1853=CARTESIAN_POINT('',(1.56245346366227,2.99186935801537,-0.344599912133937));
#1854=CARTESIAN_POINT('',(1.5616974799567,3.01464292400041,-0.347998215787856));
#1855=CARTESIAN_POINT('',(1.56131411811537,3.03762910956588,-0.349712004017452));
#1856=CARTESIAN_POINT('',(1.56121718358705,3.0550040197769,-0.350144033931997));
#1857=CARTESIAN_POINT('',(1.56131414513403,3.07235482158083,-0.349711860254561));
#1858=CARTESIAN_POINT('',(1.5612494995996,3.05500000170905,-0.35));
#1859=CARTESIAN_POINT('',(-5.63725329226622E-16,3.055,1.07531602142939E-30));
#1860=CARTESIAN_POINT('',(0.,0.,0.));
#1861=CARTESIAN_POINT('',(1.50398517091213,7.385,-0.545919962701872));
#1862=CARTESIAN_POINT('',(-7.82883814561975E-16,7.385,2.2879401357435E-16));
#1863=CARTESIAN_POINT('',(-1.5270005087771,7.385,0.555782732904212));
#1864=CARTESIAN_POINT('',(-1.52796820639193,7.385,0.553116769096207));
#1865=CARTESIAN_POINT('',(-1.50446100321667,7.385,0.544607280340881));
#1866=CARTESIAN_POINT('',(-1.50446100321667,7.385,0.544607280340881));
#1867=CARTESIAN_POINT('',(-7.82883814561975E-16,7.385,2.2879401357435E-16));
#1868=CARTESIAN_POINT('',(-1.50350819325745,7.385,0.54723222932107));
#1869=CARTESIAN_POINT('',(-1.50350819325745,7.385,0.54723222932107));
#1870=CARTESIAN_POINT('',(-1.50350819325745,6.135,0.54723222932107));
#1871=CARTESIAN_POINT('',(-1.5270005087771,6.135,0.555782732904212));
#1872=CARTESIAN_POINT('',(-1.5270005087771,4.885,0.555782732904212));
#1873=CARTESIAN_POINT('',(-1.50350819325745,6.135,0.54723222932107));
#1874=CARTESIAN_POINT('',(-1.50350819325745,4.885,0.54723222932107));
#1875=CARTESIAN_POINT('',(-1.50350819325745,4.885,0.54723222932107));
#1876=CARTESIAN_POINT('',(1.50398517091213,4.885,-0.545919962701872));
#1877=CARTESIAN_POINT('',(-1.11997995149323E-15,4.885,-2.28794013574345E-16));
#1878=CARTESIAN_POINT('',(-1.52796820639193,4.885,0.553116769096207));
#1879=CARTESIAN_POINT('',(-1.11997995149323E-15,4.885,-2.28794013574345E-16));
#1880=CARTESIAN_POINT('',(-1.50446100321667,4.885,0.544607280340881));
#1881=CARTESIAN_POINT('',(-1.50446100321667,4.885,0.544607280340881));
#1882=CARTESIAN_POINT('',(-1.50446100321667,6.135,0.544607280340881));
#1883=CARTESIAN_POINT('',(-1.52796820639193,6.135,0.553116769096207));
#1884=CARTESIAN_POINT('',(-1.50446100321667,6.135,0.544607280340881));
#1885=CARTESIAN_POINT('',(-9.51431883027602E-16,6.135,2.35726475119591E-30));
#1886=CARTESIAN_POINT('',(-0.275,6.135,1.6015617378047));
#1887=CARTESIAN_POINT('',(-0.275,5.36,1.6015617378047));
#1888=CARTESIAN_POINT('',(-0.275,5.81,1.6015617378047));
#1889=CARTESIAN_POINT('',(-0.275,5.81,1.60156173780469));
#1890=CARTESIAN_POINT('',(-0.275,5.81910033206741,1.60156173780469));
#1891=CARTESIAN_POINT('',(-0.2740994974353,5.83714314553809,1.60171674706092));
#1892=CARTESIAN_POINT('',(-0.270138829797747,5.86376296002296,1.60239164577037));
#1893=CARTESIAN_POINT('',(-0.264690490857681,5.88554836052289,1.60330184873462));
#1894=CARTESIAN_POINT('',(-0.258988291750556,5.90280071071593,1.60423106183801));
#1895=CARTESIAN_POINT('',(-0.252466472612401,5.9196715144134,1.60527452847698));
#1896=CARTESIAN_POINT('',(-0.242867499230731,5.93992405247711,1.60676531344087));
#1897=CARTESIAN_POINT('',(-0.231357903770253,5.95912866415265,1.60846003120605));
#1898=CARTESIAN_POINT('',(-0.221003524438187,5.97384099231081,1.60990827231121));
#1899=CARTESIAN_POINT('',(-0.209834964804961,5.98815153392537,1.61141308981038));
#1900=CARTESIAN_POINT('',(-0.194744301670263,6.00478051752385,1.61332622087881));
#1901=CARTESIAN_POINT('',(-0.174877816705148,6.02279644951663,1.61560742962062));
#1902=CARTESIAN_POINT('',(-0.156866076829861,6.03618966628683,1.61744216135687));
#1903=CARTESIAN_POINT('',(-0.141526713202771,6.04591683208348,1.6188393368288));
#1904=CARTESIAN_POINT('',(-0.125858062206731,6.05479752397826,1.62015260013477));
#1905=CARTESIAN_POINT('',(-0.105615779828451,6.06438238022659,1.62162766134245));
#1906=CARTESIAN_POINT('',(-0.084520034087831,6.07196018999317,1.62284073087048));
#1907=CARTESIAN_POINT('',(-0.0671180196000437,6.07679970803666,1.62363126708072));
#1908=CARTESIAN_POINT('',(-0.0493593415856202,6.08080052794233,1.6242928636524));
#1909=CARTESIAN_POINT('',(-0.027115314381265,6.08409937499518,1.62484727960024));
#1910=CARTESIAN_POINT('',(-0.00471630701417796,6.08521636653573,1.62503666485015));
#1911=CARTESIAN_POINT('',(0.0132751236764224,6.08479041909063,1.62496450569421));
#1912=CARTESIAN_POINT('',(0.0268196007833873,6.08380236451435,1.62479758505825));
#1913=CARTESIAN_POINT('',(0.0403681583001678,6.08213416465894,1.62451707445565));
#1914=CARTESIAN_POINT('',(0.0581258787431099,6.07904993530659,1.62400217734758));
#1915=CARTESIAN_POINT('',(0.0798843839290743,6.07359705806983,1.62310327351351));
#1916=CARTESIAN_POINT('',(0.105238756394719,6.06454992753321,1.621653735362));
#1917=CARTESIAN_POINT('',(0.129922163669964,6.0528801935837,1.61985730701281));
#1918=CARTESIAN_POINT('',(0.152976491041947,6.03904631029009,1.61783495573147));
#1919=CARTESIAN_POINT('',(0.17095833156823,6.02572872890041,1.61600820599064));
#1920=CARTESIAN_POINT('',(0.184572796730751,6.01400739434536,1.61449432629353));
#1921=CARTESIAN_POINT('',(0.194428216176501,6.00463877490675,1.61333627862881));
#1922=CARTESIAN_POINT('',(0.203766383125657,5.99483745007929,1.61218238919615));
#1923=CARTESIAN_POINT('',(0.215488500742922,5.98126025869018,1.61066699775143));
#1924=CARTESIAN_POINT('',(0.228821831742597,5.96331285233618,1.60883223171285));
#1925=CARTESIAN_POINT('',(0.240384968325915,5.94410288340412,1.60713159573845));
#1926=CARTESIAN_POINT('',(0.248573692380764,5.92788931451354,1.60587911802933));
#1927=CARTESIAN_POINT('',(0.255905135739869,5.91138701889108,1.60473036030433));
#1928=CARTESIAN_POINT('',(0.263475462920729,5.89028700104978,1.60350436752831));
#1929=CARTESIAN_POINT('',(0.268959198725088,5.86854533293517,1.60258886969246));
#1930=CARTESIAN_POINT('',(0.272073940309543,5.85077358790284,1.60206185137895));
#1931=CARTESIAN_POINT('',(0.27432514472274,5.83270842031363,1.6016779483373));
#1932=CARTESIAN_POINT('',(0.275,5.81910034082132,1.60156173780469));
#1933=CARTESIAN_POINT('',(0.275,5.81,1.60156173780469));
#1934=CARTESIAN_POINT('',(0.275,5.81,1.6015617378047));
#1935=CARTESIAN_POINT('',(0.275,6.135,1.6015617378047));
#1936=CARTESIAN_POINT('',(0.275,5.36,1.6015617378047));
#1937=CARTESIAN_POINT('',(0.275,5.36,1.6015617378047));
#1938=CARTESIAN_POINT('',(0.275,5.35089966793259,1.6015617378047));
#1939=CARTESIAN_POINT('',(0.274099497435297,5.33285685446191,1.60171674706092));
#1940=CARTESIAN_POINT('',(0.270138829797745,5.30623703997704,1.60239164577037));
#1941=CARTESIAN_POINT('',(0.26469049085768,5.28445163947711,1.60330184873462));
#1942=CARTESIAN_POINT('',(0.258988291750553,5.26719928928407,1.60423106183801));
#1943=CARTESIAN_POINT('',(0.252466472612399,5.25032848558661,1.60527452847698));
#1944=CARTESIAN_POINT('',(0.242867499230729,5.23007594752289,1.60676531344087));
#1945=CARTESIAN_POINT('',(0.231357903770252,5.21087133584735,1.60846003120605));
#1946=CARTESIAN_POINT('',(0.221003524438185,5.19615900768919,1.60990827231121));
#1947=CARTESIAN_POINT('',(0.20983496480496,5.18184846607463,1.61141308981038));
#1948=CARTESIAN_POINT('',(0.194744301670262,5.16521948247615,1.61332622087881));
#1949=CARTESIAN_POINT('',(0.174877816705147,5.14720355048337,1.61560742962062));
#1950=CARTESIAN_POINT('',(0.15686607682986,5.13381033371317,1.61744216135687));
#1951=CARTESIAN_POINT('',(0.141526713202769,5.12408316791652,1.6188393368288));
#1952=CARTESIAN_POINT('',(0.12585806220673,5.11520247602174,1.62015260013477));
#1953=CARTESIAN_POINT('',(0.10561577982845,5.10561761977341,1.62162766134245));
#1954=CARTESIAN_POINT('',(0.084520034087828,5.09803981000683,1.62284073087048));
#1955=CARTESIAN_POINT('',(0.0671180196000423,5.09320029196335,1.62363126708071));
#1956=CARTESIAN_POINT('',(0.0493593415856174,5.08919947205767,1.6242928636524));
#1957=CARTESIAN_POINT('',(0.0271153143812635,5.08590062500483,1.62484727960024));
#1958=CARTESIAN_POINT('',(0.00471630701417573,5.08478363346427,1.62503666485015));
#1959=CARTESIAN_POINT('',(-0.013275123676424,5.08520958090937,1.62496450569421));
#1960=CARTESIAN_POINT('',(-0.0268196007833897,5.08619763548565,1.62479758505825));
#1961=CARTESIAN_POINT('',(-0.0403681583001698,5.08786583534106,1.62451707445565));
#1962=CARTESIAN_POINT('',(-0.0581258787431116,5.09095006469341,1.62400217734758));
#1963=CARTESIAN_POINT('',(-0.0798843839290768,5.09640294193017,1.62310327351351));
#1964=CARTESIAN_POINT('',(-0.105238756394721,5.10545007246679,1.621653735362));
#1965=CARTESIAN_POINT('',(-0.129922163669965,5.1171198064163,1.61985730701281));
#1966=CARTESIAN_POINT('',(-0.152976491041948,5.13095368970991,1.61783495573147));
#1967=CARTESIAN_POINT('',(-0.170958331568232,5.14427127109959,1.61600820599064));
#1968=CARTESIAN_POINT('',(-0.184572796730753,5.15599260565464,1.61449432629353));
#1969=CARTESIAN_POINT('',(-0.194428216176503,5.16536122509325,1.61333627862881));
#1970=CARTESIAN_POINT('',(-0.203766383125659,5.17516254992071,1.61218238919615));
#1971=CARTESIAN_POINT('',(-0.215488500742924,5.18873974130982,1.61066699775143));
#1972=CARTESIAN_POINT('',(-0.2288218317426,5.20668714766382,1.60883223171285));
#1973=CARTESIAN_POINT('',(-0.240384968325916,5.22589711659588,1.60713159573845));
#1974=CARTESIAN_POINT('',(-0.248573692380766,5.24211068548646,1.60587911802933));
#1975=CARTESIAN_POINT('',(-0.255905135739871,5.25861298110892,1.60473036030432));
#1976=CARTESIAN_POINT('',(-0.263475462920731,5.27971299895022,1.60350436752831));
#1977=CARTESIAN_POINT('',(-0.26895919872509,5.30145466706483,1.60258886969246));
#1978=CARTESIAN_POINT('',(-0.272073940309545,5.31922641209716,1.60206185137895));
#1979=CARTESIAN_POINT('',(-0.274325144722742,5.33729157968637,1.6016779483373));
#1980=CARTESIAN_POINT('',(-0.275,5.35089965917868,1.6015617378047));
#1981=CARTESIAN_POINT('',(-0.275,5.36,1.6015617378047));
#1982=CARTESIAN_POINT('',(-9.51431883027602E-16,6.135,2.35726475119591E-30));
#1983=CARTESIAN_POINT('',(-0.275,6.135,1.57619002661481));
#1984=CARTESIAN_POINT('',(-0.275,5.81,1.57619002661481));
#1985=CARTESIAN_POINT('',(-0.275,5.36,1.57619002661481));
#1986=CARTESIAN_POINT('',(-0.275,5.36,1.57619002661481));
#1987=CARTESIAN_POINT('',(-0.275,5.35089911704473,1.57619002661481));
#1988=CARTESIAN_POINT('',(-0.274099389569545,5.33285531992572,1.57634755031073));
#1989=CARTESIAN_POINT('',(-0.270138327749313,5.30623434501746,1.57703337548487));
#1990=CARTESIAN_POINT('',(-0.264689538108513,5.28444822698019,1.57795828073433));
#1991=CARTESIAN_POINT('',(-0.25898690105799,5.26719540476575,1.57890247536155));
#1992=CARTESIAN_POINT('',(-0.252464952410922,5.25032501392447,1.57996268835513));
#1993=CARTESIAN_POINT('',(-0.242865824110948,5.23007284997459,1.58147735552878));
#1994=CARTESIAN_POINT('',(-0.23135629108397,5.21086884953707,1.58319911788171));
#1995=CARTESIAN_POINT('',(-0.221001907024328,5.19615683419167,1.58467043039837));
#1996=CARTESIAN_POINT('',(-0.209833745103217,5.1818470852797,1.58619913107139));
#1997=CARTESIAN_POINT('',(-0.194744462341202,5.16521975007091,1.58814245809355));
#1998=CARTESIAN_POINT('',(-0.174879163519757,5.14720468428418,1.59045966329503));
#1999=CARTESIAN_POINT('',(-0.156867741984095,5.13381150307434,1.59232334823599));
#2000=CARTESIAN_POINT('',(-0.141529042568383,5.12408458156183,1.59374249610803));
#2001=CARTESIAN_POINT('',(-0.125861566260417,5.1152043120756,1.59507635360476));
#2002=CARTESIAN_POINT('',(-0.10561992820345,5.10561935120821,1.59657458824083));
#2003=CARTESIAN_POINT('',(-0.0845241711858668,5.0980411190391,1.59780673404066));
#2004=CARTESIAN_POINT('',(-0.0671212271395213,5.09320108732281,1.5986097301981));
#2005=CARTESIAN_POINT('',(-0.0493621144339044,5.08919996903592,1.59928172690854));
#2006=CARTESIAN_POINT('',(-0.0271176975212187,5.0859008281962,1.59984485866572));
#2007=CARTESIAN_POINT('',(-0.00471746287169678,5.08478362335488,1.60003723944222));
#2008=CARTESIAN_POINT('',(0.0132751335422769,5.08520956043966,1.59996395462564));
#2009=CARTESIAN_POINT('',(0.0268210109765776,5.08619775836607,1.59979440101163));
#2010=CARTESIAN_POINT('',(0.0403698534850763,5.08786608416303,1.59950948441732));
#2011=CARTESIAN_POINT('',(0.0581279442371406,5.09095050005007,1.59898650453453));
#2012=CARTESIAN_POINT('',(0.0798869325561398,5.09640367115438,1.59807348561371));
#2013=CARTESIAN_POINT('',(0.105242624759308,5.10545163760299,1.59660109709215));
#2014=CARTESIAN_POINT('',(0.129925539195315,5.1171216690528,1.59477642078213));
#2015=CARTESIAN_POINT('',(0.152978117081315,5.13095482969735,1.59272234706035));
#2016=CARTESIAN_POINT('',(0.170959515089848,5.14427221690933,1.59086679095743));
#2017=CARTESIAN_POINT('',(0.184573872645685,5.15599356895495,1.58932896158734));
#2018=CARTESIAN_POINT('',(0.194429394017107,5.16536242839454,1.58815254266626));
#2019=CARTESIAN_POINT('',(0.203765937301392,5.17516210872542,1.58698054274325));
#2020=CARTESIAN_POINT('',(0.215487120375314,5.1887380617812,1.58544119972906));
#2021=CARTESIAN_POINT('',(0.228819808244846,5.20668417544148,1.58357731834816));
#2022=CARTESIAN_POINT('',(0.240383408574856,5.22589426313885,1.5818494693994));
#2023=CARTESIAN_POINT('',(0.24857252613561,5.24210825263165,1.58057689771252));
#2024=CARTESIAN_POINT('',(0.255903384275244,5.25860869849675,1.57940983917776));
#2025=CARTESIAN_POINT('',(0.263474054796686,5.27970832486583,1.57816412988063));
#2026=CARTESIAN_POINT('',(0.268958349822521,5.30145057574487,1.57723382794548));
#2027=CARTESIAN_POINT('',(0.272073611825834,5.31922404955667,1.57669824511297));
#2028=CARTESIAN_POINT('',(0.274325113590781,5.33729081351666,1.57630811359879));
#2029=CARTESIAN_POINT('',(0.275,5.35089910524923,1.57619002661481));
#2030=CARTESIAN_POINT('',(0.275,5.36,1.57619002661481));
#2031=CARTESIAN_POINT('',(0.275,5.36,1.57619002661481));
#2032=CARTESIAN_POINT('',(0.275,6.135,1.57619002661481));
#2033=CARTESIAN_POINT('',(0.275,5.81,1.57619002661481));
#2034=CARTESIAN_POINT('',(0.275,5.81,1.57619002661481));
#2035=CARTESIAN_POINT('',(0.275,5.81910088295527,1.57619002661481));
#2036=CARTESIAN_POINT('',(0.274099389569542,5.83714468007427,1.57634755031073));
#2037=CARTESIAN_POINT('',(0.270138327749311,5.86376565498254,1.57703337548487));
#2038=CARTESIAN_POINT('',(0.26468953810851,5.88555177301981,1.57795828073433));
#2039=CARTESIAN_POINT('',(0.258986901057988,5.90280459523425,1.57890247536155));
#2040=CARTESIAN_POINT('',(0.25246495241092,5.91967498607553,1.57996268835513));
#2041=CARTESIAN_POINT('',(0.242865824110945,5.93992715002541,1.58147735552878));
#2042=CARTESIAN_POINT('',(0.231356291083968,5.95913115046292,1.58319911788171));
#2043=CARTESIAN_POINT('',(0.221001907024325,5.97384316580833,1.58467043039837));
#2044=CARTESIAN_POINT('',(0.209833745103215,5.9881529147203,1.58619913107139));
#2045=CARTESIAN_POINT('',(0.1947444623412,6.00478024992909,1.58814245809356));
#2046=CARTESIAN_POINT('',(0.174879163519755,6.02279531571582,1.59045966329503));
#2047=CARTESIAN_POINT('',(0.156867741984093,6.03618849692566,1.59232334823599));
#2048=CARTESIAN_POINT('',(0.141529042568382,6.04591541843816,1.59374249610803));
#2049=CARTESIAN_POINT('',(0.125861566260413,6.05479568792441,1.59507635360476));
#2050=CARTESIAN_POINT('',(0.105619928203449,6.06438064879179,1.59657458824083));
#2051=CARTESIAN_POINT('',(0.0845241711858632,6.0719588809609,1.59780673404066));
#2052=CARTESIAN_POINT('',(0.0671212271395194,6.07679891267719,1.5986097301981));
#2053=CARTESIAN_POINT('',(0.0493621144339024,6.08080003096408,1.59928172690854));
#2054=CARTESIAN_POINT('',(0.0271176975212159,6.08409917180381,1.59984485866572));
#2055=CARTESIAN_POINT('',(0.0047174628716943,6.08521637664512,1.60003723944222));
#2056=CARTESIAN_POINT('',(-0.0132751335422787,6.08479043956034,1.59996395462564));
#2057=CARTESIAN_POINT('',(-0.0268210109765806,6.08380224163393,1.59979440101163));
#2058=CARTESIAN_POINT('',(-0.0403698534850781,6.08213391583697,1.59950948441732));
#2059=CARTESIAN_POINT('',(-0.0581279442371424,6.07904949994993,1.59898650453453));
#2060=CARTESIAN_POINT('',(-0.0798869325561421,6.07359632884563,1.59807348561371));
#2061=CARTESIAN_POINT('',(-0.105242624759309,6.06454836239701,1.59660109709215));
#2062=CARTESIAN_POINT('',(-0.129925539195317,6.0528783309472,1.59477642078213));
#2063=CARTESIAN_POINT('',(-0.152978117081317,6.03904517030265,1.59272234706035));
#2064=CARTESIAN_POINT('',(-0.170959515089851,6.02572778309067,1.59086679095743));
#2065=CARTESIAN_POINT('',(-0.184573872645687,6.01400643104505,1.58932896158734));
#2066=CARTESIAN_POINT('',(-0.194429394017109,6.00463757160546,1.58815254266626));
#2067=CARTESIAN_POINT('',(-0.203765937301393,5.99483789127458,1.58698054274325));
#2068=CARTESIAN_POINT('',(-0.215487120375316,5.9812619382188,1.58544119972906));
#2069=CARTESIAN_POINT('',(-0.228819808244849,5.96331582455852,1.58357731834816));
#2070=CARTESIAN_POINT('',(-0.240383408574858,5.94410573686115,1.5818494693994));
#2071=CARTESIAN_POINT('',(-0.248572526135612,5.92789174736835,1.58057689771252));
#2072=CARTESIAN_POINT('',(-0.255903384275245,5.91139130150325,1.57940983917776));
#2073=CARTESIAN_POINT('',(-0.263474054796688,5.89029167513416,1.57816412988063));
#2074=CARTESIAN_POINT('',(-0.268958349822523,5.86854942425513,1.57723382794548));
#2075=CARTESIAN_POINT('',(-0.272073611825836,5.85077595044333,1.57669824511297));
#2076=CARTESIAN_POINT('',(-0.274325113590783,5.83270918648334,1.57630811359879));
#2077=CARTESIAN_POINT('',(-0.275,5.81910089475077,1.57619002661481));
#2078=CARTESIAN_POINT('',(-0.275,5.81,1.57619002661481));
#2079=CARTESIAN_POINT('',(-1.13168460919558E-15,5.36,-1.41852288416093E-16));
#2080=CARTESIAN_POINT('',(-0.275,5.36,-1.41852288416093E-16));
#2081=CARTESIAN_POINT('',(0.275,5.36,-1.41852288416093E-16));
#2082=CARTESIAN_POINT('',(-0.275,5.81,-5.94864435293279E-17));
#2083=CARTESIAN_POINT('',(-0.275,5.81,-5.94864435293279E-17));
#2084=CARTESIAN_POINT('',(-9.33234539643874E-16,5.81,-5.9486443529328E-17));
#2085=CARTESIAN_POINT('',(0.275,5.81,-5.94864435293281E-17));
#2086=CARTESIAN_POINT('',(0.275,5.36,-1.41852288416093E-16));
#2087=CARTESIAN_POINT('',(0.,0.,0.));
#2088=CARTESIAN_POINT('',(0.0934963560291927,9.385,1.59726592382398));
#2089=CARTESIAN_POINT('',(-1.30036778144848E-15,9.385,2.48047450885432E-30));
#2090=CARTESIAN_POINT('',(-1.58141566826277,9.385,-0.37383082293067));
#2091=CARTESIAN_POINT('',(1.5270005087771,9.385,-0.555782732904212));
#2092=CARTESIAN_POINT('',(1.50350819325745,9.385,-0.54723222932107));
#2093=CARTESIAN_POINT('',(1.50350819325745,9.385,-0.54723222932107));
#2094=CARTESIAN_POINT('',(-1.30036778144848E-15,9.385,2.48047450885432E-30));
#2095=CARTESIAN_POINT('',(-1.55708619644334,9.385,-0.368079579500967));
#2096=CARTESIAN_POINT('',(-1.55708619644334,9.385,-0.368079579500967));
#2097=CARTESIAN_POINT('',(-1.55708619644334,8.385,-0.368079579500967));
#2098=CARTESIAN_POINT('',(-1.58141566826277,8.385,-0.37383082293067));
#2099=CARTESIAN_POINT('',(-1.58141566826277,7.385,-0.37383082293067));
#2100=CARTESIAN_POINT('',(-1.55708619644334,8.385,-0.368079579500967));
#2101=CARTESIAN_POINT('',(-1.55708619644334,7.385,-0.368079579500967));
#2102=CARTESIAN_POINT('',(-1.55708619644334,7.385,-0.368079579500967));
#2103=CARTESIAN_POINT('',(0.0934963560291927,7.385,1.59726592382398));
#2104=CARTESIAN_POINT('',(-1.30036778144848E-15,7.385,2.48047450885432E-30));
#2105=CARTESIAN_POINT('',(1.5270005087771,7.385,-0.555782732904212));
#2106=CARTESIAN_POINT('',(-1.30036778144848E-15,7.385,2.48047450885432E-30));
#2107=CARTESIAN_POINT('',(1.50350819325745,7.385,-0.54723222932107));
#2108=CARTESIAN_POINT('',(1.50350819325745,7.385,-0.54723222932107));
#2109=CARTESIAN_POINT('',(1.50350819325745,8.385,-0.54723222932107));
#2110=CARTESIAN_POINT('',(1.5270005087771,8.385,-0.555782732904212));
#2111=CARTESIAN_POINT('',(1.50350819325745,8.385,-0.54723222932107));
#2112=CARTESIAN_POINT('',(-1.30036778144848E-15,8.385,2.48047450885432E-30));
#2113=CARTESIAN_POINT('',(-1.30036778144848E-15,8.385,2.48047450885432E-30));
#2114=MECHANICAL_DESIGN_GEOMETRIC_PRESENTATION_REPRESENTATION('',(#764),#2120);
#2115=MECHANICAL_DESIGN_GEOMETRIC_PRESENTATION_REPRESENTATION('',(#765),#2121);
#2116=MECHANICAL_DESIGN_GEOMETRIC_PRESENTATION_REPRESENTATION('',(#766),#2122);
#2117=MECHANICAL_DESIGN_GEOMETRIC_PRESENTATION_REPRESENTATION('',(#767),#2123);
#2118=MECHANICAL_DESIGN_GEOMETRIC_PRESENTATION_REPRESENTATION('',(#768),#2124);
#2119=MECHANICAL_DESIGN_GEOMETRIC_PRESENTATION_REPRESENTATION('',(#769),#2125);
#2120=(
GEOMETRIC_REPRESENTATION_CONTEXT(3)
GLOBAL_UNCERTAINTY_ASSIGNED_CONTEXT((#2126))
GLOBAL_UNIT_ASSIGNED_CONTEXT((#2144,#2138,#2132))
REPRESENTATION_CONTEXT('SK?RT SIDE-1A_730-C-501','TOP_LEVEL_ASSEMBLY_PART')
);
#2121=(
GEOMETRIC_REPRESENTATION_CONTEXT(3)
GLOBAL_UNCERTAINTY_ASSIGNED_CONTEXT((#2127))
GLOBAL_UNIT_ASSIGNED_CONTEXT((#2145,#2139,#2133))
REPRESENTATION_CONTEXT('SK?RT SIDE-5B_730-C-501','TOP_LEVEL_ASSEMBLY_PART')
);
#2122=(
GEOMETRIC_REPRESENTATION_CONTEXT(3)
GLOBAL_UNCERTAINTY_ASSIGNED_CONTEXT((#2128))
GLOBAL_UNIT_ASSIGNED_CONTEXT((#2146,#2140,#2134))
REPRESENTATION_CONTEXT('SK?RT SIDE-2A_730-C-501','TOP_LEVEL_ASSEMBLY_PART')
);
#2123=(
GEOMETRIC_REPRESENTATION_CONTEXT(3)
GLOBAL_UNCERTAINTY_ASSIGNED_CONTEXT((#2129))
GLOBAL_UNIT_ASSIGNED_CONTEXT((#2147,#2141,#2135))
REPRESENTATION_CONTEXT('SK?RT SIDE-3A_730-C-501','TOP_LEVEL_ASSEMBLY_PART')
);
#2124=(
GEOMETRIC_REPRESENTATION_CONTEXT(3)
GLOBAL_UNCERTAINTY_ASSIGNED_CONTEXT((#2130))
GLOBAL_UNIT_ASSIGNED_CONTEXT((#2148,#2142,#2136))
REPRESENTATION_CONTEXT('SK?RT SIDE-4B_730-C-501','TOP_LEVEL_ASSEMBLY_PART')
);
#2125=(
GEOMETRIC_REPRESENTATION_CONTEXT(3)
GLOBAL_UNCERTAINTY_ASSIGNED_CONTEXT((#2131))
GLOBAL_UNIT_ASSIGNED_CONTEXT((#2149,#2143,#2137))
REPRESENTATION_CONTEXT('SK?RT SIDE-5A_730-C-501','TOP_LEVEL_ASSEMBLY_PART')
);
#2126=UNCERTAINTY_MEASURE_WITH_UNIT(LENGTH_MEASURE(2.E-05),#2144,'DISTANCE_ACCURACY_VALUE','Maximum Tolerance applied to model');
#2127=UNCERTAINTY_MEASURE_WITH_UNIT(LENGTH_MEASURE(1.E-06),#2145,'DISTANCE_ACCURACY_VALUE','Maximum Tolerance applied to model');
#2128=UNCERTAINTY_MEASURE_WITH_UNIT(LENGTH_MEASURE(1.E-06),#2146,'DISTANCE_ACCURACY_VALUE','Maximum Tolerance applied to model');
#2129=UNCERTAINTY_MEASURE_WITH_UNIT(LENGTH_MEASURE(2.E-05),#2147,'DISTANCE_ACCURACY_VALUE','Maximum Tolerance applied to model');
#2130=UNCERTAINTY_MEASURE_WITH_UNIT(LENGTH_MEASURE(2.E-05),#2148,'DISTANCE_ACCURACY_VALUE','Maximum Tolerance applied to model');
#2131=UNCERTAINTY_MEASURE_WITH_UNIT(LENGTH_MEASURE(1.E-06),#2149,'DISTANCE_ACCURACY_VALUE','Maximum Tolerance applied to model');
#2132=(
NAMED_UNIT(*)
SI_UNIT($,.STERADIAN.)
SOLID_ANGLE_UNIT()
);
#2133=(
NAMED_UNIT(*)
SI_UNIT($,.STERADIAN.)
SOLID_ANGLE_UNIT()
);
#2134=(
NAMED_UNIT(*)
SI_UNIT($,.STERADIAN.)
SOLID_ANGLE_UNIT()
);
#2135=(
NAMED_UNIT(*)
SI_UNIT($,.STERADIAN.)
SOLID_ANGLE_UNIT()
);
#2136=(
NAMED_UNIT(*)
SI_UNIT($,.STERADIAN.)
SOLID_ANGLE_UNIT()
);
#2137=(
NAMED_UNIT(*)
SI_UNIT($,.STERADIAN.)
SOLID_ANGLE_UNIT()
);
#2138=(
NAMED_UNIT(*)
PLANE_ANGLE_UNIT()
SI_UNIT($,.RADIAN.)
);
#2139=(
NAMED_UNIT(*)
PLANE_ANGLE_UNIT()
SI_UNIT($,.RADIAN.)
);
#2140=(
NAMED_UNIT(*)
PLANE_ANGLE_UNIT()
SI_UNIT($,.RADIAN.)
);
#2141=(
NAMED_UNIT(*)
PLANE_ANGLE_UNIT()
SI_UNIT($,.RADIAN.)
);
#2142=(
NAMED_UNIT(*)
PLANE_ANGLE_UNIT()
SI_UNIT($,.RADIAN.)
);
#2143=(
NAMED_UNIT(*)
PLANE_ANGLE_UNIT()
SI_UNIT($,.RADIAN.)
);
#2144=(
LENGTH_UNIT()
NAMED_UNIT(*)
SI_UNIT($,.METRE.)
);
#2145=(
LENGTH_UNIT()
NAMED_UNIT(*)
SI_UNIT($,.METRE.)
);
#2146=(
LENGTH_UNIT()
NAMED_UNIT(*)
SI_UNIT($,.METRE.)
);
#2147=(
LENGTH_UNIT()
NAMED_UNIT(*)
SI_UNIT($,.METRE.)
);
#2148=(
LENGTH_UNIT()
NAMED_UNIT(*)
SI_UNIT($,.METRE.)
);
#2149=(
LENGTH_UNIT()
NAMED_UNIT(*)
SI_UNIT($,.METRE.)
);
#2150=PRODUCT_DEFINITION_SHAPE('','',#2156);
#2151=PRODUCT_DEFINITION_SHAPE('','',#2157);
#2152=PRODUCT_DEFINITION_SHAPE('','',#2158);
#2153=PRODUCT_DEFINITION_SHAPE('','',#2159);
#2154=PRODUCT_DEFINITION_SHAPE('','',#2160);
#2155=PRODUCT_DEFINITION_SHAPE('','',#2161);
#2156=PRODUCT_DEFINITION('','',#2168,#2162);
#2157=PRODUCT_DEFINITION('','',#2169,#2163);
#2158=PRODUCT_DEFINITION('','',#2170,#2164);
#2159=PRODUCT_DEFINITION('','',#2171,#2165);
#2160=PRODUCT_DEFINITION('','',#2172,#2166);
#2161=PRODUCT_DEFINITION('','',#2173,#2167);
#2162=PRODUCT_DEFINITION_CONTEXT('',#2204,'design');
#2163=PRODUCT_DEFINITION_CONTEXT('',#2205,'design');
#2164=PRODUCT_DEFINITION_CONTEXT('',#2206,'design');
#2165=PRODUCT_DEFINITION_CONTEXT('',#2207,'design');
#2166=PRODUCT_DEFINITION_CONTEXT('',#2208,'design');
#2167=PRODUCT_DEFINITION_CONTEXT('',#2209,'design');
#2168=PRODUCT_DEFINITION_FORMATION_WITH_SPECIFIED_SOURCE('','',#2180,.NOT_KNOWN.);
#2169=PRODUCT_DEFINITION_FORMATION_WITH_SPECIFIED_SOURCE('','',#2181,.NOT_KNOWN.);
#2170=PRODUCT_DEFINITION_FORMATION_WITH_SPECIFIED_SOURCE('','',#2182,.NOT_KNOWN.);
#2171=PRODUCT_DEFINITION_FORMATION_WITH_SPECIFIED_SOURCE('','',#2183,.NOT_KNOWN.);
#2172=PRODUCT_DEFINITION_FORMATION_WITH_SPECIFIED_SOURCE('','',#2184,.NOT_KNOWN.);
#2173=PRODUCT_DEFINITION_FORMATION_WITH_SPECIFIED_SOURCE('','',#2185,.NOT_KNOWN.);
#2174=PRODUCT_RELATED_PRODUCT_CATEGORY('','',(#2180));
#2175=PRODUCT_RELATED_PRODUCT_CATEGORY('','',(#2181));
#2176=PRODUCT_RELATED_PRODUCT_CATEGORY('','',(#2182));
#2177=PRODUCT_RELATED_PRODUCT_CATEGORY('','',(#2183));
#2178=PRODUCT_RELATED_PRODUCT_CATEGORY('','',(#2184));
#2179=PRODUCT_RELATED_PRODUCT_CATEGORY('','',(#2185));
#2180=PRODUCT('SK?RT SIDE-1A_730-C-501','SK?RT SIDE-1A_730-C-501','SK?RT SIDE-1A_730-C-501',(#2192));
#2181=PRODUCT('SK?RT SIDE-5B_730-C-501','SK?RT SIDE-5B_730-C-501','SK?RT SIDE-5B_730-C-501',(#2193));
#2182=PRODUCT('SK?RT SIDE-2A_730-C-501','SK?RT SIDE-2A_730-C-501','SK?RT SIDE-2A_730-C-501',(#2194));
#2183=PRODUCT('SK?RT SIDE-3A_730-C-501','SK?RT SIDE-3A_730-C-501','SK?RT SIDE-3A_730-C-501',(#2195));
#2184=PRODUCT('SK?RT SIDE-4B_730-C-501','SK?RT SIDE-4B_730-C-501','SK?RT SIDE-4B_730-C-501',(#2196));
#2185=PRODUCT('SK?RT SIDE-5A_730-C-501','SK?RT SIDE-5A_730-C-501','SK?RT SIDE-5A_730-C-501',(#2197));
#2186=PRODUCT_CATEGORY('','');
#2187=PRODUCT_CATEGORY('','');
#2188=PRODUCT_CATEGORY('','');
#2189=PRODUCT_CATEGORY('','');
#2190=PRODUCT_CATEGORY('','');
#2191=PRODUCT_CATEGORY('','');
#2192=PRODUCT_CONTEXT('',#2204,'mechanical');
#2193=PRODUCT_CONTEXT('',#2205,'mechanical');
#2194=PRODUCT_CONTEXT('',#2206,'mechanical');
#2195=PRODUCT_CONTEXT('',#2207,'mechanical');
#2196=PRODUCT_CONTEXT('',#2208,'mechanical');
#2197=PRODUCT_CONTEXT('',#2209,'mechanical');
#2198=APPLICATION_PROTOCOL_DEFINITION('international standard','ap242_managed_model_based_3d_engineering',2020,#2204);
#2199=APPLICATION_PROTOCOL_DEFINITION('international standard','ap242_managed_model_based_3d_engineering',2020,#2205);
#2200=APPLICATION_PROTOCOL_DEFINITION('international standard','ap242_managed_model_based_3d_engineering',2020,#2206);
#2201=APPLICATION_PROTOCOL_DEFINITION('international standard','ap242_managed_model_based_3d_engineering',2020,#2207);
#2202=APPLICATION_PROTOCOL_DEFINITION('international standard','ap242_managed_model_based_3d_engineering',2020,#2208);
#2203=APPLICATION_PROTOCOL_DEFINITION('international standard','ap242_managed_model_based_3d_engineering',2020,#2209);
#2204=APPLICATION_CONTEXT('managed model based 3d engineering');
#2205=APPLICATION_CONTEXT('managed model based 3d engineering');
#2206=APPLICATION_CONTEXT('managed model based 3d engineering');
#2207=APPLICATION_CONTEXT('managed model based 3d engineering');
#2208=APPLICATION_CONTEXT('managed model based 3d engineering');
#2209=APPLICATION_CONTEXT('managed model based 3d engineering');
ENDSEC;
END-ISO-10303-21;
