ISO-10303-21;
HEADER;
/* Generated by software containing ST-Developer
 * from STEP Tools, Inc. (www.steptools.com) 
 */
/* OPTION: using custom renumber hook */

FILE_DESCRIPTION(
/* description */ ('STEP AP242 Edition 2',
'CAx-IF Rec.Pracs.---Representation and Presentation of Product Manufa
cturing Information (PMI)---4.0---2014-10-13',
'CAx-IF Rec.Pracs.---3D Tessellated Geometry---0.4---2014-09-14','2;1',
'CAx-IF Rec.Pracs.---User Defined Attributes---1.5---2016-08-15'),
/* implementation_level */ '2;1');

FILE_NAME(
/* name */ 'SKIRT_730-C-501_260130',
/* time_stamp */ '2026-04-20T11:55:43Z',
/* author */ (''),
/* organization */ (''),
/* preprocessor_version */ 'ST-DEVELOPER v20',
/* originating_system */ 'ONSHAPE BY PTC INC, 1.213',
/* authorisation */ '  ');

FILE_SCHEMA (('AP242_MANAGED_MODEL_BASED_3D_ENGINEERING_MIM_LF { 1 0 10303 442 3 1 4 }'));
ENDSEC;

DATA;
#10=OVER_RIDING_STYLED_ITEM('',(#586),#552,#577);
#11=SHAPE_REPRESENTATION_RELATIONSHIP('','',#661,#19);
#12=SHAPE_REPRESENTATION_RELATIONSHIP('','',#662,#20);
#13=SHAPE_REPRESENTATION_RELATIONSHIP('','',#663,#21);
#14=SHAPE_REPRESENTATION_RELATIONSHIP('','',#664,#22);
#15=SHAPE_REPRESENTATION_RELATIONSHIP('','',#665,#23);
#16=SHAPE_REPRESENTATION_RELATIONSHIP('','',#666,#24);
#17=SHAPE_REPRESENTATION_RELATIONSHIP('','',#667,#25);
#18=SHAPE_REPRESENTATION_RELATIONSHIP('','',#668,#26);
#19=MANIFOLD_SURFACE_SHAPE_REPRESENTATION('',(#645),#1875);
#20=MANIFOLD_SURFACE_SHAPE_REPRESENTATION('',(#646),#1876);
#21=MANIFOLD_SURFACE_SHAPE_REPRESENTATION('',(#647),#1877);
#22=MANIFOLD_SURFACE_SHAPE_REPRESENTATION('',(#648),#1878);
#23=MANIFOLD_SURFACE_SHAPE_REPRESENTATION('',(#649),#1879);
#24=MANIFOLD_SURFACE_SHAPE_REPRESENTATION('',(#650),#1880);
#25=MANIFOLD_SURFACE_SHAPE_REPRESENTATION('',(#651),#1881);
#26=MANIFOLD_SURFACE_SHAPE_REPRESENTATION('',(#652),#1882);
#27=PLANE('',#672);
#28=PLANE('',#675);
#29=PLANE('',#678);
#30=PLANE('',#681);
#31=PLANE('',#685);
#32=PLANE('',#688);
#33=PLANE('',#689);
#34=PLANE('',#692);
#35=PLANE('',#726);
#36=PLANE('',#729);
#37=PLANE('',#731);
#38=PLANE('',#734);
#39=CIRCLE('',#671,0.275);
#40=CIRCLE('',#674,0.275);
#41=CIRCLE('',#677,0.275);
#42=CIRCLE('',#680,0.275);
#43=CIRCLE('',#684,0.275);
#44=CIRCLE('',#687,0.275);
#45=CIRCLE('',#691,0.275);
#46=CIRCLE('',#694,0.275);
#47=CIRCLE('',#697,1.6175);
#48=CIRCLE('',#698,1.6175);
#49=CIRCLE('',#701,0.33);
#50=CIRCLE('',#703,0.33);
#51=CIRCLE('',#705,0.33);
#52=CIRCLE('',#707,0.33);
#53=CIRCLE('',#710,1.6175);
#54=CIRCLE('',#711,1.6175);
#55=CIRCLE('',#714,1.6175);
#56=CIRCLE('',#715,1.6175);
#57=CIRCLE('',#718,0.35);
#58=CIRCLE('',#720,0.35);
#59=CIRCLE('',#722,0.35);
#60=CIRCLE('',#724,0.35);
#61=CIRCLE('',#727,1.78);
#62=CIRCLE('',#728,1.6175);
#63=CIRCLE('',#730,1.4);
#64=CIRCLE('',#732,1.6175);
#65=CIRCLE('',#733,1.4);
#66=CIRCLE('',#735,1.78);
#67=B_SPLINE_CURVE_WITH_KNOTS('',3,(#919,#920,#921,#922,#923,#924,#925,
#926,#927,#928,#929,#930,#931,#932,#933,#934,#935,#936,#937,#938,#939,#940,
#941,#942,#943,#944,#945,#946,#947,#948,#949,#950,#951,#952,#953,#954,#955,
#956,#957,#958,#959,#960,#961,#962,#963),.UNSPECIFIED.,.F.,.F.,(4,1,1,1,
1,1,1,1,1,1,1,1,1,1,1,1,1,1,1,1,1,1,1,1,1,1,1,1,1,1,1,1,1,1,1,1,1,1,1,1,
1,1,4),(0.,0.0269100837497035,0.0538201674994069,0.0807302512491104,0.0941852931239621,
0.107640334998814,0.134550418748517,0.161460502498221,0.174915544373072,
0.188370586247924,0.215280669997628,0.242190753747331,0.269100837497035,
0.282555879371886,0.296010921246738,0.322921004996442,0.349831088746145,
0.363286130620997,0.376741172495848,0.403651256245552,0.430561339995255,
0.444016381870107,0.457471423744959,0.470926465619811,0.484381507494662,
0.511291591244366,0.538201674994069,0.565111758743773,0.592021842493476,
0.61893192624318,0.632386968118031,0.645842009992883,0.659297051867735,
0.672752093742587,0.69966217749229,0.726572261241993,0.740027303116845,
0.753482344991697,0.7803924287414,0.807302512491104,0.820757554365956,0.834212596240807,
0.861122679990511),.UNSPECIFIED.);
#68=B_SPLINE_CURVE_WITH_KNOTS('',3,(#975,#976,#977,#978,#979,#980,#981,
#982,#983,#984,#985,#986,#987,#988,#989,#990,#991,#992,#993,#994,#995,#996,
#997,#998,#999,#1000,#1001,#1002,#1003,#1004,#1005,#1006,#1007,#1008,#1009,
#1010,#1011,#1012,#1013,#1014,#1015,#1016,#1017,#1018,#1019),
 .UNSPECIFIED.,.F.,.F.,(4,1,1,1,1,1,1,1,1,1,1,1,1,1,1,1,1,1,1,1,1,1,1,1,
1,1,1,1,1,1,1,1,1,1,1,1,1,1,1,1,1,1,4),(0.,0.0269100837497034,0.0538201674994068,
0.0807302512491103,0.094185293123962,0.107640334998814,0.134550418748517,
0.161460502498221,0.174915544373072,0.188370586247924,0.215280669997627,
0.242190753747331,0.269100837497034,0.282555879371886,0.296010921246738,
0.322921004996441,0.349831088746144,0.363286130620996,0.376741172495848,
0.403651256245551,0.430561339995255,0.444016381870106,0.457471423744958,
0.47092646561981,0.484381507494662,0.511291591244365,0.538201674994068,
0.565111758743772,0.592021842493475,0.618931926243179,0.63238696811803,
0.645842009992882,0.659297051867734,0.672752093742585,0.699662177492289,
0.726572261241992,0.740027303116844,0.753482344991696,0.780392428741399,
0.807302512491103,0.820757554365954,0.834212596240806,0.861122679990509),
 .UNSPECIFIED.);
#69=B_SPLINE_CURVE_WITH_KNOTS('',3,(#1048,#1049,#1050,#1051,#1052,#1053,
#1054,#1055,#1056,#1057,#1058,#1059,#1060,#1061,#1062,#1063,#1064,#1065,
#1066,#1067,#1068,#1069,#1070,#1071,#1072,#1073,#1074,#1075,#1076,#1077,
#1078,#1079,#1080,#1081,#1082,#1083,#1084,#1085,#1086,#1087,#1088,#1089,
#1090,#1091,#1092),.UNSPECIFIED.,.F.,.F.,(4,1,1,1,1,1,1,1,1,1,1,1,1,1,1,
1,1,1,1,1,1,1,1,1,1,1,1,1,1,1,1,1,1,1,1,1,1,1,1,1,1,1,4),(0.,0.0269100837497036,
0.0538201674994071,0.0807302512491107,0.0941852931239624,0.107640334998814,
0.134550418748518,0.161460502498221,0.174915544373073,0.188370586247925,
0.215280669997628,0.242190753747332,0.269100837497036,0.282555879371887,
0.296010921246739,0.322921004996443,0.349831088746146,0.363286130620998,
0.37674117249585,0.403651256245553,0.430561339995257,0.444016381870109,
0.45747142374496,0.470926465619812,0.484381507494664,0.511291591244367,
0.538201674994071,0.565111758743775,0.592021842493478,0.618931926243182,
0.632386968118033,0.645842009992885,0.659297051867737,0.672752093742589,
0.699662177492292,0.726572261241996,0.740027303116848,0.753482344991699,
0.780392428741403,0.807302512491107,0.820757554365958,0.83421259624081,
0.861122679990514),.UNSPECIFIED.);
#70=B_SPLINE_CURVE_WITH_KNOTS('',3,(#1107,#1108,#1109,#1110,#1111,#1112,
#1113,#1114,#1115,#1116,#1117,#1118,#1119,#1120,#1121,#1122,#1123,#1124,
#1125,#1126,#1127,#1128,#1129,#1130,#1131,#1132,#1133,#1134,#1135,#1136,
#1137,#1138,#1139,#1140,#1141,#1142,#1143,#1144,#1145,#1146,#1147,#1148,
#1149,#1150,#1151),.UNSPECIFIED.,.F.,.F.,(4,1,1,1,1,1,1,1,1,1,1,1,1,1,1,
1,1,1,1,1,1,1,1,1,1,1,1,1,1,1,1,1,1,1,1,1,1,1,1,1,1,1,4),(0.,0.0269100837497034,
0.0538201674994067,0.0807302512491101,0.0941852931239618,0.107640334998813,
0.134550418748517,0.16146050249822,0.174915544373072,0.188370586247924,
0.215280669997627,0.24219075374733,0.269100837497034,0.282555879371885,
0.296010921246737,0.32292100499644,0.349831088746144,0.363286130620996,
0.376741172495847,0.403651256245551,0.430561339995254,0.444016381870106,
0.457471423744957,0.470926465619809,0.484381507494661,0.511291591244364,
0.538201674994067,0.565111758743771,0.592021842493474,0.618931926243178,
0.632386968118029,0.645842009992881,0.659297051867733,0.672752093742584,
0.699662177492288,0.726572261241991,0.740027303116843,0.753482344991695,
0.780392428741398,0.807302512491101,0.820757554365953,0.834212596240805,
0.861122679990508),.UNSPECIFIED.);
#71=B_SPLINE_CURVE_WITH_KNOTS('',3,(#1185,#1186,#1187,#1188,#1189,#1190,
#1191,#1192,#1193,#1194,#1195,#1196,#1197,#1198,#1199,#1200,#1201,#1202,
#1203,#1204,#1205,#1206,#1207,#1208,#1209,#1210,#1211,#1212,#1213,#1214,
#1215,#1216,#1217,#1218,#1219,#1220,#1221,#1222,#1223,#1224,#1225,#1226,
#1227,#1228,#1229,#1230,#1231,#1232,#1233,#1234,#1235,#1236,#1237),
 .UNSPECIFIED.,.F.,.F.,(4,1,1,1,1,1,1,1,1,1,1,1,1,1,1,1,1,1,1,1,1,1,1,1,
1,1,1,1,1,1,1,1,1,1,1,1,1,1,1,1,1,1,1,1,1,1,1,1,1,1,4),(0.,0.0323265811486964,
0.0646531622973928,0.0969797434460893,0.113143034020437,0.129306324594786,
0.161632905743482,0.17779619631783,0.193959486892179,0.210122777466527,
0.226286068040875,0.258612649189571,0.290939230338268,0.307102520912616,
0.323265811486964,0.339429102061312,0.355592392635661,0.371755683210009,
0.387918973784357,0.404082264358705,0.420245554933053,0.436408845507402,
0.45257213608175,0.484898717230446,0.517225298379143,0.533388588953491,
0.549551879527839,0.565715170102187,0.581878460676535,0.614205041825232,
0.646531622973928,0.662694913548277,0.678858204122625,0.711184785271321,
0.727348075845669,0.743511366420018,0.759674656994366,0.775837947568714,
0.792001238143062,0.80816452871741,0.840491109866107,0.872817691014803,
0.888980981589152,0.9051442721635,0.921307562737848,0.937470853312196,0.953634143886544,
0.969797434460893,0.985960725035241,1.00212401560959,1.03445059675829),
 .UNSPECIFIED.);
#72=B_SPLINE_CURVE_WITH_KNOTS('',3,(#1247,#1248,#1249,#1250,#1251,#1252,
#1253,#1254,#1255,#1256,#1257,#1258,#1259,#1260,#1261,#1262,#1263,#1264,
#1265,#1266,#1267,#1268,#1269,#1270,#1271,#1272,#1273,#1274,#1275,#1276,
#1277,#1278,#1279,#1280,#1281,#1282,#1283,#1284,#1285,#1286,#1287,#1288,
#1289,#1290,#1291,#1292,#1293,#1294,#1295,#1296,#1297,#1298),
 .UNSPECIFIED.,.F.,.F.,(4,1,1,1,1,1,1,1,1,1,1,1,1,1,1,1,1,1,1,1,1,1,1,1,
1,1,1,1,1,1,1,1,1,1,1,1,1,1,1,1,1,1,1,1,1,1,1,1,1,4),(1.03445059675829,
1.06676879234949,1.0829278901451,1.0990869879407,1.11524608573631,1.13140518353191,
1.14756428132752,1.16372337912312,1.19604157471433,1.22835977030554,1.26067796589675,
1.27683706369235,1.29299616148796,1.30915525928356,1.32531435707917,1.34147345487477,
1.35763255267037,1.38995074826158,1.42226894385279,1.4384280416484,1.454587139444,
1.4707462372396,1.48690533503521,1.50306443283081,1.51922353062642,1.53538262842202,
1.55154172621763,1.58385992180884,1.61617811740004,1.63233721519565,1.64849631299125,
1.66465541078686,1.68081450858246,1.69697360637807,1.71313270417367,1.74545089976488,
1.76160999756048,1.77776909535609,1.8100872909473,1.84240548653851,1.85856458433411,
1.87472368212972,1.89088277992532,1.90704187772092,1.93936007331213,1.97167826890334,
1.98783736669895,2.00399646449455,2.03631466008576,2.06863285567697),
 .UNSPECIFIED.);
#73=B_SPLINE_CURVE_WITH_KNOTS('',3,(#1313,#1314,#1315,#1316,#1317,#1318,
#1319,#1320,#1321,#1322,#1323,#1324,#1325,#1326,#1327,#1328,#1329,#1330,
#1331,#1332,#1333,#1334,#1335,#1336,#1337,#1338,#1339,#1340,#1341,#1342,
#1343,#1344,#1345,#1346,#1347,#1348,#1349,#1350,#1351,#1352,#1353,#1354,
#1355,#1356,#1357),.UNSPECIFIED.,.F.,.F.,(4,1,1,1,1,1,1,1,1,1,1,1,1,1,1,
1,1,1,1,1,1,1,1,1,1,1,1,1,1,1,1,1,1,1,1,1,1,1,1,1,1,1,4),(6.00164184077176E-16,
0.0269100837497041,0.0538201674994075,0.080730251249111,0.0941852931239627,
0.107640334998814,0.134550418748518,0.161460502498221,0.174915544373073,
0.188370586247925,0.215280669997628,0.242190753747332,0.269100837497035,
0.282555879371887,0.296010921246739,0.322921004996442,0.349831088746145,
0.363286130620997,0.376741172495849,0.403651256245552,0.430561339995256,
0.444016381870108,0.457471423744959,0.470926465619811,0.484381507494663,
0.511291591244366,0.53820167499407,0.565111758743773,0.592021842493477,
0.61893192624318,0.632386968118032,0.645842009992884,0.659297051867735,
0.672752093742587,0.69966217749229,0.726572261241994,0.740027303116846,
0.753482344991697,0.780392428741401,0.807302512491104,0.820757554365956,
0.834212596240808,0.861122679990511),.UNSPECIFIED.);
#74=B_SPLINE_CURVE_WITH_KNOTS('',3,(#1361,#1362,#1363,#1364,#1365,#1366,
#1367,#1368,#1369,#1370,#1371,#1372,#1373,#1374,#1375,#1376,#1377,#1378,
#1379,#1380,#1381,#1382,#1383,#1384,#1385,#1386,#1387,#1388,#1389,#1390,
#1391,#1392,#1393,#1394,#1395,#1396,#1397,#1398,#1399,#1400,#1401,#1402,
#1403,#1404,#1405),.UNSPECIFIED.,.F.,.F.,(4,1,1,1,1,1,1,1,1,1,1,1,1,1,1,
1,1,1,1,1,1,1,1,1,1,1,1,1,1,1,1,1,1,1,1,1,1,1,1,1,1,1,4),(0.,0.0269100837497034,
0.0538201674994068,0.0807302512491102,0.0941852931239619,0.107640334998814,
0.134550418748517,0.16146050249822,0.174915544373072,0.188370586247924,
0.215280669997627,0.242190753747331,0.269100837497034,0.282555879371886,
0.296010921246738,0.322921004996441,0.349831088746144,0.363286130620996,
0.376741172495848,0.403651256245551,0.430561339995255,0.444016381870106,
0.457471423744958,0.47092646561981,0.484381507494661,0.511291591244365,
0.538201674994068,0.565111758743772,0.592021842493475,0.618931926243178,
0.63238696811803,0.645842009992882,0.659297051867734,0.672752093742585,
0.699662177492289,0.726572261241992,0.740027303116844,0.753482344991696,
0.780392428741399,0.807302512491102,0.820757554365954,0.834212596240806,
0.861122679990509),.UNSPECIFIED.);
#75=B_SPLINE_CURVE_WITH_KNOTS('',3,(#1406,#1407,#1408,#1409,#1410,#1411,
#1412,#1413,#1414,#1415,#1416,#1417,#1418,#1419,#1420,#1421,#1422,#1423,
#1424,#1425,#1426,#1427,#1428,#1429,#1430,#1431,#1432,#1433,#1434,#1435,
#1436,#1437,#1438,#1439,#1440,#1441,#1442,#1443,#1444,#1445,#1446,#1447,
#1448,#1449,#1450,#1451,#1452,#1453,#1454,#1455,#1456,#1457,#1458,#1459,
#1460,#1461,#1462,#1463,#1464,#1465,#1466,#1467,#1468,#1469,#1470,#1471,
#1472,#1473,#1474,#1475,#1476,#1477,#1478,#1479,#1480,#1481,#1482,#1483,
#1484,#1485,#1486,#1487,#1488,#1489,#1490,#1491,#1492,#1493,#1494,#1495,
#1496,#1497,#1498,#1499,#1500,#1501,#1502,#1503,#1504,#1505,#1506,#1507,
#1508,#1509),.UNSPECIFIED.,.T.,.F.,(1,1,1,1,1,1,1,1,1,1,1,1,1,1,1,1,1,1,
1,1,1,1,1,1,1,1,1,1,1,1,1,1,1,1,1,1,1,1,1,1,1,1,1,1,1,1,1,1,1,1,1,1,1,1,
1,1,1,1,1,1,1,1,1,1,1,1,1,1,1,1,1,1,1,1,1,1,1,1,1,1,1,1,1,1,1,1,1,1,1,1,
1,1,1,1,1,1,1,1,1,1,1,1,1,1,1,1,1,1),(-0.0646447767399052,-0.0323223883699524,
-0.0161611941849764,1.38889816927763E-17,0.0161611941849763,0.0323223883699526,
0.0646447767399053,0.0969671651098579,0.113128359294834,0.12928955347981,
0.161611941849763,0.177773136034739,0.193934330219716,0.210095524404692,
0.226256718589668,0.258579106959621,0.290901495329574,0.30706268951455,
0.323223883699526,0.339385077884503,0.355546272069479,0.371707466254455,
0.387868660439431,0.404029854624408,0.420191048809384,0.43635224299436,
0.452513437179337,0.484835825549289,0.517158213919242,0.533319408104218,
0.549480602289195,0.565641796474171,0.581802990659147,0.6141253790291,0.646447767399053,
0.662608961584029,0.678770155769005,0.711092544138958,0.727253738323934,
0.74341493250891,0.759576126693887,0.775737320878863,0.791898515063839,
0.808059709248816,0.840382097618768,0.872704485988721,0.888865680173697,
0.905026874358673,0.92118806854365,0.937349262728626,0.953510456913602,
0.969671651098579,0.985832845283555,1.00199403946853,1.03431642783848,1.06663881620844,
1.08280001039341,1.09896120457839,1.11512239876337,1.13128359294834,1.14744478713332,
1.16360598131829,1.19592836968825,1.2282507580582,1.26057314642815,1.27673434061313,
1.29289553479811,1.30905672898308,1.32521792316806,1.34137911735303,1.35754031153801,
1.38986269990796,1.42218508827792,1.43834628246289,1.45450747664787,1.47066867083284,
1.48682986501782,1.5029910592028,1.51915225338777,1.53531344757275,1.55147464175773,
1.58379703012768,1.61611941849763,1.63228061268261,1.64844180686758,1.66460300105256,
1.68076419523754,1.69692538942251,1.71308658360749,1.74540897197744,1.76157016616242,
1.77773136034739,1.81005374871735,1.8423761370873,1.85853733127228,1.87469852545725,
1.89085971964223,1.9070209138272,1.93934330219716,1.97166569056711,1.98782688475209,
2.00398807893706,2.03631046730702,2.05247166149199,2.06863285567697,2.08479404986194,
2.10095524404692,2.13327763241687),.UNSPECIFIED.);
#76=B_SPLINE_CURVE_WITH_KNOTS('',3,(#1518,#1519,#1520,#1521,#1522,#1523,
#1524,#1525,#1526,#1527,#1528,#1529,#1530,#1531,#1532,#1533,#1534,#1535,
#1536,#1537,#1538,#1539,#1540,#1541,#1542,#1543,#1544,#1545,#1546,#1547,
#1548,#1549,#1550,#1551,#1552,#1553,#1554,#1555,#1556,#1557,#1558,#1559,
#1560,#1561,#1562),.UNSPECIFIED.,.F.,.F.,(4,1,1,1,1,1,1,1,1,1,1,1,1,1,1,
1,1,1,1,1,1,1,1,1,1,1,1,1,1,1,1,1,1,1,1,1,1,1,1,1,1,1,4),(0.,0.0269100837497035,
0.0538201674994071,0.0807302512491106,0.0941852931239624,0.107640334998814,
0.134550418748518,0.161460502498221,0.174915544373073,0.188370586247925,
0.215280669997628,0.242190753747332,0.269100837497035,0.282555879371887,
0.296010921246739,0.322921004996443,0.349831088746146,0.363286130620998,
0.37674117249585,0.403651256245553,0.430561339995257,0.444016381870109,
0.45747142374496,0.470926465619812,0.484381507494664,0.511291591244367,
0.538201674994071,0.565111758743774,0.592021842493478,0.618931926243182,
0.632386968118033,0.645842009992885,0.659297051867737,0.672752093742589,
0.699662177492292,0.726572261241996,0.740027303116848,0.753482344991699,
0.780392428741403,0.807302512491106,0.820757554365958,0.83421259624081,
0.861122679990514),.UNSPECIFIED.);
#77=B_SPLINE_CURVE_WITH_KNOTS('',3,(#1566,#1567,#1568,#1569,#1570,#1571,
#1572,#1573,#1574,#1575,#1576,#1577,#1578,#1579,#1580,#1581,#1582,#1583,
#1584,#1585,#1586,#1587,#1588,#1589,#1590,#1591,#1592,#1593,#1594,#1595,
#1596,#1597,#1598,#1599,#1600,#1601,#1602,#1603,#1604,#1605,#1606,#1607,
#1608,#1609,#1610),.UNSPECIFIED.,.F.,.F.,(4,1,1,1,1,1,1,1,1,1,1,1,1,1,1,
1,1,1,1,1,1,1,1,1,1,1,1,1,1,1,1,1,1,1,1,1,1,1,1,1,1,1,4),(0.,0.0269100837497033,
0.0538201674994066,0.08073025124911,0.0941852931239616,0.107640334998813,
0.134550418748517,0.16146050249822,0.174915544373072,0.188370586247923,
0.215280669997627,0.24219075374733,0.269100837497033,0.282555879371885,
0.296010921246737,0.32292100499644,0.349831088746143,0.363286130620995,
0.376741172495846,0.40365125624555,0.430561339995253,0.444016381870105,
0.457471423744956,0.470926465619808,0.48438150749466,0.511291591244363,
0.538201674994066,0.56511175874377,0.592021842493473,0.618931926243176,
0.632386968118028,0.64584200999288,0.659297051867731,0.672752093742583,
0.699662177492286,0.72657226124199,0.740027303116841,0.753482344991693,
0.780392428741396,0.8073025124911,0.820757554365951,0.834212596240803,0.861122679990506),
 .UNSPECIFIED.);
#78=B_SPLINE_CURVE_WITH_KNOTS('',3,(#1611,#1612,#1613,#1614,#1615,#1616,
#1617,#1618,#1619,#1620,#1621,#1622,#1623,#1624,#1625,#1626,#1627,#1628,
#1629,#1630,#1631,#1632,#1633,#1634,#1635,#1636,#1637,#1638,#1639,#1640,
#1641,#1642,#1643,#1644,#1645,#1646,#1647,#1648,#1649,#1650,#1651,#1652,
#1653,#1654,#1655,#1656,#1657,#1658,#1659,#1660,#1661,#1662,#1663,#1664,
#1665,#1666,#1667,#1668,#1669,#1670,#1671,#1672,#1673,#1674,#1675,#1676,
#1677,#1678,#1679,#1680,#1681,#1682,#1683,#1684,#1685,#1686,#1687,#1688,
#1689,#1690,#1691,#1692,#1693,#1694,#1695,#1696,#1697,#1698,#1699,#1700,
#1701,#1702,#1703,#1704,#1705,#1706,#1707,#1708,#1709,#1710,#1711,#1712,
#1713,#1714,#1715,#1716,#1717),.UNSPECIFIED.,.T.,.F.,(1,1,1,1,1,1,1,1,1,
1,1,1,1,1,1,1,1,1,1,1,1,1,1,1,1,1,1,1,1,1,1,1,1,1,1,1,1,1,1,1,1,1,1,1,1,
1,1,1,1,1,1,1,1,1,1,1,1,1,1,1,1,1,1,1,1,1,1,1,1,1,1,1,1,1,1,1,1,1,1,1,1,
1,1,1,1,1,1,1,1,1,1,1,1,1,1,1,1,1,1,1,1,1,1,1,1,1,1,1,1,1,1),(-0.0685855158880764,
-0.0342927579440384,-0.017146378972019,5.12278473325907E-18,0.017146378972019,
0.034292757944038,0.068585515888076,0.102878273832114,0.120024652804133,
0.137171031776152,0.154317410748171,0.17146378972019,0.188610168692209,
0.205756547664228,0.222902926636247,0.240049305608266,0.274342063552304,
0.308634821496342,0.325781200468361,0.34292757944038,0.360073958412399,
0.377220337384418,0.394366716356437,0.411513095328456,0.428659474300475,
0.445805853272494,0.462952232244513,0.480098611216532,0.51439136916057,
0.548684127104608,0.565830506076627,0.582976885048646,0.600123264020665,
0.617269642992684,0.651562400936722,0.68585515888076,0.703001537852779,
0.720147916824798,0.754440674768836,0.771587053740855,0.788733432712874,
0.805879811684893,0.823026190656912,0.840172569628931,0.85731894860095,
0.891611706544988,0.925904464489026,0.943050843461045,0.960197222433064,
0.977343601405083,0.994489980377102,1.01163635934912,1.02878273832114,1.04592911729316,
1.06307549626518,1.09736825420922,1.13166101215325,1.14880739112527,1.16595377009729,
1.18310014906931,1.20024652804133,1.21739290701335,1.23453928598537,1.26883204392941,
1.28597842290143,1.30312480187344,1.33741755981748,1.3545639387895,1.37171031776152,
1.38885669673354,1.40600307570556,1.42314945467758,1.4402958336496,1.47458859159363,
1.50888134953767,1.52602772850969,1.54317410748171,1.56032048645373,1.57746686542575,
1.59461324439777,1.61175962336979,1.62890600234181,1.64605238131382,1.68034513925786,
1.7146378972019,1.73178427617392,1.74893065514594,1.76607703411796,1.78322341308998,
1.800369792062,1.81751617103401,1.85180892897805,1.86895530795007,1.88610168692209,
1.92039444486613,1.93754082383815,1.95468720281017,1.97183358178219,1.9889799607542,
2.00612633972622,2.02327271869824,2.05756547664228,2.09185823458632,2.10900461355834,
2.12615099253036,2.16044375047439,2.17759012944641,2.19473650841843,2.21188288739045,
2.22902926636247,2.26332202430651),.UNSPECIFIED.);
#79=B_SPLINE_CURVE_WITH_KNOTS('',3,(#1726,#1727,#1728,#1729,#1730,#1731,
#1732,#1733,#1734,#1735,#1736,#1737,#1738,#1739,#1740,#1741,#1742,#1743,
#1744,#1745,#1746,#1747,#1748,#1749,#1750,#1751,#1752,#1753,#1754,#1755,
#1756,#1757,#1758,#1759,#1760,#1761,#1762,#1763,#1764,#1765,#1766,#1767,
#1768,#1769,#1770,#1771,#1772,#1773,#1774,#1775,#1776,#1777,#1778,#1779),
 .UNSPECIFIED.,.F.,.F.,(4,1,1,1,1,1,1,1,1,1,1,1,1,1,1,1,1,1,1,1,1,1,1,1,
1,1,1,1,1,1,1,1,1,1,1,1,1,1,1,1,1,1,1,1,1,1,1,1,1,1,1,4),(0.,0.0342972602571853,
0.0685945205143706,0.102891780771556,0.120040410900149,0.137189041028741,
0.154337671157334,0.171486301285926,0.188634931414519,0.205783561543112,
0.222932191671704,0.240080821800297,0.274378082057482,0.308675342314668,
0.32582397244326,0.342972602571853,0.360121232700446,0.377269862829038,
0.394418492957631,0.411567123086223,0.428715753214816,0.445864383343409,
0.463013013472001,0.480161643600594,0.514458903857779,0.548756164114965,
0.565904794243557,0.58305342437215,0.600202054500743,0.617350684629335,
0.651647944886521,0.685945205143706,0.703093835272298,0.720242465400891,
0.754539725658076,0.771688355786669,0.788836985915262,0.805985616043854,
0.823134246172447,0.840282876301039,0.857431506429632,0.891728766686817,
0.926026026944003,0.943174657072595,0.960323287201188,0.977471917329781,
0.994620547458373,1.01176917758697,1.02891780771556,1.04606643784415,1.06321506797274,
1.09751232822993),.UNSPECIFIED.);
#80=B_SPLINE_CURVE_WITH_KNOTS('',3,(#1789,#1790,#1791,#1792,#1793,#1794,
#1795,#1796,#1797,#1798,#1799,#1800,#1801,#1802,#1803,#1804,#1805,#1806,
#1807,#1808,#1809,#1810,#1811,#1812,#1813,#1814,#1815,#1816,#1817,#1818,
#1819,#1820,#1821,#1822,#1823,#1824,#1825,#1826,#1827,#1828,#1829,#1830,
#1831,#1832,#1833,#1834,#1835,#1836,#1837,#1838,#1839,#1840,#1841,#1842),
 .UNSPECIFIED.,.F.,.F.,(4,1,1,1,1,1,1,1,1,1,1,1,1,1,1,1,1,1,1,1,1,1,1,1,
1,1,1,1,1,1,1,1,1,1,1,1,1,1,1,1,1,1,1,1,1,1,1,1,1,1,1,4),(1.09751232822993,
1.13180058386082,1.14894471167627,1.16608883949171,1.18323296730716,1.2003770951226,
1.21752122293805,1.23466535075349,1.26895360638438,1.28609773419983,1.30324186201527,
1.33753011764616,1.35467424546161,1.37181837327706,1.3889625010925,1.40610662890795,
1.42325075672339,1.44039488453884,1.47468314016973,1.50897139580062,1.52611552361606,
1.54325965143151,1.56040377924695,1.5775479070624,1.59469203487785,1.61183616269329,
1.62898029050874,1.64612441832418,1.68041267395507,1.71470092958596,1.73184505740141,
1.74898918521685,1.7661333130323,1.78327744084774,1.80042156866319,1.81756569647864,
1.85185395210953,1.86899807992497,1.88614220774042,1.92043046337131,1.93757459118675,
1.9547187190022,1.97186284681764,1.98900697463309,2.00615110244853,2.02329523026398,
2.05758348589487,2.09187174152576,2.10901586934121,2.12615999715665,2.16044825278754,
2.19473650841843),.UNSPECIFIED.);
#81=ORIENTED_EDGE('',*,*,#209,.F.);
#82=ORIENTED_EDGE('',*,*,#210,.T.);
#83=ORIENTED_EDGE('',*,*,#211,.T.);
#84=ORIENTED_EDGE('',*,*,#212,.F.);
#85=ORIENTED_EDGE('',*,*,#211,.F.);
#86=ORIENTED_EDGE('',*,*,#213,.T.);
#87=ORIENTED_EDGE('',*,*,#214,.T.);
#88=ORIENTED_EDGE('',*,*,#215,.F.);
#89=ORIENTED_EDGE('',*,*,#214,.F.);
#90=ORIENTED_EDGE('',*,*,#216,.T.);
#91=ORIENTED_EDGE('',*,*,#217,.T.);
#92=ORIENTED_EDGE('',*,*,#218,.F.);
#93=ORIENTED_EDGE('',*,*,#217,.F.);
#94=ORIENTED_EDGE('',*,*,#219,.T.);
#95=ORIENTED_EDGE('',*,*,#209,.T.);
#96=ORIENTED_EDGE('',*,*,#220,.F.);
#97=ORIENTED_EDGE('',*,*,#216,.F.);
#98=ORIENTED_EDGE('',*,*,#221,.F.);
#99=ORIENTED_EDGE('',*,*,#222,.T.);
#100=ORIENTED_EDGE('',*,*,#223,.T.);
#101=ORIENTED_EDGE('',*,*,#219,.F.);
#102=ORIENTED_EDGE('',*,*,#223,.F.);
#103=ORIENTED_EDGE('',*,*,#224,.T.);
#104=ORIENTED_EDGE('',*,*,#225,.T.);
#105=ORIENTED_EDGE('',*,*,#210,.F.);
#106=ORIENTED_EDGE('',*,*,#225,.F.);
#107=ORIENTED_EDGE('',*,*,#226,.T.);
#108=ORIENTED_EDGE('',*,*,#227,.T.);
#109=ORIENTED_EDGE('',*,*,#213,.F.);
#110=ORIENTED_EDGE('',*,*,#227,.F.);
#111=ORIENTED_EDGE('',*,*,#228,.T.);
#112=ORIENTED_EDGE('',*,*,#221,.T.);
#113=ORIENTED_EDGE('',*,*,#229,.F.);
#114=ORIENTED_EDGE('',*,*,#230,.T.);
#115=ORIENTED_EDGE('',*,*,#231,.T.);
#116=ORIENTED_EDGE('',*,*,#232,.F.);
#117=ORIENTED_EDGE('',*,*,#233,.F.);
#118=ORIENTED_EDGE('',*,*,#234,.T.);
#119=ORIENTED_EDGE('',*,*,#229,.T.);
#120=ORIENTED_EDGE('',*,*,#235,.F.);
#121=ORIENTED_EDGE('',*,*,#236,.F.);
#122=ORIENTED_EDGE('',*,*,#237,.T.);
#123=ORIENTED_EDGE('',*,*,#233,.T.);
#124=ORIENTED_EDGE('',*,*,#238,.F.);
#125=ORIENTED_EDGE('',*,*,#231,.F.);
#126=ORIENTED_EDGE('',*,*,#239,.T.);
#127=ORIENTED_EDGE('',*,*,#236,.T.);
#128=ORIENTED_EDGE('',*,*,#240,.F.);
#129=ORIENTED_EDGE('',*,*,#239,.F.);
#130=ORIENTED_EDGE('',*,*,#241,.F.);
#131=ORIENTED_EDGE('',*,*,#242,.T.);
#132=ORIENTED_EDGE('',*,*,#243,.T.);
#133=ORIENTED_EDGE('',*,*,#237,.F.);
#134=ORIENTED_EDGE('',*,*,#243,.F.);
#135=ORIENTED_EDGE('',*,*,#244,.T.);
#136=ORIENTED_EDGE('',*,*,#245,.T.);
#137=ORIENTED_EDGE('',*,*,#234,.F.);
#138=ORIENTED_EDGE('',*,*,#245,.F.);
#139=ORIENTED_EDGE('',*,*,#246,.T.);
#140=ORIENTED_EDGE('',*,*,#247,.T.);
#141=ORIENTED_EDGE('',*,*,#230,.F.);
#142=ORIENTED_EDGE('',*,*,#247,.F.);
#143=ORIENTED_EDGE('',*,*,#248,.T.);
#144=ORIENTED_EDGE('',*,*,#241,.T.);
#145=ORIENTED_EDGE('',*,*,#249,.T.);
#146=ORIENTED_EDGE('',*,*,#250,.T.);
#147=ORIENTED_EDGE('',*,*,#251,.T.);
#148=ORIENTED_EDGE('',*,*,#252,.T.);
#149=ORIENTED_EDGE('',*,*,#253,.F.);
#150=ORIENTED_EDGE('',*,*,#254,.T.);
#151=ORIENTED_EDGE('',*,*,#253,.T.);
#152=ORIENTED_EDGE('',*,*,#255,.T.);
#153=ORIENTED_EDGE('',*,*,#256,.T.);
#154=ORIENTED_EDGE('',*,*,#257,.T.);
#155=ORIENTED_EDGE('',*,*,#255,.F.);
#156=ORIENTED_EDGE('',*,*,#258,.T.);
#157=ORIENTED_EDGE('',*,*,#257,.F.);
#158=ORIENTED_EDGE('',*,*,#259,.T.);
#159=ORIENTED_EDGE('',*,*,#252,.F.);
#160=ORIENTED_EDGE('',*,*,#260,.T.);
#161=ORIENTED_EDGE('',*,*,#254,.F.);
#162=ORIENTED_EDGE('',*,*,#258,.F.);
#163=ORIENTED_EDGE('',*,*,#261,.T.);
#164=ORIENTED_EDGE('',*,*,#262,.T.);
#165=ORIENTED_EDGE('',*,*,#263,.T.);
#166=ORIENTED_EDGE('',*,*,#264,.T.);
#167=ORIENTED_EDGE('',*,*,#265,.T.);
#168=ORIENTED_EDGE('',*,*,#266,.T.);
#169=ORIENTED_EDGE('',*,*,#267,.T.);
#170=ORIENTED_EDGE('',*,*,#268,.F.);
#171=ORIENTED_EDGE('',*,*,#269,.T.);
#172=ORIENTED_EDGE('',*,*,#270,.F.);
#173=ORIENTED_EDGE('',*,*,#271,.F.);
#174=ORIENTED_EDGE('',*,*,#272,.F.);
#175=ORIENTED_EDGE('',*,*,#273,.F.);
#176=ORIENTED_EDGE('',*,*,#274,.T.);
#177=ORIENTED_EDGE('',*,*,#275,.T.);
#178=ORIENTED_EDGE('',*,*,#276,.T.);
#179=ORIENTED_EDGE('',*,*,#277,.F.);
#180=ORIENTED_EDGE('',*,*,#278,.T.);
#181=ORIENTED_EDGE('',*,*,#277,.T.);
#182=ORIENTED_EDGE('',*,*,#279,.T.);
#183=ORIENTED_EDGE('',*,*,#280,.F.);
#184=ORIENTED_EDGE('',*,*,#281,.T.);
#185=ORIENTED_EDGE('',*,*,#279,.F.);
#186=ORIENTED_EDGE('',*,*,#282,.T.);
#187=ORIENTED_EDGE('',*,*,#281,.F.);
#188=ORIENTED_EDGE('',*,*,#283,.F.);
#189=ORIENTED_EDGE('',*,*,#276,.F.);
#190=ORIENTED_EDGE('',*,*,#284,.T.);
#191=ORIENTED_EDGE('',*,*,#278,.F.);
#192=ORIENTED_EDGE('',*,*,#282,.F.);
#193=ORIENTED_EDGE('',*,*,#285,.F.);
#194=ORIENTED_EDGE('',*,*,#286,.T.);
#195=ORIENTED_EDGE('',*,*,#287,.F.);
#196=ORIENTED_EDGE('',*,*,#288,.T.);
#197=ORIENTED_EDGE('',*,*,#287,.T.);
#198=ORIENTED_EDGE('',*,*,#289,.T.);
#199=ORIENTED_EDGE('',*,*,#290,.T.);
#200=ORIENTED_EDGE('',*,*,#291,.T.);
#201=ORIENTED_EDGE('',*,*,#289,.F.);
#202=ORIENTED_EDGE('',*,*,#292,.T.);
#203=ORIENTED_EDGE('',*,*,#291,.F.);
#204=ORIENTED_EDGE('',*,*,#293,.T.);
#205=ORIENTED_EDGE('',*,*,#286,.F.);
#206=ORIENTED_EDGE('',*,*,#294,.F.);
#207=ORIENTED_EDGE('',*,*,#288,.F.);
#208=ORIENTED_EDGE('',*,*,#292,.F.);
#209=EDGE_CURVE('',#295,#296,#353,.T.);
#210=EDGE_CURVE('',#295,#297,#67,.T.);
#211=EDGE_CURVE('',#297,#298,#354,.T.);
#212=EDGE_CURVE('',#296,#298,#39,.T.);
#213=EDGE_CURVE('',#297,#299,#355,.T.);
#214=EDGE_CURVE('',#299,#300,#356,.T.);
#215=EDGE_CURVE('',#298,#300,#357,.F.);
#216=EDGE_CURVE('',#299,#301,#68,.T.);
#217=EDGE_CURVE('',#301,#302,#358,.T.);
#218=EDGE_CURVE('',#300,#302,#40,.T.);
#219=EDGE_CURVE('',#301,#295,#359,.F.);
#220=EDGE_CURVE('',#302,#296,#360,.T.);
#221=EDGE_CURVE('',#303,#299,#361,.T.);
#222=EDGE_CURVE('',#303,#304,#41,.T.);
#223=EDGE_CURVE('',#304,#301,#362,.T.);
#224=EDGE_CURVE('',#304,#305,#363,.T.);
#225=EDGE_CURVE('',#305,#295,#364,.T.);
#226=EDGE_CURVE('',#305,#306,#42,.T.);
#227=EDGE_CURVE('',#306,#297,#365,.T.);
#228=EDGE_CURVE('',#306,#303,#366,.F.);
#229=EDGE_CURVE('',#307,#308,#367,.T.);
#230=EDGE_CURVE('',#307,#309,#69,.T.);
#231=EDGE_CURVE('',#309,#310,#368,.T.);
#232=EDGE_CURVE('',#308,#310,#43,.F.);
#233=EDGE_CURVE('',#311,#312,#369,.T.);
#234=EDGE_CURVE('',#311,#307,#370,.F.);
#235=EDGE_CURVE('',#312,#308,#371,.F.);
#236=EDGE_CURVE('',#313,#314,#372,.T.);
#237=EDGE_CURVE('',#313,#311,#70,.T.);
#238=EDGE_CURVE('',#314,#312,#44,.F.);
#239=EDGE_CURVE('',#309,#313,#373,.T.);
#240=EDGE_CURVE('',#310,#314,#374,.T.);
#241=EDGE_CURVE('',#315,#309,#375,.T.);
#242=EDGE_CURVE('',#315,#316,#376,.T.);
#243=EDGE_CURVE('',#316,#313,#377,.T.);
#244=EDGE_CURVE('',#316,#317,#45,.F.);
#245=EDGE_CURVE('',#317,#311,#378,.T.);
#246=EDGE_CURVE('',#317,#318,#379,.F.);
#247=EDGE_CURVE('',#318,#307,#380,.T.);
#248=EDGE_CURVE('',#318,#315,#46,.F.);
#249=EDGE_CURVE('',#319,#319,#47,.T.);
#250=EDGE_CURVE('',#320,#320,#48,.F.);
#251=EDGE_CURVE('',#321,#322,#49,.T.);
#252=EDGE_CURVE('',#322,#323,#381,.T.);
#253=EDGE_CURVE('',#324,#323,#71,.T.);
#254=EDGE_CURVE('',#324,#321,#382,.F.);
#255=EDGE_CURVE('',#323,#325,#383,.T.);
#256=EDGE_CURVE('',#325,#326,#50,.T.);
#257=EDGE_CURVE('',#326,#324,#384,.F.);
#258=EDGE_CURVE('',#323,#324,#72,.T.);
#259=EDGE_CURVE('',#326,#325,#51,.T.);
#260=EDGE_CURVE('',#322,#321,#52,.T.);
#261=EDGE_CURVE('',#327,#327,#53,.T.);
#262=EDGE_CURVE('',#328,#328,#54,.T.);
#263=EDGE_CURVE('',#329,#330,#385,.T.);
#264=EDGE_CURVE('',#330,#331,#73,.T.);
#265=EDGE_CURVE('',#331,#332,#386,.F.);
#266=EDGE_CURVE('',#332,#329,#74,.T.);
#267=EDGE_CURVE('',#333,#333,#75,.T.);
#268=EDGE_CURVE('',#334,#334,#55,.F.);
#269=EDGE_CURVE('',#335,#335,#56,.T.);
#270=EDGE_CURVE('',#336,#337,#387,.F.);
#271=EDGE_CURVE('',#338,#336,#76,.T.);
#272=EDGE_CURVE('',#339,#338,#388,.T.);
#273=EDGE_CURVE('',#337,#339,#77,.T.);
#274=EDGE_CURVE('',#340,#340,#78,.T.);
#275=EDGE_CURVE('',#341,#342,#57,.T.);
#276=EDGE_CURVE('',#342,#343,#389,.T.);
#277=EDGE_CURVE('',#344,#343,#79,.T.);
#278=EDGE_CURVE('',#344,#341,#390,.F.);
#279=EDGE_CURVE('',#343,#345,#391,.T.);
#280=EDGE_CURVE('',#346,#345,#58,.T.);
#281=EDGE_CURVE('',#346,#344,#392,.F.);
#282=EDGE_CURVE('',#343,#344,#80,.T.);
#283=EDGE_CURVE('',#345,#346,#59,.T.);
#284=EDGE_CURVE('',#342,#341,#60,.T.);
#285=EDGE_CURVE('',#347,#348,#61,.T.);
#286=EDGE_CURVE('',#347,#349,#393,.T.);
#287=EDGE_CURVE('',#350,#349,#62,.T.);
#288=EDGE_CURVE('',#350,#348,#394,.T.);
#289=EDGE_CURVE('',#349,#351,#395,.T.);
#290=EDGE_CURVE('',#351,#352,#63,.T.);
#291=EDGE_CURVE('',#352,#350,#396,.T.);
#292=EDGE_CURVE('',#349,#350,#64,.T.);
#293=EDGE_CURVE('',#352,#351,#65,.T.);
#294=EDGE_CURVE('',#348,#347,#66,.T.);
#295=VERTEX_POINT('',#917);
#296=VERTEX_POINT('',#918);
#297=VERTEX_POINT('',#964);
#298=VERTEX_POINT('',#966);
#299=VERTEX_POINT('',#970);
#300=VERTEX_POINT('',#972);
#301=VERTEX_POINT('',#1020);
#302=VERTEX_POINT('',#1022);
#303=VERTEX_POINT('',#1029);
#304=VERTEX_POINT('',#1031);
#305=VERTEX_POINT('',#1035);
#306=VERTEX_POINT('',#1039);
#307=VERTEX_POINT('',#1046);
#308=VERTEX_POINT('',#1047);
#309=VERTEX_POINT('',#1093);
#310=VERTEX_POINT('',#1095);
#311=VERTEX_POINT('',#1099);
#312=VERTEX_POINT('',#1100);
#313=VERTEX_POINT('',#1105);
#314=VERTEX_POINT('',#1106);
#315=VERTEX_POINT('',#1158);
#316=VERTEX_POINT('',#1160);
#317=VERTEX_POINT('',#1164);
#318=VERTEX_POINT('',#1168);
#319=VERTEX_POINT('',#1175);
#320=VERTEX_POINT('',#1177);
#321=VERTEX_POINT('',#1181);
#322=VERTEX_POINT('',#1182);
#323=VERTEX_POINT('',#1184);
#324=VERTEX_POINT('',#1238);
#325=VERTEX_POINT('',#1242);
#326=VERTEX_POINT('',#1244);
#327=VERTEX_POINT('',#1305);
#328=VERTEX_POINT('',#1307);
#329=VERTEX_POINT('',#1311);
#330=VERTEX_POINT('',#1312);
#331=VERTEX_POINT('',#1358);
#332=VERTEX_POINT('',#1360);
#333=VERTEX_POINT('',#1510);
#334=VERTEX_POINT('',#1512);
#335=VERTEX_POINT('',#1514);
#336=VERTEX_POINT('',#1516);
#337=VERTEX_POINT('',#1517);
#338=VERTEX_POINT('',#1563);
#339=VERTEX_POINT('',#1565);
#340=VERTEX_POINT('',#1718);
#341=VERTEX_POINT('',#1722);
#342=VERTEX_POINT('',#1723);
#343=VERTEX_POINT('',#1725);
#344=VERTEX_POINT('',#1780);
#345=VERTEX_POINT('',#1784);
#346=VERTEX_POINT('',#1786);
#347=VERTEX_POINT('',#1849);
#348=VERTEX_POINT('',#1850);
#349=VERTEX_POINT('',#1852);
#350=VERTEX_POINT('',#1854);
#351=VERTEX_POINT('',#1858);
#352=VERTEX_POINT('',#1860);
#353=LINE('',#916,#397);
#354=LINE('',#965,#398);
#355=LINE('',#969,#399);
#356=LINE('',#971,#400);
#357=LINE('',#973,#401);
#358=LINE('',#1021,#402);
#359=LINE('',#1025,#403);
#360=LINE('',#1026,#404);
#361=LINE('',#1028,#405);
#362=LINE('',#1032,#406);
#363=LINE('',#1034,#407);
#364=LINE('',#1036,#408);
#365=LINE('',#1040,#409);
#366=LINE('',#1042,#410);
#367=LINE('',#1045,#411);
#368=LINE('',#1094,#412);
#369=LINE('',#1098,#413);
#370=LINE('',#1101,#414);
#371=LINE('',#1102,#415);
#372=LINE('',#1104,#416);
#373=LINE('',#1154,#417);
#374=LINE('',#1155,#418);
#375=LINE('',#1157,#419);
#376=LINE('',#1159,#420);
#377=LINE('',#1161,#421);
#378=LINE('',#1165,#422);
#379=LINE('',#1167,#423);
#380=LINE('',#1169,#424);
#381=LINE('',#1183,#425);
#382=LINE('',#1239,#426);
#383=LINE('',#1241,#427);
#384=LINE('',#1245,#428);
#385=LINE('',#1310,#429);
#386=LINE('',#1359,#430);
#387=LINE('',#1515,#431);
#388=LINE('',#1564,#432);
#389=LINE('',#1724,#433);
#390=LINE('',#1781,#434);
#391=LINE('',#1783,#435);
#392=LINE('',#1787,#436);
#393=LINE('',#1851,#437);
#394=LINE('',#1855,#438);
#395=LINE('',#1857,#439);
#396=LINE('',#1861,#440);
#397=VECTOR('',#740,1.);
#398=VECTOR('',#741,1.);
#399=VECTOR('',#746,1.);
#400=VECTOR('',#747,1.);
#401=VECTOR('',#748,1.);
#402=VECTOR('',#751,1.);
#403=VECTOR('',#756,1.);
#404=VECTOR('',#757,1.);
#405=VECTOR('',#760,1.);
#406=VECTOR('',#763,1.);
#407=VECTOR('',#766,1.);
#408=VECTOR('',#767,1.);
#409=VECTOR('',#772,1.);
#410=VECTOR('',#775,1.);
#411=VECTOR('',#780,1.);
#412=VECTOR('',#781,1.);
#413=VECTOR('',#786,1.);
#414=VECTOR('',#787,1.);
#415=VECTOR('',#788,1.);
#416=VECTOR('',#791,1.);
#417=VECTOR('',#796,1.);
#418=VECTOR('',#797,1.);
#419=VECTOR('',#800,1.);
#420=VECTOR('',#801,1.);
#421=VECTOR('',#802,1.);
#422=VECTOR('',#807,1.);
#423=VECTOR('',#810,1.);
#424=VECTOR('',#811,1.);
#425=VECTOR('',#830,1.);
#426=VECTOR('',#831,1.);
#427=VECTOR('',#834,1.);
#428=VECTOR('',#837,1.);
#429=VECTOR('',#858,1.);
#430=VECTOR('',#859,1.);
#431=VECTOR('',#864,1.);
#432=VECTOR('',#865,1.);
#433=VECTOR('',#872,1.);
#434=VECTOR('',#873,1.);
#435=VECTOR('',#876,1.);
#436=VECTOR('',#879,1.);
#437=VECTOR('',#894,1.);
#438=VECTOR('',#897,1.);
#439=VECTOR('',#900,1.);
#440=VECTOR('',#903,1.);
#441=EDGE_LOOP('',(#81,#82,#83,#84));
#442=EDGE_LOOP('',(#85,#86,#87,#88));
#443=EDGE_LOOP('',(#89,#90,#91,#92));
#444=EDGE_LOOP('',(#93,#94,#95,#96));
#445=EDGE_LOOP('',(#97,#98,#99,#100));
#446=EDGE_LOOP('',(#101,#102,#103,#104));
#447=EDGE_LOOP('',(#105,#106,#107,#108));
#448=EDGE_LOOP('',(#109,#110,#111,#112));
#449=EDGE_LOOP('',(#113,#114,#115,#116));
#450=EDGE_LOOP('',(#117,#118,#119,#120));
#451=EDGE_LOOP('',(#121,#122,#123,#124));
#452=EDGE_LOOP('',(#125,#126,#127,#128));
#453=EDGE_LOOP('',(#129,#130,#131,#132));
#454=EDGE_LOOP('',(#133,#134,#135,#136));
#455=EDGE_LOOP('',(#137,#138,#139,#140));
#456=EDGE_LOOP('',(#141,#142,#143,#144));
#457=EDGE_LOOP('',(#145));
#458=EDGE_LOOP('',(#146));
#459=EDGE_LOOP('',(#147,#148,#149,#150));
#460=EDGE_LOOP('',(#151,#152,#153,#154));
#461=EDGE_LOOP('',(#155,#156,#157,#158));
#462=EDGE_LOOP('',(#159,#160,#161,#162));
#463=EDGE_LOOP('',(#163));
#464=EDGE_LOOP('',(#164));
#465=EDGE_LOOP('',(#165,#166,#167,#168));
#466=EDGE_LOOP('',(#169));
#467=EDGE_LOOP('',(#170));
#468=EDGE_LOOP('',(#171));
#469=EDGE_LOOP('',(#172,#173,#174,#175));
#470=EDGE_LOOP('',(#176));
#471=EDGE_LOOP('',(#177,#178,#179,#180));
#472=EDGE_LOOP('',(#181,#182,#183,#184));
#473=EDGE_LOOP('',(#185,#186,#187,#188));
#474=EDGE_LOOP('',(#189,#190,#191,#192));
#475=EDGE_LOOP('',(#193,#194,#195,#196));
#476=EDGE_LOOP('',(#197,#198,#199,#200));
#477=EDGE_LOOP('',(#201,#202,#203,#204));
#478=EDGE_LOOP('',(#205,#206,#207,#208));
#479=FACE_BOUND('',#441,.T.);
#480=FACE_BOUND('',#442,.T.);
#481=FACE_BOUND('',#443,.T.);
#482=FACE_BOUND('',#444,.T.);
#483=FACE_BOUND('',#445,.T.);
#484=FACE_BOUND('',#446,.T.);
#485=FACE_BOUND('',#447,.T.);
#486=FACE_BOUND('',#448,.T.);
#487=FACE_BOUND('',#449,.T.);
#488=FACE_BOUND('',#450,.T.);
#489=FACE_BOUND('',#451,.T.);
#490=FACE_BOUND('',#452,.T.);
#491=FACE_BOUND('',#453,.T.);
#492=FACE_BOUND('',#454,.T.);
#493=FACE_BOUND('',#455,.T.);
#494=FACE_BOUND('',#456,.T.);
#495=FACE_BOUND('',#457,.T.);
#496=FACE_BOUND('',#458,.T.);
#497=FACE_BOUND('',#459,.T.);
#498=FACE_BOUND('',#460,.T.);
#499=FACE_BOUND('',#461,.T.);
#500=FACE_BOUND('',#462,.T.);
#501=FACE_BOUND('',#463,.T.);
#502=FACE_BOUND('',#464,.T.);
#503=FACE_BOUND('',#465,.T.);
#504=FACE_BOUND('',#466,.T.);
#505=FACE_BOUND('',#467,.T.);
#506=FACE_BOUND('',#468,.T.);
#507=FACE_BOUND('',#469,.T.);
#508=FACE_BOUND('',#470,.T.);
#509=FACE_BOUND('',#471,.T.);
#510=FACE_BOUND('',#472,.T.);
#511=FACE_BOUND('',#473,.T.);
#512=FACE_BOUND('',#474,.T.);
#513=FACE_BOUND('',#475,.T.);
#514=FACE_BOUND('',#476,.T.);
#515=FACE_BOUND('',#477,.T.);
#516=FACE_BOUND('',#478,.T.);
#517=CYLINDRICAL_SURFACE('',#670,0.275);
#518=CYLINDRICAL_SURFACE('',#673,0.275);
#519=CYLINDRICAL_SURFACE('',#676,0.275);
#520=CYLINDRICAL_SURFACE('',#679,0.275);
#521=CYLINDRICAL_SURFACE('',#683,0.275);
#522=CYLINDRICAL_SURFACE('',#686,0.275);
#523=CYLINDRICAL_SURFACE('',#690,0.275);
#524=CYLINDRICAL_SURFACE('',#693,0.275);
#525=CYLINDRICAL_SURFACE('',#696,1.6175);
#526=CYLINDRICAL_SURFACE('',#700,0.33);
#527=CYLINDRICAL_SURFACE('',#702,0.33);
#528=CYLINDRICAL_SURFACE('',#704,0.33);
#529=CYLINDRICAL_SURFACE('',#706,0.33);
#530=CYLINDRICAL_SURFACE('',#709,1.6175);
#531=CYLINDRICAL_SURFACE('',#713,1.6175);
#532=CYLINDRICAL_SURFACE('',#717,0.35);
#533=CYLINDRICAL_SURFACE('',#719,0.35);
#534=CYLINDRICAL_SURFACE('',#721,0.35);
#535=CYLINDRICAL_SURFACE('',#723,0.35);
#536=ADVANCED_FACE('',(#479),#517,.F.);
#537=ADVANCED_FACE('',(#480),#27,.T.);
#538=ADVANCED_FACE('',(#481),#518,.F.);
#539=ADVANCED_FACE('',(#482),#28,.T.);
#540=ADVANCED_FACE('',(#483),#519,.F.);
#541=ADVANCED_FACE('',(#484),#29,.T.);
#542=ADVANCED_FACE('',(#485),#520,.F.);
#543=ADVANCED_FACE('',(#486),#30,.T.);
#544=ADVANCED_FACE('',(#487),#521,.T.);
#545=ADVANCED_FACE('',(#488),#31,.T.);
#546=ADVANCED_FACE('',(#489),#522,.T.);
#547=ADVANCED_FACE('',(#490),#32,.T.);
#548=ADVANCED_FACE('',(#491),#33,.T.);
#549=ADVANCED_FACE('',(#492),#523,.T.);
#550=ADVANCED_FACE('',(#493),#34,.T.);
#551=ADVANCED_FACE('',(#494),#524,.T.);
#552=ADVANCED_FACE('Face appearance 1',(#495,#496),#525,.T.);
#553=ADVANCED_FACE('',(#497),#526,.F.);
#554=ADVANCED_FACE('',(#498),#527,.F.);
#555=ADVANCED_FACE('',(#499),#528,.F.);
#556=ADVANCED_FACE('',(#500),#529,.F.);
#557=ADVANCED_FACE('',(#501,#502),#530,.F.);
#558=ADVANCED_FACE('',(#503,#504,#505,#506,#507,#508),#531,.T.);
#559=ADVANCED_FACE('',(#509),#532,.F.);
#560=ADVANCED_FACE('',(#510),#533,.F.);
#561=ADVANCED_FACE('',(#511),#534,.F.);
#562=ADVANCED_FACE('',(#512),#535,.F.);
#563=ADVANCED_FACE('',(#513),#35,.T.);
#564=ADVANCED_FACE('',(#514),#36,.T.);
#565=ADVANCED_FACE('',(#515),#37,.T.);
#566=ADVANCED_FACE('',(#516),#38,.T.);
#567=OPEN_SHELL('',(#536,#537,#538,#539,#540,#541,#542,#543));
#568=OPEN_SHELL('',(#544,#545,#546,#547,#548,#549,#550,#551));
#569=OPEN_SHELL('',(#552));
#570=OPEN_SHELL('',(#553,#554,#555,#556));
#571=OPEN_SHELL('',(#557));
#572=OPEN_SHELL('',(#558));
#573=OPEN_SHELL('',(#559,#560,#561,#562));
#574=OPEN_SHELL('',(#563,#564,#565,#566));
#575=STYLED_ITEM('',(#583),#645);
#576=STYLED_ITEM('',(#584),#646);
#577=STYLED_ITEM('',(#585),#647);
#578=STYLED_ITEM('',(#587),#648);
#579=STYLED_ITEM('',(#588),#649);
#580=STYLED_ITEM('',(#589),#650);
#581=STYLED_ITEM('',(#590),#651);
#582=STYLED_ITEM('',(#591),#652);
#583=PRESENTATION_STYLE_ASSIGNMENT((#592));
#584=PRESENTATION_STYLE_ASSIGNMENT((#593));
#585=PRESENTATION_STYLE_ASSIGNMENT((#594));
#586=PRESENTATION_STYLE_ASSIGNMENT((#595));
#587=PRESENTATION_STYLE_ASSIGNMENT((#596));
#588=PRESENTATION_STYLE_ASSIGNMENT((#597));
#589=PRESENTATION_STYLE_ASSIGNMENT((#598));
#590=PRESENTATION_STYLE_ASSIGNMENT((#599));
#591=PRESENTATION_STYLE_ASSIGNMENT((#600));
#592=SURFACE_STYLE_USAGE(.BOTH.,#601);
#593=SURFACE_STYLE_USAGE(.BOTH.,#602);
#594=SURFACE_STYLE_USAGE(.BOTH.,#603);
#595=SURFACE_STYLE_USAGE(.BOTH.,#604);
#596=SURFACE_STYLE_USAGE(.BOTH.,#605);
#597=SURFACE_STYLE_USAGE(.BOTH.,#606);
#598=SURFACE_STYLE_USAGE(.BOTH.,#607);
#599=SURFACE_STYLE_USAGE(.BOTH.,#608);
#600=SURFACE_STYLE_USAGE(.BOTH.,#609);
#601=SURFACE_SIDE_STYLE('',(#610));
#602=SURFACE_SIDE_STYLE('',(#611));
#603=SURFACE_SIDE_STYLE('',(#612));
#604=SURFACE_SIDE_STYLE('',(#613));
#605=SURFACE_SIDE_STYLE('',(#614));
#606=SURFACE_SIDE_STYLE('',(#615));
#607=SURFACE_SIDE_STYLE('',(#616));
#608=SURFACE_SIDE_STYLE('',(#617));
#609=SURFACE_SIDE_STYLE('',(#618));
#610=SURFACE_STYLE_FILL_AREA(#619);
#611=SURFACE_STYLE_FILL_AREA(#620);
#612=SURFACE_STYLE_FILL_AREA(#621);
#613=SURFACE_STYLE_FILL_AREA(#622);
#614=SURFACE_STYLE_FILL_AREA(#623);
#615=SURFACE_STYLE_FILL_AREA(#624);
#616=SURFACE_STYLE_FILL_AREA(#625);
#617=SURFACE_STYLE_FILL_AREA(#626);
#618=SURFACE_STYLE_FILL_AREA(#627);
#619=FILL_AREA_STYLE('',(#628));
#620=FILL_AREA_STYLE('',(#629));
#621=FILL_AREA_STYLE('',(#630));
#622=FILL_AREA_STYLE('',(#631));
#623=FILL_AREA_STYLE('',(#632));
#624=FILL_AREA_STYLE('',(#633));
#625=FILL_AREA_STYLE('',(#634));
#626=FILL_AREA_STYLE('',(#635));
#627=FILL_AREA_STYLE('',(#636));
#628=FILL_AREA_STYLE_COLOUR('',#637);
#629=FILL_AREA_STYLE_COLOUR('',#638);
#630=FILL_AREA_STYLE_COLOUR('',#639);
#631=FILL_AREA_STYLE_COLOUR('',#640);
#632=FILL_AREA_STYLE_COLOUR('',#641);
#633=FILL_AREA_STYLE_COLOUR('',#642);
#634=FILL_AREA_STYLE_COLOUR('',#643);
#635=FILL_AREA_STYLE_COLOUR('',#644);
#636=FILL_AREA_STYLE_COLOUR('',#643);
#637=COLOUR_RGB('',0.647058823529412,0.647058823529412,0.647058823529412);
#638=COLOUR_RGB('',0.615686274509804,0.811764705882353,0.929411764705882);
#639=COLOUR_RGB('',0.980392156862745,0.713725490196078,0.00392156862745098);
#640=COLOUR_RGB('',0.6,0.6,0.6);
#641=COLOUR_RGB('',0.917647058823529,0.917647058823529,0.917647058823529);
#642=COLOUR_RGB('',0.972549019607843,0.529411764705882,0.00392156862745098);
#643=COLOUR_RGB('',0.498039215686275,0.498039215686275,0.498039215686275);
#644=COLOUR_RGB('',0.231372549019608,0.380392156862745,0.705882352941177);
#645=SHELL_BASED_SURFACE_MODEL('opening_1',(#567));
#646=SHELL_BASED_SURFACE_MODEL('opening_0',(#568));
#647=SHELL_BASED_SURFACE_MODEL('skir_carbo_und',(#569));
#648=SHELL_BASED_SURFACE_MODEL('Surface 7',(#570));
#649=SHELL_BASED_SURFACE_MODEL('Surface 1',(#571));
#650=SHELL_BASED_SURFACE_MODEL('skir_carbo_mid',(#572));
#651=SHELL_BASED_SURFACE_MODEL('Surface 6',(#573));
#652=SHELL_BASED_SURFACE_MODEL('base_plate',(#574));
#653=SHAPE_DEFINITION_REPRESENTATION(#1915,#661);
#654=SHAPE_DEFINITION_REPRESENTATION(#1916,#662);
#655=SHAPE_DEFINITION_REPRESENTATION(#1917,#663);
#656=SHAPE_DEFINITION_REPRESENTATION(#1918,#664);
#657=SHAPE_DEFINITION_REPRESENTATION(#1919,#665);
#658=SHAPE_DEFINITION_REPRESENTATION(#1920,#666);
#659=SHAPE_DEFINITION_REPRESENTATION(#1921,#667);
#660=SHAPE_DEFINITION_REPRESENTATION(#1922,#668);
#661=SHAPE_REPRESENTATION('opening_1',(#669),#1875);
#662=SHAPE_REPRESENTATION('opening_0',(#682),#1876);
#663=SHAPE_REPRESENTATION('skir_carbo_und',(#695),#1877);
#664=SHAPE_REPRESENTATION('Surface 7',(#699),#1878);
#665=SHAPE_REPRESENTATION('Surface 1',(#708),#1879);
#666=SHAPE_REPRESENTATION('skir_carbo_mid',(#712),#1880);
#667=SHAPE_REPRESENTATION('Surface 6',(#716),#1881);
#668=SHAPE_REPRESENTATION('base_plate',(#725),#1882);
#669=AXIS2_PLACEMENT_3D('',#914,#736,#737);
#670=AXIS2_PLACEMENT_3D('',#915,#738,#739);
#671=AXIS2_PLACEMENT_3D('',#967,#742,#743);
#672=AXIS2_PLACEMENT_3D('',#968,#744,#745);
#673=AXIS2_PLACEMENT_3D('',#974,#749,#750);
#674=AXIS2_PLACEMENT_3D('',#1023,#752,#753);
#675=AXIS2_PLACEMENT_3D('',#1024,#754,#755);
#676=AXIS2_PLACEMENT_3D('',#1027,#758,#759);
#677=AXIS2_PLACEMENT_3D('',#1030,#761,#762);
#678=AXIS2_PLACEMENT_3D('',#1033,#764,#765);
#679=AXIS2_PLACEMENT_3D('',#1037,#768,#769);
#680=AXIS2_PLACEMENT_3D('',#1038,#770,#771);
#681=AXIS2_PLACEMENT_3D('',#1041,#773,#774);
#682=AXIS2_PLACEMENT_3D('',#1043,#776,#777);
#683=AXIS2_PLACEMENT_3D('',#1044,#778,#779);
#684=AXIS2_PLACEMENT_3D('',#1096,#782,#783);
#685=AXIS2_PLACEMENT_3D('',#1097,#784,#785);
#686=AXIS2_PLACEMENT_3D('',#1103,#789,#790);
#687=AXIS2_PLACEMENT_3D('',#1152,#792,#793);
#688=AXIS2_PLACEMENT_3D('',#1153,#794,#795);
#689=AXIS2_PLACEMENT_3D('',#1156,#798,#799);
#690=AXIS2_PLACEMENT_3D('',#1162,#803,#804);
#691=AXIS2_PLACEMENT_3D('',#1163,#805,#806);
#692=AXIS2_PLACEMENT_3D('',#1166,#808,#809);
#693=AXIS2_PLACEMENT_3D('',#1170,#812,#813);
#694=AXIS2_PLACEMENT_3D('',#1171,#814,#815);
#695=AXIS2_PLACEMENT_3D('',#1172,#816,#817);
#696=AXIS2_PLACEMENT_3D('',#1173,#818,#819);
#697=AXIS2_PLACEMENT_3D('',#1174,#820,#821);
#698=AXIS2_PLACEMENT_3D('',#1176,#822,#823);
#699=AXIS2_PLACEMENT_3D('',#1178,#824,#825);
#700=AXIS2_PLACEMENT_3D('',#1179,#826,#827);
#701=AXIS2_PLACEMENT_3D('',#1180,#828,#829);
#702=AXIS2_PLACEMENT_3D('',#1240,#832,#833);
#703=AXIS2_PLACEMENT_3D('',#1243,#835,#836);
#704=AXIS2_PLACEMENT_3D('',#1246,#838,#839);
#705=AXIS2_PLACEMENT_3D('',#1299,#840,#841);
#706=AXIS2_PLACEMENT_3D('',#1300,#842,#843);
#707=AXIS2_PLACEMENT_3D('',#1301,#844,#845);
#708=AXIS2_PLACEMENT_3D('',#1302,#846,#847);
#709=AXIS2_PLACEMENT_3D('',#1303,#848,#849);
#710=AXIS2_PLACEMENT_3D('',#1304,#850,#851);
#711=AXIS2_PLACEMENT_3D('',#1306,#852,#853);
#712=AXIS2_PLACEMENT_3D('',#1308,#854,#855);
#713=AXIS2_PLACEMENT_3D('',#1309,#856,#857);
#714=AXIS2_PLACEMENT_3D('',#1511,#860,#861);
#715=AXIS2_PLACEMENT_3D('',#1513,#862,#863);
#716=AXIS2_PLACEMENT_3D('',#1719,#866,#867);
#717=AXIS2_PLACEMENT_3D('',#1720,#868,#869);
#718=AXIS2_PLACEMENT_3D('',#1721,#870,#871);
#719=AXIS2_PLACEMENT_3D('',#1782,#874,#875);
#720=AXIS2_PLACEMENT_3D('',#1785,#877,#878);
#721=AXIS2_PLACEMENT_3D('',#1788,#880,#881);
#722=AXIS2_PLACEMENT_3D('',#1843,#882,#883);
#723=AXIS2_PLACEMENT_3D('',#1844,#884,#885);
#724=AXIS2_PLACEMENT_3D('',#1845,#886,#887);
#725=AXIS2_PLACEMENT_3D('',#1846,#888,#889);
#726=AXIS2_PLACEMENT_3D('',#1847,#890,#891);
#727=AXIS2_PLACEMENT_3D('',#1848,#892,#893);
#728=AXIS2_PLACEMENT_3D('',#1853,#895,#896);
#729=AXIS2_PLACEMENT_3D('',#1856,#898,#899);
#730=AXIS2_PLACEMENT_3D('',#1859,#901,#902);
#731=AXIS2_PLACEMENT_3D('',#1862,#904,#905);
#732=AXIS2_PLACEMENT_3D('',#1863,#906,#907);
#733=AXIS2_PLACEMENT_3D('',#1864,#908,#909);
#734=AXIS2_PLACEMENT_3D('',#1865,#910,#911);
#735=AXIS2_PLACEMENT_3D('',#1866,#912,#913);
#736=DIRECTION('',(0.,0.,1.));
#737=DIRECTION('',(1.,0.,0.));
#738=DIRECTION('',(0.,-1.,0.));
#739=DIRECTION('',(-1.,0.,0.));
#740=DIRECTION('',(0.,-1.,0.));
#741=DIRECTION('',(0.,-1.,0.));
#742=DIRECTION('',(0.,1.,0.));
#743=DIRECTION('',(1.,0.,-2.01858731750028E-15));
#744=DIRECTION('',(1.,0.,-2.4671622769448E-16));
#745=DIRECTION('',(-2.4671622769448E-16,0.,-1.));
#746=DIRECTION('',(0.,0.,1.));
#747=DIRECTION('',(0.,-1.,0.));
#748=DIRECTION('',(-2.4671622769448E-16,0.,-1.));
#749=DIRECTION('',(0.,-1.,0.));
#750=DIRECTION('',(-1.,0.,0.));
#751=DIRECTION('',(0.,-1.,0.));
#752=DIRECTION('',(0.,1.,0.));
#753=DIRECTION('',(-1.,0.,1.00929365875014E-15));
#754=DIRECTION('',(-1.,0.,0.));
#755=DIRECTION('',(0.,1.,0.));
#756=DIRECTION('',(0.,0.,1.));
#757=DIRECTION('',(0.,0.,-1.));
#758=DIRECTION('',(0.,-1.,0.));
#759=DIRECTION('',(-1.,0.,0.));
#760=DIRECTION('',(0.,-1.,0.));
#761=DIRECTION('',(0.,1.,0.));
#762=DIRECTION('',(-1.,0.,1.00929365875014E-15));
#763=DIRECTION('',(0.,-1.,0.));
#764=DIRECTION('',(-1.,0.,0.));
#765=DIRECTION('',(0.,1.,0.));
#766=DIRECTION('',(0.,0.,-1.));
#767=DIRECTION('',(0.,-1.,0.));
#768=DIRECTION('',(0.,-1.,0.));
#769=DIRECTION('',(-1.,0.,0.));
#770=DIRECTION('',(0.,1.,0.));
#771=DIRECTION('',(1.,0.,-2.01858731750028E-15));
#772=DIRECTION('',(0.,-1.,0.));
#773=DIRECTION('',(1.,0.,-2.4671622769448E-16));
#774=DIRECTION('',(-2.4671622769448E-16,0.,-1.));
#775=DIRECTION('',(-2.4671622769448E-16,0.,-1.));
#776=DIRECTION('',(0.,0.,1.));
#777=DIRECTION('',(1.,0.,0.));
#778=DIRECTION('',(0.,-1.,0.));
#779=DIRECTION('',(-1.,0.,0.));
#780=DIRECTION('',(0.,-1.,0.));
#781=DIRECTION('',(0.,-1.,0.));
#782=DIRECTION('',(0.,1.,0.));
#783=DIRECTION('',(1.,0.,-3.22973970800046E-15));
#784=DIRECTION('',(-1.,0.,0.));
#785=DIRECTION('',(0.,1.,0.));
#786=DIRECTION('',(0.,-1.,0.));
#787=DIRECTION('',(0.,0.,1.));
#788=DIRECTION('',(0.,0.,1.));
#789=DIRECTION('',(0.,-1.,0.));
#790=DIRECTION('',(-1.,0.,0.));
#791=DIRECTION('',(0.,-1.,0.));
#792=DIRECTION('',(0.,1.,0.));
#793=DIRECTION('',(-1.,0.,-3.22973970800046E-15));
#794=DIRECTION('',(1.,0.,0.));
#795=DIRECTION('',(0.,-1.,0.));
#796=DIRECTION('',(0.,0.,1.));
#797=DIRECTION('',(0.,0.,1.));
#798=DIRECTION('',(1.,0.,0.));
#799=DIRECTION('',(0.,-1.,0.));
#800=DIRECTION('',(0.,-1.,0.));
#801=DIRECTION('',(0.,0.,1.));
#802=DIRECTION('',(0.,-1.,0.));
#803=DIRECTION('',(0.,-1.,0.));
#804=DIRECTION('',(-1.,0.,0.));
#805=DIRECTION('',(0.,1.,0.));
#806=DIRECTION('',(-1.,0.,-3.22973970800046E-15));
#807=DIRECTION('',(0.,-1.,0.));
#808=DIRECTION('',(-1.,0.,0.));
#809=DIRECTION('',(0.,1.,0.));
#810=DIRECTION('',(0.,0.,1.));
#811=DIRECTION('',(0.,-1.,0.));
#812=DIRECTION('',(0.,-1.,0.));
#813=DIRECTION('',(-1.,0.,0.));
#814=DIRECTION('',(0.,1.,0.));
#815=DIRECTION('',(1.,0.,-3.22973970800046E-15));
#816=DIRECTION('',(0.,0.,1.));
#817=DIRECTION('',(1.,0.,0.));
#818=DIRECTION('',(8.32688846403401E-16,2.9582283945788E-31,-1.));
#819=DIRECTION('',(-1.,0.,-8.32688846403401E-16));
#820=DIRECTION('',(8.32688846403401E-16,2.9582283945788E-31,-1.));
#821=DIRECTION('',(-1.,2.4632837892796E-46,-8.32688846403401E-16));
#822=DIRECTION('',(1.08468374467891E-30,2.33363072919793E-61,-1.));
#823=DIRECTION('',(-1.,0.,-1.08468374467891E-30));
#824=DIRECTION('',(0.,0.,1.));
#825=DIRECTION('',(1.,0.,0.));
#826=DIRECTION('',(1.,5.88903280134492E-17,-2.22032253414604E-16));
#827=DIRECTION('',(-2.22032253414604E-16,0.,-1.));
#828=DIRECTION('',(-1.,-5.88903280134492E-17,2.22032253414604E-16));
#829=DIRECTION('',(0.,0.996940959238997,-0.0781583251588058));
#830=DIRECTION('',(1.,5.88903280134492E-17,-2.22032253414604E-16));
#831=DIRECTION('',(1.,5.88903280134492E-17,-2.22032253414604E-16));
#832=DIRECTION('',(1.,5.88903280134492E-17,-2.22032253414604E-16));
#833=DIRECTION('',(-2.22032253414604E-16,0.,-1.));
#834=DIRECTION('',(1.,5.88903280134492E-17,-2.22032253414604E-16));
#835=DIRECTION('',(1.,5.88903280134492E-17,-2.22032253414604E-16));
#836=DIRECTION('',(-2.22032253414604E-16,0.,-1.));
#837=DIRECTION('',(1.,5.88903280134492E-17,-2.22032253414604E-16));
#838=DIRECTION('',(1.,5.88903280134492E-17,-2.22032253414604E-16));
#839=DIRECTION('',(-2.22032253414604E-16,0.,-1.));
#840=DIRECTION('',(1.,5.88903280134492E-17,-2.22032253414604E-16));
#841=DIRECTION('',(-2.22032253414604E-16,0.,-1.));
#842=DIRECTION('',(1.,5.88903280134492E-17,-2.22032253414604E-16));
#843=DIRECTION('',(-2.22032253414604E-16,0.,-1.));
#844=DIRECTION('',(-1.,-5.88903280134492E-17,2.22032253414604E-16));
#845=DIRECTION('',(0.,0.996940959238997,-0.0781583251588058));
#846=DIRECTION('',(0.,0.,1.));
#847=DIRECTION('',(1.,0.,0.));
#848=DIRECTION('',(0.,0.,1.));
#849=DIRECTION('',(0.,-1.,0.));
#850=DIRECTION('',(0.,0.,-1.));
#851=DIRECTION('',(0.,1.,0.));
#852=DIRECTION('',(0.,0.,1.));
#853=DIRECTION('',(0.,-1.,0.));
#854=DIRECTION('',(0.,0.,1.));
#855=DIRECTION('',(1.,0.,0.));
#856=DIRECTION('',(0.,0.,1.));
#857=DIRECTION('',(0.,-1.,0.));
#858=DIRECTION('',(0.,0.,1.));
#859=DIRECTION('',(0.,0.,1.));
#860=DIRECTION('',(1.08468374467891E-30,2.33363072919793E-61,-1.));
#861=DIRECTION('',(-1.,0.,-1.08468374467891E-30));
#862=DIRECTION('',(0.,0.,1.));
#863=DIRECTION('',(0.,-1.,0.));
#864=DIRECTION('',(0.,0.,1.));
#865=DIRECTION('',(0.,0.,1.));
#866=DIRECTION('',(0.,0.,1.));
#867=DIRECTION('',(1.,0.,0.));
#868=DIRECTION('',(-1.,-4.99857409153398E-17,-1.11712109989428E-16));
#869=DIRECTION('',(-1.11712109989428E-16,0.,1.));
#870=DIRECTION('',(1.,4.99857409153398E-17,1.11712109989428E-16));
#871=DIRECTION('',(0.,0.599777710069162,-0.800166669203481));
#872=DIRECTION('',(-1.,-4.99857409153398E-17,-1.11712109989428E-16));
#873=DIRECTION('',(-1.,-4.99857409153398E-17,-1.11712109989428E-16));
#874=DIRECTION('',(-1.,-4.99857409153398E-17,-1.11712109989428E-16));
#875=DIRECTION('',(-1.11712109989428E-16,0.,1.));
#876=DIRECTION('',(-1.,-4.99857409153398E-17,-1.11712109989428E-16));
#877=DIRECTION('',(1.,4.99857409153398E-17,1.11712109989428E-16));
#878=DIRECTION('',(0.,0.599777710069162,-0.800166669203481));
#879=DIRECTION('',(-1.,-4.99857409153398E-17,-1.11712109989428E-16));
#880=DIRECTION('',(-1.,-4.99857409153398E-17,-1.11712109989428E-16));
#881=DIRECTION('',(-1.11712109989428E-16,0.,1.));
#882=DIRECTION('',(1.,4.99857409153398E-17,1.11712109989428E-16));
#883=DIRECTION('',(0.,0.599777710069162,-0.800166669203481));
#884=DIRECTION('',(-1.,-4.99857409153398E-17,-1.11712109989428E-16));
#885=DIRECTION('',(-1.11712109989428E-16,0.,1.));
#886=DIRECTION('',(1.,4.99857409153398E-17,1.11712109989428E-16));
#887=DIRECTION('',(0.,0.599777710069162,-0.800166669203481));
#888=DIRECTION('',(0.,0.,1.));
#889=DIRECTION('',(1.,0.,0.));
#890=DIRECTION('',(-8.32688846403401E-16,-2.9582283945788E-31,1.));
#891=DIRECTION('',(1.,0.,8.32688846403401E-16));
#892=DIRECTION('',(8.32688846403401E-16,2.9582283945788E-31,-1.));
#893=DIRECTION('',(1.,2.49488320140485E-16,8.73209120491696E-16));
#894=DIRECTION('',(-1.,0.,-8.32688846403401E-16));
#895=DIRECTION('',(-8.32688846403401E-16,-2.9582283945788E-31,1.));
#896=DIRECTION('',(1.,0.,8.32688846403401E-16));
#897=DIRECTION('',(-1.,0.,-8.32688846403401E-16));
#898=DIRECTION('',(-8.32688846403401E-16,-2.9582283945788E-31,1.));
#899=DIRECTION('',(1.,0.,8.32688846403401E-16));
#900=DIRECTION('',(-1.,0.,-8.32688846403401E-16));
#901=DIRECTION('',(8.32688846403401E-16,2.9582283945788E-31,-1.));
#902=DIRECTION('',(1.,3.1720657846433E-16,7.93016446160826E-16));
#903=DIRECTION('',(-1.,0.,-8.32688846403401E-16));
#904=DIRECTION('',(-8.32688846403401E-16,-2.9582283945788E-31,1.));
#905=DIRECTION('',(1.,0.,8.32688846403401E-16));
#906=DIRECTION('',(-8.32688846403401E-16,-2.9582283945788E-31,1.));
#907=DIRECTION('',(1.,0.,8.32688846403401E-16));
#908=DIRECTION('',(8.32688846403401E-16,2.9582283945788E-31,-1.));
#909=DIRECTION('',(1.,3.1720657846433E-16,7.93016446160826E-16));
#910=DIRECTION('',(-8.32688846403401E-16,-2.9582283945788E-31,1.));
#911=DIRECTION('',(1.,0.,8.32688846403401E-16));
#912=DIRECTION('',(8.32688846403401E-16,2.9582283945788E-31,-1.));
#913=DIRECTION('',(1.,2.49488320140485E-16,8.73209120491696E-16));
#914=CARTESIAN_POINT('',(0.,0.,0.));
#915=CARTESIAN_POINT('',(-9.99200722162641E-16,1.7,-0.41));
#916=CARTESIAN_POINT('',(0.275,1.7,-0.41));
#917=CARTESIAN_POINT('',(0.275,1.5939514578556,-0.41));
#918=CARTESIAN_POINT('',(0.275,1.5,-0.41));
#919=CARTESIAN_POINT('',(0.275,1.5939514578556,-0.41));
#920=CARTESIAN_POINT('',(0.275,1.5939514578556,-0.419100494605627));
#921=CARTESIAN_POINT('',(0.274099465612971,1.59410721282327,-0.437143598303817));
#922=CARTESIAN_POINT('',(0.270138681653359,1.59478535212058,-0.463763755249893));
#923=CARTESIAN_POINT('',(0.26469020975175,1.59569991566905,-0.485549367409807));
#924=CARTESIAN_POINT('',(0.258987881331082,1.59663357233217,-0.502801857135671));
#925=CARTESIAN_POINT('',(0.252466023962346,1.59768200634364,-0.519672538999886));
#926=CARTESIAN_POINT('',(0.242867004830813,1.59917987556095,-0.53992496672888));
#927=CARTESIAN_POINT('',(0.231357427668215,1.60088261616551,-0.559129398163026));
#928=CARTESIAN_POINT('',(0.221003047025698,1.60233770162799,-0.573841633879936));
#929=CARTESIAN_POINT('',(0.209834604143636,1.60384960482778,-0.588151942280971));
#930=CARTESIAN_POINT('',(0.19474434873746,1.60577169513936,-0.604780438883301));
#931=CARTESIAN_POINT('',(0.174878213632406,1.60806358427876,-0.622796115339384));
#932=CARTESIAN_POINT('',(0.156866568260558,1.6099069065568,-0.636189321200866));
#933=CARTESIAN_POINT('',(0.141527399811127,1.61131060181738,-0.645916415399301));
#934=CARTESIAN_POINT('',(0.125859095768847,1.61262997614332,-0.654796982397427));
#935=CARTESIAN_POINT('',(0.105617003566611,1.61411191354943,-0.664381869478925));
#936=CARTESIAN_POINT('',(0.0845212546010672,1.6153306434361,-0.671959803802701));
#937=CARTESIAN_POINT('',(0.0671189661420768,1.61612487664968,-0.676799473333341));
#938=CARTESIAN_POINT('',(0.0493601593217099,1.61678955922026,-0.680800381395567));
#939=CARTESIAN_POINT('',(0.0271160174751569,1.61734656134603,-0.684099315034725));
#940=CARTESIAN_POINT('',(0.00471664804617451,1.61753683535507,-0.685216369522319));
#941=CARTESIAN_POINT('',(-0.0132751265471904,1.61746434214427,-0.684790425125922));
#942=CARTESIAN_POINT('',(-0.0268200165117847,1.61729664029005,-0.683802328298887));
#943=CARTESIAN_POINT('',(-0.040368658822044,1.61701482228837,-0.682134091195883));
#944=CARTESIAN_POINT('',(-0.0581264880785413,1.61649752677548,-0.679049806864194));
#945=CARTESIAN_POINT('',(-0.079885135862222,1.61559443456694,-0.673596842900823));
#946=CARTESIAN_POINT('',(-0.105239896962186,1.61413811651186,-0.664549466108017));
#947=CARTESIAN_POINT('',(-0.129923160456785,1.61233330620636,-0.652879643570458));
#948=CARTESIAN_POINT('',(-0.152976970154604,1.61030154187093,-0.639045974350791));
#949=CARTESIAN_POINT('',(-0.170958680408108,1.60846624497296,-0.625728450055895));
#950=CARTESIAN_POINT('',(-0.184573112722697,1.60694525968399,-0.614007111482794));
#951=CARTESIAN_POINT('',(-0.19442856504028,1.60578176129291,-0.604638418571579));
#952=CARTESIAN_POINT('',(-0.203766251628286,1.60462249803057,-0.594837580154963));
#953=CARTESIAN_POINT('',(-0.215488093336378,1.60310000021274,-0.581260754432767));
#954=CARTESIAN_POINT('',(-0.228821234397351,1.60125659627771,-0.563313729565438));
#955=CARTESIAN_POINT('',(-0.240384506725447,1.59954788805968,-0.544103728003883));
#956=CARTESIAN_POINT('',(-0.248573348832284,1.59828944966136,-0.527890031229874));
#957=CARTESIAN_POINT('',(-0.255904618846795,1.59713526292356,-0.511388282655976));
#958=CARTESIAN_POINT('',(-0.263475047454846,1.59590342193612,-0.490288380265727));
#959=CARTESIAN_POINT('',(-0.268958948146466,1.59498353341195,-0.468546540413995));
#960=CARTESIAN_POINT('',(-0.272073843190831,1.59445397519291,-0.450774286398792));
#961=CARTESIAN_POINT('',(-0.27432513566162,1.59406822491105,-0.43270864548365));
#962=CARTESIAN_POINT('',(-0.275,1.5939514578556,-0.419100504239744));
#963=CARTESIAN_POINT('',(-0.275,1.5939514578556,-0.41));
#964=CARTESIAN_POINT('',(-0.275,1.5939514578556,-0.41));
#965=CARTESIAN_POINT('',(-0.275,1.7,-0.41));
#966=CARTESIAN_POINT('',(-0.275,1.5,-0.41));
#967=CARTESIAN_POINT('',(-9.99200722162641E-16,1.5,-0.41));
#968=CARTESIAN_POINT('',(-0.275,1.7,-0.185));
#969=CARTESIAN_POINT('',(-0.275,1.5939514578556,-7.385));
#970=CARTESIAN_POINT('',(-0.275,1.5939514578556,0.04));
#971=CARTESIAN_POINT('',(-0.275,1.7,0.04));
#972=CARTESIAN_POINT('',(-0.275,1.5,0.04));
#973=CARTESIAN_POINT('',(-0.275,1.5,-0.185));
#974=CARTESIAN_POINT('',(-9.29811783123569E-16,1.7,0.04));
#975=CARTESIAN_POINT('',(-0.275,1.5939514578556,0.04));
#976=CARTESIAN_POINT('',(-0.275,1.5939514578556,0.0491004946056275));
#977=CARTESIAN_POINT('',(-0.274099465612974,1.59410721282327,0.0671435983038174));
#978=CARTESIAN_POINT('',(-0.270138681653361,1.59478535212058,0.0937637552498935));
#979=CARTESIAN_POINT('',(-0.264690209751752,1.59569991566904,0.115549367409807));
#980=CARTESIAN_POINT('',(-0.258987881331084,1.59663357233216,0.132801857135671));
#981=CARTESIAN_POINT('',(-0.252466023962348,1.59768200634364,0.149672538999886));
#982=CARTESIAN_POINT('',(-0.242867004830815,1.59917987556095,0.16992496672888));
#983=CARTESIAN_POINT('',(-0.231357427668217,1.60088261616551,0.189129398163026));
#984=CARTESIAN_POINT('',(-0.2210030470257,1.60233770162799,0.203841633879936));
#985=CARTESIAN_POINT('',(-0.209834604143637,1.60384960482778,0.218151942280971));
#986=CARTESIAN_POINT('',(-0.194744348737462,1.60577169513935,0.234780438883301));
#987=CARTESIAN_POINT('',(-0.174878213632407,1.60806358427876,0.252796115339384));
#988=CARTESIAN_POINT('',(-0.15686656826056,1.60990690655679,0.266189321200866));
#989=CARTESIAN_POINT('',(-0.141527399811129,1.61131060181738,0.275916415399301));
#990=CARTESIAN_POINT('',(-0.125859095768849,1.61262997614331,0.284796982397427));
#991=CARTESIAN_POINT('',(-0.105617003566613,1.61411191354943,0.294381869478925));
#992=CARTESIAN_POINT('',(-0.0845212546010697,1.6153306434361,0.301959803802701));
#993=CARTESIAN_POINT('',(-0.0671189661420784,1.61612487664968,0.306799473333341));
#994=CARTESIAN_POINT('',(-0.0493601593217115,1.61678955922026,0.310800381395567));
#995=CARTESIAN_POINT('',(-0.0271160174751585,1.61734656134603,0.314099315034725));
#996=CARTESIAN_POINT('',(-0.00471664804617659,1.61753683535507,0.315216369522319));
#997=CARTESIAN_POINT('',(0.0132751265471889,1.61746434214427,0.314790425125922));
#998=CARTESIAN_POINT('',(0.0268200165117821,1.61729664029005,0.313802328298887));
#999=CARTESIAN_POINT('',(0.0403686588220424,1.61701482228837,0.312134091195883));
#1000=CARTESIAN_POINT('',(0.0581264880785395,1.61649752677548,0.309049806864193));
#1001=CARTESIAN_POINT('',(0.0798851358622203,1.61559443456694,0.303596842900823));
#1002=CARTESIAN_POINT('',(0.105239896962184,1.61413811651186,0.294549466108017));
#1003=CARTESIAN_POINT('',(0.129923160456783,1.61233330620636,0.282879643570458));
#1004=CARTESIAN_POINT('',(0.152976970154602,1.61030154187093,0.269045974350791));
#1005=CARTESIAN_POINT('',(0.170958680408106,1.60846624497296,0.255728450055895));
#1006=CARTESIAN_POINT('',(0.184573112722695,1.60694525968399,0.244007111482793));
#1007=CARTESIAN_POINT('',(0.194428565040278,1.60578176129291,0.234638418571579));
#1008=CARTESIAN_POINT('',(0.203766251628284,1.60462249803057,0.224837580154963));
#1009=CARTESIAN_POINT('',(0.215488093336377,1.60310000021274,0.211260754432767));
#1010=CARTESIAN_POINT('',(0.228821234397348,1.60125659627771,0.193313729565439));
#1011=CARTESIAN_POINT('',(0.240384506725446,1.59954788805968,0.174103728003882));
#1012=CARTESIAN_POINT('',(0.248573348832282,1.59828944966136,0.157890031229873));
#1013=CARTESIAN_POINT('',(0.255904618846793,1.59713526292357,0.141388282655975));
#1014=CARTESIAN_POINT('',(0.263475047454844,1.59590342193612,0.120288380265727));
#1015=CARTESIAN_POINT('',(0.268958948146465,1.59498353341195,0.0985465404139945));
#1016=CARTESIAN_POINT('',(0.272073843190829,1.59445397519292,0.0807742863987913));
#1017=CARTESIAN_POINT('',(0.274325135661618,1.59406822491106,0.0627086454836491));
#1018=CARTESIAN_POINT('',(0.275,1.59395145785561,0.0491005042397431));
#1019=CARTESIAN_POINT('',(0.275,1.59395145785561,0.0399999999999994));
#1020=CARTESIAN_POINT('',(0.275,1.5939514578556,0.0399999999999995));
#1021=CARTESIAN_POINT('',(0.275,1.7,0.0399999999999995));
#1022=CARTESIAN_POINT('',(0.275,1.5,0.0399999999999995));
#1023=CARTESIAN_POINT('',(-9.29811783123569E-16,1.5,0.04));
#1024=CARTESIAN_POINT('',(0.275,1.7,-0.185));
#1025=CARTESIAN_POINT('',(0.275,1.5939514578556,-7.385));
#1026=CARTESIAN_POINT('',(0.275,1.5,-0.185));
#1027=CARTESIAN_POINT('',(-9.29811783123569E-16,1.7,0.04));
#1028=CARTESIAN_POINT('',(-0.275,1.7,0.04));
#1029=CARTESIAN_POINT('',(-0.275,1.7,0.04));
#1030=CARTESIAN_POINT('',(-9.29811783123569E-16,1.7,0.04));
#1031=CARTESIAN_POINT('',(0.275,1.7,0.0399999999999995));
#1032=CARTESIAN_POINT('',(0.275,1.7,0.0399999999999995));
#1033=CARTESIAN_POINT('',(0.275,1.7,-0.185));
#1034=CARTESIAN_POINT('',(0.275,1.7,-0.185));
#1035=CARTESIAN_POINT('',(0.275,1.7,-0.41));
#1036=CARTESIAN_POINT('',(0.275,1.7,-0.41));
#1037=CARTESIAN_POINT('',(-9.99200722162641E-16,1.7,-0.41));
#1038=CARTESIAN_POINT('',(-9.99200722162641E-16,1.7,-0.41));
#1039=CARTESIAN_POINT('',(-0.275,1.7,-0.41));
#1040=CARTESIAN_POINT('',(-0.275,1.7,-0.41));
#1041=CARTESIAN_POINT('',(-0.275,1.7,-0.185));
#1042=CARTESIAN_POINT('',(-0.275,1.7,-0.185));
#1043=CARTESIAN_POINT('',(0.,0.,0.));
#1044=CARTESIAN_POINT('',(1.79023462720806E-15,1.7,-5.81));
#1045=CARTESIAN_POINT('',(-0.275,1.7,-5.81));
#1046=CARTESIAN_POINT('',(-0.275,1.5939514578556,-5.81));
#1047=CARTESIAN_POINT('',(-0.275,1.5,-5.81));
#1048=CARTESIAN_POINT('',(-0.275,1.5939514578556,-5.81));
#1049=CARTESIAN_POINT('',(-0.275,1.5939514578556,-5.81910049460563));
#1050=CARTESIAN_POINT('',(-0.27409946561297,1.59410721282327,-5.83714359830381));
#1051=CARTESIAN_POINT('',(-0.270138681653358,1.59478535212058,-5.86376375524989));
#1052=CARTESIAN_POINT('',(-0.264690209751749,1.59569991566904,-5.88554936740981));
#1053=CARTESIAN_POINT('',(-0.258987881331081,1.59663357233216,-5.90280185713567));
#1054=CARTESIAN_POINT('',(-0.252466023962345,1.59768200634364,-5.91967253899988));
#1055=CARTESIAN_POINT('',(-0.242867004830813,1.59917987556095,-5.93992496672888));
#1056=CARTESIAN_POINT('',(-0.231357427668213,1.60088261616551,-5.95912939816302));
#1057=CARTESIAN_POINT('',(-0.221003047025697,1.60233770162799,-5.97384163387994));
#1058=CARTESIAN_POINT('',(-0.209834604143634,1.60384960482778,-5.98815194228097));
#1059=CARTESIAN_POINT('',(-0.19474434873746,1.60577169513935,-6.0047804388833));
#1060=CARTESIAN_POINT('',(-0.174878213632404,1.60806358427876,-6.02279611533938));
#1061=CARTESIAN_POINT('',(-0.156866568260558,1.60990690655679,-6.03618932120086));
#1062=CARTESIAN_POINT('',(-0.141527399811126,1.61131060181738,-6.0459164153993));
#1063=CARTESIAN_POINT('',(-0.125859095768846,1.61262997614331,-6.05479698239743));
#1064=CARTESIAN_POINT('',(-0.10561700356661,1.61411191354943,-6.06438186947892));
#1065=CARTESIAN_POINT('',(-0.0845212546010663,1.6153306434361,-6.0719598038027));
#1066=CARTESIAN_POINT('',(-0.067118966142075,1.61612487664968,-6.07679947333334));
#1067=CARTESIAN_POINT('',(-0.0493601593217101,1.61678955922026,-6.08080038139556));
#1068=CARTESIAN_POINT('',(-0.0271160174751563,1.61734656134603,-6.08409931503473));
#1069=CARTESIAN_POINT('',(-0.00471664804617395,1.61753683535507,-6.08521636952232));
#1070=CARTESIAN_POINT('',(0.013275126547191,1.61746434214427,-6.08479042512592));
#1071=CARTESIAN_POINT('',(0.0268200165117848,1.61729664029005,-6.08380232829889));
#1072=CARTESIAN_POINT('',(0.0403686588220449,1.61701482228837,-6.08213409119588));
#1073=CARTESIAN_POINT('',(0.0581264880785428,1.61649752677548,-6.07904980686419));
#1074=CARTESIAN_POINT('',(0.0798851358622224,1.61559443456694,-6.07359684290082));
#1075=CARTESIAN_POINT('',(0.105239896962188,1.61413811651186,-6.06454946610802));
#1076=CARTESIAN_POINT('',(0.129923160456786,1.61233330620636,-6.05287964357046));
#1077=CARTESIAN_POINT('',(0.152976970154605,1.61030154187093,-6.03904597435079));
#1078=CARTESIAN_POINT('',(0.170958680408109,1.60846624497296,-6.02572845005589));
#1079=CARTESIAN_POINT('',(0.184573112722698,1.60694525968399,-6.01400711148279));
#1080=CARTESIAN_POINT('',(0.194428565040281,1.60578176129291,-6.00463841857158));
#1081=CARTESIAN_POINT('',(0.203766251628287,1.60462249803057,-5.99483758015496));
#1082=CARTESIAN_POINT('',(0.215488093336379,1.60310000021274,-5.98126075443277));
#1083=CARTESIAN_POINT('',(0.228821234397351,1.60125659627771,-5.96331372956544));
#1084=CARTESIAN_POINT('',(0.240384506725449,1.59954788805968,-5.94410372800388));
#1085=CARTESIAN_POINT('',(0.248573348832284,1.59828944966137,-5.92789003122987));
#1086=CARTESIAN_POINT('',(0.255904618846796,1.59713526292357,-5.91138828265597));
#1087=CARTESIAN_POINT('',(0.263475047454846,1.59590342193612,-5.89028838026573));
#1088=CARTESIAN_POINT('',(0.268958948146467,1.59498353341195,-5.86854654041399));
#1089=CARTESIAN_POINT('',(0.272073843190832,1.59445397519291,-5.85077428639879));
#1090=CARTESIAN_POINT('',(0.274325135661621,1.59406822491106,-5.83270864548365));
#1091=CARTESIAN_POINT('',(0.275,1.5939514578556,-5.81910050423974));
#1092=CARTESIAN_POINT('',(0.275,1.5939514578556,-5.81));
#1093=CARTESIAN_POINT('',(0.275,1.5939514578556,-5.81));
#1094=CARTESIAN_POINT('',(0.275,1.7,-5.81));
#1095=CARTESIAN_POINT('',(0.275,1.5,-5.81));
#1096=CARTESIAN_POINT('',(1.79023462720806E-15,1.5,-5.81));
#1097=CARTESIAN_POINT('',(-0.275,1.7,-5.585));
#1098=CARTESIAN_POINT('',(-0.275,1.7,-5.36));
#1099=CARTESIAN_POINT('',(-0.275,1.5939514578556,-5.36));
#1100=CARTESIAN_POINT('',(-0.275,1.5,-5.36));
#1101=CARTESIAN_POINT('',(-0.275,1.5939514578556,-7.385));
#1102=CARTESIAN_POINT('',(-0.275,1.5,-5.585));
#1103=CARTESIAN_POINT('',(1.6375789613221E-15,1.7,-5.36));
#1104=CARTESIAN_POINT('',(0.275,1.7,-5.36));
#1105=CARTESIAN_POINT('',(0.275,1.5939514578556,-5.36));
#1106=CARTESIAN_POINT('',(0.275,1.5,-5.36));
#1107=CARTESIAN_POINT('',(0.275,1.59395145785561,-5.36));
#1108=CARTESIAN_POINT('',(0.275,1.59395145785561,-5.35089950539437));
#1109=CARTESIAN_POINT('',(0.274099465612975,1.59410721282327,-5.33285640169618));
#1110=CARTESIAN_POINT('',(0.270138681653361,1.59478535212058,-5.30623624475011));
#1111=CARTESIAN_POINT('',(0.264690209751752,1.59569991566904,-5.28445063259019));
#1112=CARTESIAN_POINT('',(0.258987881331085,1.59663357233217,-5.26719814286433));
#1113=CARTESIAN_POINT('',(0.252466023962349,1.59768200634364,-5.25032746100011));
#1114=CARTESIAN_POINT('',(0.242867004830816,1.59917987556095,-5.23007503327112));
#1115=CARTESIAN_POINT('',(0.231357427668217,1.60088261616551,-5.21087060183697));
#1116=CARTESIAN_POINT('',(0.221003047025701,1.60233770162799,-5.19615836612007));
#1117=CARTESIAN_POINT('',(0.209834604143638,1.60384960482778,-5.18184805771903));
#1118=CARTESIAN_POINT('',(0.194744348737464,1.60577169513935,-5.1652195611167));
#1119=CARTESIAN_POINT('',(0.174878213632407,1.60806358427876,-5.14720388466062));
#1120=CARTESIAN_POINT('',(0.156866568260562,1.6099069065568,-5.13381067879914));
#1121=CARTESIAN_POINT('',(0.141527399811129,1.61131060181738,-5.1240835846007));
#1122=CARTESIAN_POINT('',(0.125859095768851,1.61262997614332,-5.11520301760257));
#1123=CARTESIAN_POINT('',(0.105617003566613,1.61411191354943,-5.10561813052108));
#1124=CARTESIAN_POINT('',(0.08452125460107,1.6153306434361,-5.0980401961973));
#1125=CARTESIAN_POINT('',(0.0671189661420781,1.61612487664968,-5.09320052666666));
#1126=CARTESIAN_POINT('',(0.0493601593217137,1.61678955922026,-5.08919961860443));
#1127=CARTESIAN_POINT('',(0.02711601747516,1.61734656134603,-5.08590068496528));
#1128=CARTESIAN_POINT('',(0.00471664804617737,1.61753683535507,-5.08478363047768));
#1129=CARTESIAN_POINT('',(-0.013275126547188,1.61746434214427,-5.08520957487408));
#1130=CARTESIAN_POINT('',(-0.0268200165117809,1.61729664029005,-5.08619767170111));
#1131=CARTESIAN_POINT('',(-0.040368658822042,1.61701482228837,-5.08786590880412));
#1132=CARTESIAN_POINT('',(-0.058126488078539,1.61649752677548,-5.09095019313581));
#1133=CARTESIAN_POINT('',(-0.0798851358622188,1.61559443456694,-5.09640315709918));
#1134=CARTESIAN_POINT('',(-0.105239896962184,1.61413811651186,-5.10545053389198));
#1135=CARTESIAN_POINT('',(-0.129923160456783,1.61233330620636,-5.11712035642954));
#1136=CARTESIAN_POINT('',(-0.1529769701546,1.61030154187093,-5.13095402564921));
#1137=CARTESIAN_POINT('',(-0.170958680408106,1.60846624497296,-5.14427154994411));
#1138=CARTESIAN_POINT('',(-0.184573112722695,1.60694525968399,-5.15599288851721));
#1139=CARTESIAN_POINT('',(-0.194428565040277,1.60578176129291,-5.16536158142842));
#1140=CARTESIAN_POINT('',(-0.203766251628283,1.60462249803057,-5.17516241984504));
#1141=CARTESIAN_POINT('',(-0.215488093336375,1.60310000021274,-5.18873924556723));
#1142=CARTESIAN_POINT('',(-0.228821234397347,1.60125659627771,-5.20668627043456));
#1143=CARTESIAN_POINT('',(-0.240384506725446,1.59954788805968,-5.22589627199612));
#1144=CARTESIAN_POINT('',(-0.248573348832281,1.59828944966136,-5.24210996877013));
#1145=CARTESIAN_POINT('',(-0.255904618846793,1.59713526292356,-5.25861171734403));
#1146=CARTESIAN_POINT('',(-0.263475047454843,1.59590342193612,-5.27971161973427));
#1147=CARTESIAN_POINT('',(-0.268958948146463,1.59498353341195,-5.301453459586));
#1148=CARTESIAN_POINT('',(-0.272073843190829,1.59445397519291,-5.31922571360121));
#1149=CARTESIAN_POINT('',(-0.274325135661617,1.59406822491105,-5.33729135451635));
#1150=CARTESIAN_POINT('',(-0.275,1.5939514578556,-5.35089949576026));
#1151=CARTESIAN_POINT('',(-0.275,1.5939514578556,-5.36));
#1152=CARTESIAN_POINT('',(1.6375789613221E-15,1.5,-5.36));
#1153=CARTESIAN_POINT('',(0.275,1.7,-5.585));
#1154=CARTESIAN_POINT('',(0.275,1.5939514578556,-7.385));
#1155=CARTESIAN_POINT('',(0.275,1.5,-5.585));
#1156=CARTESIAN_POINT('',(0.275,1.7,-5.585));
#1157=CARTESIAN_POINT('',(0.275,1.7,-5.81));
#1158=CARTESIAN_POINT('',(0.275,1.7,-5.81));
#1159=CARTESIAN_POINT('',(0.275,1.7,-5.585));
#1160=CARTESIAN_POINT('',(0.275,1.7,-5.36));
#1161=CARTESIAN_POINT('',(0.275,1.7,-5.36));
#1162=CARTESIAN_POINT('',(1.6375789613221E-15,1.7,-5.36));
#1163=CARTESIAN_POINT('',(1.6375789613221E-15,1.7,-5.36));
#1164=CARTESIAN_POINT('',(-0.275,1.7,-5.36));
#1165=CARTESIAN_POINT('',(-0.275,1.7,-5.36));
#1166=CARTESIAN_POINT('',(-0.275,1.7,-5.585));
#1167=CARTESIAN_POINT('',(-0.275,1.7,-5.585));
#1168=CARTESIAN_POINT('',(-0.275,1.7,-5.81));
#1169=CARTESIAN_POINT('',(-0.275,1.7,-5.81));
#1170=CARTESIAN_POINT('',(1.79023462720806E-15,1.7,-5.81));
#1171=CARTESIAN_POINT('',(1.79023462720806E-15,1.7,-5.81));
#1172=CARTESIAN_POINT('',(0.,0.,0.));
#1173=CARTESIAN_POINT('',(6.22936432853165E-15,-3.79392791604731E-31,1.2825));
#1174=CARTESIAN_POINT('',(6.22936432853165E-15,-3.79392791604731E-31,1.2825));
#1175=CARTESIAN_POINT('',(-1.61749999999999,-3.79392791604731E-31,1.2825));
#1176=CARTESIAN_POINT('',(6.57493019978906E-15,-2.56626313229711E-31,0.8675));
#1177=CARTESIAN_POINT('',(-1.61749999999999,-2.56626313229711E-31,0.8675));
#1178=CARTESIAN_POINT('',(0.,0.,0.));
#1179=CARTESIAN_POINT('',(-1.66,-1.01233045847821E-16,0.285));
#1180=CARTESIAN_POINT('',(-1.66,-1.01233045847821E-16,0.285));
#1181=CARTESIAN_POINT('',(-1.66,2.81621341675855E-18,-0.045));
#1182=CARTESIAN_POINT('',(-1.66,2.81621341675857E-18,0.615));
#1183=CARTESIAN_POINT('',(-1.66,0.,0.615));
#1184=CARTESIAN_POINT('',(-1.6175,2.50289211062163E-18,0.615));
#1185=CARTESIAN_POINT('',(-1.6175,-9.87302069072488E-17,-0.045));
#1186=CARTESIAN_POINT('',(-1.6175,-0.0109328389596666,-0.045));
#1187=CARTESIAN_POINT('',(-1.61727852291781,-0.0326071909948193,-0.0439169520640685));
#1188=CARTESIAN_POINT('',(-1.61631382585256,-0.0645802601304617,-0.0391546344302484));
#1189=CARTESIAN_POINT('',(-1.61501135810373,-0.0907430962779615,-0.0326048800544259));
#1190=CARTESIAN_POINT('',(-1.61367973560391,-0.111460180334898,-0.0257504542971879));
#1191=CARTESIAN_POINT('',(-1.61218395586581,-0.131703892858424,-0.0179171775247041));
#1192=CARTESIAN_POINT('',(-1.6104713218307,-0.151147069453571,-0.00869389384078307));
#1193=CARTESIAN_POINT('',(-1.60857957721462,-0.16983058781136,0.00190244382171243));
#1194=CARTESIAN_POINT('',(-1.60708094717395,-0.183460976763257,0.0105388540411239));
#1195=CARTESIAN_POINT('',(-1.60551334740513,-0.196700407962793,0.0198634440736265));
#1196=CARTESIAN_POINT('',(-1.60333915602062,-0.213861395290865,0.0332661217075893));
#1197=CARTESIAN_POINT('',(-1.60056998130376,-0.233789704499089,0.0513618543024175));
#1198=CARTESIAN_POINT('',(-1.59780741981642,-0.25179295897993,0.0712194810027916));
#1199=CARTESIAN_POINT('',(-1.59564871655165,-0.26503435087953,0.0881656449165923));
#1200=CARTESIAN_POINT('',(-1.59406731444052,-0.274378991827373,0.101411491044867));
#1201=CARTESIAN_POINT('',(-1.59253551936089,-0.283127161554392,0.115213535303068));
#1202=CARTESIAN_POINT('',(-1.59109410538217,-0.29111120622156,0.129304240110323));
#1203=CARTESIAN_POINT('',(-1.58974727590204,-0.298372685777471,0.143718765886159));
#1204=CARTESIAN_POINT('',(-1.5885053434407,-0.304910114732665,0.158444408873524));
#1205=CARTESIAN_POINT('',(-1.58737686328692,-0.310726916355502,0.173484633730864));
#1206=CARTESIAN_POINT('',(-1.58637107427131,-0.315817613506643,0.188839724430457));
#1207=CARTESIAN_POINT('',(-1.58549660395695,-0.320175396351397,0.204520075518509));
#1208=CARTESIAN_POINT('',(-1.58452089121917,-0.324974560313528,0.225843710061487));
#1209=CARTESIAN_POINT('',(-1.58370287052719,-0.328928887571876,0.252550834343015));
#1210=CARTESIAN_POINT('',(-1.58342441359419,-0.330262321025327,0.279458482223544));
#1211=CARTESIAN_POINT('',(-1.58353297731672,-0.329741967683436,0.30107421392614));
#1212=CARTESIAN_POINT('',(-1.58378172345084,-0.328546118390278,0.317357159588404));
#1213=CARTESIAN_POINT('',(-1.58419809573536,-0.326534281980145,0.333622205939993));
#1214=CARTESIAN_POINT('',(-1.58496103524551,-0.322819158439939,0.354940867897209));
#1215=CARTESIAN_POINT('',(-1.58629068578044,-0.316256054422395,0.38106586973702));
#1216=CARTESIAN_POINT('',(-1.58807343734297,-0.30718278519778,0.406428983780684));
#1217=CARTESIAN_POINT('',(-1.58975149863865,-0.298351012581139,0.426335502573799));
#1218=CARTESIAN_POINT('',(-1.59156436677555,-0.288574101988388,0.445716362841409));
#1219=CARTESIAN_POINT('',(-1.59353838784575,-0.277501268279523,0.464148571272155));
#1220=CARTESIAN_POINT('',(-1.59563131992284,-0.265138643630814,0.481692720787065));
#1221=CARTESIAN_POINT('',(-1.59724911003294,-0.255220036011833,0.494402504977104));
#1222=CARTESIAN_POINT('',(-1.59890239572331,-0.244659086106643,0.506653168843418));
#1223=CARTESIAN_POINT('',(-1.60058543399353,-0.233404599642843,0.518475404922777));
#1224=CARTESIAN_POINT('',(-1.60225493739973,-0.221662024675759,0.529648543182092));
#1225=CARTESIAN_POINT('',(-1.60444618021646,-0.20537782556612,0.543692413220694));
#1226=CARTESIAN_POINT('',(-1.60709298054974,-0.183846681424491,0.559672485221176));
#1227=CARTESIAN_POINT('',(-1.60954123672476,-0.160769874714155,0.573548386695617));
#1228=CARTESIAN_POINT('',(-1.6113394824086,-0.141295616855394,0.583369541980744));
#1229=CARTESIAN_POINT('',(-1.6125722803648,-0.126458775991678,0.589951480193863));
#1230=CARTESIAN_POINT('',(-1.61368460202938,-0.111380563069505,0.59577522881783));
#1231=CARTESIAN_POINT('',(-1.61466935553715,-0.0960664454984928,0.600844751051207));
#1232=CARTESIAN_POINT('',(-1.61552020060439,-0.0805159573700218,0.605162794629927));
#1233=CARTESIAN_POINT('',(-1.61623051553427,-0.0647264981630196,0.608725239105046));
#1234=CARTESIAN_POINT('',(-1.6167937584989,-0.0486998715203284,0.611523602545546));
#1235=CARTESIAN_POINT('',(-1.61733879123478,-0.0269828043188431,0.614212015337165));
#1236=CARTESIAN_POINT('',(-1.61749999999999,-0.0107843687029789,0.615));
#1237=CARTESIAN_POINT('',(-1.61749999999999,-3.62578367413583E-18,0.615));
#1238=CARTESIAN_POINT('',(-1.6175,-9.87302069072488E-17,-0.045));
#1239=CARTESIAN_POINT('',(-1.66,0.,-0.045));
#1240=CARTESIAN_POINT('',(-1.66,-1.01233045847821E-16,0.285));
#1241=CARTESIAN_POINT('',(-1.66,0.,0.615));
#1242=CARTESIAN_POINT('',(-1.54,4.78483915109295E-18,0.615));
#1243=CARTESIAN_POINT('',(-1.54,-9.41662064862068E-17,0.285));
#1244=CARTESIAN_POINT('',(-1.54,-9.41662064862068E-17,-0.045));
#1245=CARTESIAN_POINT('',(-1.66,0.,-0.045));
#1246=CARTESIAN_POINT('',(-1.66,-1.01233045847821E-16,0.285));
#1247=CARTESIAN_POINT('',(-1.61749999999999,-3.62578367413583E-18,0.615));
#1248=CARTESIAN_POINT('',(-1.61749999999999,0.0107815712236133,0.615));
#1249=CARTESIAN_POINT('',(-1.61733829152397,0.0269208938528718,0.61420945458513));
#1250=CARTESIAN_POINT('',(-1.61680332664486,0.0483673002114155,0.611570885255519));
#1251=CARTESIAN_POINT('',(-1.61624297513001,0.06442828619803,0.608787482355284));
#1252=CARTESIAN_POINT('',(-1.61552583057864,0.0804130161120185,0.605191336919013));
#1253=CARTESIAN_POINT('',(-1.6146708971968,0.0960427294754057,0.600852683294987));
#1254=CARTESIAN_POINT('',(-1.61368421741793,0.111386449221299,0.595773319742289));
#1255=CARTESIAN_POINT('',(-1.61220409705864,0.131447363515311,0.588023285428523));
#1256=CARTESIAN_POINT('',(-1.61006770047688,0.155775631034239,0.576526159023884));
#1257=CARTESIAN_POINT('',(-1.60709576331839,0.183838539149521,0.559692703974457));
#1258=CARTESIAN_POINT('',(-1.60444417404576,0.205391084160774,0.543679185548018));
#1259=CARTESIAN_POINT('',(-1.60225897502579,0.221632256742009,0.529674490667938));
#1260=CARTESIAN_POINT('',(-1.60059999245451,0.233302678317339,0.518572997811093));
#1261=CARTESIAN_POINT('',(-1.59893396114222,0.244452672836618,0.506880299112172));
#1262=CARTESIAN_POINT('',(-1.5972664563119,0.255113092145917,0.494537220779306));
#1263=CARTESIAN_POINT('',(-1.59563768915264,0.26510075509737,0.481745365023359));
#1264=CARTESIAN_POINT('',(-1.59353959643561,0.277494710541923,0.464160966975217));
#1265=CARTESIAN_POINT('',(-1.59107763100553,0.291303141477295,0.441163534599435));
#1266=CARTESIAN_POINT('',(-1.58890367998943,0.302856136428085,0.416852799337438));
#1267=CARTESIAN_POINT('',(-1.5873757803178,0.310732884335296,0.396508574900696));
#1268=CARTESIAN_POINT('',(-1.58636540368724,0.315846033142275,0.381066846883347));
#1269=CARTESIAN_POINT('',(-1.5854969991559,0.32017318255216,0.365474538861005));
#1270=CARTESIAN_POINT('',(-1.58477512690767,0.323724402108636,0.349724727601976));
#1271=CARTESIAN_POINT('',(-1.58420472084531,0.326502075475402,0.333820837420281));
#1272=CARTESIAN_POINT('',(-1.58379062556457,0.32850321754772,0.317758169951851));
#1273=CARTESIAN_POINT('',(-1.58353751276218,0.329720213155932,0.301547651151748));
#1274=CARTESIAN_POINT('',(-1.58342213663721,0.330273229258224,0.279669705261449));
#1275=CARTESIAN_POINT('',(-1.58370072822777,0.328939283068067,0.252646760751169));
#1276=CARTESIAN_POINT('',(-1.58451597663164,0.324998142441616,0.226011604416421));
#1277=CARTESIAN_POINT('',(-1.58547564754503,0.320278893347474,0.204943089449263));
#1278=CARTESIAN_POINT('',(-1.58634535842249,0.315946853745356,0.189257057053027));
#1279=CARTESIAN_POINT('',(-1.58736067015129,0.310809897969191,0.173708072569698));
#1280=CARTESIAN_POINT('',(-1.58849405861489,0.304968999754019,0.158584289128958));
#1281=CARTESIAN_POINT('',(-1.58973813175964,0.298421440235497,0.143821307119897));
#1282=CARTESIAN_POINT('',(-1.59153010823352,0.288761259907045,0.12463049660202));
#1283=CARTESIAN_POINT('',(-1.59350044236725,0.27772057892459,0.106182031278085));
#1284=CARTESIAN_POINT('',(-1.59561442977284,0.265241709341662,0.0884407390429709));
#1285=CARTESIAN_POINT('',(-1.59779300095894,0.251886693448238,0.0713227269378259));
#1286=CARTESIAN_POINT('',(-1.60055978227209,0.233859309795084,0.0514327549464135));
#1287=CARTESIAN_POINT('',(-1.60331848377095,0.21400921264224,0.0334009451876189));
#1288=CARTESIAN_POINT('',(-1.60547004253236,0.197052202544851,0.0201260099876276));
#1289=CARTESIAN_POINT('',(-1.60704950449772,0.183739449817462,0.0107218187242836));
#1290=CARTESIAN_POINT('',(-1.60856128741204,0.170005516140832,0.00200592550546083));
#1291=CARTESIAN_POINT('',(-1.61045949483335,0.151275004373596,-0.00862939949658162));
#1292=CARTESIAN_POINT('',(-1.61259717216539,0.127015993902045,-0.0201428962315962));
#1293=CARTESIAN_POINT('',(-1.61435986654405,0.101681810427617,-0.0292731029833127));
#1294=CARTESIAN_POINT('',(-1.61551319227846,0.0806699598989274,-0.0351277369132018));
#1295=CARTESIAN_POINT('',(-1.61646914720408,0.059432276850609,-0.0399218658475847));
#1296=CARTESIAN_POINT('',(-1.61727838346349,0.0326483218424584,-0.0439161172780358));
#1297=CARTESIAN_POINT('',(-1.6175,0.0109300029669217,-0.045));
#1298=CARTESIAN_POINT('',(-1.6175,-9.87302069072488E-17,-0.045));
#1299=CARTESIAN_POINT('',(-1.54,-9.41662064862068E-17,0.285));
#1300=CARTESIAN_POINT('',(-1.66,-1.01233045847821E-16,0.285));
#1301=CARTESIAN_POINT('',(-1.66,-1.01233045847821E-16,0.285));
#1302=CARTESIAN_POINT('',(0.,0.,0.));
#1303=CARTESIAN_POINT('',(6.32840763841269E-15,0.,-9.385));
#1304=CARTESIAN_POINT('',(6.32840763841269E-15,0.,-9.385));
#1305=CARTESIAN_POINT('',(6.32840763841269E-15,1.6175,-9.385));
#1306=CARTESIAN_POINT('',(6.32840763841269E-15,0.,-7.385));
#1307=CARTESIAN_POINT('',(6.32840763841269E-15,-1.6175,-7.385));
#1308=CARTESIAN_POINT('',(0.,0.,0.));
#1309=CARTESIAN_POINT('',(6.22936432853165E-15,-3.79392791604731E-31,-7.385));
#1310=CARTESIAN_POINT('',(0.275,1.5939514578556,-7.385));
#1311=CARTESIAN_POINT('',(0.275,1.5939514578556,-0.41));
#1312=CARTESIAN_POINT('',(0.275,1.5939514578556,0.04));
#1313=CARTESIAN_POINT('',(0.275,1.5939514578556,0.0399999999999994));
#1314=CARTESIAN_POINT('',(0.275,1.59395145785561,0.0491004946056269));
#1315=CARTESIAN_POINT('',(0.274099465612971,1.59410721282327,0.0671435983038175));
#1316=CARTESIAN_POINT('',(0.270138681653359,1.59478535212058,0.0937637552498932));
#1317=CARTESIAN_POINT('',(0.26469020975175,1.59569991566905,0.115549367409807));
#1318=CARTESIAN_POINT('',(0.258987881331082,1.59663357233217,0.132801857135671));
#1319=CARTESIAN_POINT('',(0.252466023962347,1.59768200634364,0.149672538999886));
#1320=CARTESIAN_POINT('',(0.242867004830813,1.59917987556095,0.16992496672888));
#1321=CARTESIAN_POINT('',(0.231357427668215,1.60088261616551,0.189129398163026));
#1322=CARTESIAN_POINT('',(0.221003047025698,1.60233770162799,0.203841633879936));
#1323=CARTESIAN_POINT('',(0.209834604143636,1.60384960482778,0.21815194228097));
#1324=CARTESIAN_POINT('',(0.194744348737461,1.60577169513936,0.234780438883301));
#1325=CARTESIAN_POINT('',(0.174878213632406,1.60806358427876,0.252796115339384));
#1326=CARTESIAN_POINT('',(0.156866568260559,1.6099069065568,0.266189321200866));
#1327=CARTESIAN_POINT('',(0.141527399811127,1.61131060181738,0.275916415399301));
#1328=CARTESIAN_POINT('',(0.125859095768847,1.61262997614332,0.284796982397427));
#1329=CARTESIAN_POINT('',(0.105617003566612,1.61411191354943,0.294381869478924));
#1330=CARTESIAN_POINT('',(0.0845212546010674,1.6153306434361,0.301959803802701));
#1331=CARTESIAN_POINT('',(0.067118966142077,1.61612487664968,0.306799473333341));
#1332=CARTESIAN_POINT('',(0.0493601593217099,1.61678955922026,0.310800381395567));
#1333=CARTESIAN_POINT('',(0.0271160174751571,1.61734656134603,0.314099315034725));
#1334=CARTESIAN_POINT('',(0.00471664804617482,1.61753683535507,0.315216369522319));
#1335=CARTESIAN_POINT('',(-0.0132751265471902,1.61746434214427,0.314790425125922));
#1336=CARTESIAN_POINT('',(-0.0268200165117844,1.61729664029005,0.313802328298887));
#1337=CARTESIAN_POINT('',(-0.0403686588220438,1.61701482228837,0.312134091195883));
#1338=CARTESIAN_POINT('',(-0.0581264880785412,1.61649752677548,0.309049806864194));
#1339=CARTESIAN_POINT('',(-0.0798851358622217,1.61559443456694,0.303596842900823));
#1340=CARTESIAN_POINT('',(-0.105239896962186,1.61413811651186,0.294549466108017));
#1341=CARTESIAN_POINT('',(-0.129923160456785,1.61233330620636,0.282879643570458));
#1342=CARTESIAN_POINT('',(-0.152976970154604,1.61030154187093,0.269045974350791));
#1343=CARTESIAN_POINT('',(-0.170958680408108,1.60846624497296,0.255728450055895));
#1344=CARTESIAN_POINT('',(-0.184573112722697,1.60694525968399,0.244007111482794));
#1345=CARTESIAN_POINT('',(-0.19442856504028,1.60578176129291,0.234638418571579));
#1346=CARTESIAN_POINT('',(-0.203766251628286,1.60462249803057,0.224837580154964));
#1347=CARTESIAN_POINT('',(-0.215488093336378,1.60310000021274,0.211260754432767));
#1348=CARTESIAN_POINT('',(-0.228821234397351,1.60125659627771,0.193313729565438));
#1349=CARTESIAN_POINT('',(-0.240384506725447,1.59954788805968,0.174103728003883));
#1350=CARTESIAN_POINT('',(-0.248573348832284,1.59828944966136,0.157890031229874));
#1351=CARTESIAN_POINT('',(-0.255904618846795,1.59713526292356,0.141388282655976));
#1352=CARTESIAN_POINT('',(-0.263475047454846,1.59590342193612,0.120288380265727));
#1353=CARTESIAN_POINT('',(-0.268958948146466,1.59498353341195,0.0985465404139951));
#1354=CARTESIAN_POINT('',(-0.272073843190831,1.59445397519291,0.0807742863987919));
#1355=CARTESIAN_POINT('',(-0.27432513566162,1.59406822491105,0.0627086454836498));
#1356=CARTESIAN_POINT('',(-0.275,1.5939514578556,0.0491005042397437));
#1357=CARTESIAN_POINT('',(-0.275,1.5939514578556,0.04));
#1358=CARTESIAN_POINT('',(-0.275,1.5939514578556,0.04));
#1359=CARTESIAN_POINT('',(-0.275,1.5939514578556,-7.385));
#1360=CARTESIAN_POINT('',(-0.275,1.5939514578556,-0.41));
#1361=CARTESIAN_POINT('',(-0.275,1.5939514578556,-0.41));
#1362=CARTESIAN_POINT('',(-0.275,1.5939514578556,-0.419100494605627));
#1363=CARTESIAN_POINT('',(-0.274099465612974,1.59410721282326,-0.437143598303817));
#1364=CARTESIAN_POINT('',(-0.270138681653361,1.59478535212058,-0.463763755249893));
#1365=CARTESIAN_POINT('',(-0.264690209751752,1.59569991566904,-0.485549367409807));
#1366=CARTESIAN_POINT('',(-0.258987881331084,1.59663357233216,-0.502801857135671));
#1367=CARTESIAN_POINT('',(-0.252466023962348,1.59768200634364,-0.519672538999886));
#1368=CARTESIAN_POINT('',(-0.242867004830815,1.59917987556095,-0.53992496672888));
#1369=CARTESIAN_POINT('',(-0.231357427668217,1.60088261616551,-0.559129398163026));
#1370=CARTESIAN_POINT('',(-0.2210030470257,1.60233770162799,-0.573841633879936));
#1371=CARTESIAN_POINT('',(-0.209834604143637,1.60384960482778,-0.588151942280971));
#1372=CARTESIAN_POINT('',(-0.194744348737462,1.60577169513935,-0.604780438883301));
#1373=CARTESIAN_POINT('',(-0.174878213632407,1.60806358427876,-0.622796115339384));
#1374=CARTESIAN_POINT('',(-0.156866568260561,1.60990690655679,-0.636189321200866));
#1375=CARTESIAN_POINT('',(-0.141527399811129,1.61131060181738,-0.6459164153993));
#1376=CARTESIAN_POINT('',(-0.125859095768849,1.61262997614331,-0.654796982397427));
#1377=CARTESIAN_POINT('',(-0.105617003566614,1.61411191354943,-0.664381869478925));
#1378=CARTESIAN_POINT('',(-0.0845212546010701,1.6153306434361,-0.6719598038027));
#1379=CARTESIAN_POINT('',(-0.0671189661420789,1.61612487664968,-0.676799473333341));
#1380=CARTESIAN_POINT('',(-0.0493601593217117,1.61678955922026,-0.680800381395567));
#1381=CARTESIAN_POINT('',(-0.027116017475159,1.61734656134603,-0.684099315034725));
#1382=CARTESIAN_POINT('',(-0.00471664804617688,1.61753683535507,-0.685216369522319));
#1383=CARTESIAN_POINT('',(0.0132751265471885,1.61746434214427,-0.684790425125922));
#1384=CARTESIAN_POINT('',(0.0268200165117816,1.61729664029005,-0.683802328298887));
#1385=CARTESIAN_POINT('',(0.040368658822042,1.61701482228837,-0.682134091195883));
#1386=CARTESIAN_POINT('',(0.0581264880785391,1.61649752677548,-0.679049806864194));
#1387=CARTESIAN_POINT('',(0.0798851358622198,1.61559443456694,-0.673596842900823));
#1388=CARTESIAN_POINT('',(0.105239896962184,1.61413811651186,-0.664549466108017));
#1389=CARTESIAN_POINT('',(0.129923160456783,1.61233330620636,-0.652879643570458));
#1390=CARTESIAN_POINT('',(0.152976970154602,1.61030154187093,-0.639045974350792));
#1391=CARTESIAN_POINT('',(0.170958680408106,1.60846624497296,-0.625728450055895));
#1392=CARTESIAN_POINT('',(0.184573112722695,1.60694525968399,-0.614007111482794));
#1393=CARTESIAN_POINT('',(0.194428565040278,1.60578176129291,-0.60463841857158));
#1394=CARTESIAN_POINT('',(0.203766251628284,1.60462249803057,-0.594837580154963));
#1395=CARTESIAN_POINT('',(0.215488093336376,1.60310000021274,-0.581260754432767));
#1396=CARTESIAN_POINT('',(0.228821234397348,1.60125659627771,-0.563313729565439));
#1397=CARTESIAN_POINT('',(0.240384506725446,1.59954788805968,-0.544103728003883));
#1398=CARTESIAN_POINT('',(0.248573348832282,1.59828944966137,-0.527890031229874));
#1399=CARTESIAN_POINT('',(0.255904618846793,1.59713526292357,-0.511388282655976));
#1400=CARTESIAN_POINT('',(0.263475047454844,1.59590342193612,-0.490288380265727));
#1401=CARTESIAN_POINT('',(0.268958948146464,1.59498353341195,-0.468546540413995));
#1402=CARTESIAN_POINT('',(0.272073843190829,1.59445397519292,-0.450774286398792));
#1403=CARTESIAN_POINT('',(0.274325135661618,1.59406822491106,-0.43270864548365));
#1404=CARTESIAN_POINT('',(0.275,1.59395145785561,-0.419100504239744));
#1405=CARTESIAN_POINT('',(0.275,1.59395145785561,-0.41));
#1406=CARTESIAN_POINT('',(-1.61744460211763,-0.0163665768726467,-0.0447286756211795));
#1407=CARTESIAN_POINT('',(-1.61752770207312,2.83349000501556E-6,-0.0451356814170281));
#1408=CARTESIAN_POINT('',(-1.61744458958988,0.0163552429126259,-0.044728598710708));
#1409=CARTESIAN_POINT('',(-1.61711787056751,0.0379277304063146,-0.0431241264001412));
#1410=CARTESIAN_POINT('',(-1.61631411823311,0.0645732063654776,-0.0391559958900217));
#1411=CARTESIAN_POINT('',(-1.61501199047548,0.090731455564949,-0.0326080917273104));
#1412=CARTESIAN_POINT('',(-1.61368069816086,0.11144618795419,-0.0257554427450224));
#1413=CARTESIAN_POINT('',(-1.6121852568664,0.131687819024091,-0.0179240802894745));
#1414=CARTESIAN_POINT('',(-1.61047300247129,0.151129062616429,-0.00870307160035697));
#1415=CARTESIAN_POINT('',(-1.60858165732257,0.169810850176182,0.00189064412684568));
#1416=CARTESIAN_POINT('',(-1.60708333200481,0.183440055376119,0.0105249142973126));
#1417=CARTESIAN_POINT('',(-1.60551604676932,0.196678350486791,0.0198471280305091));
#1418=CARTESIAN_POINT('',(-1.60334223679613,0.213838266319035,0.0332465742811091));
#1419=CARTESIAN_POINT('',(-1.60057343703139,0.233766028849788,0.0513383441292399));
#1420=CARTESIAN_POINT('',(-1.59781119236951,0.251769019241752,0.0711914150484847));
#1421=CARTESIAN_POINT('',(-1.595652664138,0.265010584781936,0.0881337135594979));
#1422=CARTESIAN_POINT('',(-1.59407136942991,0.274355437089073,0.101376361792544));
#1423=CARTESIAN_POINT('',(-1.59253957855524,0.28310433789796,0.115175539570435));
#1424=CARTESIAN_POINT('',(-1.59109809173725,0.291089427429582,0.129263590787088));
#1425=CARTESIAN_POINT('',(-1.58975114678297,0.298352070621014,0.143675313780462));
#1426=CARTESIAN_POINT('',(-1.58850904266956,0.304890852060477,0.158398100703116));
#1427=CARTESIAN_POINT('',(-1.58738033499929,0.310709190305221,0.173435359068708));
#1428=CARTESIAN_POINT('',(-1.58637425375491,0.315801651771898,0.188787463798454));
#1429=CARTESIAN_POINT('',(-1.58549943837824,0.320161369488632,0.204464453474505));
#1430=CARTESIAN_POINT('',(-1.58452310923081,0.324963766474245,0.22578480436049));
#1431=CARTESIAN_POINT('',(-1.58370418444604,0.328922580936902,0.252488291782134));
#1432=CARTESIAN_POINT('',(-1.58342466488414,0.33026111559444,0.279392013324569));
#1433=CARTESIAN_POINT('',(-1.58353228305345,0.329745298775355,0.301004775796101));
#1434=CARTESIAN_POINT('',(-1.58378025774903,0.328553177430086,0.317285019656488));
#1435=CARTESIAN_POINT('',(-1.58419585545066,0.326545140887181,0.333549074941108));
#1436=CARTESIAN_POINT('',(-1.58495775582226,0.32283522862109,0.354866313483029));
#1437=CARTESIAN_POINT('',(-1.58628608197286,0.316279059167079,0.380989657460557));
#1438=CARTESIAN_POINT('',(-1.58806751785636,0.307213302705836,0.406351440222519));
#1439=CARTESIAN_POINT('',(-1.58974449464572,0.298388292666073,0.426256703796069));
#1440=CARTESIAN_POINT('',(-1.5915565372807,0.288617189561876,0.445638889754716));
#1441=CARTESIAN_POINT('',(-1.59352976035563,0.277550680280833,0.464071857014445));
#1442=CARTESIAN_POINT('',(-1.595622010589,0.265194601225011,0.481617210604715));
#1443=CARTESIAN_POINT('',(-1.59723934309714,0.255281082470554,0.494328014362123));
#1444=CARTESIAN_POINT('',(-1.59889221601749,0.244725519996215,0.506579747742921));
#1445=CARTESIAN_POINT('',(-1.60057495605256,0.233476363338326,0.518403601809086));
#1446=CARTESIAN_POINT('',(-1.60224440413484,0.221738070541493,0.529579591349681));
#1447=CARTESIAN_POINT('',(-1.60443561849414,0.205460100431016,0.543626982670357));
#1448=CARTESIAN_POINT('',(-1.60708262148477,0.18393672688697,0.559611998522004));
#1449=CARTESIAN_POINT('',(-1.60953131721611,0.160868796181169,0.573493124191461));
#1450=CARTESIAN_POINT('',(-1.61133024130933,0.141400829623591,0.583319666155906));
#1451=CARTESIAN_POINT('',(-1.6125637521327,0.126567346545501,0.589906411820967));
#1452=CARTESIAN_POINT('',(-1.61367683197495,0.111492907766017,0.595734907869844));
#1453=CARTESIAN_POINT('',(-1.61466243395341,0.0961825120676334,0.600809388705237));
#1454=CARTESIAN_POINT('',(-1.6155142083328,0.080635862496283,0.605132577554047));
#1455=CARTESIAN_POINT('',(-1.61622554171937,0.0648502259486181,0.608700423158853));
#1456=CARTESIAN_POINT('',(-1.61678988803242,0.0488278478435889,0.611504451963303));
#1457=CARTESIAN_POINT('',(-1.61733654871649,0.027114952764074,0.61420101888316));
#1458=CARTESIAN_POINT('',(-1.61760764107428,0.000115800363089583,0.615526186164755));
#1459=CARTESIAN_POINT('',(-1.61734050019176,-0.0267909529105525,0.614220286022803));
#1460=CARTESIAN_POINT('',(-1.61680712433626,-0.0482401547047842,0.611589671556366));
#1461=CARTESIAN_POINT('',(-1.61624797348291,-0.0643030723323453,0.608812413203822));
#1462=CARTESIAN_POINT('',(-1.61553185843089,-0.0802921188875505,0.605221728267097));
#1463=CARTESIAN_POINT('',(-1.61467783829773,-0.0959261876954903,0.600888141191936));
#1464=CARTESIAN_POINT('',(-1.61369198212059,-0.111274094178608,0.595813608898786));
#1465=CARTESIAN_POINT('',(-1.61221283014472,-0.131340551955307,0.588069676195951));
#1466=CARTESIAN_POINT('',(-1.61007747605304,-0.155675062064971,0.576579999415381));
#1467=CARTESIAN_POINT('',(-1.60710623195667,-0.183747513004482,0.55975381280114));
#1468=CARTESIAN_POINT('',(-1.60445472741223,-0.205308861178672,0.543744558922278));
#1469=CARTESIAN_POINT('',(-1.60226946989294,-0.221556457272622,0.529743170922238));
#1470=CARTESIAN_POINT('',(-1.60061035951687,-0.233231620193567,0.518643993462963));
#1471=CARTESIAN_POINT('',(-1.59894412904219,-0.244386223188008,0.506953515968982));
#1472=CARTESIAN_POINT('',(-1.59727634395142,-0.255051249167911,0.494612553792353));
#1473=CARTESIAN_POINT('',(-1.59564703481922,-0.265044565408264,0.48182113515554));
#1474=CARTESIAN_POINT('',(-1.59354822742997,-0.277445269021754,0.464237674825897));
#1475=CARTESIAN_POINT('',(-1.59108523044804,-0.291261797426234,0.441240894525982));
#1476=CARTESIAN_POINT('',(-1.58891015438457,-0.302822238749831,0.416930764673828));
#1477=CARTESIAN_POINT('',(-1.5873812553767,-0.310704942321961,0.396586524117542));
#1478=CARTESIAN_POINT('',(-1.58637002917007,-0.315822823982526,0.381143276902472));
#1479=CARTESIAN_POINT('',(-1.58550081663413,-0.320154295600718,0.365549788262579));
#1480=CARTESIAN_POINT('',(-1.58477814309977,-0.323709649848736,0.349798644334972));
#1481=CARTESIAN_POINT('',(-1.58420695475586,-0.326491245949791,0.333893422649384));
#1482=CARTESIAN_POINT('',(-1.58379209471235,-0.328496140596775,0.317829334390856));
#1483=CARTESIAN_POINT('',(-1.5835382396494,-0.329716725211929,0.301617542499172));
#1484=CARTESIAN_POINT('',(-1.58342189258998,-0.330274400165574,0.279736987485997));
#1485=CARTESIAN_POINT('',(-1.58369941535258,-0.328945584167287,0.25270926883296));
#1486=CARTESIAN_POINT('',(-1.58451378126445,-0.325008826286574,0.22607008030478));
#1487=CARTESIAN_POINT('',(-1.58547285856946,-0.320292689430501,0.204998187709151));
#1488=CARTESIAN_POINT('',(-1.58634216146199,-0.315962894352574,0.189309896927533));
#1489=CARTESIAN_POINT('',(-1.58735717476474,-0.310827739183164,0.173757785237671));
#1490=CARTESIAN_POINT('',(-1.58849034784564,-0.304988317924971,0.158630802898064));
#1491=CARTESIAN_POINT('',(-1.58973426203975,-0.298442044489624,0.14386478652081));
#1492=CARTESIAN_POINT('',(-1.59152610058151,-0.28878332752648,0.124670069292969));
#1493=CARTESIAN_POINT('',(-1.59349641323447,-0.277743675658546,0.10621779306015));
#1494=CARTESIAN_POINT('',(-1.59561043025412,-0.265265764152026,0.088473145075588));
#1495=CARTESIAN_POINT('',(-1.59778922033141,-0.251910679571326,0.0713508530650203));
#1496=CARTESIAN_POINT('',(-1.60055632293074,-0.233883006000603,0.0514562978661976));
#1497=CARTESIAN_POINT('',(-1.60331543518916,-0.21403208383116,0.0334202994838025));
#1498=CARTESIAN_POINT('',(-1.60546735156888,-0.197074140535669,0.0201422952855872));
#1499=CARTESIAN_POINT('',(-1.60704708396093,-0.183760646958774,0.0107359774290811));
#1500=CARTESIAN_POINT('',(-1.6085591982618,-0.17002532167474,0.00201777958510978));
#1501=CARTESIAN_POINT('',(-1.61045781167042,-0.151293024752847,-0.00862020530406419));
#1502=CARTESIAN_POINT('',(-1.61259597145773,-0.127031473563724,-0.020136592409149));
#1503=CARTESIAN_POINT('',(-1.61435907872345,-0.10169457775678,-0.0292690648828771));
#1504=CARTESIAN_POINT('',(-1.61551268232138,-0.0806802082892811,-0.0351251742521726));
#1505=CARTESIAN_POINT('',(-1.61646888552036,-0.0594403340859547,-0.0399205343921669));
#1506=CARTESIAN_POINT('',(-1.61711642503239,-0.0380071625257695,-0.0431169452980094));
#1507=CARTESIAN_POINT('',(-1.61744460211763,-0.0163665768726467,-0.0447286756211795));
#1508=CARTESIAN_POINT('',(-1.61752770207312,2.83349000501556E-6,-0.0451356814170281));
#1509=CARTESIAN_POINT('',(-1.61744458958988,0.0163552429126259,-0.044728598710708));
#1510=CARTESIAN_POINT('',(-1.6175,-1.13027679232971E-16,-0.045));
#1511=CARTESIAN_POINT('',(6.22936432853165E-15,-3.79392791604731E-31,0.8675));
#1512=CARTESIAN_POINT('',(-1.61749999999999,-3.79392791604731E-31,0.8675));
#1513=CARTESIAN_POINT('',(6.22936432853165E-15,-3.79392791604731E-31,-7.385));
#1514=CARTESIAN_POINT('',(6.22936432853165E-15,-1.6175,-7.385));
#1515=CARTESIAN_POINT('',(0.275,1.5939514578556,-7.385));
#1516=CARTESIAN_POINT('',(0.275,1.5939514578556,-5.36));
#1517=CARTESIAN_POINT('',(0.275,1.5939514578556,-5.81));
#1518=CARTESIAN_POINT('',(-0.275,1.5939514578556,-5.36));
#1519=CARTESIAN_POINT('',(-0.275,1.5939514578556,-5.35089950539437));
#1520=CARTESIAN_POINT('',(-0.274099465612971,1.59410721282327,-5.33285640169618));
#1521=CARTESIAN_POINT('',(-0.270138681653358,1.59478535212058,-5.30623624475011));
#1522=CARTESIAN_POINT('',(-0.264690209751749,1.59569991566904,-5.28445063259019));
#1523=CARTESIAN_POINT('',(-0.258987881331082,1.59663357233216,-5.26719814286433));
#1524=CARTESIAN_POINT('',(-0.252466023962346,1.59768200634364,-5.25032746100011));
#1525=CARTESIAN_POINT('',(-0.242867004830813,1.59917987556095,-5.23007503327112));
#1526=CARTESIAN_POINT('',(-0.231357427668215,1.60088261616551,-5.21087060183697));
#1527=CARTESIAN_POINT('',(-0.221003047025697,1.60233770162799,-5.19615836612006));
#1528=CARTESIAN_POINT('',(-0.209834604143635,1.60384960482778,-5.18184805771903));
#1529=CARTESIAN_POINT('',(-0.194744348737459,1.60577169513935,-5.1652195611167));
#1530=CARTESIAN_POINT('',(-0.174878213632405,1.60806358427876,-5.14720388466062));
#1531=CARTESIAN_POINT('',(-0.156866568260558,1.60990690655679,-5.13381067879914));
#1532=CARTESIAN_POINT('',(-0.141527399811126,1.61131060181738,-5.1240835846007));
#1533=CARTESIAN_POINT('',(-0.125859095768846,1.61262997614331,-5.11520301760257));
#1534=CARTESIAN_POINT('',(-0.105617003566611,1.61411191354943,-5.10561813052108));
#1535=CARTESIAN_POINT('',(-0.084521254601066,1.6153306434361,-5.0980401961973));
#1536=CARTESIAN_POINT('',(-0.0671189661420756,1.61612487664968,-5.09320052666666));
#1537=CARTESIAN_POINT('',(-0.0493601593217101,1.61678955922026,-5.08919961860444));
#1538=CARTESIAN_POINT('',(-0.0271160174751567,1.61734656134603,-5.08590068496527));
#1539=CARTESIAN_POINT('',(-0.00471664804617429,1.61753683535507,-5.08478363047768));
#1540=CARTESIAN_POINT('',(0.0132751265471908,1.61746434214427,-5.08520957487408));
#1541=CARTESIAN_POINT('',(0.0268200165117844,1.61729664029005,-5.08619767170111));
#1542=CARTESIAN_POINT('',(0.0403686588220449,1.61701482228837,-5.08786590880412));
#1543=CARTESIAN_POINT('',(0.0581264880785424,1.61649752677548,-5.0909501931358));
#1544=CARTESIAN_POINT('',(0.0798851358622219,1.61559443456694,-5.09640315709918));
#1545=CARTESIAN_POINT('',(0.105239896962187,1.61413811651186,-5.10545053389198));
#1546=CARTESIAN_POINT('',(0.129923160456786,1.61233330620636,-5.11712035642954));
#1547=CARTESIAN_POINT('',(0.152976970154604,1.61030154187093,-5.13095402564921));
#1548=CARTESIAN_POINT('',(0.170958680408108,1.60846624497296,-5.14427154994411));
#1549=CARTESIAN_POINT('',(0.184573112722698,1.60694525968399,-5.15599288851721));
#1550=CARTESIAN_POINT('',(0.19442856504028,1.60578176129291,-5.16536158142842));
#1551=CARTESIAN_POINT('',(0.203766251628286,1.60462249803057,-5.17516241984504));
#1552=CARTESIAN_POINT('',(0.215488093336379,1.60310000021274,-5.18873924556723));
#1553=CARTESIAN_POINT('',(0.228821234397351,1.60125659627771,-5.20668627043456));
#1554=CARTESIAN_POINT('',(0.240384506725449,1.59954788805968,-5.22589627199612));
#1555=CARTESIAN_POINT('',(0.248573348832284,1.59828944966137,-5.24210996877012));
#1556=CARTESIAN_POINT('',(0.255904618846796,1.59713526292357,-5.25861171734403));
#1557=CARTESIAN_POINT('',(0.263475047454846,1.59590342193612,-5.27971161973427));
#1558=CARTESIAN_POINT('',(0.268958948146467,1.59498353341195,-5.301453459586));
#1559=CARTESIAN_POINT('',(0.272073843190832,1.59445397519291,-5.31922571360121));
#1560=CARTESIAN_POINT('',(0.274325135661621,1.59406822491106,-5.33729135451635));
#1561=CARTESIAN_POINT('',(0.275,1.5939514578556,-5.35089949576026));
#1562=CARTESIAN_POINT('',(0.275,1.5939514578556,-5.36));
#1563=CARTESIAN_POINT('',(-0.275,1.5939514578556,-5.36));
#1564=CARTESIAN_POINT('',(-0.275,1.5939514578556,-7.385));
#1565=CARTESIAN_POINT('',(-0.275,1.5939514578556,-5.81));
#1566=CARTESIAN_POINT('',(0.275,1.59395145785561,-5.81));
#1567=CARTESIAN_POINT('',(0.275,1.59395145785561,-5.81910049460563));
#1568=CARTESIAN_POINT('',(0.274099465612975,1.59410721282327,-5.83714359830382));
#1569=CARTESIAN_POINT('',(0.270138681653361,1.59478535212058,-5.8637637552499));
#1570=CARTESIAN_POINT('',(0.264690209751752,1.59569991566904,-5.8855493674098));
#1571=CARTESIAN_POINT('',(0.258987881331085,1.59663357233217,-5.90280185713567));
#1572=CARTESIAN_POINT('',(0.252466023962349,1.59768200634364,-5.91967253899988));
#1573=CARTESIAN_POINT('',(0.242867004830816,1.59917987556095,-5.93992496672888));
#1574=CARTESIAN_POINT('',(0.231357427668217,1.60088261616551,-5.95912939816303));
#1575=CARTESIAN_POINT('',(0.2210030470257,1.60233770162799,-5.97384163387994));
#1576=CARTESIAN_POINT('',(0.209834604143638,1.60384960482778,-5.98815194228097));
#1577=CARTESIAN_POINT('',(0.194744348737464,1.60577169513935,-6.0047804388833));
#1578=CARTESIAN_POINT('',(0.174878213632408,1.60806358427876,-6.02279611533939));
#1579=CARTESIAN_POINT('',(0.156866568260562,1.6099069065568,-6.03618932120086));
#1580=CARTESIAN_POINT('',(0.141527399811129,1.61131060181738,-6.0459164153993));
#1581=CARTESIAN_POINT('',(0.12585909576885,1.61262997614332,-6.05479698239743));
#1582=CARTESIAN_POINT('',(0.105617003566614,1.61411191354943,-6.06438186947892));
#1583=CARTESIAN_POINT('',(0.0845212546010708,1.6153306434361,-6.0719598038027));
#1584=CARTESIAN_POINT('',(0.0671189661420784,1.61612487664968,-6.07679947333334));
#1585=CARTESIAN_POINT('',(0.049360159321714,1.61678955922026,-6.08080038139557));
#1586=CARTESIAN_POINT('',(0.0271160174751603,1.61734656134603,-6.08409931503472));
#1587=CARTESIAN_POINT('',(0.00471664804617768,1.61753683535507,-6.08521636952232));
#1588=CARTESIAN_POINT('',(-0.0132751265471876,1.61746434214427,-6.08479042512592));
#1589=CARTESIAN_POINT('',(-0.0268200165117808,1.61729664029005,-6.08380232829889));
#1590=CARTESIAN_POINT('',(-0.0403686588220414,1.61701482228837,-6.08213409119588));
#1591=CARTESIAN_POINT('',(-0.0581264880785391,1.61649752677548,-6.07904980686419));
#1592=CARTESIAN_POINT('',(-0.0798851358622188,1.61559443456694,-6.07359684290082));
#1593=CARTESIAN_POINT('',(-0.105239896962184,1.61413811651186,-6.06454946610802));
#1594=CARTESIAN_POINT('',(-0.129923160456782,1.61233330620636,-6.05287964357046));
#1595=CARTESIAN_POINT('',(-0.1529769701546,1.61030154187093,-6.03904597435079));
#1596=CARTESIAN_POINT('',(-0.170958680408105,1.60846624497296,-6.02572845005589));
#1597=CARTESIAN_POINT('',(-0.184573112722695,1.60694525968399,-6.01400711148279));
#1598=CARTESIAN_POINT('',(-0.194428565040277,1.60578176129291,-6.00463841857158));
#1599=CARTESIAN_POINT('',(-0.203766251628283,1.60462249803057,-5.99483758015496));
#1600=CARTESIAN_POINT('',(-0.215488093336375,1.60310000021274,-5.98126075443277));
#1601=CARTESIAN_POINT('',(-0.228821234397347,1.60125659627771,-5.96331372956544));
#1602=CARTESIAN_POINT('',(-0.240384506725445,1.59954788805968,-5.94410372800388));
#1603=CARTESIAN_POINT('',(-0.248573348832281,1.59828944966136,-5.92789003122987));
#1604=CARTESIAN_POINT('',(-0.255904618846792,1.59713526292356,-5.91138828265597));
#1605=CARTESIAN_POINT('',(-0.263475047454843,1.59590342193612,-5.89028838026573));
#1606=CARTESIAN_POINT('',(-0.268958948146463,1.59498353341195,-5.868546540414));
#1607=CARTESIAN_POINT('',(-0.272073843190829,1.59445397519291,-5.85077428639879));
#1608=CARTESIAN_POINT('',(-0.274325135661617,1.59406822491105,-5.83270864548365));
#1609=CARTESIAN_POINT('',(-0.275,1.5939514578556,-5.81910050423974));
#1610=CARTESIAN_POINT('',(-0.275,1.5939514578556,-5.81));
#1611=CARTESIAN_POINT('',(1.61743763230451,-0.0173640358341624,-2.70528800813372));
#1612=CARTESIAN_POINT('',(1.6175311857046,2.87156466314805E-6,-2.70485598349921));
#1613=CARTESIAN_POINT('',(1.6174376248771,0.0173525495755131,-2.70528805786945));
#1614=CARTESIAN_POINT('',(1.6170698602544,0.0402394810477539,-2.70699088051068));
#1615=CARTESIAN_POINT('',(1.61616516344752,0.0685073185823145,-2.71120201133545));
#1616=CARTESIAN_POINT('',(1.61469947709563,0.0962569316511229,-2.71815035477992));
#1617=CARTESIAN_POINT('',(1.61320091248985,0.118230427342525,-2.72542165214522));
#1618=CARTESIAN_POINT('',(1.61193861388593,0.134330860771434,-2.73165228667002));
#1619=CARTESIAN_POINT('',(1.61055453773909,0.150002547547675,-2.73861908903459));
#1620=CARTESIAN_POINT('',(1.6090584835718,0.165267787821709,-2.74631926642256));
#1621=CARTESIAN_POINT('',(1.60746186740477,0.180125263834475,-2.75474633890209));
#1622=CARTESIAN_POINT('',(1.60577521684121,0.194578382702954,-2.76390392097827));
#1623=CARTESIAN_POINT('',(1.60401066911665,0.20861747011897,-2.77379157074691));
#1624=CARTESIAN_POINT('',(1.60156359216066,0.226810953737237,-2.78800001726047));
#1625=CARTESIAN_POINT('',(1.59844689042437,0.247934899095363,-2.80717893385538));
#1626=CARTESIAN_POINT('',(1.59533600560809,0.267023929753886,-2.82822906101117));
#1627=CARTESIAN_POINT('',(1.59290437407131,0.281065433458464,-2.84619385414236));
#1628=CARTESIAN_POINT('',(1.59112241949462,0.290976830968196,-2.86023844615917));
#1629=CARTESIAN_POINT('',(1.58939651400375,0.300253556907772,-2.87486900856232));
#1630=CARTESIAN_POINT('',(1.58777221494971,0.308720201013832,-2.88980462688563));
#1631=CARTESIAN_POINT('',(1.58625396843497,0.31642241782164,-2.90508581139574));
#1632=CARTESIAN_POINT('',(1.5848535504662,0.323357929251832,-2.92069843021842));
#1633=CARTESIAN_POINT('',(1.58358064301627,0.329530305257152,-2.93664669810686));
#1634=CARTESIAN_POINT('',(1.58244576934404,0.33493336329977,-2.95293060159114));
#1635=CARTESIAN_POINT('',(1.58145865370293,0.339560047749411,-2.96956315775645));
#1636=CARTESIAN_POINT('',(1.58035716544401,0.344655342257653,-2.99217819263311));
#1637=CARTESIAN_POINT('',(1.57943305765472,0.348856117992438,-3.02050345575039));
#1638=CARTESIAN_POINT('',(1.57911748243096,0.350277071743158,-3.04904689027564));
#1639=CARTESIAN_POINT('',(1.57923890203974,0.349729854259151,-3.07197826690442));
#1640=CARTESIAN_POINT('',(1.57951888462434,0.348464202701675,-3.08925592526449));
#1641=CARTESIAN_POINT('',(1.57998786544689,0.346333429337523,-3.10650715351161));
#1642=CARTESIAN_POINT('',(1.58084753241926,0.3423970373573,-3.12911954535304));
#1643=CARTESIAN_POINT('',(1.58234621258682,0.335440518894558,-3.15683069562586));
#1644=CARTESIAN_POINT('',(1.58435572271161,0.325821485615436,-3.18373423587918));
#1645=CARTESIAN_POINT('',(1.58624745781382,0.316455887944048,-3.20485256491661));
#1646=CARTESIAN_POINT('',(1.5882892713861,0.306096690675327,-3.22539611023637));
#1647=CARTESIAN_POINT('',(1.5905129715924,0.294360951454891,-3.24494156412025));
#1648=CARTESIAN_POINT('',(1.5928703819459,0.281257488436458,-3.26354614284516));
#1649=CARTESIAN_POINT('',(1.59469256278403,0.270743737124903,-3.27702544923024));
#1650=CARTESIAN_POINT('',(1.59655487390879,0.25954702469102,-3.29002028467949));
#1651=CARTESIAN_POINT('',(1.59845009976714,0.247617438084981,-3.30255803801473));
#1652=CARTESIAN_POINT('',(1.60032875463198,0.235178456788604,-3.31440076096122));
#1653=CARTESIAN_POINT('',(1.60279524015983,0.217922537918746,-3.3292927929331));
#1654=CARTESIAN_POINT('',(1.60577468007984,0.195103717145991,-3.3462421792162));
#1655=CARTESIAN_POINT('',(1.60853192523338,0.170632866333963,-3.36096964176547));
#1656=CARTESIAN_POINT('',(1.61055665616226,0.149985804776972,-3.37139231046459));
#1657=CARTESIAN_POINT('',(1.61194422267654,0.134262114217724,-3.3783754922098));
#1658=CARTESIAN_POINT('',(1.61319676697787,0.118277099474832,-3.38455760503022));
#1659=CARTESIAN_POINT('',(1.61430596493084,0.102039669850307,-3.38994087277737));
#1660=CARTESIAN_POINT('',(1.61526472927587,0.0855480321935207,-3.39452827974408));
#1661=CARTESIAN_POINT('',(1.61606550158728,0.0688004804934066,-3.39831480602905));
#1662=CARTESIAN_POINT('',(1.61670097266982,0.0517948663033728,-3.40129160367856));
#1663=CARTESIAN_POINT('',(1.61731608879123,0.0287612031905283,-3.40415236472129));
#1664=CARTESIAN_POINT('',(1.61762112182616,0.000127173289882559,-3.40555825941391));
#1665=CARTESIAN_POINT('',(1.61732051360238,-0.0284218421875924,-3.40417270856004));
#1666=CARTESIAN_POINT('',(1.61672006774634,-0.0511814605012537,-3.4013806166452));
#1667=CARTESIAN_POINT('',(1.61609015744556,-0.0682338477441231,-3.39843085690978));
#1668=CARTESIAN_POINT('',(1.61528432121937,-0.085187953284775,-3.39462156287755));
#1669=CARTESIAN_POINT('',(1.61432334465775,-0.101767061451608,-3.39002463267808));
#1670=CARTESIAN_POINT('',(1.61321387938367,-0.118044123405301,-3.38464137622104));
#1671=CARTESIAN_POINT('',(1.61154898544567,-0.139328958957613,-3.37642574282961));
#1672=CARTESIAN_POINT('',(1.60962590474955,-0.159973510141402,-3.3666728154858));
#1673=CARTESIAN_POINT('',(1.60747132862315,-0.180046086699887,-3.35530539977503));
#1674=CARTESIAN_POINT('',(1.60520399811143,-0.199471938736101,-3.34299445310477));
#1675=CARTESIAN_POINT('',(1.60281649542683,-0.21776504133766,-3.32941616404523));
#1676=CARTESIAN_POINT('',(1.60035613019886,-0.234991618981255,-3.31456906779175));
#1677=CARTESIAN_POINT('',(1.59848756572542,-0.247373599614381,-3.3027975784033));
#1678=CARTESIAN_POINT('',(1.59661029600245,-0.25920602024521,-3.29039604024958));
#1679=CARTESIAN_POINT('',(1.5947310202721,-0.270518914448506,-3.27730388746282));
#1680=CARTESIAN_POINT('',(1.59289748338084,-0.281104444778308,-3.26375380186381));
#1681=CARTESIAN_POINT('',(1.59053355291751,-0.294250348352787,-3.24511521779587));
#1682=CARTESIAN_POINT('',(1.58775814712934,-0.308901337583038,-3.22073371360929));
#1683=CARTESIAN_POINT('',(1.58530471635324,-0.321169375002656,-3.19494078552366));
#1684=CARTESIAN_POINT('',(1.58358007652831,-0.329533492314098,-3.17335482401045));
#1685=CARTESIAN_POINT('',(1.58244057394863,-0.33495783082902,-3.15698849459066));
#1686=CARTESIAN_POINT('',(1.58146025231333,-0.339552335275481,-3.14045249159464));
#1687=CARTESIAN_POINT('',(1.58064500042357,-0.343324244836092,-3.12374686330383));
#1688=CARTESIAN_POINT('',(1.58000038129321,-0.346276283289087,-3.1068727666557));
#1689=CARTESIAN_POINT('',(1.57953207598882,-0.348404433858259,-3.08982688318097));
#1690=CARTESIAN_POINT('',(1.5792454622815,-0.34970026432208,-3.07261561118612));
#1691=CARTESIAN_POINT('',(1.57911444772059,-0.350290744764089,-3.04939976031904));
#1692=CARTESIAN_POINT('',(1.57942760188336,-0.3488808613964,-3.02074436739081));
#1693=CARTESIAN_POINT('',(1.58034667266068,-0.344703007609439,-2.99247866169945));
#1694=CARTESIAN_POINT('',(1.5814291626237,-0.339697089062781,-2.97011930841345));
#1695=CARTESIAN_POINT('',(1.5824110565307,-0.335097418154596,-2.95346136285702));
#1696=CARTESIAN_POINT('',(1.58355559465619,-0.329650899689187,-2.93697487166481));
#1697=CARTESIAN_POINT('',(1.58483294715566,-0.323458962911226,-2.92093976925751));
#1698=CARTESIAN_POINT('',(1.58623523247808,-0.316516361679115,-2.9052835132491));
#1699=CARTESIAN_POINT('',(1.58825537419144,-0.306270807067759,-2.88492719151414));
#1700=CARTESIAN_POINT('',(1.59047623163673,-0.294561488098135,-2.86535756139002));
#1701=CARTESIAN_POINT('',(1.59286138617744,-0.28131001634703,-2.84651877200048));
#1702=CARTESIAN_POINT('',(1.59531240541726,-0.267166835171772,-2.82839095980442));
#1703=CARTESIAN_POINT('',(1.59780509332111,-0.251877220484558,-2.8115179301769));
#1704=CARTESIAN_POINT('',(1.60029214160502,-0.235426562774117,-2.7958254440725));
#1705=CARTESIAN_POINT('',(1.60214101630236,-0.222507370080346,-2.78465250653373));
#1706=CARTESIAN_POINT('',(1.6039588132745,-0.209014784443651,-2.77408754554426));
#1707=CARTESIAN_POINT('',(1.60573881448062,-0.194881929170715,-2.76410354142776));
#1708=CARTESIAN_POINT('',(1.60743824801716,-0.180337471006441,-2.7548723658757));
#1709=CARTESIAN_POINT('',(1.60957432238136,-0.160481240173031,-2.74359460208936));
#1710=CARTESIAN_POINT('',(1.61198038276594,-0.134756367768521,-2.73138109326549));
#1711=CARTESIAN_POINT('',(1.61396575554303,-0.107870362545473,-2.72168748788884));
#1712=CARTESIAN_POINT('',(1.61526493841862,-0.0855585548526456,-2.71547042196969));
#1713=CARTESIAN_POINT('',(1.6163396827972,-0.0630500596052837,-2.71038921413009));
#1714=CARTESIAN_POINT('',(1.61706836523512,-0.0403176494477175,-2.7069978848221));
#1715=CARTESIAN_POINT('',(1.61743763230451,-0.0173640358341624,-2.70528800813372));
#1716=CARTESIAN_POINT('',(1.6175311857046,2.87156466314805E-6,-2.70485598349921));
#1717=CARTESIAN_POINT('',(1.6174376248771,0.0173525495755131,-2.70528805786945));
#1718=CARTESIAN_POINT('',(1.6175,5.64035231725012E-16,-2.705));
#1719=CARTESIAN_POINT('',(0.,0.,0.));
#1720=CARTESIAN_POINT('',(1.7,5.73432762699614E-16,-3.055));
#1721=CARTESIAN_POINT('',(1.7,5.73432762699614E-16,-3.055));
#1722=CARTESIAN_POINT('',(1.7,-3.52814980504399E-18,-2.705));
#1723=CARTESIAN_POINT('',(1.7,-3.5281498050432E-18,-3.405));
#1724=CARTESIAN_POINT('',(1.7,0.,-3.405));
#1725=CARTESIAN_POINT('',(1.6175,-4.12373390067171E-18,-3.405));
#1726=CARTESIAN_POINT('',(1.6175,5.69308939074099E-16,-2.705));
#1727=CARTESIAN_POINT('',(1.6175,-0.0115996032244422,-2.705));
#1728=CARTESIAN_POINT('',(1.617250687689,-0.0345950851250651,-2.7061495096444));
#1729=CARTESIAN_POINT('',(1.61616483043433,-0.06851489600321,-2.71120347469479));
#1730=CARTESIAN_POINT('',(1.6146987565325,-0.0962694314989959,-2.71815380456135));
#1731=CARTESIAN_POINT('',(1.61319981602532,-0.118245446742706,-2.72542700849437));
#1732=CARTESIAN_POINT('',(1.61193722854732,-0.134347553930742,-2.7316591827882));
#1733=CARTESIAN_POINT('',(1.61055283844069,-0.150020844675487,-2.73862772571963));
#1734=CARTESIAN_POINT('',(1.60905645547948,-0.165287577591124,-2.74632982148461));
#1735=CARTESIAN_POINT('',(1.60745949744428,-0.180146449173604,-2.75475900639951));
#1736=CARTESIAN_POINT('',(1.60577249971464,-0.194600836688619,-2.76391888408118));
#1737=CARTESIAN_POINT('',(1.60400759270861,-0.208641147568282,-2.77380908784156));
#1738=CARTESIAN_POINT('',(1.60156008337012,-0.226835761547304,-2.78802098630182));
#1739=CARTESIAN_POINT('',(1.59844295200905,-0.247960306740845,-2.8072041633864));
#1740=CARTESIAN_POINT('',(1.59533170486491,-0.267049622275501,-2.82825918115922));
#1741=CARTESIAN_POINT('',(1.59289987269365,-0.281090941731474,-2.84622812366245));
#1742=CARTESIAN_POINT('',(1.59111779363403,-0.291002119916898,-2.8602761597072));
#1743=CARTESIAN_POINT('',(1.58939188576726,-0.300278045269535,-2.87490977174564));
#1744=CARTESIAN_POINT('',(1.58776766759218,-0.30874357703672,-2.88984824997824));
#1745=CARTESIAN_POINT('',(1.58624955188973,-0.316444546942013,-2.90513244540038));
#1746=CARTESIAN_POINT('',(1.58484932860974,-0.323378610120377,-2.92074813586144));
#1747=CARTESIAN_POINT('',(1.58357667980105,-0.329549339377979,-2.93669959531726));
#1748=CARTESIAN_POINT('',(1.58244213895553,-0.334950505041267,-2.95298670928486));
#1749=CARTESIAN_POINT('',(1.58145541618378,-0.339575115579095,-2.96962289350992));
#1750=CARTESIAN_POINT('',(1.58035463333463,-0.34466692989545,-2.99224141661984));
#1751=CARTESIAN_POINT('',(1.57943155633324,-0.348862893971674,-3.0205706129078));
#1752=CARTESIAN_POINT('',(1.57911719527825,-0.35027836695319,-3.04911826879661));
#1753=CARTESIAN_POINT('',(1.57923969503366,-0.349726276627193,-3.07205283680141));
#1754=CARTESIAN_POINT('',(1.57952055987398,-0.348456615958351,-3.08933341971065));
#1755=CARTESIAN_POINT('',(1.57999042367427,-0.346321768938707,-3.10658565471646));
#1756=CARTESIAN_POINT('',(1.58085127774965,-0.342379777636001,-3.12919959792207));
#1757=CARTESIAN_POINT('',(1.58235146784233,-0.335415821363588,-3.15691250261256));
#1758=CARTESIAN_POINT('',(1.58436248544789,-0.325788688631657,-3.18381754253541));
#1759=CARTESIAN_POINT('',(1.5862554459187,-0.316415885398961,-3.20493709179212));
#1760=CARTESIAN_POINT('',(1.58829820262905,-0.306050442228924,-3.22547925565939));
#1761=CARTESIAN_POINT('',(1.59052281064993,-0.294307919556112,-3.24502388817614));
#1762=CARTESIAN_POINT('',(1.59288099837186,-0.281197422175063,-3.26362718912977));
#1763=CARTESIAN_POINT('',(1.59470369904471,-0.270678212505194,-3.27710539898699));
#1764=CARTESIAN_POINT('',(1.59656648563485,-0.259475676239955,-3.29009912803899));
#1765=CARTESIAN_POINT('',(1.59846203163585,-0.247540484646843,-3.30263502613988));
#1766=CARTESIAN_POINT('',(1.60034075505634,-0.235096868459564,-3.31447474085227));
#1767=CARTESIAN_POINT('',(1.60280727238888,-0.217834256885874,-3.32936300384396));
#1768=CARTESIAN_POINT('',(1.60578648056819,-0.195007099684317,-3.34630709707581));
#1769=CARTESIAN_POINT('',(1.60854323670532,-0.170526576599699,-3.36102902194623));
#1770=CARTESIAN_POINT('',(1.61056717477339,-0.14987295297757,-3.37144581258169));
#1771=CARTESIAN_POINT('',(1.61195393554706,-0.134145595642284,-3.37842387116961));
#1772=CARTESIAN_POINT('',(1.61320561659332,-0.118156519703585,-3.38460089241115));
#1773=CARTESIAN_POINT('',(1.61431384972643,-0.10191506908872,-3.38997884699526));
#1774=CARTESIAN_POINT('',(1.61527155643016,-0.0854192835950801,-3.39456073528686));
#1775=CARTESIAN_POINT('',(1.61607116911003,-0.0686676094416892,-3.39834146500628));
#1776=CARTESIAN_POINT('',(1.61670538354921,-0.0516573684284356,-3.40131218007306));
#1777=CARTESIAN_POINT('',(1.61731864282718,-0.0286193558166662,-3.40416417282053));
#1778=CARTESIAN_POINT('',(1.61750000000001,-0.0114404305954012,-3.405));
#1779=CARTESIAN_POINT('',(1.61750000000001,-2.3427274478287E-17,-3.405));
#1780=CARTESIAN_POINT('',(1.6175,5.69308939074099E-16,-2.705));
#1781=CARTESIAN_POINT('',(1.7,0.,-2.705));
#1782=CARTESIAN_POINT('',(1.7,5.73432762699614E-16,-3.055));
#1783=CARTESIAN_POINT('',(1.7,0.,-3.405));
#1784=CARTESIAN_POINT('',(1.5,-7.06048590429125E-18,-3.405));
#1785=CARTESIAN_POINT('',(1.5,5.63435614516546E-16,-3.055));
#1786=CARTESIAN_POINT('',(1.5,-7.06048590429203E-18,-2.705));
#1787=CARTESIAN_POINT('',(1.7,0.,-2.705));
#1788=CARTESIAN_POINT('',(1.7,5.73432762699614E-16,-3.055));
#1789=CARTESIAN_POINT('',(1.61750000000001,-2.3427274478287E-17,-3.405));
#1790=CARTESIAN_POINT('',(1.61750000000001,0.0114374269501715,-3.405));
#1791=CARTESIAN_POINT('',(1.61731799350978,0.0285613102170289,-3.40416105621728));
#1792=CARTESIAN_POINT('',(1.61671574098595,0.0513180318016037,-3.40136043712147));
#1793=CARTESIAN_POINT('',(1.61608445644259,0.0683684050523795,-3.39840404818614));
#1794=CARTESIAN_POINT('',(1.61527745869609,0.0853176564058773,-3.39458894450874));
#1795=CARTESIAN_POINT('',(1.61431543797524,0.101892169526165,-3.38998655740643));
#1796=CARTESIAN_POINT('',(1.61320503612024,0.118164716698335,-3.3845981247824));
#1797=CARTESIAN_POINT('',(1.61153902735736,0.13944370316902,-3.37637588355373));
#1798=CARTESIAN_POINT('',(1.60961505041808,0.160082413304179,-3.36661685085234));
#1799=CARTESIAN_POINT('',(1.60745970521941,0.180149690166701,-3.35524321303172));
#1800=CARTESIAN_POINT('',(1.60519211417002,0.199567198619731,-3.34292827985484));
#1801=CARTESIAN_POINT('',(1.60280446309302,0.217853348460559,-3.32934596279624));
#1802=CARTESIAN_POINT('',(1.60034417013381,0.235072961268381,-3.31449535589976));
#1803=CARTESIAN_POINT('',(1.5984757474771,0.247449874170261,-3.30272137042902));
#1804=CARTESIAN_POINT('',(1.59659869391085,0.259277401637533,-3.29031738015517));
#1805=CARTESIAN_POINT('',(1.59471976272276,0.2705851927355,-3.2772231411303));
#1806=CARTESIAN_POINT('',(1.59288683106382,0.281164728278922,-3.26367251701387));
#1807=CARTESIAN_POINT('',(1.59052371187791,0.294303400586184,-3.24503291442781));
#1808=CARTESIAN_POINT('',(1.58774947773697,0.308945717129614,-3.22065070377113));
#1809=CARTESIAN_POINT('',(1.58529731685687,0.321205819110813,-3.19485696133878));
#1810=CARTESIAN_POINT('',(1.58357383477581,0.32956345478391,-3.17327123822595));
#1811=CARTESIAN_POINT('',(1.58243529461531,0.334982745720963,-3.15690646819416));
#1812=CARTESIAN_POINT('',(1.58145589447601,0.339572611996474,-3.14037172506992));
#1813=CARTESIAN_POINT('',(1.58064155574238,0.343340088812696,-3.12366750433809));
#1814=CARTESIAN_POINT('',(1.57999782928125,0.346287916992535,-3.10679481485585));
#1815=CARTESIAN_POINT('',(1.57953039726957,0.348412037702326,-3.08975044880352));
#1816=CARTESIAN_POINT('',(1.5792446319828,0.349704010603936,-3.07254047909167));
#1817=CARTESIAN_POINT('',(1.57911472773998,0.350289481481389,-3.04932762779173));
#1818=CARTESIAN_POINT('',(1.57942910070011,0.348874097373913,-3.02067723184156));
#1819=CARTESIAN_POINT('',(1.58034918093554,0.344691528727588,-2.99241586156982));
#1820=CARTESIAN_POINT('',(1.58143234869207,0.339682267035242,-2.97006013071691));
#1821=CARTESIAN_POINT('',(1.5824147125497,0.335080164485059,-2.95340456125872));
#1822=CARTESIAN_POINT('',(1.58355958062427,0.329631761989616,-2.93692157096077));
#1823=CARTESIAN_POINT('',(1.5848371816094,0.323438225270912,-2.92088984922034));
#1824=CARTESIAN_POINT('',(1.58623964778663,0.316494243663341,-2.90523685083193));
#1825=CARTESIAN_POINT('',(1.58825994692106,0.306247114689916,-2.88488471150054));
#1826=CARTESIAN_POINT('',(1.59048083235172,0.294536667466978,-2.86531913905097));
#1827=CARTESIAN_POINT('',(1.59286594633324,0.281284197945658,-2.84648400298386));
#1828=CARTESIAN_POINT('',(1.59531671027332,0.26714112228206,-2.82836081191275));
#1829=CARTESIAN_POINT('',(1.59780910991139,0.25185172483594,-2.81149167673824));
#1830=CARTESIAN_POINT('',(1.60029580175264,0.235401671577756,-2.79580288469829));
#1831=CARTESIAN_POINT('',(1.60214438954693,0.222483065980838,-2.78463254971326));
#1832=CARTESIAN_POINT('',(1.60396188329522,0.208991207186618,-2.77407004496937));
#1833=CARTESIAN_POINT('',(1.6057415669809,0.194859218098475,-2.76408837398817));
#1834=CARTESIAN_POINT('',(1.60744062684321,0.180316224492979,-2.75485964775993));
#1835=CARTESIAN_POINT('',(1.60957623893168,0.160461905602191,-2.74358473630893));
#1836=CARTESIAN_POINT('',(1.61198175061298,0.134739754140221,-2.73137432425718));
#1837=CARTESIAN_POINT('',(1.61396665461759,0.107856625969012,-2.72168314398684));
#1838=CARTESIAN_POINT('',(1.61526551790529,0.0855475746257459,-2.71546767666099));
#1839=CARTESIAN_POINT('',(1.61633998331121,0.0630413599060863,-2.71038777320884));
#1840=CARTESIAN_POINT('',(1.61725060068201,0.0346343527443914,-2.70615006338282));
#1841=CARTESIAN_POINT('',(1.6175,0.011596557788994,-2.705));
#1842=CARTESIAN_POINT('',(1.6175,5.69308939074099E-16,-2.705));
#1843=CARTESIAN_POINT('',(1.5,5.63435614516546E-16,-3.055));
#1844=CARTESIAN_POINT('',(1.7,5.73432762699614E-16,-3.055));
#1845=CARTESIAN_POINT('',(1.7,5.73432762699614E-16,-3.055));
#1846=CARTESIAN_POINT('',(0.,0.,0.));
#1847=CARTESIAN_POINT('',(1.59716725349427,4.44089209850063E-16,1.2825));
#1848=CARTESIAN_POINT('',(6.22936432853165E-15,-3.79392791604731E-31,1.2825));
#1849=CARTESIAN_POINT('',(1.78,0.,1.2825));
#1850=CARTESIAN_POINT('',(-1.78,0.,1.2825));
#1851=CARTESIAN_POINT('',(1.59716725349427,0.,1.2825));
#1852=CARTESIAN_POINT('',(1.6175,0.,1.2825));
#1853=CARTESIAN_POINT('',(6.22936432853165E-15,-3.79392791604731E-31,1.2825));
#1854=CARTESIAN_POINT('',(-1.6175,0.,1.2825));
#1855=CARTESIAN_POINT('',(1.59716725349427,0.,1.2825));
#1856=CARTESIAN_POINT('',(1.59716725349427,4.44089209850063E-16,1.2825));
#1857=CARTESIAN_POINT('',(1.59716725349427,0.,1.2825));
#1858=CARTESIAN_POINT('',(1.4,0.,1.2825));
#1859=CARTESIAN_POINT('',(6.22936432853165E-15,-3.79392791604731E-31,1.2825));
#1860=CARTESIAN_POINT('',(-1.4,0.,1.2825));
#1861=CARTESIAN_POINT('',(1.59716725349427,0.,1.2825));
#1862=CARTESIAN_POINT('',(1.59716725349427,4.44089209850063E-16,1.2825));
#1863=CARTESIAN_POINT('',(6.22936432853165E-15,-3.79392791604731E-31,1.2825));
#1864=CARTESIAN_POINT('',(6.22936432853165E-15,-3.79392791604731E-31,1.2825));
#1865=CARTESIAN_POINT('',(1.59716725349427,4.44089209850063E-16,1.2825));
#1866=CARTESIAN_POINT('',(6.22936432853165E-15,-3.79392791604731E-31,1.2825));
#1867=MECHANICAL_DESIGN_GEOMETRIC_PRESENTATION_REPRESENTATION('',(#575),
#1875);
#1868=MECHANICAL_DESIGN_GEOMETRIC_PRESENTATION_REPRESENTATION('',(#576),
#1876);
#1869=MECHANICAL_DESIGN_GEOMETRIC_PRESENTATION_REPRESENTATION('',(#577,
#10),#1877);
#1870=MECHANICAL_DESIGN_GEOMETRIC_PRESENTATION_REPRESENTATION('',(#578),
#1878);
#1871=MECHANICAL_DESIGN_GEOMETRIC_PRESENTATION_REPRESENTATION('',(#579),
#1879);
#1872=MECHANICAL_DESIGN_GEOMETRIC_PRESENTATION_REPRESENTATION('',(#580),
#1880);
#1873=MECHANICAL_DESIGN_GEOMETRIC_PRESENTATION_REPRESENTATION('',(#581),
#1881);
#1874=MECHANICAL_DESIGN_GEOMETRIC_PRESENTATION_REPRESENTATION('',(#582),
#1882);
#1875=(
GEOMETRIC_REPRESENTATION_CONTEXT(3)
GLOBAL_UNCERTAINTY_ASSIGNED_CONTEXT((#1883))
GLOBAL_UNIT_ASSIGNED_CONTEXT((#1907,#1899,#1891))
REPRESENTATION_CONTEXT('opening_1','TOP_LEVEL_ASSEMBLY_PART')
);
#1876=(
GEOMETRIC_REPRESENTATION_CONTEXT(3)
GLOBAL_UNCERTAINTY_ASSIGNED_CONTEXT((#1884))
GLOBAL_UNIT_ASSIGNED_CONTEXT((#1908,#1900,#1892))
REPRESENTATION_CONTEXT('opening_0','TOP_LEVEL_ASSEMBLY_PART')
);
#1877=(
GEOMETRIC_REPRESENTATION_CONTEXT(3)
GLOBAL_UNCERTAINTY_ASSIGNED_CONTEXT((#1885))
GLOBAL_UNIT_ASSIGNED_CONTEXT((#1909,#1901,#1893))
REPRESENTATION_CONTEXT('skir_carbo_und','TOP_LEVEL_ASSEMBLY_PART')
);
#1878=(
GEOMETRIC_REPRESENTATION_CONTEXT(3)
GLOBAL_UNCERTAINTY_ASSIGNED_CONTEXT((#1886))
GLOBAL_UNIT_ASSIGNED_CONTEXT((#1910,#1902,#1894))
REPRESENTATION_CONTEXT('Surface 7','TOP_LEVEL_ASSEMBLY_PART')
);
#1879=(
GEOMETRIC_REPRESENTATION_CONTEXT(3)
GLOBAL_UNCERTAINTY_ASSIGNED_CONTEXT((#1887))
GLOBAL_UNIT_ASSIGNED_CONTEXT((#1911,#1903,#1895))
REPRESENTATION_CONTEXT('Surface 1','TOP_LEVEL_ASSEMBLY_PART')
);
#1880=(
GEOMETRIC_REPRESENTATION_CONTEXT(3)
GLOBAL_UNCERTAINTY_ASSIGNED_CONTEXT((#1888))
GLOBAL_UNIT_ASSIGNED_CONTEXT((#1912,#1904,#1896))
REPRESENTATION_CONTEXT('skir_carbo_mid','TOP_LEVEL_ASSEMBLY_PART')
);
#1881=(
GEOMETRIC_REPRESENTATION_CONTEXT(3)
GLOBAL_UNCERTAINTY_ASSIGNED_CONTEXT((#1889))
GLOBAL_UNIT_ASSIGNED_CONTEXT((#1913,#1905,#1897))
REPRESENTATION_CONTEXT('Surface 6','TOP_LEVEL_ASSEMBLY_PART')
);
#1882=(
GEOMETRIC_REPRESENTATION_CONTEXT(3)
GLOBAL_UNCERTAINTY_ASSIGNED_CONTEXT((#1890))
GLOBAL_UNIT_ASSIGNED_CONTEXT((#1914,#1906,#1898))
REPRESENTATION_CONTEXT('base_plate','TOP_LEVEL_ASSEMBLY_PART')
);
#1883=UNCERTAINTY_MEASURE_WITH_UNIT(LENGTH_MEASURE(2.E-5),#1907,
'DISTANCE_ACCURACY_VALUE','Maximum Tolerance applied to model');
#1884=UNCERTAINTY_MEASURE_WITH_UNIT(LENGTH_MEASURE(2.E-5),#1908,
'DISTANCE_ACCURACY_VALUE','Maximum Tolerance applied to model');
#1885=UNCERTAINTY_MEASURE_WITH_UNIT(LENGTH_MEASURE(1.E-8),#1909,
'DISTANCE_ACCURACY_VALUE','Maximum Tolerance applied to model');
#1886=UNCERTAINTY_MEASURE_WITH_UNIT(LENGTH_MEASURE(2.E-5),#1910,
'DISTANCE_ACCURACY_VALUE','Maximum Tolerance applied to model');
#1887=UNCERTAINTY_MEASURE_WITH_UNIT(LENGTH_MEASURE(1.E-8),#1911,
'DISTANCE_ACCURACY_VALUE','Maximum Tolerance applied to model');
#1888=UNCERTAINTY_MEASURE_WITH_UNIT(LENGTH_MEASURE(2.E-5),#1912,
'DISTANCE_ACCURACY_VALUE','Maximum Tolerance applied to model');
#1889=UNCERTAINTY_MEASURE_WITH_UNIT(LENGTH_MEASURE(2.E-5),#1913,
'DISTANCE_ACCURACY_VALUE','Maximum Tolerance applied to model');
#1890=UNCERTAINTY_MEASURE_WITH_UNIT(LENGTH_MEASURE(1.E-8),#1914,
'DISTANCE_ACCURACY_VALUE','Maximum Tolerance applied to model');
#1891=(
NAMED_UNIT(*)
SI_UNIT($,.STERADIAN.)
SOLID_ANGLE_UNIT()
);
#1892=(
NAMED_UNIT(*)
SI_UNIT($,.STERADIAN.)
SOLID_ANGLE_UNIT()
);
#1893=(
NAMED_UNIT(*)
SI_UNIT($,.STERADIAN.)
SOLID_ANGLE_UNIT()
);
#1894=(
NAMED_UNIT(*)
SI_UNIT($,.STERADIAN.)
SOLID_ANGLE_UNIT()
);
#1895=(
NAMED_UNIT(*)
SI_UNIT($,.STERADIAN.)
SOLID_ANGLE_UNIT()
);
#1896=(
NAMED_UNIT(*)
SI_UNIT($,.STERADIAN.)
SOLID_ANGLE_UNIT()
);
#1897=(
NAMED_UNIT(*)
SI_UNIT($,.STERADIAN.)
SOLID_ANGLE_UNIT()
);
#1898=(
NAMED_UNIT(*)
SI_UNIT($,.STERADIAN.)
SOLID_ANGLE_UNIT()
);
#1899=(
NAMED_UNIT(*)
PLANE_ANGLE_UNIT()
SI_UNIT($,.RADIAN.)
);
#1900=(
NAMED_UNIT(*)
PLANE_ANGLE_UNIT()
SI_UNIT($,.RADIAN.)
);
#1901=(
NAMED_UNIT(*)
PLANE_ANGLE_UNIT()
SI_UNIT($,.RADIAN.)
);
#1902=(
NAMED_UNIT(*)
PLANE_ANGLE_UNIT()
SI_UNIT($,.RADIAN.)
);
#1903=(
NAMED_UNIT(*)
PLANE_ANGLE_UNIT()
SI_UNIT($,.RADIAN.)
);
#1904=(
NAMED_UNIT(*)
PLANE_ANGLE_UNIT()
SI_UNIT($,.RADIAN.)
);
#1905=(
NAMED_UNIT(*)
PLANE_ANGLE_UNIT()
SI_UNIT($,.RADIAN.)
);
#1906=(
NAMED_UNIT(*)
PLANE_ANGLE_UNIT()
SI_UNIT($,.RADIAN.)
);
#1907=(
LENGTH_UNIT()
NAMED_UNIT(*)
SI_UNIT($,.METRE.)
);
#1908=(
LENGTH_UNIT()
NAMED_UNIT(*)
SI_UNIT($,.METRE.)
);
#1909=(
LENGTH_UNIT()
NAMED_UNIT(*)
SI_UNIT($,.METRE.)
);
#1910=(
LENGTH_UNIT()
NAMED_UNIT(*)
SI_UNIT($,.METRE.)
);
#1911=(
LENGTH_UNIT()
NAMED_UNIT(*)
SI_UNIT($,.METRE.)
);
#1912=(
LENGTH_UNIT()
NAMED_UNIT(*)
SI_UNIT($,.METRE.)
);
#1913=(
LENGTH_UNIT()
NAMED_UNIT(*)
SI_UNIT($,.METRE.)
);
#1914=(
LENGTH_UNIT()
NAMED_UNIT(*)
SI_UNIT($,.METRE.)
);
#1915=PRODUCT_DEFINITION_SHAPE('','',#1923);
#1916=PRODUCT_DEFINITION_SHAPE('','',#1924);
#1917=PRODUCT_DEFINITION_SHAPE('','',#1925);
#1918=PRODUCT_DEFINITION_SHAPE('','',#1926);
#1919=PRODUCT_DEFINITION_SHAPE('','',#1927);
#1920=PRODUCT_DEFINITION_SHAPE('','',#1928);
#1921=PRODUCT_DEFINITION_SHAPE('','',#1929);
#1922=PRODUCT_DEFINITION_SHAPE('','',#1930);
#1923=PRODUCT_DEFINITION('','',#1939,#1931);
#1924=PRODUCT_DEFINITION('','',#1940,#1932);
#1925=PRODUCT_DEFINITION('','',#1941,#1933);
#1926=PRODUCT_DEFINITION('','',#1942,#1934);
#1927=PRODUCT_DEFINITION('','',#1943,#1935);
#1928=PRODUCT_DEFINITION('','',#1944,#1936);
#1929=PRODUCT_DEFINITION('','',#1945,#1937);
#1930=PRODUCT_DEFINITION('','',#1946,#1938);
#1931=PRODUCT_DEFINITION_CONTEXT('',#1987,'design');
#1932=PRODUCT_DEFINITION_CONTEXT('',#1988,'design');
#1933=PRODUCT_DEFINITION_CONTEXT('',#1989,'design');
#1934=PRODUCT_DEFINITION_CONTEXT('',#1990,'design');
#1935=PRODUCT_DEFINITION_CONTEXT('',#1991,'design');
#1936=PRODUCT_DEFINITION_CONTEXT('',#1992,'design');
#1937=PRODUCT_DEFINITION_CONTEXT('',#1993,'design');
#1938=PRODUCT_DEFINITION_CONTEXT('',#1994,'design');
#1939=PRODUCT_DEFINITION_FORMATION_WITH_SPECIFIED_SOURCE('','',#1955,
 .NOT_KNOWN.);
#1940=PRODUCT_DEFINITION_FORMATION_WITH_SPECIFIED_SOURCE('','',#1956,
 .NOT_KNOWN.);
#1941=PRODUCT_DEFINITION_FORMATION_WITH_SPECIFIED_SOURCE('','',#1957,
 .NOT_KNOWN.);
#1942=PRODUCT_DEFINITION_FORMATION_WITH_SPECIFIED_SOURCE('','',#1958,
 .NOT_KNOWN.);
#1943=PRODUCT_DEFINITION_FORMATION_WITH_SPECIFIED_SOURCE('','',#1959,
 .NOT_KNOWN.);
#1944=PRODUCT_DEFINITION_FORMATION_WITH_SPECIFIED_SOURCE('','',#1960,
 .NOT_KNOWN.);
#1945=PRODUCT_DEFINITION_FORMATION_WITH_SPECIFIED_SOURCE('','',#1961,
 .NOT_KNOWN.);
#1946=PRODUCT_DEFINITION_FORMATION_WITH_SPECIFIED_SOURCE('','',#1962,
 .NOT_KNOWN.);
#1947=PRODUCT_RELATED_PRODUCT_CATEGORY('','',(#1955));
#1948=PRODUCT_RELATED_PRODUCT_CATEGORY('','',(#1956));
#1949=PRODUCT_RELATED_PRODUCT_CATEGORY('','',(#1957));
#1950=PRODUCT_RELATED_PRODUCT_CATEGORY('','',(#1958));
#1951=PRODUCT_RELATED_PRODUCT_CATEGORY('','',(#1959));
#1952=PRODUCT_RELATED_PRODUCT_CATEGORY('','',(#1960));
#1953=PRODUCT_RELATED_PRODUCT_CATEGORY('','',(#1961));
#1954=PRODUCT_RELATED_PRODUCT_CATEGORY('','',(#1962));
#1955=PRODUCT('opening_1','opening_1','opening_1',(#1971));
#1956=PRODUCT('opening_0','opening_0','opening_0',(#1972));
#1957=PRODUCT('skir_carbo_und','skir_carbo_und','skir_carbo_und',(#1973));
#1958=PRODUCT('Surface 7','Surface 7','Surface 7',(#1974));
#1959=PRODUCT('Surface 1','Surface 1','Surface 1',(#1975));
#1960=PRODUCT('skir_carbo_mid','skir_carbo_mid','skir_carbo_mid',(#1976));
#1961=PRODUCT('Surface 6','Surface 6','Surface 6',(#1977));
#1962=PRODUCT('base_plate','base_plate','base_plate',(#1978));
#1963=PRODUCT_CATEGORY('','');
#1964=PRODUCT_CATEGORY('','');
#1965=PRODUCT_CATEGORY('','');
#1966=PRODUCT_CATEGORY('','');
#1967=PRODUCT_CATEGORY('','');
#1968=PRODUCT_CATEGORY('','');
#1969=PRODUCT_CATEGORY('','');
#1970=PRODUCT_CATEGORY('','');
#1971=PRODUCT_CONTEXT('',#1987,'mechanical');
#1972=PRODUCT_CONTEXT('',#1988,'mechanical');
#1973=PRODUCT_CONTEXT('',#1989,'mechanical');
#1974=PRODUCT_CONTEXT('',#1990,'mechanical');
#1975=PRODUCT_CONTEXT('',#1991,'mechanical');
#1976=PRODUCT_CONTEXT('',#1992,'mechanical');
#1977=PRODUCT_CONTEXT('',#1993,'mechanical');
#1978=PRODUCT_CONTEXT('',#1994,'mechanical');
#1979=APPLICATION_PROTOCOL_DEFINITION('international standard',
'ap242_managed_model_based_3d_engineering',2020,#1987);
#1980=APPLICATION_PROTOCOL_DEFINITION('international standard',
'ap242_managed_model_based_3d_engineering',2020,#1988);
#1981=APPLICATION_PROTOCOL_DEFINITION('international standard',
'ap242_managed_model_based_3d_engineering',2020,#1989);
#1982=APPLICATION_PROTOCOL_DEFINITION('international standard',
'ap242_managed_model_based_3d_engineering',2020,#1990);
#1983=APPLICATION_PROTOCOL_DEFINITION('international standard',
'ap242_managed_model_based_3d_engineering',2020,#1991);
#1984=APPLICATION_PROTOCOL_DEFINITION('international standard',
'ap242_managed_model_based_3d_engineering',2020,#1992);
#1985=APPLICATION_PROTOCOL_DEFINITION('international standard',
'ap242_managed_model_based_3d_engineering',2020,#1993);
#1986=APPLICATION_PROTOCOL_DEFINITION('international standard',
'ap242_managed_model_based_3d_engineering',2020,#1994);
#1987=APPLICATION_CONTEXT('managed model based 3d engineering');
#1988=APPLICATION_CONTEXT('managed model based 3d engineering');
#1989=APPLICATION_CONTEXT('managed model based 3d engineering');
#1990=APPLICATION_CONTEXT('managed model based 3d engineering');
#1991=APPLICATION_CONTEXT('managed model based 3d engineering');
#1992=APPLICATION_CONTEXT('managed model based 3d engineering');
#1993=APPLICATION_CONTEXT('managed model based 3d engineering');
#1994=APPLICATION_CONTEXT('managed model based 3d engineering');
ENDSEC;
END-ISO-10303-21;
