    -1
   164
         1  SI: Meter (newton)         2
    1.0000000000000000E+0    1.0000000000000000E+0    1.0000000000000000E+0
    2.7314999999999998E+2
    -1
    -1
  2420
         1
SMESH_Mesh
         1         0         0
Global Cartesian Coordinate System
    1.0000000000000000E+0    0.0000000000000000E+0    0.0000000000000000E+0
    0.0000000000000000E+0    1.0000000000000000E+0    0.0000000000000000E+0
    0.0000000000000000E+0    0.0000000000000000E+0    1.0000000000000000E+0
    0.0000000000000000E+0    0.0000000000000000E+0    0.0000000000000000E+0
    -1
    -1
  2411
         1         1         1        11
   1.6274999999999999E+00   0.0000000000000000E+00  -4.1499999999999998E-01
         2         1         1        11
   1.6274999999999999E+00   0.0000000000000000E+00  -8.6675000000000004E+00
         3         1         1        11
   1.6274999999999999E+00   0.0000000000000000E+00   0.0000000000000000E+00
         4         1         1        11
   1.6274999999999999E+00   0.0000000000000000E+00  -4.1499999999999998E-01
         5         1         1        11
   1.6274999999999999E+00   0.0000000000000000E+00  -8.6675000000000004E+00
         6         1         1        11
   1.6274999999999999E+00   0.0000000000000000E+00  -1.0667500000000000E+01
         7         1         1        11
   1.6084263897025173E+00   2.4843671006621823E-01  -4.1499999999999998E-01
         8         1         1        11
   1.5516526280693994E+00   4.9105027421367553E-01  -4.1499999999999998E-01
         9         1         1        11
   1.4585094439541180E+00   7.2215403612847695E-01  -4.1499999999999998E-01
        10         1         1        11
   1.3311800346478329E+00   9.3633111950580505E-01  -4.1499999999999998E-01
        11         1         1        11
   1.1726488935852808E+00   1.1285613950393734E+00  -4.1499999999999998E-01
        12         1         1        11
   9.8663185634820327E-01   1.2943391479975017E+00  -4.1499999999999998E-01
        13         1         1        11
   7.7748900462870774E-01   1.4297786883575587E+00  -4.1499999999999998E-01
        14         1         1        11
   5.5012246960983813E-01   1.5317054280867366E+00  -4.1499999999999998E-01
        15         1         1        11
   3.0986153016549783E-01   1.5977302907948814E+00  -4.1499999999999998E-01
        16         1         1        11
   6.2337699080532764E-02   1.6263057096601932E+00  -4.1499999999999998E-01
        17         1         1        11
  -1.8664727483589630E-01   1.6167619010838712E+00  -4.1499999999999998E-01
        18         1         1        11
  -4.3125739482506631E-01   1.5693225638499870E+00  -4.1499999999999998E-01
        19         1         1        11
  -6.6575920699635494E-01   1.4850996358155855E+00  -4.1499999999999998E-01
        20         1         1        11
  -8.8465618762698661E-01   1.3660672310297490E+00  -4.1499999999999998E-01
        21         1         1        11
  -1.0828175770194568E+00   1.2150153681734699E+00  -4.1499999999999998E-01
        22         1         1        11
  -1.2555986401602113E+00   1.0354845748864772E+00  -4.1499999999999998E-01
        23         1         1        11
  -1.3989495353716692E+00   8.3168290080017326E-01  -4.1499999999999998E-01
        24         1         1        11
  -1.5095102391686583E+00   6.0838728442085266E-01  -4.1499999999999998E-01
        25         1         1        11
  -1.5846893023610851E+00   3.7083158573985808E-01  -4.1499999999999998E-01
        26         1         1        11
  -1.6227245914265374E+00   1.2458390899139858E-01  -4.1499999999999998E-01
        27         1         1        11
  -1.6227245914265378E+00  -1.2458390899139458E-01  -4.1499999999999998E-01
        28         1         1        11
  -1.5846893023610860E+00  -3.7083158573985420E-01  -4.1499999999999998E-01
        29         1         1        11
  -1.5095102391686599E+00  -6.0838728442084888E-01  -4.1499999999999998E-01
        30         1         1        11
  -1.3989495353716712E+00  -8.3168290080016982E-01  -4.1499999999999998E-01
        31         1         1        11
  -1.2555986401602137E+00  -1.0354845748864741E+00  -4.1499999999999998E-01
        32         1         1        11
  -1.0828175770194597E+00  -1.2150153681734672E+00  -4.1499999999999998E-01
        33         1         1        11
  -8.8465618762698939E-01  -1.3660672310297473E+00  -4.1499999999999998E-01
        34         1         1        11
  -6.6575920699635727E-01  -1.4850996358155844E+00  -4.1499999999999998E-01
        35         1         1        11
  -4.3125739482506814E-01  -1.5693225638499866E+00  -4.1499999999999998E-01
        36         1         1        11
  -1.8664727483589741E-01  -1.6167619010838710E+00  -4.1499999999999998E-01
        37         1         1        11
   6.2337699080532369E-02  -1.6263057096601932E+00  -4.1499999999999998E-01
        38         1         1        11
   3.0986153016549817E-01  -1.5977302907948814E+00  -4.1499999999999998E-01
        39         1         1        11
   5.5012246960983913E-01  -1.5317054280867362E+00  -4.1499999999999998E-01
        40         1         1        11
   7.7748900462870918E-01  -1.4297786883575581E+00  -4.1499999999999998E-01
        41         1         1        11
   9.8663185634820505E-01  -1.2943391479975002E+00  -4.1499999999999998E-01
        42         1         1        11
   1.1726488935852828E+00  -1.1285613950393716E+00  -4.1499999999999998E-01
        43         1         1        11
   1.3311800346478346E+00  -9.3633111950580239E-01  -4.1499999999999998E-01
        44         1         1        11
   1.4585094439541195E+00  -7.2215403612847351E-01  -4.1499999999999998E-01
        45         1         1        11
   1.5516526280694007E+00  -4.9105027421367137E-01  -4.1499999999999998E-01
        46         1         1        11
   1.6084263897025179E+00  -2.4843671006621346E-01  -4.1499999999999998E-01
        47         1         1        11
   1.6274999999999999E+00   9.9655633280615865E-17  -6.5772058823529322E-01
        48         1         1        11
   1.6274999999999999E+00   9.9655633280615865E-17  -9.0044117647058841E-01
        49         1         1        11
   1.6274999999999999E+00   9.9655633280615865E-17  -1.1431617647058825E+00
        50         1         1        11
   1.6274999999999999E+00   9.9655633280615865E-17  -1.3858823529411759E+00
        51         1         1        11
   1.6274999999999999E+00   9.9655633280615865E-17  -1.6286029411764709E+00
        52         1         1        11
   1.6274999999999999E+00   9.9655633280615865E-17  -1.8713235294117652E+00
        53         1         1        11
   1.6274999999999999E+00   9.9655633280615865E-17  -2.1140441176470581E+00
        54         1         1        11
   1.6274999999999999E+00   9.9655633280615865E-17  -2.3567647058823527E+00
        55         1         1        11
   1.6274999999999999E+00   9.9655633280615865E-17  -2.5994852941176467E+00
        56         1         1        11
   1.6274999999999999E+00   9.9655633280615853E-17  -2.8422058823529417E+00
        57         1         1        11
   1.6274999999999999E+00   9.9655633280615853E-17  -3.0849264705882353E+00
        58         1         1        11
   1.6274999999999999E+00   9.9655633280615865E-17  -3.3276470588235285E+00
        59         1         1        11
   1.6274999999999999E+00   9.9655633280615853E-17  -3.5703676470588235E+00
        60         1         1        11
   1.6274999999999999E+00   9.9655633280615853E-17  -3.8130882352941176E+00
        61         1         1        11
   1.6274999999999999E+00   9.9655633280615853E-17  -4.0558088235294107E+00
        62         1         1        11
   1.6274999999999999E+00   9.9655633280615865E-17  -4.2985294117647053E+00
        63         1         1        11
   1.6274999999999999E+00   9.9655633280615865E-17  -4.5412499999999998E+00
        64         1         1        11
   1.6274999999999999E+00   9.9655633280615853E-17  -4.7839705882352934E+00
        65         1         1        11
   1.6274999999999999E+00   9.9655633280615865E-17  -5.0266911764705888E+00
        66         1         1        11
   1.6274999999999999E+00   9.9655633280615853E-17  -5.2694117647058825E+00
        67         1         1        11
   1.6274999999999997E+00   9.9655633280615853E-17  -5.5121323529411761E+00
        68         1         1        11
   1.6274999999999999E+00   9.9655633280615865E-17  -5.7548529411764724E+00
        69         1         1        11
   1.6274999999999999E+00   9.9655633280615865E-17  -5.9975735294117660E+00
        70         1         1        11
   1.6274999999999999E+00   9.9655633280615853E-17  -6.2402941176470605E+00
        71         1         1        11
   1.6274999999999999E+00   9.9655633280615865E-17  -6.4830147058823551E+00
        72         1         1        11
   1.6274999999999999E+00   9.9655633280615865E-17  -6.7257352941176496E+00
        73         1         1        11
   1.6274999999999999E+00   9.9655633280615853E-17  -6.9684558823529432E+00
        74         1         1        11
   1.6274999999999999E+00   9.9655633280615878E-17  -7.2111764705882395E+00
        75         1         1        11
   1.6274999999999999E+00   9.9655633280615865E-17  -7.4538970588235332E+00
        76         1         1        11
   1.6274999999999999E+00   9.9655633280615865E-17  -7.6966176470588277E+00
        77         1         1        11
   1.6274999999999999E+00   9.9655633280615878E-17  -7.9393382352941222E+00
        78         1         1        11
   1.6274999999999999E+00   9.9655633280615865E-17  -8.1820588235294167E+00
        79         1         1        11
   1.6274999999999999E+00   9.9655633280615878E-17  -8.4247794117647103E+00
        80         1         1        11
   1.6084263897025173E+00   2.4843671006621823E-01  -8.6675000000000004E+00
        81         1         1        11
   1.5516526280693994E+00   4.9105027421367553E-01  -8.6675000000000004E+00
        82         1         1        11
   1.4585094439541180E+00   7.2215403612847695E-01  -8.6675000000000004E+00
        83         1         1        11
   1.3311800346478329E+00   9.3633111950580505E-01  -8.6675000000000004E+00
        84         1         1        11
   1.1726488935852808E+00   1.1285613950393734E+00  -8.6675000000000004E+00
        85         1         1        11
   9.8663185634820327E-01   1.2943391479975017E+00  -8.6675000000000004E+00
        86         1         1        11
   7.7748900462870774E-01   1.4297786883575587E+00  -8.6675000000000004E+00
        87         1         1        11
   5.5012246960983813E-01   1.5317054280867366E+00  -8.6675000000000004E+00
        88         1         1        11
   3.0986153016549783E-01   1.5977302907948814E+00  -8.6675000000000004E+00
        89         1         1        11
   6.2337699080532764E-02   1.6263057096601932E+00  -8.6675000000000004E+00
        90         1         1        11
  -1.8664727483589630E-01   1.6167619010838712E+00  -8.6675000000000004E+00
        91         1         1        11
  -4.3125739482506631E-01   1.5693225638499870E+00  -8.6675000000000004E+00
        92         1         1        11
  -6.6575920699635494E-01   1.4850996358155855E+00  -8.6675000000000004E+00
        93         1         1        11
  -8.8465618762698661E-01   1.3660672310297490E+00  -8.6675000000000004E+00
        94         1         1        11
  -1.0828175770194568E+00   1.2150153681734699E+00  -8.6675000000000004E+00
        95         1         1        11
  -1.2555986401602113E+00   1.0354845748864772E+00  -8.6675000000000004E+00
        96         1         1        11
  -1.3989495353716692E+00   8.3168290080017326E-01  -8.6675000000000004E+00
        97         1         1        11
  -1.5095102391686583E+00   6.0838728442085266E-01  -8.6675000000000004E+00
        98         1         1        11
  -1.5846893023610851E+00   3.7083158573985808E-01  -8.6675000000000004E+00
        99         1         1        11
  -1.6227245914265374E+00   1.2458390899139858E-01  -8.6675000000000004E+00
       100         1         1        11
  -1.6227245914265378E+00  -1.2458390899139458E-01  -8.6675000000000004E+00
       101         1         1        11
  -1.5846893023610860E+00  -3.7083158573985420E-01  -8.6675000000000004E+00
       102         1         1        11
  -1.5095102391686599E+00  -6.0838728442084888E-01  -8.6675000000000004E+00
       103         1         1        11
  -1.3989495353716712E+00  -8.3168290080016982E-01  -8.6675000000000004E+00
       104         1         1        11
  -1.2555986401602137E+00  -1.0354845748864741E+00  -8.6675000000000004E+00
       105         1         1        11
  -1.0828175770194597E+00  -1.2150153681734672E+00  -8.6675000000000004E+00
       106         1         1        11
  -8.8465618762698939E-01  -1.3660672310297473E+00  -8.6675000000000004E+00
       107         1         1        11
  -6.6575920699635727E-01  -1.4850996358155844E+00  -8.6675000000000004E+00
       108         1         1        11
  -4.3125739482506814E-01  -1.5693225638499866E+00  -8.6675000000000004E+00
       109         1         1        11
  -1.8664727483589741E-01  -1.6167619010838710E+00  -8.6675000000000004E+00
       110         1         1        11
   6.2337699080532369E-02  -1.6263057096601932E+00  -8.6675000000000004E+00
       111         1         1        11
   3.0986153016549817E-01  -1.5977302907948814E+00  -8.6675000000000004E+00
       112         1         1        11
   5.5012246960983913E-01  -1.5317054280867362E+00  -8.6675000000000004E+00
       113         1         1        11
   7.7748900462870918E-01  -1.4297786883575581E+00  -8.6675000000000004E+00
       114         1         1        11
   9.8663185634820505E-01  -1.2943391479975002E+00  -8.6675000000000004E+00
       115         1         1        11
   1.1726488935852828E+00  -1.1285613950393716E+00  -8.6675000000000004E+00
       116         1         1        11
   1.3311800346478346E+00  -9.3633111950580239E-01  -8.6675000000000004E+00
       117         1         1        11
   1.4585094439541195E+00  -7.2215403612847351E-01  -8.6675000000000004E+00
       118         1         1        11
   1.5516526280694007E+00  -4.9105027421367137E-01  -8.6675000000000004E+00
       119         1         1        11
   1.6084263897025179E+00  -2.4843671006621346E-01  -8.6675000000000004E+00
       120         1         1        11
   1.6084263897025173E+00   2.4843671006621823E-01   0.0000000000000000E+00
       121         1         1        11
   1.5516526280693994E+00   4.9105027421367553E-01   0.0000000000000000E+00
       122         1         1        11
   1.4585094439541180E+00   7.2215403612847695E-01   0.0000000000000000E+00
       123         1         1        11
   1.3311800346478329E+00   9.3633111950580505E-01   0.0000000000000000E+00
       124         1         1        11
   1.1726488935852808E+00   1.1285613950393734E+00   0.0000000000000000E+00
       125         1         1        11
   9.8663185634820327E-01   1.2943391479975017E+00   0.0000000000000000E+00
       126         1         1        11
   7.7748900462870774E-01   1.4297786883575587E+00   0.0000000000000000E+00
       127         1         1        11
   5.5012246960983813E-01   1.5317054280867366E+00   0.0000000000000000E+00
       128         1         1        11
   3.0986153016549783E-01   1.5977302907948814E+00   0.0000000000000000E+00
       129         1         1        11
   6.2337699080532764E-02   1.6263057096601932E+00   0.0000000000000000E+00
       130         1         1        11
  -1.8664727483589630E-01   1.6167619010838712E+00   0.0000000000000000E+00
       131         1         1        11
  -4.3125739482506631E-01   1.5693225638499870E+00   0.0000000000000000E+00
       132         1         1        11
  -6.6575920699635494E-01   1.4850996358155855E+00   0.0000000000000000E+00
       133         1         1        11
  -8.8465618762698661E-01   1.3660672310297490E+00   0.0000000000000000E+00
       134         1         1        11
  -1.0828175770194568E+00   1.2150153681734699E+00   0.0000000000000000E+00
       135         1         1        11
  -1.2555986401602113E+00   1.0354845748864772E+00   0.0000000000000000E+00
       136         1         1        11
  -1.3989495353716692E+00   8.3168290080017326E-01   0.0000000000000000E+00
       137         1         1        11
  -1.5095102391686583E+00   6.0838728442085266E-01   0.0000000000000000E+00
       138         1         1        11
  -1.5846893023610851E+00   3.7083158573985808E-01   0.0000000000000000E+00
       139         1         1        11
  -1.6227245914265374E+00   1.2458390899139858E-01   0.0000000000000000E+00
       140         1         1        11
  -1.6227245914265378E+00  -1.2458390899139458E-01   0.0000000000000000E+00
       141         1         1        11
  -1.5846893023610860E+00  -3.7083158573985420E-01   0.0000000000000000E+00
       142         1         1        11
  -1.5095102391686599E+00  -6.0838728442084888E-01   0.0000000000000000E+00
       143         1         1        11
  -1.3989495353716712E+00  -8.3168290080016982E-01   0.0000000000000000E+00
       144         1         1        11
  -1.2555986401602137E+00  -1.0354845748864741E+00   0.0000000000000000E+00
       145         1         1        11
  -1.0828175770194597E+00  -1.2150153681734672E+00   0.0000000000000000E+00
       146         1         1        11
  -8.8465618762698939E-01  -1.3660672310297473E+00   0.0000000000000000E+00
       147         1         1        11
  -6.6575920699635727E-01  -1.4850996358155844E+00   0.0000000000000000E+00
       148         1         1        11
  -4.3125739482506814E-01  -1.5693225638499866E+00   0.0000000000000000E+00
       149         1         1        11
  -1.8664727483589741E-01  -1.6167619010838710E+00   0.0000000000000000E+00
       150         1         1        11
   6.2337699080532369E-02  -1.6263057096601932E+00   0.0000000000000000E+00
       151         1         1        11
   3.0986153016549817E-01  -1.5977302907948814E+00   0.0000000000000000E+00
       152         1         1        11
   5.5012246960983913E-01  -1.5317054280867362E+00   0.0000000000000000E+00
       153         1         1        11
   7.7748900462870918E-01  -1.4297786883575581E+00   0.0000000000000000E+00
       154         1         1        11
   9.8663185634820505E-01  -1.2943391479975002E+00   0.0000000000000000E+00
       155         1         1        11
   1.1726488935852828E+00  -1.1285613950393716E+00   0.0000000000000000E+00
       156         1         1        11
   1.3311800346478346E+00  -9.3633111950580239E-01   0.0000000000000000E+00
       157         1         1        11
   1.4585094439541195E+00  -7.2215403612847351E-01   0.0000000000000000E+00
       158         1         1        11
   1.5516526280694007E+00  -4.9105027421367137E-01   0.0000000000000000E+00
       159         1         1        11
   1.6084263897025179E+00  -2.4843671006621346E-01   0.0000000000000000E+00
       160         1         1        11
   1.6274999999999999E+00   9.9655633280615865E-17  -2.0749999999999999E-01
       161         1         1        11
   1.6084263897025173E+00   2.4843671006621823E-01  -4.1499999999999998E-01
       162         1         1        11
   1.5516526280693994E+00   4.9105027421367553E-01  -4.1499999999999998E-01
       163         1         1        11
   1.4585094439541180E+00   7.2215403612847695E-01  -4.1499999999999998E-01
       164         1         1        11
   1.3311800346478329E+00   9.3633111950580505E-01  -4.1499999999999998E-01
       165         1         1        11
   1.1726488935852808E+00   1.1285613950393734E+00  -4.1499999999999998E-01
       166         1         1        11
   9.8663185634820327E-01   1.2943391479975017E+00  -4.1499999999999998E-01
       167         1         1        11
   7.7748900462870774E-01   1.4297786883575587E+00  -4.1499999999999998E-01
       168         1         1        11
   5.5012246960983813E-01   1.5317054280867366E+00  -4.1499999999999998E-01
       169         1         1        11
   3.0986153016549783E-01   1.5977302907948814E+00  -4.1499999999999998E-01
       170         1         1        11
   6.2337699080532764E-02   1.6263057096601932E+00  -4.1499999999999998E-01
       171         1         1        11
  -1.8664727483589630E-01   1.6167619010838712E+00  -4.1499999999999998E-01
       172         1         1        11
  -4.3125739482506631E-01   1.5693225638499870E+00  -4.1499999999999998E-01
       173         1         1        11
  -6.6575920699635494E-01   1.4850996358155855E+00  -4.1499999999999998E-01
       174         1         1        11
  -8.8465618762698661E-01   1.3660672310297490E+00  -4.1499999999999998E-01
       175         1         1        11
  -1.0828175770194568E+00   1.2150153681734699E+00  -4.1499999999999998E-01
       176         1         1        11
  -1.2555986401602113E+00   1.0354845748864772E+00  -4.1499999999999998E-01
       177         1         1        11
  -1.3989495353716692E+00   8.3168290080017326E-01  -4.1499999999999998E-01
       178         1         1        11
  -1.5095102391686583E+00   6.0838728442085266E-01  -4.1499999999999998E-01
       179         1         1        11
  -1.5846893023610851E+00   3.7083158573985808E-01  -4.1499999999999998E-01
       180         1         1        11
  -1.6227245914265374E+00   1.2458390899139858E-01  -4.1499999999999998E-01
       181         1         1        11
  -1.6227245914265378E+00  -1.2458390899139458E-01  -4.1499999999999998E-01
       182         1         1        11
  -1.5846893023610860E+00  -3.7083158573985420E-01  -4.1499999999999998E-01
       183         1         1        11
  -1.5095102391686599E+00  -6.0838728442084888E-01  -4.1499999999999998E-01
       184         1         1        11
  -1.3989495353716712E+00  -8.3168290080016982E-01  -4.1499999999999998E-01
       185         1         1        11
  -1.2555986401602137E+00  -1.0354845748864741E+00  -4.1499999999999998E-01
       186         1         1        11
  -1.0828175770194597E+00  -1.2150153681734672E+00  -4.1499999999999998E-01
       187         1         1        11
  -8.8465618762698939E-01  -1.3660672310297473E+00  -4.1499999999999998E-01
       188         1         1        11
  -6.6575920699635727E-01  -1.4850996358155844E+00  -4.1499999999999998E-01
       189         1         1        11
  -4.3125739482506814E-01  -1.5693225638499866E+00  -4.1499999999999998E-01
       190         1         1        11
  -1.8664727483589741E-01  -1.6167619010838710E+00  -4.1499999999999998E-01
       191         1         1        11
   6.2337699080532369E-02  -1.6263057096601932E+00  -4.1499999999999998E-01
       192         1         1        11
   3.0986153016549817E-01  -1.5977302907948814E+00  -4.1499999999999998E-01
       193         1         1        11
   5.5012246960983913E-01  -1.5317054280867362E+00  -4.1499999999999998E-01
       194         1         1        11
   7.7748900462870918E-01  -1.4297786883575581E+00  -4.1499999999999998E-01
       195         1         1        11
   9.8663185634820505E-01  -1.2943391479975002E+00  -4.1499999999999998E-01
       196         1         1        11
   1.1726488935852828E+00  -1.1285613950393716E+00  -4.1499999999999998E-01
       197         1         1        11
   1.3311800346478346E+00  -9.3633111950580239E-01  -4.1499999999999998E-01
       198         1         1        11
   1.4585094439541195E+00  -7.2215403612847351E-01  -4.1499999999999998E-01
       199         1         1        11
   1.5516526280694007E+00  -4.9105027421367137E-01  -4.1499999999999998E-01
       200         1         1        11
   1.6084263897025179E+00  -2.4843671006621346E-01  -4.1499999999999998E-01
       201         1         1        11
   1.6084263897025173E+00   2.4843671006621823E-01  -8.6675000000000004E+00
       202         1         1        11
   1.5516526280693994E+00   4.9105027421367553E-01  -8.6675000000000004E+00
       203         1         1        11
   1.4585094439541180E+00   7.2215403612847695E-01  -8.6675000000000004E+00
       204         1         1        11
   1.3311800346478329E+00   9.3633111950580505E-01  -8.6675000000000004E+00
       205         1         1        11
   1.1726488935852808E+00   1.1285613950393734E+00  -8.6675000000000004E+00
       206         1         1        11
   9.8663185634820327E-01   1.2943391479975017E+00  -8.6675000000000004E+00
       207         1         1        11
   7.7748900462870774E-01   1.4297786883575587E+00  -8.6675000000000004E+00
       208         1         1        11
   5.5012246960983813E-01   1.5317054280867366E+00  -8.6675000000000004E+00
       209         1         1        11
   3.0986153016549783E-01   1.5977302907948814E+00  -8.6675000000000004E+00
       210         1         1        11
   6.2337699080532764E-02   1.6263057096601932E+00  -8.6675000000000004E+00
       211         1         1        11
  -1.8664727483589630E-01   1.6167619010838712E+00  -8.6675000000000004E+00
       212         1         1        11
  -4.3125739482506631E-01   1.5693225638499870E+00  -8.6675000000000004E+00
       213         1         1        11
  -6.6575920699635494E-01   1.4850996358155855E+00  -8.6675000000000004E+00
       214         1         1        11
  -8.8465618762698661E-01   1.3660672310297490E+00  -8.6675000000000004E+00
       215         1         1        11
  -1.0828175770194568E+00   1.2150153681734699E+00  -8.6675000000000004E+00
       216         1         1        11
  -1.2555986401602113E+00   1.0354845748864772E+00  -8.6675000000000004E+00
       217         1         1        11
  -1.3989495353716692E+00   8.3168290080017326E-01  -8.6675000000000004E+00
       218         1         1        11
  -1.5095102391686583E+00   6.0838728442085266E-01  -8.6675000000000004E+00
       219         1         1        11
  -1.5846893023610851E+00   3.7083158573985808E-01  -8.6675000000000004E+00
       220         1         1        11
  -1.6227245914265374E+00   1.2458390899139858E-01  -8.6675000000000004E+00
       221         1         1        11
  -1.6227245914265378E+00  -1.2458390899139458E-01  -8.6675000000000004E+00
       222         1         1        11
  -1.5846893023610860E+00  -3.7083158573985420E-01  -8.6675000000000004E+00
       223         1         1        11
  -1.5095102391686599E+00  -6.0838728442084888E-01  -8.6675000000000004E+00
       224         1         1        11
  -1.3989495353716712E+00  -8.3168290080016982E-01  -8.6675000000000004E+00
       225         1         1        11
  -1.2555986401602137E+00  -1.0354845748864741E+00  -8.6675000000000004E+00
       226         1         1        11
  -1.0828175770194597E+00  -1.2150153681734672E+00  -8.6675000000000004E+00
       227         1         1        11
  -8.8465618762698939E-01  -1.3660672310297473E+00  -8.6675000000000004E+00
       228         1         1        11
  -6.6575920699635727E-01  -1.4850996358155844E+00  -8.6675000000000004E+00
       229         1         1        11
  -4.3125739482506814E-01  -1.5693225638499866E+00  -8.6675000000000004E+00
       230         1         1        11
  -1.8664727483589741E-01  -1.6167619010838710E+00  -8.6675000000000004E+00
       231         1         1        11
   6.2337699080532369E-02  -1.6263057096601932E+00  -8.6675000000000004E+00
       232         1         1        11
   3.0986153016549817E-01  -1.5977302907948814E+00  -8.6675000000000004E+00
       233         1         1        11
   5.5012246960983913E-01  -1.5317054280867362E+00  -8.6675000000000004E+00
       234         1         1        11
   7.7748900462870918E-01  -1.4297786883575581E+00  -8.6675000000000004E+00
       235         1         1        11
   9.8663185634820505E-01  -1.2943391479975002E+00  -8.6675000000000004E+00
       236         1         1        11
   1.1726488935852828E+00  -1.1285613950393716E+00  -8.6675000000000004E+00
       237         1         1        11
   1.3311800346478346E+00  -9.3633111950580239E-01  -8.6675000000000004E+00
       238         1         1        11
   1.4585094439541195E+00  -7.2215403612847351E-01  -8.6675000000000004E+00
       239         1         1        11
   1.5516526280694007E+00  -4.9105027421367137E-01  -8.6675000000000004E+00
       240         1         1        11
   1.6084263897025179E+00  -2.4843671006621346E-01  -8.6675000000000004E+00
       241         1         1        11
   1.6274999999999999E+00   9.9655633280615865E-17  -8.9175000000000004E+00
       242         1         1        11
   1.6274999999999999E+00   9.9655633280615865E-17  -9.1675000000000004E+00
       243         1         1        11
   1.6274999999999999E+00   9.9655633280615878E-17  -9.4175000000000004E+00
       244         1         1        11
   1.6274999999999999E+00   9.9655633280615865E-17  -9.6675000000000004E+00
       245         1         1        11
   1.6274999999999999E+00   9.9655633280615878E-17  -9.9175000000000004E+00
       246         1         1        11
   1.6274999999999999E+00   9.9655633280615865E-17  -1.0167500000000000E+01
       247         1         1        11
   1.6274999999999999E+00   9.9655633280615865E-17  -1.0417500000000000E+01
       248         1         1        11
   1.6084263897025173E+00   2.4843671006621823E-01  -1.0667500000000000E+01
       249         1         1        11
   1.5516526280693994E+00   4.9105027421367553E-01  -1.0667500000000000E+01
       250         1         1        11
   1.4585094439541180E+00   7.2215403612847695E-01  -1.0667500000000000E+01
       251         1         1        11
   1.3311800346478329E+00   9.3633111950580505E-01  -1.0667500000000000E+01
       252         1         1        11
   1.1726488935852808E+00   1.1285613950393734E+00  -1.0667500000000000E+01
       253         1         1        11
   9.8663185634820327E-01   1.2943391479975017E+00  -1.0667500000000000E+01
       254         1         1        11
   7.7748900462870774E-01   1.4297786883575587E+00  -1.0667500000000000E+01
       255         1         1        11
   5.5012246960983813E-01   1.5317054280867366E+00  -1.0667500000000000E+01
       256         1         1        11
   3.0986153016549783E-01   1.5977302907948814E+00  -1.0667500000000000E+01
       257         1         1        11
   6.2337699080532764E-02   1.6263057096601932E+00  -1.0667500000000000E+01
       258         1         1        11
  -1.8664727483589630E-01   1.6167619010838712E+00  -1.0667500000000000E+01
       259         1         1        11
  -4.3125739482506631E-01   1.5693225638499870E+00  -1.0667500000000000E+01
       260         1         1        11
  -6.6575920699635494E-01   1.4850996358155855E+00  -1.0667500000000000E+01
       261         1         1        11
  -8.8465618762698661E-01   1.3660672310297490E+00  -1.0667500000000000E+01
       262         1         1        11
  -1.0828175770194568E+00   1.2150153681734699E+00  -1.0667500000000000E+01
       263         1         1        11
  -1.2555986401602113E+00   1.0354845748864772E+00  -1.0667500000000000E+01
       264         1         1        11
  -1.3989495353716692E+00   8.3168290080017326E-01  -1.0667500000000000E+01
       265         1         1        11
  -1.5095102391686583E+00   6.0838728442085266E-01  -1.0667500000000000E+01
       266         1         1        11
  -1.5846893023610851E+00   3.7083158573985808E-01  -1.0667500000000000E+01
       267         1         1        11
  -1.6227245914265374E+00   1.2458390899139858E-01  -1.0667500000000000E+01
       268         1         1        11
  -1.6227245914265378E+00  -1.2458390899139458E-01  -1.0667500000000000E+01
       269         1         1        11
  -1.5846893023610860E+00  -3.7083158573985420E-01  -1.0667500000000000E+01
       270         1         1        11
  -1.5095102391686599E+00  -6.0838728442084888E-01  -1.0667500000000000E+01
       271         1         1        11
  -1.3989495353716712E+00  -8.3168290080016982E-01  -1.0667500000000000E+01
       272         1         1        11
  -1.2555986401602137E+00  -1.0354845748864741E+00  -1.0667500000000000E+01
       273         1         1        11
  -1.0828175770194597E+00  -1.2150153681734672E+00  -1.0667500000000000E+01
       274         1         1        11
  -8.8465618762698939E-01  -1.3660672310297473E+00  -1.0667500000000000E+01
       275         1         1        11
  -6.6575920699635727E-01  -1.4850996358155844E+00  -1.0667500000000000E+01
       276         1         1        11
  -4.3125739482506814E-01  -1.5693225638499866E+00  -1.0667500000000000E+01
       277         1         1        11
  -1.8664727483589741E-01  -1.6167619010838710E+00  -1.0667500000000000E+01
       278         1         1        11
   6.2337699080532369E-02  -1.6263057096601932E+00  -1.0667500000000000E+01
       279         1         1        11
   3.0986153016549817E-01  -1.5977302907948814E+00  -1.0667500000000000E+01
       280         1         1        11
   5.5012246960983913E-01  -1.5317054280867362E+00  -1.0667500000000000E+01
       281         1         1        11
   7.7748900462870918E-01  -1.4297786883575581E+00  -1.0667500000000000E+01
       282         1         1        11
   9.8663185634820505E-01  -1.2943391479975002E+00  -1.0667500000000000E+01
       283         1         1        11
   1.1726488935852828E+00  -1.1285613950393716E+00  -1.0667500000000000E+01
       284         1         1        11
   1.3311800346478346E+00  -9.3633111950580239E-01  -1.0667500000000000E+01
       285         1         1        11
   1.4585094439541195E+00  -7.2215403612847351E-01  -1.0667500000000000E+01
       286         1         1        11
   1.5516526280694007E+00  -4.9105027421367137E-01  -1.0667500000000000E+01
       287         1         1        11
   1.6084263897025179E+00  -2.4843671006621346E-01  -1.0667500000000000E+01
       288         1         1        11
   1.6084263897025179E+00  -2.4843671006621296E-01  -6.5772058823529411E-01
       289         1         1        11
   1.5516526280694007E+00  -4.9105027421367092E-01  -6.5772058823529411E-01
       290         1         1        11
   1.4585094439541197E+00  -7.2215403612847306E-01  -6.5772058823529411E-01
       291         1         1        11
   1.3311800346478351E+00  -9.3633111950580206E-01  -6.5772058823529411E-01
       292         1         1        11
   1.1726488935852830E+00  -1.1285613950393711E+00  -6.5772058823529411E-01
       293         1         1        11
   9.8663185634820538E-01  -1.2943391479974999E+00  -6.5772058823529411E-01
       294         1         1        11
   7.7748900462870962E-01  -1.4297786883575576E+00  -6.5772058823529411E-01
       295         1         1        11
   5.5012246960983957E-01  -1.5317054280867359E+00  -6.5772058823529422E-01
       296         1         1        11
   3.0986153016549867E-01  -1.5977302907948812E+00  -6.5772058823529411E-01
       297         1         1        11
   6.2337699080532862E-02  -1.6263057096601932E+00  -6.5772058823529411E-01
       298         1         1        11
  -1.8664727483589547E-01  -1.6167619010838712E+00  -6.5772058823529422E-01
       299         1         1        11
  -4.3125739482506692E-01  -1.5693225638499868E+00  -6.5772058823529411E-01
       300         1         1        11
  -6.6575920699635682E-01  -1.4850996358155846E+00  -6.5772058823529411E-01
       301         1         1        11
  -8.8465618762698950E-01  -1.3660672310297470E+00  -6.5772058823529411E-01
       302         1         1        11
  -1.0828175770194595E+00  -1.2150153681734677E+00  -6.5772058823529411E-01
       303         1         1        11
  -1.2555986401602148E+00  -1.0354845748864725E+00  -6.5772058823529411E-01
       304         1         1        11
  -1.3989495353716710E+00  -8.3168290080017027E-01  -6.5772058823529411E-01
       305         1         1        11
  -1.5095102391686595E+00  -6.0838728442085011E-01  -6.5772058823529411E-01
       306         1         1        11
  -1.5846893023610857E+00  -3.7083158573985470E-01  -6.5772058823529411E-01
       307         1         1        11
  -1.6227245914265378E+00  -1.2458390899139292E-01  -6.5772058823529411E-01
       308         1         1        11
  -1.6227245914265376E+00   1.2458390899139808E-01  -6.5772058823529411E-01
       309         1         1        11
  -1.5846893023610855E+00   3.7083158573985547E-01  -6.5772058823529411E-01
       310         1         1        11
  -1.5095102391686586E+00   6.0838728442085221E-01  -6.5772058823529422E-01
       311         1         1        11
  -1.3989495353716690E+00   8.3168290080017349E-01  -6.5772058823529411E-01
       312         1         1        11
  -1.2555986401602117E+00   1.0354845748864767E+00  -6.5772058823529411E-01
       313         1         1        11
  -1.0828175770194566E+00   1.2150153681734699E+00  -6.5772058823529422E-01
       314         1         1        11
  -8.8465618762698572E-01   1.3660672310297495E+00  -6.5772058823529422E-01
       315         1         1        11
  -6.6575920699635338E-01   1.4850996358155861E+00  -6.5772058823529411E-01
       316         1         1        11
  -4.3125739482506675E-01   1.5693225638499868E+00  -6.5772058823529411E-01
       317         1         1        11
  -1.8664727483589608E-01   1.6167619010838712E+00  -6.5772058823529411E-01
       318         1         1        11
   6.2337699080532265E-02   1.6263057096601932E+00  -6.5772058823529422E-01
       319         1         1        11
   3.0986153016549944E-01   1.5977302907948809E+00  -6.5772058823529411E-01
       320         1         1        11
   5.5012246960983491E-01   1.5317054280867375E+00  -6.5772058823529411E-01
       321         1         1        11
   7.7748900462870663E-01   1.4297786883575594E+00  -6.5772058823529411E-01
       322         1         1        11
   9.8663185634820250E-01   1.2943391479975019E+00  -6.5772058823529422E-01
       323         1         1        11
   1.1726488935852817E+00   1.1285613950393727E+00  -6.5772058823529422E-01
       324         1         1        11
   1.3311800346478331E+00   9.3633111950580494E-01  -6.5772058823529411E-01
       325         1         1        11
   1.4585094439541175E+00   7.2215403612847751E-01  -6.5772058823529411E-01
       326         1         1        11
   1.5516526280693994E+00   4.9105027421367564E-01  -6.5772058823529422E-01
       327         1         1        11
   1.6084263897025171E+00   2.4843671006621929E-01  -6.5772058823529411E-01
       328         1         1        11
   1.6084263897025179E+00  -2.4843671006621296E-01  -9.0044117647058830E-01
       329         1         1        11
   1.5516526280694007E+00  -4.9105027421367126E-01  -9.0044117647058819E-01
       330         1         1        11
   1.4585094439541197E+00  -7.2215403612847306E-01  -9.0044117647058830E-01
       331         1         1        11
   1.3311800346478351E+00  -9.3633111950580206E-01  -9.0044117647058830E-01
       332         1         1        11
   1.1726488935852830E+00  -1.1285613950393711E+00  -9.0044117647058841E-01
       333         1         1        11
   9.8663185634820483E-01  -1.2943391479975004E+00  -9.0044117647058841E-01
       334         1         1        11
   7.7748900462870907E-01  -1.4297786883575581E+00  -9.0044117647058819E-01
       335         1         1        11
   5.5012246960983957E-01  -1.5317054280867359E+00  -9.0044117647058841E-01
       336         1         1        11
   3.0986153016549867E-01  -1.5977302907948812E+00  -9.0044117647058830E-01
       337         1         1        11
   6.2337699080532862E-02  -1.6263057096601932E+00  -9.0044117647058830E-01
       338         1         1        11
  -1.8664727483589691E-01  -1.6167619010838710E+00  -9.0044117647058841E-01
       339         1         1        11
  -4.3125739482506764E-01  -1.5693225638499868E+00  -9.0044117647058819E-01
       340         1         1        11
  -6.6575920699635682E-01  -1.4850996358155846E+00  -9.0044117647058841E-01
       341         1         1        11
  -8.8465618762698905E-01  -1.3660672310297475E+00  -9.0044117647058830E-01
       342         1         1        11
  -1.0828175770194595E+00  -1.2150153681734677E+00  -9.0044117647058819E-01
       343         1         1        11
  -1.2555986401602139E+00  -1.0354845748864738E+00  -9.0044117647058841E-01
       344         1         1        11
  -1.3989495353716703E+00  -8.3168290080017149E-01  -9.0044117647058819E-01
       345         1         1        11
  -1.5095102391686590E+00  -6.0838728442085144E-01  -9.0044117647058819E-01
       346         1         1        11
  -1.5846893023610857E+00  -3.7083158573985470E-01  -9.0044117647058841E-01
       347         1         1        11
  -1.6227245914265378E+00  -1.2458390899139292E-01  -9.0044117647058841E-01
       348         1         1        11
  -1.6227245914265374E+00   1.2458390899139954E-01  -9.0044117647058830E-01
       349         1         1        11
  -1.5846893023610853E+00   3.7083158573985692E-01  -9.0044117647058841E-01
       350         1         1        11
  -1.5095102391686586E+00   6.0838728442085221E-01  -9.0044117647058841E-01
       351         1         1        11
  -1.3989495353716683E+00   8.3168290080017471E-01  -9.0044117647058819E-01
       352         1         1        11
  -1.2555986401602106E+00   1.0354845748864778E+00  -9.0044117647058819E-01
       353         1         1        11
  -1.0828175770194577E+00   1.2150153681734690E+00  -9.0044117647058841E-01
       354         1         1        11
  -8.8465618762698706E-01   1.3660672310297488E+00  -9.0044117647058841E-01
       355         1         1        11
  -6.6575920699635471E-01   1.4850996358155855E+00  -9.0044117647058830E-01
       356         1         1        11
  -4.3125739482506820E-01   1.5693225638499866E+00  -9.0044117647058841E-01
       357         1         1        11
  -1.8664727483589608E-01   1.6167619010838712E+00  -9.0044117647058841E-01
       358         1         1        11
   6.2337699080532265E-02   1.6263057096601932E+00  -9.0044117647058841E-01
       359         1         1        11
   3.0986153016549806E-01   1.5977302907948814E+00  -9.0044117647058819E-01
       360         1         1        11
   5.5012246960983635E-01   1.5317054280867370E+00  -9.0044117647058830E-01
       361         1         1        11
   7.7748900462870663E-01   1.4297786883575594E+00  -9.0044117647058841E-01
       362         1         1        11
   9.8663185634820139E-01   1.2943391479975028E+00  -9.0044117647058841E-01
       363         1         1        11
   1.1726488935852806E+00   1.1285613950393738E+00  -9.0044117647058841E-01
       364         1         1        11
   1.3311800346478346E+00   9.3633111950580261E-01  -9.0044117647058830E-01
       365         1         1        11
   1.4585094439541175E+00   7.2215403612847751E-01  -9.0044117647058830E-01
       366         1         1        11
   1.5516526280693994E+00   4.9105027421367564E-01  -9.0044117647058841E-01
       367         1         1        11
   1.6084263897025171E+00   2.4843671006621929E-01  -9.0044117647058830E-01
       368         1         1        11
   1.6084263897025179E+00  -2.4843671006621296E-01  -1.1431617647058825E+00
       369         1         1        11
   1.5516526280694010E+00  -4.9105027421367053E-01  -1.1431617647058825E+00
       370         1         1        11
   1.4585094439541197E+00  -7.2215403612847306E-01  -1.1431617647058825E+00
       371         1         1        11
   1.3311800346478351E+00  -9.3633111950580206E-01  -1.1431617647058825E+00
       372         1         1        11
   1.1726488935852830E+00  -1.1285613950393711E+00  -1.1431617647058827E+00
       373         1         1        11
   9.8663185634820538E-01  -1.2943391479974999E+00  -1.1431617647058825E+00
       374         1         1        11
   7.7748900462870962E-01  -1.4297786883575576E+00  -1.1431617647058827E+00
       375         1         1        11
   5.5012246960983957E-01  -1.5317054280867359E+00  -1.1431617647058825E+00
       376         1         1        11
   3.0986153016549867E-01  -1.5977302907948812E+00  -1.1431617647058827E+00
       377         1         1        11
   6.2337699080532862E-02  -1.6263057096601932E+00  -1.1431617647058825E+00
       378         1         1        11
  -1.8664727483589691E-01  -1.6167619010838710E+00  -1.1431617647058825E+00
       379         1         1        11
  -4.3125739482506764E-01  -1.5693225638499868E+00  -1.1431617647058825E+00
       380         1         1        11
  -6.6575920699635682E-01  -1.4850996358155846E+00  -1.1431617647058825E+00
       381         1         1        11
  -8.8465618762698905E-01  -1.3660672310297475E+00  -1.1431617647058825E+00
       382         1         1        11
  -1.0828175770194595E+00  -1.2150153681734677E+00  -1.1431617647058825E+00
       383         1         1        11
  -1.2555986401602148E+00  -1.0354845748864725E+00  -1.1431617647058825E+00
       384         1         1        11
  -1.3989495353716710E+00  -8.3168290080017027E-01  -1.1431617647058825E+00
       385         1         1        11
  -1.5095102391686590E+00  -6.0838728442085144E-01  -1.1431617647058825E+00
       386         1         1        11
  -1.5846893023610857E+00  -3.7083158573985470E-01  -1.1431617647058825E+00
       387         1         1        11
  -1.6227245914265378E+00  -1.2458390899139292E-01  -1.1431617647058825E+00
       388         1         1        11
  -1.6227245914265376E+00   1.2458390899139808E-01  -1.1431617647058825E+00
       389         1         1        11
  -1.5846893023610853E+00   3.7083158573985692E-01  -1.1431617647058825E+00
       390         1         1        11
  -1.5095102391686581E+00   6.0838728442085355E-01  -1.1431617647058825E+00
       391         1         1        11
  -1.3989495353716690E+00   8.3168290080017349E-01  -1.1431617647058825E+00
       392         1         1        11
  -1.2555986401602097E+00   1.0354845748864789E+00  -1.1431617647058825E+00
       393         1         1        11
  -1.0828175770194577E+00   1.2150153681734690E+00  -1.1431617647058825E+00
       394         1         1        11
  -8.8465618762698706E-01   1.3660672310297488E+00  -1.1431617647058825E+00
       395         1         1        11
  -6.6575920699635471E-01   1.4850996358155855E+00  -1.1431617647058825E+00
       396         1         1        11
  -4.3125739482506958E-01   1.5693225638499861E+00  -1.1431617647058825E+00
       397         1         1        11
  -1.8664727483589608E-01   1.6167619010838712E+00  -1.1431617647058825E+00
       398         1         1        11
   6.2337699080532265E-02   1.6263057096601932E+00  -1.1431617647058825E+00
       399         1         1        11
   3.0986153016549806E-01   1.5977302907948814E+00  -1.1431617647058825E+00
       400         1         1        11
   5.5012246960983635E-01   1.5317054280867370E+00  -1.1431617647058825E+00
       401         1         1        11
   7.7748900462870663E-01   1.4297786883575594E+00  -1.1431617647058825E+00
       402         1         1        11
   9.8663185634820250E-01   1.2943391479975019E+00  -1.1431617647058825E+00
       403         1         1        11
   1.1726488935852806E+00   1.1285613950393738E+00  -1.1431617647058825E+00
       404         1         1        11
   1.3311800346478322E+00   9.3633111950580594E-01  -1.1431617647058825E+00
       405         1         1        11
   1.4585094439541195E+00   7.2215403612847362E-01  -1.1431617647058825E+00
       406         1         1        11
   1.5516526280693990E+00   4.9105027421367697E-01  -1.1431617647058825E+00
       407         1         1        11
   1.6084263897025171E+00   2.4843671006621929E-01  -1.1431617647058825E+00
       408         1         1        11
   1.6084263897025179E+00  -2.4843671006621296E-01  -1.3858823529411766E+00
       409         1         1        11
   1.5516526280694007E+00  -4.9105027421367164E-01  -1.3858823529411766E+00
       410         1         1        11
   1.4585094439541197E+00  -7.2215403612847306E-01  -1.3858823529411766E+00
       411         1         1        11
   1.3311800346478351E+00  -9.3633111950580206E-01  -1.3858823529411766E+00
       412         1         1        11
   1.1726488935852830E+00  -1.1285613950393711E+00  -1.3858823529411768E+00
       413         1         1        11
   9.8663185634820538E-01  -1.2943391479974999E+00  -1.3858823529411768E+00
       414         1         1        11
   7.7748900462870962E-01  -1.4297786883575576E+00  -1.3858823529411766E+00
       415         1         1        11
   5.5012246960983957E-01  -1.5317054280867359E+00  -1.3858823529411768E+00
       416         1         1        11
   3.0986153016549867E-01  -1.5977302907948812E+00  -1.3858823529411766E+00
       417         1         1        11
   6.2337699080532862E-02  -1.6263057096601932E+00  -1.3858823529411766E+00
       418         1         1        11
  -1.8664727483589691E-01  -1.6167619010838710E+00  -1.3858823529411770E+00
       419         1         1        11
  -4.3125739482506764E-01  -1.5693225638499868E+00  -1.3858823529411763E+00
       420         1         1        11
  -6.6575920699635682E-01  -1.4850996358155846E+00  -1.3858823529411768E+00
       421         1         1        11
  -8.8465618762698950E-01  -1.3660672310297470E+00  -1.3858823529411766E+00
       422         1         1        11
  -1.0828175770194595E+00  -1.2150153681734677E+00  -1.3858823529411766E+00
       423         1         1        11
  -1.2555986401602139E+00  -1.0354845748864738E+00  -1.3858823529411768E+00
       424         1         1        11
  -1.3989495353716710E+00  -8.3168290080017027E-01  -1.3858823529411766E+00
       425         1         1        11
  -1.5095102391686590E+00  -6.0838728442085144E-01  -1.3858823529411766E+00
       426         1         1        11
  -1.5846893023610862E+00  -3.7083158573985325E-01  -1.3858823529411768E+00
       427         1         1        11
  -1.6227245914265378E+00  -1.2458390899139578E-01  -1.3858823529411768E+00
       428         1         1        11
  -1.6227245914265376E+00   1.2458390899139664E-01  -1.3858823529411766E+00
       429         1         1        11
  -1.5846893023610853E+00   3.7083158573985692E-01  -1.3858823529411768E+00
       430         1         1        11
  -1.5095102391686586E+00   6.0838728442085221E-01  -1.3858823529411768E+00
       431         1         1        11
  -1.3989495353716683E+00   8.3168290080017471E-01  -1.3858823529411766E+00
       432         1         1        11
  -1.2555986401602106E+00   1.0354845748864778E+00  -1.3858823529411766E+00
       433         1         1        11
  -1.0828175770194577E+00   1.2150153681734690E+00  -1.3858823529411770E+00
       434         1         1        11
  -8.8465618762698706E-01   1.3660672310297488E+00  -1.3858823529411768E+00
       435         1         1        11
  -6.6575920699635338E-01   1.4850996358155861E+00  -1.3858823529411766E+00
       436         1         1        11
  -4.3125739482506820E-01   1.5693225638499866E+00  -1.3858823529411768E+00
       437         1         1        11
  -1.8664727483589749E-01   1.6167619010838710E+00  -1.3858823529411768E+00
       438         1         1        11
   6.2337699080532265E-02   1.6263057096601932E+00  -1.3858823529411768E+00
       439         1         1        11
   3.0986153016549806E-01   1.5977302907948814E+00  -1.3858823529411763E+00
       440         1         1        11
   5.5012246960983635E-01   1.5317054280867370E+00  -1.3858823529411766E+00
       441         1         1        11
   7.7748900462870663E-01   1.4297786883575594E+00  -1.3858823529411768E+00
       442         1         1        11
   9.8663185634820250E-01   1.2943391479975019E+00  -1.3858823529411768E+00
       443         1         1        11
   1.1726488935852806E+00   1.1285613950393738E+00  -1.3858823529411768E+00
       444         1         1        11
   1.3311800346478337E+00   9.3633111950580361E-01  -1.3858823529411766E+00
       445         1         1        11
   1.4585094439541171E+00   7.2215403612847884E-01  -1.3858823529411766E+00
       446         1         1        11
   1.5516526280693999E+00   4.9105027421367425E-01  -1.3858823529411768E+00
       447         1         1        11
   1.6084263897025171E+00   2.4843671006621929E-01  -1.3858823529411766E+00
       448         1         1        11
   1.6084263897025179E+00  -2.4843671006621296E-01  -1.6286029411764711E+00
       449         1         1        11
   1.5516526280694007E+00  -4.9105027421367092E-01  -1.6286029411764709E+00
       450         1         1        11
   1.4585094439541197E+00  -7.2215403612847306E-01  -1.6286029411764709E+00
       451         1         1        11
   1.3311800346478351E+00  -9.3633111950580206E-01  -1.6286029411764709E+00
       452         1         1        11
   1.1726488935852830E+00  -1.1285613950393711E+00  -1.6286029411764709E+00
       453         1         1        11
   9.8663185634820538E-01  -1.2943391479974999E+00  -1.6286029411764709E+00
       454         1         1        11
   7.7748900462870907E-01  -1.4297786883575581E+00  -1.6286029411764709E+00
       455         1         1        11
   5.5012246960983957E-01  -1.5317054280867359E+00  -1.6286029411764709E+00
       456         1         1        11
   3.0986153016549867E-01  -1.5977302907948812E+00  -1.6286029411764709E+00
       457         1         1        11
   6.2337699080532862E-02  -1.6263057096601932E+00  -1.6286029411764709E+00
       458         1         1        11
  -1.8664727483589691E-01  -1.6167619010838710E+00  -1.6286029411764709E+00
       459         1         1        11
  -4.3125739482506764E-01  -1.5693225638499868E+00  -1.6286029411764709E+00
       460         1         1        11
  -6.6575920699635682E-01  -1.4850996358155846E+00  -1.6286029411764709E+00
       461         1         1        11
  -8.8465618762698905E-01  -1.3660672310297475E+00  -1.6286029411764704E+00
       462         1         1        11
  -1.0828175770194595E+00  -1.2150153681734677E+00  -1.6286029411764709E+00
       463         1         1        11
  -1.2555986401602148E+00  -1.0354845748864725E+00  -1.6286029411764709E+00
       464         1         1        11
  -1.3989495353716710E+00  -8.3168290080017027E-01  -1.6286029411764709E+00
       465         1         1        11
  -1.5095102391686595E+00  -6.0838728442085011E-01  -1.6286029411764709E+00
       466         1         1        11
  -1.5846893023610857E+00  -3.7083158573985470E-01  -1.6286029411764709E+00
       467         1         1        11
  -1.6227245914265378E+00  -1.2458390899139292E-01  -1.6286029411764709E+00
       468         1         1        11
  -1.6227245914265371E+00   1.2458390899140095E-01  -1.6286029411764709E+00
       469         1         1        11
  -1.5846893023610853E+00   3.7083158573985692E-01  -1.6286029411764709E+00
       470         1         1        11
  -1.5095102391686581E+00   6.0838728442085355E-01  -1.6286029411764709E+00
       471         1         1        11
  -1.3989495353716705E+00   8.3168290080017093E-01  -1.6286029411764709E+00
       472         1         1        11
  -1.2555986401602106E+00   1.0354845748864778E+00  -1.6286029411764709E+00
       473         1         1        11
  -1.0828175770194577E+00   1.2150153681734690E+00  -1.6286029411764709E+00
       474         1         1        11
  -8.8465618762698706E-01   1.3660672310297488E+00  -1.6286029411764709E+00
       475         1         1        11
  -6.6575920699635471E-01   1.4850996358155855E+00  -1.6286029411764709E+00
       476         1         1        11
  -4.3125739482506675E-01   1.5693225638499868E+00  -1.6286029411764709E+00
       477         1         1        11
  -1.8664727483589463E-01   1.6167619010838714E+00  -1.6286029411764709E+00
       478         1         1        11
   6.2337699080532265E-02   1.6263057096601932E+00  -1.6286029411764709E+00
       479         1         1        11
   3.0986153016549944E-01   1.5977302907948809E+00  -1.6286029411764709E+00
       480         1         1        11
   5.5012246960983635E-01   1.5317054280867370E+00  -1.6286029411764709E+00
       481         1         1        11
   7.7748900462870529E-01   1.4297786883575601E+00  -1.6286029411764709E+00
       482         1         1        11
   9.8663185634820250E-01   1.2943391479975019E+00  -1.6286029411764706E+00
       483         1         1        11
   1.1726488935852806E+00   1.1285613950393738E+00  -1.6286029411764711E+00
       484         1         1        11
   1.3311800346478337E+00   9.3633111950580361E-01  -1.6286029411764709E+00
       485         1         1        11
   1.4585094439541182E+00   7.2215403612847617E-01  -1.6286029411764709E+00
       486         1         1        11
   1.5516526280693990E+00   4.9105027421367697E-01  -1.6286029411764709E+00
       487         1         1        11
   1.6084263897025171E+00   2.4843671006621929E-01  -1.6286029411764711E+00
       488         1         1        11
   1.6084263897025179E+00  -2.4843671006621332E-01  -1.8713235294117652E+00
       489         1         1        11
   1.5516526280694007E+00  -4.9105027421367092E-01  -1.8713235294117652E+00
       490         1         1        11
   1.4585094439541197E+00  -7.2215403612847306E-01  -1.8713235294117652E+00
       491         1         1        11
   1.3311800346478351E+00  -9.3633111950580206E-01  -1.8713235294117649E+00
       492         1         1        11
   1.1726488935852830E+00  -1.1285613950393711E+00  -1.8713235294117654E+00
       493         1         1        11
   9.8663185634820538E-01  -1.2943391479974999E+00  -1.8713235294117652E+00
       494         1         1        11
   7.7748900462870962E-01  -1.4297786883575576E+00  -1.8713235294117656E+00
       495         1         1        11
   5.5012246960983957E-01  -1.5317054280867359E+00  -1.8713235294117649E+00
       496         1         1        11
   3.0986153016549867E-01  -1.5977302907948812E+00  -1.8713235294117656E+00
       497         1         1        11
   6.2337699080532862E-02  -1.6263057096601932E+00  -1.8713235294117649E+00
       498         1         1        11
  -1.8664727483589691E-01  -1.6167619010838710E+00  -1.8713235294117649E+00
       499         1         1        11
  -4.3125739482506764E-01  -1.5693225638499868E+00  -1.8713235294117649E+00
       500         1         1        11
  -6.6575920699635682E-01  -1.4850996358155846E+00  -1.8713235294117649E+00
       501         1         1        11
  -8.8465618762698905E-01  -1.3660672310297475E+00  -1.8713235294117649E+00
       502         1         1        11
  -1.0828175770194599E+00  -1.2150153681734670E+00  -1.8713235294117652E+00
       503         1         1        11
  -1.2555986401602139E+00  -1.0354845748864738E+00  -1.8713235294117649E+00
       504         1         1        11
  -1.3989495353716710E+00  -8.3168290080017027E-01  -1.8713235294117649E+00
       505         1         1        11
  -1.5095102391686595E+00  -6.0838728442085011E-01  -1.8713235294117649E+00
       506         1         1        11
  -1.5846893023610862E+00  -3.7083158573985325E-01  -1.8713235294117649E+00
       507         1         1        11
  -1.6227245914265378E+00  -1.2458390899139578E-01  -1.8713235294117652E+00
       508         1         1        11
  -1.6227245914265376E+00   1.2458390899139664E-01  -1.8713235294117649E+00
       509         1         1        11
  -1.5846893023610853E+00   3.7083158573985692E-01  -1.8713235294117649E+00
       510         1         1        11
  -1.5095102391686581E+00   6.0838728442085355E-01  -1.8713235294117649E+00
       511         1         1        11
  -1.3989495353716683E+00   8.3168290080017471E-01  -1.8713235294117649E+00
       512         1         1        11
  -1.2555986401602106E+00   1.0354845748864778E+00  -1.8713235294117649E+00
       513         1         1        11
  -1.0828175770194577E+00   1.2150153681734690E+00  -1.8713235294117649E+00
       514         1         1        11
  -8.8465618762698706E-01   1.3660672310297488E+00  -1.8713235294117649E+00
       515         1         1        11
  -6.6575920699635471E-01   1.4850996358155855E+00  -1.8713235294117649E+00
       516         1         1        11
  -4.3125739482506542E-01   1.5693225638499873E+00  -1.8713235294117652E+00
       517         1         1        11
  -1.8664727483589463E-01   1.6167619010838714E+00  -1.8713235294117652E+00
       518         1         1        11
   6.2337699080532265E-02   1.6263057096601932E+00  -1.8713235294117649E+00
       519         1         1        11
   3.0986153016549944E-01   1.5977302907948809E+00  -1.8713235294117652E+00
       520         1         1        11
   5.5012246960983635E-01   1.5317054280867370E+00  -1.8713235294117652E+00
       521         1         1        11
   7.7748900462870663E-01   1.4297786883575594E+00  -1.8713235294117649E+00
       522         1         1        11
   9.8663185634820250E-01   1.2943391479975019E+00  -1.8713235294117649E+00
       523         1         1        11
   1.1726488935852806E+00   1.1285613950393738E+00  -1.8713235294117649E+00
       524         1         1        11
   1.3311800346478346E+00   9.3633111950580261E-01  -1.8713235294117649E+00
       525         1         1        11
   1.4585094439541182E+00   7.2215403612847617E-01  -1.8713235294117649E+00
       526         1         1        11
   1.5516526280694003E+00   4.9105027421367292E-01  -1.8713235294117649E+00
       527         1         1        11
   1.6084263897025171E+00   2.4843671006621929E-01  -1.8713235294117649E+00
       528         1         1        11
   1.6084263897025182E+00  -2.4843671006621262E-01  -2.1140441176470590E+00
       529         1         1        11
   1.5516526280694010E+00  -4.9105027421367053E-01  -2.1140441176470590E+00
       530         1         1        11
   1.4585094439541202E+00  -7.2215403612847240E-01  -2.1140441176470590E+00
       531         1         1        11
   1.3311800346478351E+00  -9.3633111950580206E-01  -2.1140441176470590E+00
       532         1         1        11
   1.1726488935852830E+00  -1.1285613950393711E+00  -2.1140441176470586E+00
       533         1         1        11
   9.8663185634820538E-01  -1.2943391479974999E+00  -2.1140441176470590E+00
       534         1         1        11
   7.7748900462870962E-01  -1.4297786883575576E+00  -2.1140441176470586E+00
       535         1         1        11
   5.5012246960983957E-01  -1.5317054280867359E+00  -2.1140441176470590E+00
       536         1         1        11
   3.0986153016549867E-01  -1.5977302907948812E+00  -2.1140441176470590E+00
       537         1         1        11
   6.2337699080532862E-02  -1.6263057096601932E+00  -2.1140441176470590E+00
       538         1         1        11
  -1.8664727483589835E-01  -1.6167619010838710E+00  -2.1140441176470586E+00
       539         1         1        11
  -4.3125739482506764E-01  -1.5693225638499868E+00  -2.1140441176470595E+00
       540         1         1        11
  -6.6575920699635815E-01  -1.4850996358155839E+00  -2.1140441176470590E+00
       541         1         1        11
  -8.8465618762698905E-01  -1.3660672310297475E+00  -2.1140441176470590E+00
       542         1         1        11
  -1.0828175770194595E+00  -1.2150153681734677E+00  -2.1140441176470590E+00
       543         1         1        11
  -1.2555986401602139E+00  -1.0354845748864738E+00  -2.1140441176470586E+00
       544         1         1        11
  -1.3989495353716717E+00  -8.3168290080016916E-01  -2.1140441176470590E+00
       545         1         1        11
  -1.5095102391686590E+00  -6.0838728442085144E-01  -2.1140441176470595E+00
       546         1         1        11
  -1.5846893023610857E+00  -3.7083158573985470E-01  -2.1140441176470586E+00
       547         1         1        11
  -1.6227245914265378E+00  -1.2458390899139436E-01  -2.1140441176470590E+00
       548         1         1        11
  -1.6227245914265374E+00   1.2458390899139954E-01  -2.1140441176470590E+00
       549         1         1        11
  -1.5846893023610853E+00   3.7083158573985692E-01  -2.1140441176470590E+00
       550         1         1        11
  -1.5095102391686586E+00   6.0838728442085221E-01  -2.1140441176470590E+00
       551         1         1        11
  -1.3989495353716690E+00   8.3168290080017349E-01  -2.1140441176470590E+00
       552         1         1        11
  -1.2555986401602126E+00   1.0354845748864756E+00  -2.1140441176470590E+00
       553         1         1        11
  -1.0828175770194577E+00   1.2150153681734690E+00  -2.1140441176470590E+00
       554         1         1        11
  -8.8465618762698706E-01   1.3660672310297488E+00  -2.1140441176470590E+00
       555         1         1        11
  -6.6575920699635471E-01   1.4850996358155855E+00  -2.1140441176470590E+00
       556         1         1        11
  -4.3125739482506675E-01   1.5693225638499868E+00  -2.1140441176470590E+00
       557         1         1        11
  -1.8664727483589749E-01   1.6167619010838710E+00  -2.1140441176470590E+00
       558         1         1        11
   6.2337699080532265E-02   1.6263057096601932E+00  -2.1140441176470590E+00
       559         1         1        11
   3.0986153016549806E-01   1.5977302907948814E+00  -2.1140441176470590E+00
       560         1         1        11
   5.5012246960983768E-01   1.5317054280867366E+00  -2.1140441176470590E+00
       561         1         1        11
   7.7748900462870529E-01   1.4297786883575601E+00  -2.1140441176470590E+00
       562         1         1        11
   9.8663185634820383E-01   1.2943391479975013E+00  -2.1140441176470586E+00
       563         1         1        11
   1.1726488935852806E+00   1.1285613950393738E+00  -2.1140441176470590E+00
       564         1         1        11
   1.3311800346478337E+00   9.3633111950580361E-01  -2.1140441176470590E+00
       565         1         1        11
   1.4585094439541175E+00   7.2215403612847751E-01  -2.1140441176470590E+00
       566         1         1        11
   1.5516526280694003E+00   4.9105027421367292E-01  -2.1140441176470586E+00
       567         1         1        11
   1.6084263897025168E+00   2.4843671006622073E-01  -2.1140441176470590E+00
       568         1         1        11
   1.6084263897025179E+00  -2.4843671006621296E-01  -2.3567647058823535E+00
       569         1         1        11
   1.5516526280694007E+00  -4.9105027421367092E-01  -2.3567647058823531E+00
       570         1         1        11
   1.4585094439541197E+00  -7.2215403612847306E-01  -2.3567647058823527E+00
       571         1         1        11
   1.3311800346478351E+00  -9.3633111950580206E-01  -2.3567647058823531E+00
       572         1         1        11
   1.1726488935852835E+00  -1.1285613950393707E+00  -2.3567647058823531E+00
       573         1         1        11
   9.8663185634820538E-01  -1.2943391479974999E+00  -2.3567647058823531E+00
       574         1         1        11
   7.7748900462870962E-01  -1.4297786883575576E+00  -2.3567647058823531E+00
       575         1         1        11
   5.5012246960983957E-01  -1.5317054280867359E+00  -2.3567647058823527E+00
       576         1         1        11
   3.0986153016549867E-01  -1.5977302907948812E+00  -2.3567647058823531E+00
       577         1         1        11
   6.2337699080532862E-02  -1.6263057096601932E+00  -2.3567647058823531E+00
       578         1         1        11
  -1.8664727483589691E-01  -1.6167619010838710E+00  -2.3567647058823531E+00
       579         1         1        11
  -4.3125739482506764E-01  -1.5693225638499868E+00  -2.3567647058823531E+00
       580         1         1        11
  -6.6575920699635682E-01  -1.4850996358155846E+00  -2.3567647058823531E+00
       581         1         1        11
  -8.8465618762698905E-01  -1.3660672310297475E+00  -2.3567647058823531E+00
       582         1         1        11
  -1.0828175770194595E+00  -1.2150153681734677E+00  -2.3567647058823531E+00
       583         1         1        11
  -1.2555986401602139E+00  -1.0354845748864738E+00  -2.3567647058823531E+00
       584         1         1        11
  -1.3989495353716710E+00  -8.3168290080017027E-01  -2.3567647058823531E+00
       585         1         1        11
  -1.5095102391686590E+00  -6.0838728442085144E-01  -2.3567647058823535E+00
       586         1         1        11
  -1.5846893023610857E+00  -3.7083158573985470E-01  -2.3567647058823531E+00
       587         1         1        11
  -1.6227245914265378E+00  -1.2458390899139436E-01  -2.3567647058823531E+00
       588         1         1        11
  -1.6227245914265376E+00   1.2458390899139664E-01  -2.3567647058823531E+00
       589         1         1        11
  -1.5846893023610844E+00   3.7083158573985975E-01  -2.3567647058823531E+00
       590         1         1        11
  -1.5095102391686586E+00   6.0838728442085221E-01  -2.3567647058823531E+00
       591         1         1        11
  -1.3989495353716690E+00   8.3168290080017349E-01  -2.3567647058823531E+00
       592         1         1        11
  -1.2555986401602117E+00   1.0354845748864767E+00  -2.3567647058823531E+00
       593         1         1        11
  -1.0828175770194577E+00   1.2150153681734690E+00  -2.3567647058823531E+00
       594         1         1        11
  -8.8465618762698706E-01   1.3660672310297488E+00  -2.3567647058823531E+00
       595         1         1        11
  -6.6575920699635616E-01   1.4850996358155848E+00  -2.3567647058823531E+00
       596         1         1        11
  -4.3125739482506259E-01   1.5693225638499879E+00  -2.3567647058823531E+00
       597         1         1        11
  -1.8664727483589749E-01   1.6167619010838710E+00  -2.3567647058823531E+00
       598         1         1        11
   6.2337699080532265E-02   1.6263057096601932E+00  -2.3567647058823531E+00
       599         1         1        11
   3.0986153016549806E-01   1.5977302907948814E+00  -2.3567647058823531E+00
       600         1         1        11
   5.5012246960983902E-01   1.5317054280867362E+00  -2.3567647058823531E+00
       601         1         1        11
   7.7748900462870663E-01   1.4297786883575594E+00  -2.3567647058823531E+00
       602         1         1        11
   9.8663185634820250E-01   1.2943391479975019E+00  -2.3567647058823531E+00
       603         1         1        11
   1.1726488935852806E+00   1.1285613950393738E+00  -2.3567647058823531E+00
       604         1         1        11
   1.3311800346478337E+00   9.3633111950580361E-01  -2.3567647058823531E+00
       605         1         1        11
   1.4585094439541175E+00   7.2215403612847751E-01  -2.3567647058823531E+00
       606         1         1        11
   1.5516526280693994E+00   4.9105027421367564E-01  -2.3567647058823531E+00
       607         1         1        11
   1.6084263897025168E+00   2.4843671006622073E-01  -2.3567647058823531E+00
       608         1         1        11
   1.6084263897025179E+00  -2.4843671006621296E-01  -2.5994852941176472E+00
       609         1         1        11
   1.5516526280694007E+00  -4.9105027421367092E-01  -2.5994852941176476E+00
       610         1         1        11
   1.4585094439541197E+00  -7.2215403612847306E-01  -2.5994852941176476E+00
       611         1         1        11
   1.3311800346478351E+00  -9.3633111950580206E-01  -2.5994852941176476E+00
       612         1         1        11
   1.1726488935852835E+00  -1.1285613950393707E+00  -2.5994852941176472E+00
       613         1         1        11
   9.8663185634820538E-01  -1.2943391479974999E+00  -2.5994852941176472E+00
       614         1         1        11
   7.7748900462870962E-01  -1.4297786883575576E+00  -2.5994852941176476E+00
       615         1         1        11
   5.5012246960983957E-01  -1.5317054280867359E+00  -2.5994852941176472E+00
       616         1         1        11
   3.0986153016549867E-01  -1.5977302907948812E+00  -2.5994852941176472E+00
       617         1         1        11
   6.2337699080532862E-02  -1.6263057096601932E+00  -2.5994852941176472E+00
       618         1         1        11
  -1.8664727483589907E-01  -1.6167619010838710E+00  -2.5994852941176472E+00
       619         1         1        11
  -4.3125739482506764E-01  -1.5693225638499868E+00  -2.5994852941176472E+00
       620         1         1        11
  -6.6575920699635616E-01  -1.4850996358155848E+00  -2.5994852941176472E+00
       621         1         1        11
  -8.8465618762698950E-01  -1.3660672310297470E+00  -2.5994852941176472E+00
       622         1         1        11
  -1.0828175770194595E+00  -1.2150153681734677E+00  -2.5994852941176476E+00
       623         1         1        11
  -1.2555986401602139E+00  -1.0354845748864738E+00  -2.5994852941176472E+00
       624         1         1        11
  -1.3989495353716703E+00  -8.3168290080017149E-01  -2.5994852941176472E+00
       625         1         1        11
  -1.5095102391686595E+00  -6.0838728442085011E-01  -2.5994852941176472E+00
       626         1         1        11
  -1.5846893023610862E+00  -3.7083158573985325E-01  -2.5994852941176472E+00
       627         1         1        11
  -1.6227245914265378E+00  -1.2458390899139436E-01  -2.5994852941176472E+00
       628         1         1        11
  -1.6227245914265376E+00   1.2458390899139664E-01  -2.5994852941176472E+00
       629         1         1        11
  -1.5846893023610853E+00   3.7083158573985692E-01  -2.5994852941176472E+00
       630         1         1        11
  -1.5095102391686597E+00   6.0838728442084955E-01  -2.5994852941176476E+00
       631         1         1        11
  -1.3989495353716683E+00   8.3168290080017471E-01  -2.5994852941176472E+00
       632         1         1        11
  -1.2555986401602117E+00   1.0354845748864767E+00  -2.5994852941176472E+00
       633         1         1        11
  -1.0828175770194577E+00   1.2150153681734690E+00  -2.5994852941176472E+00
       634         1         1        11
  -8.8465618762698706E-01   1.3660672310297488E+00  -2.5994852941176472E+00
       635         1         1        11
  -6.6575920699635471E-01   1.4850996358155855E+00  -2.5994852941176472E+00
       636         1         1        11
  -4.3125739482506542E-01   1.5693225638499873E+00  -2.5994852941176472E+00
       637         1         1        11
  -1.8664727483589749E-01   1.6167619010838710E+00  -2.5994852941176472E+00
       638         1         1        11
   6.2337699080532265E-02   1.6263057096601932E+00  -2.5994852941176472E+00
       639         1         1        11
   3.0986153016549806E-01   1.5977302907948814E+00  -2.5994852941176472E+00
       640         1         1        11
   5.5012246960983635E-01   1.5317054280867370E+00  -2.5994852941176472E+00
       641         1         1        11
   7.7748900462870663E-01   1.4297786883575594E+00  -2.5994852941176472E+00
       642         1         1        11
   9.8663185634820250E-01   1.2943391479975019E+00  -2.5994852941176472E+00
       643         1         1        11
   1.1726488935852806E+00   1.1285613950393738E+00  -2.5994852941176472E+00
       644         1         1        11
   1.3311800346478331E+00   9.3633111950580494E-01  -2.5994852941176476E+00
       645         1         1        11
   1.4585094439541195E+00   7.2215403612847362E-01  -2.5994852941176472E+00
       646         1         1        11
   1.5516526280693990E+00   4.9105027421367697E-01  -2.5994852941176476E+00
       647         1         1        11
   1.6084263897025171E+00   2.4843671006621929E-01  -2.5994852941176476E+00
       648         1         1        11
   1.6084263897025179E+00  -2.4843671006621296E-01  -2.8422058823529417E+00
       649         1         1        11
   1.5516526280694007E+00  -4.9105027421367092E-01  -2.8422058823529412E+00
       650         1         1        11
   1.4585094439541197E+00  -7.2215403612847306E-01  -2.8422058823529412E+00
       651         1         1        11
   1.3311800346478351E+00  -9.3633111950580206E-01  -2.8422058823529421E+00
       652         1         1        11
   1.1726488935852830E+00  -1.1285613950393711E+00  -2.8422058823529412E+00
       653         1         1        11
   9.8663185634820538E-01  -1.2943391479974999E+00  -2.8422058823529412E+00
       654         1         1        11
   7.7748900462870962E-01  -1.4297786883575576E+00  -2.8422058823529412E+00
       655         1         1        11
   5.5012246960983957E-01  -1.5317054280867359E+00  -2.8422058823529412E+00
       656         1         1        11
   3.0986153016549867E-01  -1.5977302907948812E+00  -2.8422058823529421E+00
       657         1         1        11
   6.2337699080532862E-02  -1.6263057096601932E+00  -2.8422058823529412E+00
       658         1         1        11
  -1.8664727483589691E-01  -1.6167619010838710E+00  -2.8422058823529408E+00
       659         1         1        11
  -4.3125739482506764E-01  -1.5693225638499868E+00  -2.8422058823529421E+00
       660         1         1        11
  -6.6575920699635682E-01  -1.4850996358155846E+00  -2.8422058823529404E+00
       661         1         1        11
  -8.8465618762698905E-01  -1.3660672310297475E+00  -2.8422058823529412E+00
       662         1         1        11
  -1.0828175770194595E+00  -1.2150153681734677E+00  -2.8422058823529417E+00
       663         1         1        11
  -1.2555986401602139E+00  -1.0354845748864738E+00  -2.8422058823529412E+00
       664         1         1        11
  -1.3989495353716710E+00  -8.3168290080017027E-01  -2.8422058823529412E+00
       665         1         1        11
  -1.5095102391686590E+00  -6.0838728442085144E-01  -2.8422058823529408E+00
       666         1         1        11
  -1.5846893023610857E+00  -3.7083158573985470E-01  -2.8422058823529412E+00
       667         1         1        11
  -1.6227245914265378E+00  -1.2458390899139578E-01  -2.8422058823529417E+00
       668         1         1        11
  -1.6227245914265371E+00   1.2458390899140095E-01  -2.8422058823529412E+00
       669         1         1        11
  -1.5846893023610844E+00   3.7083158573985975E-01  -2.8422058823529412E+00
       670         1         1        11
  -1.5095102391686597E+00   6.0838728442084955E-01  -2.8422058823529412E+00
       671         1         1        11
  -1.3989495353716683E+00   8.3168290080017471E-01  -2.8422058823529417E+00
       672         1         1        11
  -1.2555986401602117E+00   1.0354845748864767E+00  -2.8422058823529408E+00
       673         1         1        11
  -1.0828175770194577E+00   1.2150153681734690E+00  -2.8422058823529412E+00
       674         1         1        11
  -8.8465618762698706E-01   1.3660672310297488E+00  -2.8422058823529412E+00
       675         1         1        11
  -6.6575920699635471E-01   1.4850996358155855E+00  -2.8422058823529412E+00
       676         1         1        11
  -4.3125739482506542E-01   1.5693225638499873E+00  -2.8422058823529417E+00
       677         1         1        11
  -1.8664727483589749E-01   1.6167619010838710E+00  -2.8422058823529412E+00
       678         1         1        11
   6.2337699080530821E-02   1.6263057096601934E+00  -2.8422058823529412E+00
       679         1         1        11
   3.0986153016549806E-01   1.5977302907948814E+00  -2.8422058823529412E+00
       680         1         1        11
   5.5012246960983768E-01   1.5317054280867366E+00  -2.8422058823529412E+00
       681         1         1        11
   7.7748900462870663E-01   1.4297786883575594E+00  -2.8422058823529412E+00
       682         1         1        11
   9.8663185634820250E-01   1.2943391479975019E+00  -2.8422058823529408E+00
       683         1         1        11
   1.1726488935852806E+00   1.1285613950393738E+00  -2.8422058823529417E+00
       684         1         1        11
   1.3311800346478346E+00   9.3633111950580261E-01  -2.8422058823529417E+00
       685         1         1        11
   1.4585094439541182E+00   7.2215403612847617E-01  -2.8422058823529412E+00
       686         1         1        11
   1.5516526280694003E+00   4.9105027421367292E-01  -2.8422058823529412E+00
       687         1         1        11
   1.6084263897025171E+00   2.4843671006621929E-01  -2.8422058823529417E+00
       688         1         1        11
   1.6084263897025179E+00  -2.4843671006621296E-01  -3.0849264705882353E+00
       689         1         1        11
   1.5516526280694007E+00  -4.9105027421367092E-01  -3.0849264705882353E+00
       690         1         1        11
   1.4585094439541197E+00  -7.2215403612847306E-01  -3.0849264705882353E+00
       691         1         1        11
   1.3311800346478351E+00  -9.3633111950580206E-01  -3.0849264705882353E+00
       692         1         1        11
   1.1726488935852830E+00  -1.1285613950393711E+00  -3.0849264705882358E+00
       693         1         1        11
   9.8663185634820538E-01  -1.2943391479974999E+00  -3.0849264705882340E+00
       694         1         1        11
   7.7748900462870962E-01  -1.4297786883575576E+00  -3.0849264705882349E+00
       695         1         1        11
   5.5012246960983957E-01  -1.5317054280867359E+00  -3.0849264705882353E+00
       696         1         1        11
   3.0986153016549867E-01  -1.5977302907948812E+00  -3.0849264705882353E+00
       697         1         1        11
   6.2337699080532862E-02  -1.6263057096601932E+00  -3.0849264705882349E+00
       698         1         1        11
  -1.8664727483589691E-01  -1.6167619010838710E+00  -3.0849264705882353E+00
       699         1         1        11
  -4.3125739482506764E-01  -1.5693225638499868E+00  -3.0849264705882353E+00
       700         1         1        11
  -6.6575920699635682E-01  -1.4850996358155846E+00  -3.0849264705882344E+00
       701         1         1        11
  -8.8465618762698905E-01  -1.3660672310297475E+00  -3.0849264705882353E+00
       702         1         1        11
  -1.0828175770194595E+00  -1.2150153681734677E+00  -3.0849264705882353E+00
       703         1         1        11
  -1.2555986401602148E+00  -1.0354845748864725E+00  -3.0849264705882353E+00
       704         1         1        11
  -1.3989495353716710E+00  -8.3168290080017027E-01  -3.0849264705882353E+00
       705         1         1        11
  -1.5095102391686590E+00  -6.0838728442085144E-01  -3.0849264705882353E+00
       706         1         1        11
  -1.5846893023610862E+00  -3.7083158573985325E-01  -3.0849264705882353E+00
       707         1         1        11
  -1.6227245914265378E+00  -1.2458390899139436E-01  -3.0849264705882353E+00
       708         1         1        11
  -1.6227245914265376E+00   1.2458390899139664E-01  -3.0849264705882353E+00
       709         1         1        11
  -1.5846893023610853E+00   3.7083158573985692E-01  -3.0849264705882353E+00
       710         1         1        11
  -1.5095102391686586E+00   6.0838728442085221E-01  -3.0849264705882353E+00
       711         1         1        11
  -1.3989495353716683E+00   8.3168290080017471E-01  -3.0849264705882353E+00
       712         1         1        11
  -1.2555986401602126E+00   1.0354845748864756E+00  -3.0849264705882353E+00
       713         1         1        11
  -1.0828175770194577E+00   1.2150153681734690E+00  -3.0849264705882353E+00
       714         1         1        11
  -8.8465618762698706E-01   1.3660672310297488E+00  -3.0849264705882353E+00
       715         1         1        11
  -6.6575920699635471E-01   1.4850996358155855E+00  -3.0849264705882353E+00
       716         1         1        11
  -4.3125739482506542E-01   1.5693225638499873E+00  -3.0849264705882353E+00
       717         1         1        11
  -1.8664727483589749E-01   1.6167619010838710E+00  -3.0849264705882353E+00
       718         1         1        11
   6.2337699080532265E-02   1.6263057096601932E+00  -3.0849264705882349E+00
       719         1         1        11
   3.0986153016549806E-01   1.5977302907948814E+00  -3.0849264705882353E+00
       720         1         1        11
   5.5012246960984168E-01   1.5317054280867350E+00  -3.0849264705882358E+00
       721         1         1        11
   7.7748900462870785E-01   1.4297786883575587E+00  -3.0849264705882353E+00
       722         1         1        11
   9.8663185634820250E-01   1.2943391479975019E+00  -3.0849264705882353E+00
       723         1         1        11
   1.1726488935852806E+00   1.1285613950393738E+00  -3.0849264705882349E+00
       724         1         1        11
   1.3311800346478331E+00   9.3633111950580494E-01  -3.0849264705882353E+00
       725         1         1        11
   1.4585094439541175E+00   7.2215403612847751E-01  -3.0849264705882353E+00
       726         1         1        11
   1.5516526280693999E+00   4.9105027421367425E-01  -3.0849264705882353E+00
       727         1         1        11
   1.6084263897025168E+00   2.4843671006622073E-01  -3.0849264705882353E+00
       728         1         1        11
   1.6084263897025179E+00  -2.4843671006621296E-01  -3.3276470588235294E+00
       729         1         1        11
   1.5516526280694007E+00  -4.9105027421367092E-01  -3.3276470588235303E+00
       730         1         1        11
   1.4585094439541197E+00  -7.2215403612847306E-01  -3.3276470588235294E+00
       731         1         1        11
   1.3311800346478351E+00  -9.3633111950580206E-01  -3.3276470588235298E+00
       732         1         1        11
   1.1726488935852830E+00  -1.1285613950393711E+00  -3.3276470588235298E+00
       733         1         1        11
   9.8663185634820538E-01  -1.2943391479974999E+00  -3.3276470588235303E+00
       734         1         1        11
   7.7748900462870962E-01  -1.4297786883575576E+00  -3.3276470588235303E+00
       735         1         1        11
   5.5012246960983957E-01  -1.5317054280867359E+00  -3.3276470588235298E+00
       736         1         1        11
   3.0986153016549867E-01  -1.5977302907948812E+00  -3.3276470588235303E+00
       737         1         1        11
   6.2337699080532862E-02  -1.6263057096601932E+00  -3.3276470588235290E+00
       738         1         1        11
  -1.8664727483589835E-01  -1.6167619010838710E+00  -3.3276470588235298E+00
       739         1         1        11
  -4.3125739482506764E-01  -1.5693225638499868E+00  -3.3276470588235290E+00
       740         1         1        11
  -6.6575920699635682E-01  -1.4850996358155846E+00  -3.3276470588235290E+00
       741         1         1        11
  -8.8465618762698905E-01  -1.3660672310297475E+00  -3.3276470588235290E+00
       742         1         1        11
  -1.0828175770194595E+00  -1.2150153681734677E+00  -3.3276470588235294E+00
       743         1         1        11
  -1.2555986401602148E+00  -1.0354845748864725E+00  -3.3276470588235298E+00
       744         1         1        11
  -1.3989495353716703E+00  -8.3168290080017149E-01  -3.3276470588235298E+00
       745         1         1        11
  -1.5095102391686595E+00  -6.0838728442085011E-01  -3.3276470588235298E+00
       746         1         1        11
  -1.5846893023610857E+00  -3.7083158573985470E-01  -3.3276470588235298E+00
       747         1         1        11
  -1.6227245914265378E+00  -1.2458390899139436E-01  -3.3276470588235303E+00
       748         1         1        11
  -1.6227245914265371E+00   1.2458390899140095E-01  -3.3276470588235298E+00
       749         1         1        11
  -1.5846893023610844E+00   3.7083158573985975E-01  -3.3276470588235298E+00
       750         1         1        11
  -1.5095102391686581E+00   6.0838728442085355E-01  -3.3276470588235290E+00
       751         1         1        11
  -1.3989495353716683E+00   8.3168290080017471E-01  -3.3276470588235298E+00
       752         1         1        11
  -1.2555986401602106E+00   1.0354845748864778E+00  -3.3276470588235290E+00
       753         1         1        11
  -1.0828175770194577E+00   1.2150153681734690E+00  -3.3276470588235290E+00
       754         1         1        11
  -8.8465618762698706E-01   1.3660672310297488E+00  -3.3276470588235298E+00
       755         1         1        11
  -6.6575920699635471E-01   1.4850996358155855E+00  -3.3276470588235290E+00
       756         1         1        11
  -4.3125739482506820E-01   1.5693225638499866E+00  -3.3276470588235303E+00
       757         1         1        11
  -1.8664727483589608E-01   1.6167619010838712E+00  -3.3276470588235303E+00
       758         1         1        11
   6.2337699080532265E-02   1.6263057096601932E+00  -3.3276470588235298E+00
       759         1         1        11
   3.0986153016549806E-01   1.5977302907948814E+00  -3.3276470588235303E+00
       760         1         1        11
   5.5012246960983768E-01   1.5317054280867366E+00  -3.3276470588235303E+00
       761         1         1        11
   7.7748900462870407E-01   1.4297786883575607E+00  -3.3276470588235298E+00
       762         1         1        11
   9.8663185634820250E-01   1.2943391479975019E+00  -3.3276470588235298E+00
       763         1         1        11
   1.1726488935852777E+00   1.1285613950393767E+00  -3.3276470588235298E+00
       764         1         1        11
   1.3311800346478337E+00   9.3633111950580361E-01  -3.3276470588235290E+00
       765         1         1        11
   1.4585094439541182E+00   7.2215403612847617E-01  -3.3276470588235298E+00
       766         1         1        11
   1.5516526280694007E+00   4.9105027421367148E-01  -3.3276470588235298E+00
       767         1         1        11
   1.6084263897025171E+00   2.4843671006621929E-01  -3.3276470588235298E+00
       768         1         1        11
   1.6084263897025179E+00  -2.4843671006621296E-01  -3.5703676470588235E+00
       769         1         1        11
   1.5516526280694005E+00  -4.9105027421367198E-01  -3.5703676470588239E+00
       770         1         1        11
   1.4585094439541197E+00  -7.2215403612847306E-01  -3.5703676470588239E+00
       771         1         1        11
   1.3311800346478351E+00  -9.3633111950580206E-01  -3.5703676470588239E+00
       772         1         1        11
   1.1726488935852830E+00  -1.1285613950393711E+00  -3.5703676470588230E+00
       773         1         1        11
   9.8663185634820538E-01  -1.2943391479974999E+00  -3.5703676470588235E+00
       774         1         1        11
   7.7748900462870962E-01  -1.4297786883575576E+00  -3.5703676470588235E+00
       775         1         1        11
   5.5012246960983957E-01  -1.5317054280867359E+00  -3.5703676470588235E+00
       776         1         1        11
   3.0986153016549867E-01  -1.5977302907948812E+00  -3.5703676470588239E+00
       777         1         1        11
   6.2337699080532862E-02  -1.6263057096601932E+00  -3.5703676470588239E+00
       778         1         1        11
  -1.8664727483589691E-01  -1.6167619010838710E+00  -3.5703676470588235E+00
       779         1         1        11
  -4.3125739482506764E-01  -1.5693225638499868E+00  -3.5703676470588230E+00
       780         1         1        11
  -6.6575920699635682E-01  -1.4850996358155846E+00  -3.5703676470588235E+00
       781         1         1        11
  -8.8465618762698950E-01  -1.3660672310297470E+00  -3.5703676470588235E+00
       782         1         1        11
  -1.0828175770194595E+00  -1.2150153681734677E+00  -3.5703676470588239E+00
       783         1         1        11
  -1.2555986401602148E+00  -1.0354845748864725E+00  -3.5703676470588235E+00
       784         1         1        11
  -1.3989495353716710E+00  -8.3168290080017027E-01  -3.5703676470588235E+00
       785         1         1        11
  -1.5095102391686595E+00  -6.0838728442085011E-01  -3.5703676470588235E+00
       786         1         1        11
  -1.5846893023610862E+00  -3.7083158573985325E-01  -3.5703676470588235E+00
       787         1         1        11
  -1.6227245914265378E+00  -1.2458390899139148E-01  -3.5703676470588235E+00
       788         1         1        11
  -1.6227245914265376E+00   1.2458390899139808E-01  -3.5703676470588235E+00
       789         1         1        11
  -1.5846893023610853E+00   3.7083158573985692E-01  -3.5703676470588235E+00
       790         1         1        11
  -1.5095102391686586E+00   6.0838728442085221E-01  -3.5703676470588235E+00
       791         1         1        11
  -1.3989495353716674E+00   8.3168290080017604E-01  -3.5703676470588235E+00
       792         1         1        11
  -1.2555986401602117E+00   1.0354845748864767E+00  -3.5703676470588235E+00
       793         1         1        11
  -1.0828175770194577E+00   1.2150153681734690E+00  -3.5703676470588235E+00
       794         1         1        11
  -8.8465618762698706E-01   1.3660672310297488E+00  -3.5703676470588235E+00
       795         1         1        11
  -6.6575920699635471E-01   1.4850996358155855E+00  -3.5703676470588235E+00
       796         1         1        11
  -4.3125739482506820E-01   1.5693225638499866E+00  -3.5703676470588235E+00
       797         1         1        11
  -1.8664727483589896E-01   1.6167619010838710E+00  -3.5703676470588235E+00
       798         1         1        11
   6.2337699080532265E-02   1.6263057096601932E+00  -3.5703676470588239E+00
       799         1         1        11
   3.0986153016549806E-01   1.5977302907948814E+00  -3.5703676470588239E+00
       800         1         1        11
   5.5012246960983491E-01   1.5317054280867375E+00  -3.5703676470588235E+00
       801         1         1        11
   7.7748900462870663E-01   1.4297786883575594E+00  -3.5703676470588235E+00
       802         1         1        11
   9.8663185634820250E-01   1.2943391479975019E+00  -3.5703676470588235E+00
       803         1         1        11
   1.1726488935852817E+00   1.1285613950393727E+00  -3.5703676470588235E+00
       804         1         1        11
   1.3311800346478346E+00   9.3633111950580261E-01  -3.5703676470588239E+00
       805         1         1        11
   1.4585094439541171E+00   7.2215403612847884E-01  -3.5703676470588239E+00
       806         1         1        11
   1.5516526280693999E+00   4.9105027421367425E-01  -3.5703676470588235E+00
       807         1         1        11
   1.6084263897025173E+00   2.4843671006621784E-01  -3.5703676470588235E+00
       808         1         1        11
   1.6084263897025179E+00  -2.4843671006621296E-01  -3.8130882352941176E+00
       809         1         1        11
   1.5516526280694007E+00  -4.9105027421367092E-01  -3.8130882352941176E+00
       810         1         1        11
   1.4585094439541197E+00  -7.2215403612847306E-01  -3.8130882352941180E+00
       811         1         1        11
   1.3311800346478351E+00  -9.3633111950580206E-01  -3.8130882352941176E+00
       812         1         1        11
   1.1726488935852830E+00  -1.1285613950393711E+00  -3.8130882352941171E+00
       813         1         1        11
   9.8663185634820538E-01  -1.2943391479974999E+00  -3.8130882352941167E+00
       814         1         1        11
   7.7748900462870962E-01  -1.4297786883575576E+00  -3.8130882352941171E+00
       815         1         1        11
   5.5012246960983957E-01  -1.5317054280867359E+00  -3.8130882352941167E+00
       816         1         1        11
   3.0986153016549867E-01  -1.5977302907948812E+00  -3.8130882352941184E+00
       817         1         1        11
   6.2337699080532862E-02  -1.6263057096601932E+00  -3.8130882352941176E+00
       818         1         1        11
  -1.8664727483589835E-01  -1.6167619010838710E+00  -3.8130882352941180E+00
       819         1         1        11
  -4.3125739482506620E-01  -1.5693225638499870E+00  -3.8130882352941171E+00
       820         1         1        11
  -6.6575920699635682E-01  -1.4850996358155846E+00  -3.8130882352941176E+00
       821         1         1        11
  -8.8465618762698905E-01  -1.3660672310297475E+00  -3.8130882352941180E+00
       822         1         1        11
  -1.0828175770194595E+00  -1.2150153681734677E+00  -3.8130882352941176E+00
       823         1         1        11
  -1.2555986401602139E+00  -1.0354845748864738E+00  -3.8130882352941180E+00
       824         1         1        11
  -1.3989495353716703E+00  -8.3168290080017149E-01  -3.8130882352941171E+00
       825         1         1        11
  -1.5095102391686590E+00  -6.0838728442085144E-01  -3.8130882352941180E+00
       826         1         1        11
  -1.5846893023610857E+00  -3.7083158573985470E-01  -3.8130882352941180E+00
       827         1         1        11
  -1.6227245914265378E+00  -1.2458390899139436E-01  -3.8130882352941180E+00
       828         1         1        11
  -1.6227245914265374E+00   1.2458390899139954E-01  -3.8130882352941176E+00
       829         1         1        11
  -1.5846893023610844E+00   3.7083158573985975E-01  -3.8130882352941184E+00
       830         1         1        11
  -1.5095102391686586E+00   6.0838728442085221E-01  -3.8130882352941176E+00
       831         1         1        11
  -1.3989495353716690E+00   8.3168290080017349E-01  -3.8130882352941176E+00
       832         1         1        11
  -1.2555986401602126E+00   1.0354845748864756E+00  -3.8130882352941171E+00
       833         1         1        11
  -1.0828175770194577E+00   1.2150153681734690E+00  -3.8130882352941167E+00
       834         1         1        11
  -8.8465618762698950E-01   1.3660672310297470E+00  -3.8130882352941184E+00
       835         1         1        11
  -6.6575920699635616E-01   1.4850996358155848E+00  -3.8130882352941171E+00
       836         1         1        11
  -4.3125739482506675E-01   1.5693225638499868E+00  -3.8130882352941176E+00
       837         1         1        11
  -1.8664727483589608E-01   1.6167619010838712E+00  -3.8130882352941184E+00
       838         1         1        11
   6.2337699080532265E-02   1.6263057096601932E+00  -3.8130882352941176E+00
       839         1         1        11
   3.0986153016549806E-01   1.5977302907948814E+00  -3.8130882352941171E+00
       840         1         1        11
   5.5012246960983902E-01   1.5317054280867362E+00  -3.8130882352941189E+00
       841         1         1        11
   7.7748900462870785E-01   1.4297786883575587E+00  -3.8130882352941180E+00
       842         1         1        11
   9.8663185634820383E-01   1.2943391479975013E+00  -3.8130882352941171E+00
       843         1         1        11
   1.1726488935852806E+00   1.1285613950393738E+00  -3.8130882352941176E+00
       844         1         1        11
   1.3311800346478331E+00   9.3633111950580494E-01  -3.8130882352941176E+00
       845         1         1        11
   1.4585094439541189E+00   7.2215403612847495E-01  -3.8130882352941176E+00
       846         1         1        11
   1.5516526280693999E+00   4.9105027421367425E-01  -3.8130882352941171E+00
       847         1         1        11
   1.6084263897025171E+00   2.4843671006621929E-01  -3.8130882352941176E+00
       848         1         1        11
   1.6084263897025182E+00  -2.4843671006621226E-01  -4.0558088235294116E+00
       849         1         1        11
   1.5516526280694007E+00  -4.9105027421367092E-01  -4.0558088235294116E+00
       850         1         1        11
   1.4585094439541197E+00  -7.2215403612847306E-01  -4.0558088235294116E+00
       851         1         1        11
   1.3311800346478351E+00  -9.3633111950580206E-01  -4.0558088235294107E+00
       852         1         1        11
   1.1726488935852830E+00  -1.1285613950393711E+00  -4.0558088235294116E+00
       853         1         1        11
   9.8663185634820538E-01  -1.2943391479974999E+00  -4.0558088235294125E+00
       854         1         1        11
   7.7748900462870962E-01  -1.4297786883575576E+00  -4.0558088235294116E+00
       855         1         1        11
   5.5012246960983957E-01  -1.5317054280867359E+00  -4.0558088235294107E+00
       856         1         1        11
   3.0986153016549867E-01  -1.5977302907948812E+00  -4.0558088235294116E+00
       857         1         1        11
   6.2337699080532862E-02  -1.6263057096601932E+00  -4.0558088235294116E+00
       858         1         1        11
  -1.8664727483589691E-01  -1.6167619010838710E+00  -4.0558088235294107E+00
       859         1         1        11
  -4.3125739482506620E-01  -1.5693225638499870E+00  -4.0558088235294116E+00
       860         1         1        11
  -6.6575920699635682E-01  -1.4850996358155846E+00  -4.0558088235294116E+00
       861         1         1        11
  -8.8465618762698950E-01  -1.3660672310297470E+00  -4.0558088235294107E+00
       862         1         1        11
  -1.0828175770194584E+00  -1.2150153681734686E+00  -4.0558088235294116E+00
       863         1         1        11
  -1.2555986401602148E+00  -1.0354845748864725E+00  -4.0558088235294116E+00
       864         1         1        11
  -1.3989495353716710E+00  -8.3168290080017027E-01  -4.0558088235294116E+00
       865         1         1        11
  -1.5095102391686595E+00  -6.0838728442085011E-01  -4.0558088235294107E+00
       866         1         1        11
  -1.5846893023610862E+00  -3.7083158573985325E-01  -4.0558088235294116E+00
       867         1         1        11
  -1.6227245914265378E+00  -1.2458390899139292E-01  -4.0558088235294107E+00
       868         1         1        11
  -1.6227245914265374E+00   1.2458390899139954E-01  -4.0558088235294116E+00
       869         1         1        11
  -1.5846893023610853E+00   3.7083158573985692E-01  -4.0558088235294116E+00
       870         1         1        11
  -1.5095102391686581E+00   6.0838728442085355E-01  -4.0558088235294116E+00
       871         1         1        11
  -1.3989495353716674E+00   8.3168290080017604E-01  -4.0558088235294116E+00
       872         1         1        11
  -1.2555986401602106E+00   1.0354845748864778E+00  -4.0558088235294116E+00
       873         1         1        11
  -1.0828175770194599E+00   1.2150153681734670E+00  -4.0558088235294116E+00
       874         1         1        11
  -8.8465618762698950E-01   1.3660672310297470E+00  -4.0558088235294116E+00
       875         1         1        11
  -6.6575920699635471E-01   1.4850996358155855E+00  -4.0558088235294116E+00
       876         1         1        11
  -4.3125739482506542E-01   1.5693225638499873E+00  -4.0558088235294116E+00
       877         1         1        11
  -1.8664727483589463E-01   1.6167619010838714E+00  -4.0558088235294116E+00
       878         1         1        11
   6.2337699080532265E-02   1.6263057096601932E+00  -4.0558088235294116E+00
       879         1         1        11
   3.0986153016549806E-01   1.5977302907948814E+00  -4.0558088235294116E+00
       880         1         1        11
   5.5012246960983635E-01   1.5317054280867370E+00  -4.0558088235294116E+00
       881         1         1        11
   7.7748900462870663E-01   1.4297786883575594E+00  -4.0558088235294116E+00
       882         1         1        11
   9.8663185634820250E-01   1.2943391479975019E+00  -4.0558088235294116E+00
       883         1         1        11
   1.1726488935852806E+00   1.1285613950393738E+00  -4.0558088235294116E+00
       884         1         1        11
   1.3311800346478331E+00   9.3633111950580494E-01  -4.0558088235294116E+00
       885         1         1        11
   1.4585094439541175E+00   7.2215403612847751E-01  -4.0558088235294107E+00
       886         1         1        11
   1.5516526280693990E+00   4.9105027421367697E-01  -4.0558088235294116E+00
       887         1         1        11
   1.6084263897025171E+00   2.4843671006621929E-01  -4.0558088235294107E+00
       888         1         1        11
   1.6084263897025179E+00  -2.4843671006621296E-01  -4.2985294117647053E+00
       889         1         1        11
   1.5516526280694007E+00  -4.9105027421367092E-01  -4.2985294117647062E+00
       890         1         1        11
   1.4585094439541197E+00  -7.2215403612847306E-01  -4.2985294117647062E+00
       891         1         1        11
   1.3311800346478351E+00  -9.3633111950580206E-01  -4.2985294117647044E+00
       892         1         1        11
   1.1726488935852830E+00  -1.1285613950393711E+00  -4.2985294117647062E+00
       893         1         1        11
   9.8663185634820538E-01  -1.2943391479974999E+00  -4.2985294117647053E+00
       894         1         1        11
   7.7748900462870962E-01  -1.4297786883575576E+00  -4.2985294117647053E+00
       895         1         1        11
   5.5012246960983957E-01  -1.5317054280867359E+00  -4.2985294117647053E+00
       896         1         1        11
   3.0986153016549867E-01  -1.5977302907948812E+00  -4.2985294117647062E+00
       897         1         1        11
   6.2337699080532862E-02  -1.6263057096601932E+00  -4.2985294117647053E+00
       898         1         1        11
  -1.8664727483589691E-01  -1.6167619010838710E+00  -4.2985294117647053E+00
       899         1         1        11
  -4.3125739482506764E-01  -1.5693225638499868E+00  -4.2985294117647053E+00
       900         1         1        11
  -6.6575920699635682E-01  -1.4850996358155846E+00  -4.2985294117647062E+00
       901         1         1        11
  -8.8465618762698905E-01  -1.3660672310297475E+00  -4.2985294117647062E+00
       902         1         1        11
  -1.0828175770194595E+00  -1.2150153681734677E+00  -4.2985294117647062E+00
       903         1         1        11
  -1.2555986401602148E+00  -1.0354845748864725E+00  -4.2985294117647062E+00
       904         1         1        11
  -1.3989495353716710E+00  -8.3168290080017027E-01  -4.2985294117647062E+00
       905         1         1        11
  -1.5095102391686590E+00  -6.0838728442085144E-01  -4.2985294117647053E+00
       906         1         1        11
  -1.5846893023610857E+00  -3.7083158573985470E-01  -4.2985294117647062E+00
       907         1         1        11
  -1.6227245914265378E+00  -1.2458390899139436E-01  -4.2985294117647053E+00
       908         1         1        11
  -1.6227245914265376E+00   1.2458390899139664E-01  -4.2985294117647053E+00
       909         1         1        11
  -1.5846893023610853E+00   3.7083158573985692E-01  -4.2985294117647070E+00
       910         1         1        11
  -1.5095102391686586E+00   6.0838728442085221E-01  -4.2985294117647062E+00
       911         1         1        11
  -1.3989495353716690E+00   8.3168290080017349E-01  -4.2985294117647053E+00
       912         1         1        11
  -1.2555986401602106E+00   1.0354845748864778E+00  -4.2985294117647062E+00
       913         1         1        11
  -1.0828175770194577E+00   1.2150153681734690E+00  -4.2985294117647053E+00
       914         1         1        11
  -8.8465618762698706E-01   1.3660672310297488E+00  -4.2985294117647062E+00
       915         1         1        11
  -6.6575920699635471E-01   1.4850996358155855E+00  -4.2985294117647070E+00
       916         1         1        11
  -4.3125739482506542E-01   1.5693225638499873E+00  -4.2985294117647044E+00
       917         1         1        11
  -1.8664727483589749E-01   1.6167619010838710E+00  -4.2985294117647062E+00
       918         1         1        11
   6.2337699080532265E-02   1.6263057096601932E+00  -4.2985294117647044E+00
       919         1         1        11
   3.0986153016549806E-01   1.5977302907948814E+00  -4.2985294117647053E+00
       920         1         1        11
   5.5012246960983902E-01   1.5317054280867362E+00  -4.2985294117647070E+00
       921         1         1        11
   7.7748900462870663E-01   1.4297786883575594E+00  -4.2985294117647062E+00
       922         1         1        11
   9.8663185634820250E-01   1.2943391479975019E+00  -4.2985294117647044E+00
       923         1         1        11
   1.1726488935852806E+00   1.1285613950393738E+00  -4.2985294117647044E+00
       924         1         1        11
   1.3311800346478346E+00   9.3633111950580261E-01  -4.2985294117647053E+00
       925         1         1        11
   1.4585094439541175E+00   7.2215403612847751E-01  -4.2985294117647070E+00
       926         1         1        11
   1.5516526280693990E+00   4.9105027421367697E-01  -4.2985294117647062E+00
       927         1         1        11
   1.6084263897025171E+00   2.4843671006621929E-01  -4.2985294117647053E+00
       928         1         1        11
   1.6084263897025179E+00  -2.4843671006621296E-01  -4.5412499999999980E+00
       929         1         1        11
   1.5516526280694007E+00  -4.9105027421367092E-01  -4.5412500000000007E+00
       930         1         1        11
   1.4585094439541197E+00  -7.2215403612847306E-01  -4.5412499999999998E+00
       931         1         1        11
   1.3311800346478351E+00  -9.3633111950580206E-01  -4.5412499999999998E+00
       932         1         1        11
   1.1726488935852830E+00  -1.1285613950393711E+00  -4.5412499999999998E+00
       933         1         1        11
   9.8663185634820538E-01  -1.2943391479974999E+00  -4.5412499999999998E+00
       934         1         1        11
   7.7748900462870962E-01  -1.4297786883575576E+00  -4.5412499999999998E+00
       935         1         1        11
   5.5012246960983957E-01  -1.5317054280867359E+00  -4.5412499999999998E+00
       936         1         1        11
   3.0986153016549867E-01  -1.5977302907948812E+00  -4.5412499999999998E+00
       937         1         1        11
   6.2337699080532862E-02  -1.6263057096601932E+00  -4.5412499999999998E+00
       938         1         1        11
  -1.8664727483589619E-01  -1.6167619010838712E+00  -4.5412499999999989E+00
       939         1         1        11
  -4.3125739482506764E-01  -1.5693225638499868E+00  -4.5412499999999989E+00
       940         1         1        11
  -6.6575920699635682E-01  -1.4850996358155846E+00  -4.5412499999999998E+00
       941         1         1        11
  -8.8465618762698905E-01  -1.3660672310297475E+00  -4.5412499999999998E+00
       942         1         1        11
  -1.0828175770194595E+00  -1.2150153681734677E+00  -4.5412499999999998E+00
       943         1         1        11
  -1.2555986401602139E+00  -1.0354845748864738E+00  -4.5412499999999998E+00
       944         1         1        11
  -1.3989495353716703E+00  -8.3168290080017149E-01  -4.5412499999999998E+00
       945         1         1        11
  -1.5095102391686595E+00  -6.0838728442085011E-01  -4.5412499999999998E+00
       946         1         1        11
  -1.5846893023610857E+00  -3.7083158573985470E-01  -4.5412500000000007E+00
       947         1         1        11
  -1.6227245914265378E+00  -1.2458390899139578E-01  -4.5412500000000007E+00
       948         1         1        11
  -1.6227245914265376E+00   1.2458390899139664E-01  -4.5412499999999998E+00
       949         1         1        11
  -1.5846893023610849E+00   3.7083158573985836E-01  -4.5412499999999998E+00
       950         1         1        11
  -1.5095102391686581E+00   6.0838728442085355E-01  -4.5412499999999998E+00
       951         1         1        11
  -1.3989495353716683E+00   8.3168290080017471E-01  -4.5412499999999998E+00
       952         1         1        11
  -1.2555986401602097E+00   1.0354845748864789E+00  -4.5412499999999998E+00
       953         1         1        11
  -1.0828175770194599E+00   1.2150153681734670E+00  -4.5412499999999998E+00
       954         1         1        11
  -8.8465618762698950E-01   1.3660672310297470E+00  -4.5412499999999998E+00
       955         1         1        11
  -6.6575920699635471E-01   1.4850996358155855E+00  -4.5412499999999989E+00
       956         1         1        11
  -4.3125739482506675E-01   1.5693225638499868E+00  -4.5412499999999998E+00
       957         1         1        11
  -1.8664727483589896E-01   1.6167619010838710E+00  -4.5412499999999998E+00
       958         1         1        11
   6.2337699080532265E-02   1.6263057096601932E+00  -4.5412499999999998E+00
       959         1         1        11
   3.0986153016549806E-01   1.5977302907948814E+00  -4.5412499999999998E+00
       960         1         1        11
   5.5012246960983902E-01   1.5317054280867362E+00  -4.5412499999999998E+00
       961         1         1        11
   7.7748900462870663E-01   1.4297786883575594E+00  -4.5412499999999998E+00
       962         1         1        11
   9.8663185634820250E-01   1.2943391479975019E+00  -4.5412499999999998E+00
       963         1         1        11
   1.1726488935852806E+00   1.1285613950393738E+00  -4.5412499999999998E+00
       964         1         1        11
   1.3311800346478346E+00   9.3633111950580261E-01  -4.5412499999999998E+00
       965         1         1        11
   1.4585094439541175E+00   7.2215403612847751E-01  -4.5412499999999998E+00
       966         1         1        11
   1.5516526280693994E+00   4.9105027421367564E-01  -4.5412499999999998E+00
       967         1         1        11
   1.6084263897025171E+00   2.4843671006621929E-01  -4.5412499999999998E+00
       968         1         1        11
   1.6084263897025179E+00  -2.4843671006621296E-01  -4.7839705882352943E+00
       969         1         1        11
   1.5516526280694007E+00  -4.9105027421367092E-01  -4.7839705882352952E+00
       970         1         1        11
   1.4585094439541197E+00  -7.2215403612847306E-01  -4.7839705882352952E+00
       971         1         1        11
   1.3311800346478351E+00  -9.3633111950580206E-01  -4.7839705882352952E+00
       972         1         1        11
   1.1726488935852830E+00  -1.1285613950393711E+00  -4.7839705882352943E+00
       973         1         1        11
   9.8663185634820538E-01  -1.2943391479974999E+00  -4.7839705882352943E+00
       974         1         1        11
   7.7748900462870962E-01  -1.4297786883575576E+00  -4.7839705882352952E+00
       975         1         1        11
   5.5012246960983957E-01  -1.5317054280867359E+00  -4.7839705882352943E+00
       976         1         1        11
   3.0986153016549867E-01  -1.5977302907948812E+00  -4.7839705882352943E+00
       977         1         1        11
   6.2337699080532862E-02  -1.6263057096601932E+00  -4.7839705882352943E+00
       978         1         1        11
  -1.8664727483589619E-01  -1.6167619010838712E+00  -4.7839705882352943E+00
       979         1         1        11
  -4.3125739482506764E-01  -1.5693225638499868E+00  -4.7839705882352943E+00
       980         1         1        11
  -6.6575920699635616E-01  -1.4850996358155848E+00  -4.7839705882352943E+00
       981         1         1        11
  -8.8465618762698905E-01  -1.3660672310297475E+00  -4.7839705882352943E+00
       982         1         1        11
  -1.0828175770194595E+00  -1.2150153681734677E+00  -4.7839705882352952E+00
       983         1         1        11
  -1.2555986401602148E+00  -1.0354845748864725E+00  -4.7839705882352943E+00
       984         1         1        11
  -1.3989495353716710E+00  -8.3168290080017027E-01  -4.7839705882352943E+00
       985         1         1        11
  -1.5095102391686590E+00  -6.0838728442085144E-01  -4.7839705882352943E+00
       986         1         1        11
  -1.5846893023610857E+00  -3.7083158573985470E-01  -4.7839705882352943E+00
       987         1         1        11
  -1.6227245914265378E+00  -1.2458390899139292E-01  -4.7839705882352943E+00
       988         1         1        11
  -1.6227245914265376E+00   1.2458390899139808E-01  -4.7839705882352943E+00
       989         1         1        11
  -1.5846893023610855E+00   3.7083158573985547E-01  -4.7839705882352943E+00
       990         1         1        11
  -1.5095102391686586E+00   6.0838728442085221E-01  -4.7839705882352952E+00
       991         1         1        11
  -1.3989495353716690E+00   8.3168290080017349E-01  -4.7839705882352943E+00
       992         1         1        11
  -1.2555986401602117E+00   1.0354845748864767E+00  -4.7839705882352943E+00
       993         1         1        11
  -1.0828175770194577E+00   1.2150153681734690E+00  -4.7839705882352943E+00
       994         1         1        11
  -8.8465618762698706E-01   1.3660672310297488E+00  -4.7839705882352943E+00
       995         1         1        11
  -6.6575920699635471E-01   1.4850996358155855E+00  -4.7839705882352943E+00
       996         1         1        11
  -4.3125739482506542E-01   1.5693225638499873E+00  -4.7839705882352943E+00
       997         1         1        11
  -1.8664727483590038E-01   1.6167619010838707E+00  -4.7839705882352943E+00
       998         1         1        11
   6.2337699080532265E-02   1.6263057096601932E+00  -4.7839705882352943E+00
       999         1         1        11
   3.0986153016549806E-01   1.5977302907948814E+00  -4.7839705882352943E+00
      1000         1         1        11
   5.5012246960983635E-01   1.5317054280867370E+00  -4.7839705882352943E+00
      1001         1         1        11
   7.7748900462870663E-01   1.4297786883575594E+00  -4.7839705882352943E+00
      1002         1         1        11
   9.8663185634820483E-01   1.2943391479975004E+00  -4.7839705882352943E+00
      1003         1         1        11
   1.1726488935852806E+00   1.1285613950393738E+00  -4.7839705882352943E+00
      1004         1         1        11
   1.3311800346478331E+00   9.3633111950580494E-01  -4.7839705882352952E+00
      1005         1         1        11
   1.4585094439541189E+00   7.2215403612847495E-01  -4.7839705882352943E+00
      1006         1         1        11
   1.5516526280693999E+00   4.9105027421367425E-01  -4.7839705882352952E+00
      1007         1         1        11
   1.6084263897025171E+00   2.4843671006621929E-01  -4.7839705882352952E+00
      1008         1         1        11
   1.6084263897025179E+00  -2.4843671006621296E-01  -5.0266911764705879E+00
      1009         1         1        11
   1.5516526280694007E+00  -4.9105027421367092E-01  -5.0266911764705888E+00
      1010         1         1        11
   1.4585094439541197E+00  -7.2215403612847306E-01  -5.0266911764705879E+00
      1011         1         1        11
   1.3311800346478351E+00  -9.3633111950580206E-01  -5.0266911764705906E+00
      1012         1         1        11
   1.1726488935852830E+00  -1.1285613950393711E+00  -5.0266911764705879E+00
      1013         1         1        11
   9.8663185634820538E-01  -1.2943391479974999E+00  -5.0266911764705888E+00
      1014         1         1        11
   7.7748900462870962E-01  -1.4297786883575576E+00  -5.0266911764705879E+00
      1015         1         1        11
   5.5012246960983957E-01  -1.5317054280867359E+00  -5.0266911764705879E+00
      1016         1         1        11
   3.0986153016549867E-01  -1.5977302907948812E+00  -5.0266911764705888E+00
      1017         1         1        11
   6.2337699080532862E-02  -1.6263057096601932E+00  -5.0266911764705879E+00
      1018         1         1        11
  -1.8664727483589691E-01  -1.6167619010838710E+00  -5.0266911764705879E+00
      1019         1         1        11
  -4.3125739482506764E-01  -1.5693225638499868E+00  -5.0266911764705879E+00
      1020         1         1        11
  -6.6575920699635682E-01  -1.4850996358155846E+00  -5.0266911764705888E+00
      1021         1         1        11
  -8.8465618762698905E-01  -1.3660672310297475E+00  -5.0266911764705879E+00
      1022         1         1        11
  -1.0828175770194595E+00  -1.2150153681734677E+00  -5.0266911764705888E+00
      1023         1         1        11
  -1.2555986401602139E+00  -1.0354845748864738E+00  -5.0266911764705879E+00
      1024         1         1        11
  -1.3989495353716710E+00  -8.3168290080017027E-01  -5.0266911764705888E+00
      1025         1         1        11
  -1.5095102391686590E+00  -6.0838728442085144E-01  -5.0266911764705879E+00
      1026         1         1        11
  -1.5846893023610862E+00  -3.7083158573985325E-01  -5.0266911764705888E+00
      1027         1         1        11
  -1.6227245914265378E+00  -1.2458390899139292E-01  -5.0266911764705879E+00
      1028         1         1        11
  -1.6227245914265376E+00   1.2458390899139664E-01  -5.0266911764705879E+00
      1029         1         1        11
  -1.5846893023610853E+00   3.7083158573985692E-01  -5.0266911764705879E+00
      1030         1         1        11
  -1.5095102391686597E+00   6.0838728442084955E-01  -5.0266911764705879E+00
      1031         1         1        11
  -1.3989495353716690E+00   8.3168290080017349E-01  -5.0266911764705888E+00
      1032         1         1        11
  -1.2555986401602135E+00   1.0354845748864745E+00  -5.0266911764705888E+00
      1033         1         1        11
  -1.0828175770194577E+00   1.2150153681734690E+00  -5.0266911764705888E+00
      1034         1         1        11
  -8.8465618762698706E-01   1.3660672310297488E+00  -5.0266911764705888E+00
      1035         1         1        11
  -6.6575920699635471E-01   1.4850996358155855E+00  -5.0266911764705879E+00
      1036         1         1        11
  -4.3125739482506542E-01   1.5693225638499873E+00  -5.0266911764705879E+00
      1037         1         1        11
  -1.8664727483589896E-01   1.6167619010838710E+00  -5.0266911764705879E+00
      1038         1         1        11
   6.2337699080532265E-02   1.6263057096601932E+00  -5.0266911764705879E+00
      1039         1         1        11
   3.0986153016549806E-01   1.5977302907948814E+00  -5.0266911764705888E+00
      1040         1         1        11
   5.5012246960983902E-01   1.5317054280867362E+00  -5.0266911764705879E+00
      1041         1         1        11
   7.7748900462870663E-01   1.4297786883575594E+00  -5.0266911764705888E+00
      1042         1         1        11
   9.8663185634820250E-01   1.2943391479975019E+00  -5.0266911764705888E+00
      1043         1         1        11
   1.1726488935852806E+00   1.1285613950393738E+00  -5.0266911764705888E+00
      1044         1         1        11
   1.3311800346478337E+00   9.3633111950580361E-01  -5.0266911764705888E+00
      1045         1         1        11
   1.4585094439541157E+00   7.2215403612848139E-01  -5.0266911764705879E+00
      1046         1         1        11
   1.5516526280693999E+00   4.9105027421367425E-01  -5.0266911764705888E+00
      1047         1         1        11
   1.6084263897025171E+00   2.4843671006621929E-01  -5.0266911764705888E+00
      1048         1         1        11
   1.6084263897025179E+00  -2.4843671006621296E-01  -5.2694117647058842E+00
      1049         1         1        11
   1.5516526280694007E+00  -4.9105027421367092E-01  -5.2694117647058833E+00
      1050         1         1        11
   1.4585094439541197E+00  -7.2215403612847306E-01  -5.2694117647058833E+00
      1051         1         1        11
   1.3311800346478351E+00  -9.3633111950580206E-01  -5.2694117647058833E+00
      1052         1         1        11
   1.1726488935852830E+00  -1.1285613950393711E+00  -5.2694117647058833E+00
      1053         1         1        11
   9.8663185634820538E-01  -1.2943391479974999E+00  -5.2694117647058833E+00
      1054         1         1        11
   7.7748900462870962E-01  -1.4297786883575576E+00  -5.2694117647058833E+00
      1055         1         1        11
   5.5012246960983957E-01  -1.5317054280867359E+00  -5.2694117647058833E+00
      1056         1         1        11
   3.0986153016549867E-01  -1.5977302907948812E+00  -5.2694117647058833E+00
      1057         1         1        11
   6.2337699080532862E-02  -1.6263057096601932E+00  -5.2694117647058833E+00
      1058         1         1        11
  -1.8664727483589835E-01  -1.6167619010838710E+00  -5.2694117647058833E+00
      1059         1         1        11
  -4.3125739482506903E-01  -1.5693225638499864E+00  -5.2694117647058833E+00
      1060         1         1        11
  -6.6575920699635682E-01  -1.4850996358155846E+00  -5.2694117647058833E+00
      1061         1         1        11
  -8.8465618762698905E-01  -1.3660672310297475E+00  -5.2694117647058816E+00
      1062         1         1        11
  -1.0828175770194595E+00  -1.2150153681734677E+00  -5.2694117647058833E+00
      1063         1         1        11
  -1.2555986401602139E+00  -1.0354845748864738E+00  -5.2694117647058833E+00
      1064         1         1        11
  -1.3989495353716703E+00  -8.3168290080017149E-01  -5.2694117647058833E+00
      1065         1         1        11
  -1.5095102391686590E+00  -6.0838728442085144E-01  -5.2694117647058833E+00
      1066         1         1        11
  -1.5846893023610862E+00  -3.7083158573985325E-01  -5.2694117647058833E+00
      1067         1         1        11
  -1.6227245914265378E+00  -1.2458390899139578E-01  -5.2694117647058833E+00
      1068         1         1        11
  -1.6227245914265376E+00   1.2458390899139808E-01  -5.2694117647058833E+00
      1069         1         1        11
  -1.5846893023610853E+00   3.7083158573985692E-01  -5.2694117647058833E+00
      1070         1         1        11
  -1.5095102391686592E+00   6.0838728442085077E-01  -5.2694117647058833E+00
      1071         1         1        11
  -1.3989495353716690E+00   8.3168290080017349E-01  -5.2694117647058833E+00
      1072         1         1        11
  -1.2555986401602117E+00   1.0354845748864767E+00  -5.2694117647058833E+00
      1073         1         1        11
  -1.0828175770194577E+00   1.2150153681734690E+00  -5.2694117647058833E+00
      1074         1         1        11
  -8.8465618762698706E-01   1.3660672310297488E+00  -5.2694117647058833E+00
      1075         1         1        11
  -6.6575920699635471E-01   1.4850996358155855E+00  -5.2694117647058833E+00
      1076         1         1        11
  -4.3125739482506542E-01   1.5693225638499873E+00  -5.2694117647058833E+00
      1077         1         1        11
  -1.8664727483589608E-01   1.6167619010838712E+00  -5.2694117647058833E+00
      1078         1         1        11
   6.2337699080535158E-02   1.6263057096601932E+00  -5.2694117647058833E+00
      1079         1         1        11
   3.0986153016549806E-01   1.5977302907948814E+00  -5.2694117647058833E+00
      1080         1         1        11
   5.5012246960983902E-01   1.5317054280867362E+00  -5.2694117647058833E+00
      1081         1         1        11
   7.7748900462870663E-01   1.4297786883575594E+00  -5.2694117647058833E+00
      1082         1         1        11
   9.8663185634820483E-01   1.2943391479975004E+00  -5.2694117647058825E+00
      1083         1         1        11
   1.1726488935852806E+00   1.1285613950393738E+00  -5.2694117647058842E+00
      1084         1         1        11
   1.3311800346478337E+00   9.3633111950580361E-01  -5.2694117647058833E+00
      1085         1         1        11
   1.4585094439541195E+00   7.2215403612847362E-01  -5.2694117647058833E+00
      1086         1         1        11
   1.5516526280693990E+00   4.9105027421367697E-01  -5.2694117647058833E+00
      1087         1         1        11
   1.6084263897025171E+00   2.4843671006621929E-01  -5.2694117647058842E+00
      1088         1         1        11
   1.6084263897025182E+00  -2.4843671006621154E-01  -5.5121323529411779E+00
      1089         1         1        11
   1.5516526280694007E+00  -4.9105027421367126E-01  -5.5121323529411788E+00
      1090         1         1        11
   1.4585094439541197E+00  -7.2215403612847306E-01  -5.5121323529411779E+00
      1091         1         1        11
   1.3311800346478351E+00  -9.3633111950580206E-01  -5.5121323529411805E+00
      1092         1         1        11
   1.1726488935852830E+00  -1.1285613950393711E+00  -5.5121323529411796E+00
      1093         1         1        11
   9.8663185634820538E-01  -1.2943391479974999E+00  -5.5121323529411779E+00
      1094         1         1        11
   7.7748900462870962E-01  -1.4297786883575576E+00  -5.5121323529411788E+00
      1095         1         1        11
   5.5012246960983957E-01  -1.5317054280867359E+00  -5.5121323529411779E+00
      1096         1         1        11
   3.0986153016549867E-01  -1.5977302907948812E+00  -5.5121323529411779E+00
      1097         1         1        11
   6.2337699080532862E-02  -1.6263057096601932E+00  -5.5121323529411779E+00
      1098         1         1        11
  -1.8664727483589691E-01  -1.6167619010838710E+00  -5.5121323529411779E+00
      1099         1         1        11
  -4.3125739482506903E-01  -1.5693225638499864E+00  -5.5121323529411779E+00
      1100         1         1        11
  -6.6575920699635682E-01  -1.4850996358155846E+00  -5.5121323529411788E+00
      1101         1         1        11
  -8.8465618762698905E-01  -1.3660672310297475E+00  -5.5121323529411788E+00
      1102         1         1        11
  -1.0828175770194595E+00  -1.2150153681734677E+00  -5.5121323529411788E+00
      1103         1         1        11
  -1.2555986401602139E+00  -1.0354845748864738E+00  -5.5121323529411779E+00
      1104         1         1        11
  -1.3989495353716703E+00  -8.3168290080017149E-01  -5.5121323529411788E+00
      1105         1         1        11
  -1.5095102391686595E+00  -6.0838728442085011E-01  -5.5121323529411788E+00
      1106         1         1        11
  -1.5846893023610857E+00  -3.7083158573985470E-01  -5.5121323529411788E+00
      1107         1         1        11
  -1.6227245914265378E+00  -1.2458390899139578E-01  -5.5121323529411788E+00
      1108         1         1        11
  -1.6227245914265371E+00   1.2458390899140095E-01  -5.5121323529411779E+00
      1109         1         1        11
  -1.5846893023610844E+00   3.7083158573985975E-01  -5.5121323529411788E+00
      1110         1         1        11
  -1.5095102391686597E+00   6.0838728442084955E-01  -5.5121323529411788E+00
      1111         1         1        11
  -1.3989495353716683E+00   8.3168290080017471E-01  -5.5121323529411788E+00
      1112         1         1        11
  -1.2555986401602097E+00   1.0354845748864789E+00  -5.5121323529411779E+00
      1113         1         1        11
  -1.0828175770194599E+00   1.2150153681734670E+00  -5.5121323529411779E+00
      1114         1         1        11
  -8.8465618762698706E-01   1.3660672310297488E+00  -5.5121323529411779E+00
      1115         1         1        11
  -6.6575920699635471E-01   1.4850996358155855E+00  -5.5121323529411788E+00
      1116         1         1        11
  -4.3125739482506542E-01   1.5693225638499873E+00  -5.5121323529411779E+00
      1117         1         1        11
  -1.8664727483589749E-01   1.6167619010838710E+00  -5.5121323529411788E+00
      1118         1         1        11
   6.2337699080532265E-02   1.6263057096601932E+00  -5.5121323529411779E+00
      1119         1         1        11
   3.0986153016549806E-01   1.5977302907948814E+00  -5.5121323529411779E+00
      1120         1         1        11
   5.5012246960983491E-01   1.5317054280867375E+00  -5.5121323529411779E+00
      1121         1         1        11
   7.7748900462870663E-01   1.4297786883575594E+00  -5.5121323529411788E+00
      1122         1         1        11
   9.8663185634820250E-01   1.2943391479975019E+00  -5.5121323529411788E+00
      1123         1         1        11
   1.1726488935852806E+00   1.1285613950393738E+00  -5.5121323529411779E+00
      1124         1         1        11
   1.3311800346478337E+00   9.3633111950580361E-01  -5.5121323529411779E+00
      1125         1         1        11
   1.4585094439541182E+00   7.2215403612847617E-01  -5.5121323529411788E+00
      1126         1         1        11
   1.5516526280693985E+00   4.9105027421367842E-01  -5.5121323529411779E+00
      1127         1         1        11
   1.6084263897025171E+00   2.4843671006621929E-01  -5.5121323529411788E+00
      1128         1         1        11
   1.6084263897025179E+00  -2.4843671006621296E-01  -5.7548529411764724E+00
      1129         1         1        11
   1.5516526280694007E+00  -4.9105027421367092E-01  -5.7548529411764724E+00
      1130         1         1        11
   1.4585094439541197E+00  -7.2215403612847306E-01  -5.7548529411764724E+00
      1131         1         1        11
   1.3311800346478351E+00  -9.3633111950580206E-01  -5.7548529411764715E+00
      1132         1         1        11
   1.1726488935852830E+00  -1.1285613950393711E+00  -5.7548529411764742E+00
      1133         1         1        11
   9.8663185634820483E-01  -1.2943391479975004E+00  -5.7548529411764724E+00
      1134         1         1        11
   7.7748900462870962E-01  -1.4297786883575576E+00  -5.7548529411764715E+00
      1135         1         1        11
   5.5012246960983957E-01  -1.5317054280867359E+00  -5.7548529411764724E+00
      1136         1         1        11
   3.0986153016549867E-01  -1.5977302907948812E+00  -5.7548529411764724E+00
      1137         1         1        11
   6.2337699080532862E-02  -1.6263057096601932E+00  -5.7548529411764724E+00
      1138         1         1        11
  -1.8664727483589763E-01  -1.6167619010838710E+00  -5.7548529411764715E+00
      1139         1         1        11
  -4.3125739482506764E-01  -1.5693225638499868E+00  -5.7548529411764742E+00
      1140         1         1        11
  -6.6575920699635682E-01  -1.4850996358155846E+00  -5.7548529411764724E+00
      1141         1         1        11
  -8.8465618762698950E-01  -1.3660672310297470E+00  -5.7548529411764724E+00
      1142         1         1        11
  -1.0828175770194606E+00  -1.2150153681734666E+00  -5.7548529411764706E+00
      1143         1         1        11
  -1.2555986401602139E+00  -1.0354845748864738E+00  -5.7548529411764724E+00
      1144         1         1        11
  -1.3989495353716710E+00  -8.3168290080017027E-01  -5.7548529411764724E+00
      1145         1         1        11
  -1.5095102391686595E+00  -6.0838728442085011E-01  -5.7548529411764715E+00
      1146         1         1        11
  -1.5846893023610857E+00  -3.7083158573985470E-01  -5.7548529411764724E+00
      1147         1         1        11
  -1.6227245914265378E+00  -1.2458390899139292E-01  -5.7548529411764724E+00
      1148         1         1        11
  -1.6227245914265376E+00   1.2458390899139808E-01  -5.7548529411764724E+00
      1149         1         1        11
  -1.5846893023610844E+00   3.7083158573985975E-01  -5.7548529411764724E+00
      1150         1         1        11
  -1.5095102391686581E+00   6.0838728442085355E-01  -5.7548529411764724E+00
      1151         1         1        11
  -1.3989495353716697E+00   8.3168290080017215E-01  -5.7548529411764724E+00
      1152         1         1        11
  -1.2555986401602106E+00   1.0354845748864778E+00  -5.7548529411764724E+00
      1153         1         1        11
  -1.0828175770194577E+00   1.2150153681734690E+00  -5.7548529411764724E+00
      1154         1         1        11
  -8.8465618762698828E-01   1.3660672310297479E+00  -5.7548529411764724E+00
      1155         1         1        11
  -6.6575920699635471E-01   1.4850996358155855E+00  -5.7548529411764724E+00
      1156         1         1        11
  -4.3125739482506542E-01   1.5693225638499873E+00  -5.7548529411764724E+00
      1157         1         1        11
  -1.8664727483589749E-01   1.6167619010838710E+00  -5.7548529411764724E+00
      1158         1         1        11
   6.2337699080532265E-02   1.6263057096601932E+00  -5.7548529411764724E+00
      1159         1         1        11
   3.0986153016549806E-01   1.5977302907948814E+00  -5.7548529411764724E+00
      1160         1         1        11
   5.5012246960983491E-01   1.5317054280867375E+00  -5.7548529411764724E+00
      1161         1         1        11
   7.7748900462870529E-01   1.4297786883575601E+00  -5.7548529411764715E+00
      1162         1         1        11
   9.8663185634820250E-01   1.2943391479975019E+00  -5.7548529411764715E+00
      1163         1         1        11
   1.1726488935852786E+00   1.1285613950393758E+00  -5.7548529411764724E+00
      1164         1         1        11
   1.3311800346478331E+00   9.3633111950580494E-01  -5.7548529411764724E+00
      1165         1         1        11
   1.4585094439541189E+00   7.2215403612847495E-01  -5.7548529411764715E+00
      1166         1         1        11
   1.5516526280694007E+00   4.9105027421367148E-01  -5.7548529411764724E+00
      1167         1         1        11
   1.6084263897025171E+00   2.4843671006621929E-01  -5.7548529411764715E+00
      1168         1         1        11
   1.6084263897025182E+00  -2.4843671006621262E-01  -5.9975735294117669E+00
      1169         1         1        11
   1.5516526280694007E+00  -4.9105027421367092E-01  -5.9975735294117678E+00
      1170         1         1        11
   1.4585094439541197E+00  -7.2215403612847306E-01  -5.9975735294117669E+00
      1171         1         1        11
   1.3311800346478351E+00  -9.3633111950580206E-01  -5.9975735294117669E+00
      1172         1         1        11
   1.1726488935852830E+00  -1.1285613950393711E+00  -5.9975735294117678E+00
      1173         1         1        11
   9.8663185634820538E-01  -1.2943391479974999E+00  -5.9975735294117678E+00
      1174         1         1        11
   7.7748900462870962E-01  -1.4297786883575576E+00  -5.9975735294117687E+00
      1175         1         1        11
   5.5012246960983957E-01  -1.5317054280867359E+00  -5.9975735294117687E+00
      1176         1         1        11
   3.0986153016549867E-01  -1.5977302907948812E+00  -5.9975735294117696E+00
      1177         1         1        11
   6.2337699080532862E-02  -1.6263057096601932E+00  -5.9975735294117669E+00
      1178         1         1        11
  -1.8664727483589691E-01  -1.6167619010838710E+00  -5.9975735294117660E+00
      1179         1         1        11
  -4.3125739482506764E-01  -1.5693225638499868E+00  -5.9975735294117660E+00
      1180         1         1        11
  -6.6575920699635682E-01  -1.4850996358155846E+00  -5.9975735294117669E+00
      1181         1         1        11
  -8.8465618762698905E-01  -1.3660672310297475E+00  -5.9975735294117669E+00
      1182         1         1        11
  -1.0828175770194606E+00  -1.2150153681734666E+00  -5.9975735294117678E+00
      1183         1         1        11
  -1.2555986401602148E+00  -1.0354845748864725E+00  -5.9975735294117678E+00
      1184         1         1        11
  -1.3989495353716703E+00  -8.3168290080017149E-01  -5.9975735294117651E+00
      1185         1         1        11
  -1.5095102391686590E+00  -6.0838728442085144E-01  -5.9975735294117660E+00
      1186         1         1        11
  -1.5846893023610857E+00  -3.7083158573985470E-01  -5.9975735294117660E+00
      1187         1         1        11
  -1.6227245914265378E+00  -1.2458390899139292E-01  -5.9975735294117669E+00
      1188         1         1        11
  -1.6227245914265371E+00   1.2458390899140095E-01  -5.9975735294117669E+00
      1189         1         1        11
  -1.5846893023610853E+00   3.7083158573985692E-01  -5.9975735294117669E+00
      1190         1         1        11
  -1.5095102391686586E+00   6.0838728442085221E-01  -5.9975735294117678E+00
      1191         1         1        11
  -1.3989495353716674E+00   8.3168290080017604E-01  -5.9975735294117669E+00
      1192         1         1        11
  -1.2555986401602117E+00   1.0354845748864767E+00  -5.9975735294117669E+00
      1193         1         1        11
  -1.0828175770194577E+00   1.2150153681734690E+00  -5.9975735294117669E+00
      1194         1         1        11
  -8.8465618762698706E-01   1.3660672310297488E+00  -5.9975735294117669E+00
      1195         1         1        11
  -6.6575920699635216E-01   1.4850996358155866E+00  -5.9975735294117669E+00
      1196         1         1        11
  -4.3125739482506542E-01   1.5693225638499873E+00  -5.9975735294117669E+00
      1197         1         1        11
  -1.8664727483589749E-01   1.6167619010838710E+00  -5.9975735294117669E+00
      1198         1         1        11
   6.2337699080535158E-02   1.6263057096601932E+00  -5.9975735294117669E+00
      1199         1         1        11
   3.0986153016549944E-01   1.5977302907948809E+00  -5.9975735294117678E+00
      1200         1         1        11
   5.5012246960983902E-01   1.5317054280867362E+00  -5.9975735294117669E+00
      1201         1         1        11
   7.7748900462870918E-01   1.4297786883575581E+00  -5.9975735294117669E+00
      1202         1         1        11
   9.8663185634820250E-01   1.2943391479975019E+00  -5.9975735294117669E+00
      1203         1         1        11
   1.1726488935852806E+00   1.1285613950393738E+00  -5.9975735294117678E+00
      1204         1         1        11
   1.3311800346478315E+00   9.3633111950580727E-01  -5.9975735294117687E+00
      1205         1         1        11
   1.4585094439541175E+00   7.2215403612847751E-01  -5.9975735294117669E+00
      1206         1         1        11
   1.5516526280693999E+00   4.9105027421367425E-01  -5.9975735294117678E+00
      1207         1         1        11
   1.6084263897025166E+00   2.4843671006622212E-01  -5.9975735294117660E+00
      1208         1         1        11
   1.6084263897025179E+00  -2.4843671006621296E-01  -6.2402941176470623E+00
      1209         1         1        11
   1.5516526280694007E+00  -4.9105027421367126E-01  -6.2402941176470623E+00
      1210         1         1        11
   1.4585094439541197E+00  -7.2215403612847306E-01  -6.2402941176470623E+00
      1211         1         1        11
   1.3311800346478351E+00  -9.3633111950580206E-01  -6.2402941176470614E+00
      1212         1         1        11
   1.1726488935852835E+00  -1.1285613950393707E+00  -6.2402941176470614E+00
      1213         1         1        11
   9.8663185634820538E-01  -1.2943391479974999E+00  -6.2402941176470614E+00
      1214         1         1        11
   7.7748900462871096E-01  -1.4297786883575569E+00  -6.2402941176470614E+00
      1215         1         1        11
   5.5012246960983890E-01  -1.5317054280867362E+00  -6.2402941176470614E+00
      1216         1         1        11
   3.0986153016549867E-01  -1.5977302907948812E+00  -6.2402941176470614E+00
      1217         1         1        11
   6.2337699080532862E-02  -1.6263057096601932E+00  -6.2402941176470614E+00
      1218         1         1        11
  -1.8664727483589835E-01  -1.6167619010838710E+00  -6.2402941176470632E+00
      1219         1         1        11
  -4.3125739482506764E-01  -1.5693225638499868E+00  -6.2402941176470614E+00
      1220         1         1        11
  -6.6575920699635616E-01  -1.4850996358155848E+00  -6.2402941176470614E+00
      1221         1         1        11
  -8.8465618762698905E-01  -1.3660672310297475E+00  -6.2402941176470614E+00
      1222         1         1        11
  -1.0828175770194606E+00  -1.2150153681734666E+00  -6.2402941176470614E+00
      1223         1         1        11
  -1.2555986401602148E+00  -1.0354845748864725E+00  -6.2402941176470614E+00
      1224         1         1        11
  -1.3989495353716703E+00  -8.3168290080017149E-01  -6.2402941176470614E+00
      1225         1         1        11
  -1.5095102391686595E+00  -6.0838728442085011E-01  -6.2402941176470632E+00
      1226         1         1        11
  -1.5846893023610862E+00  -3.7083158573985325E-01  -6.2402941176470605E+00
      1227         1         1        11
  -1.6227245914265378E+00  -1.2458390899139578E-01  -6.2402941176470623E+00
      1228         1         1        11
  -1.6227245914265371E+00   1.2458390899140095E-01  -6.2402941176470614E+00
      1229         1         1        11
  -1.5846893023610853E+00   3.7083158573985692E-01  -6.2402941176470614E+00
      1230         1         1        11
  -1.5095102391686592E+00   6.0838728442085077E-01  -6.2402941176470614E+00
      1231         1         1        11
  -1.3989495353716697E+00   8.3168290080017215E-01  -6.2402941176470614E+00
      1232         1         1        11
  -1.2555986401602117E+00   1.0354845748864767E+00  -6.2402941176470614E+00
      1233         1         1        11
  -1.0828175770194577E+00   1.2150153681734690E+00  -6.2402941176470614E+00
      1234         1         1        11
  -8.8465618762698706E-01   1.3660672310297488E+00  -6.2402941176470614E+00
      1235         1         1        11
  -6.6575920699635471E-01   1.4850996358155855E+00  -6.2402941176470614E+00
      1236         1         1        11
  -4.3125739482506675E-01   1.5693225638499868E+00  -6.2402941176470614E+00
      1237         1         1        11
  -1.8664727483589749E-01   1.6167619010838710E+00  -6.2402941176470623E+00
      1238         1         1        11
   6.2337699080532265E-02   1.6263057096601932E+00  -6.2402941176470614E+00
      1239         1         1        11
   3.0986153016549806E-01   1.5977302907948814E+00  -6.2402941176470614E+00
      1240         1         1        11
   5.5012246960983491E-01   1.5317054280867375E+00  -6.2402941176470614E+00
      1241         1         1        11
   7.7748900462870918E-01   1.4297786883575581E+00  -6.2402941176470623E+00
      1242         1         1        11
   9.8663185634820383E-01   1.2943391479975013E+00  -6.2402941176470623E+00
      1243         1         1        11
   1.1726488935852806E+00   1.1285613950393738E+00  -6.2402941176470614E+00
      1244         1         1        11
   1.3311800346478337E+00   9.3633111950580361E-01  -6.2402941176470614E+00
      1245         1         1        11
   1.4585094439541171E+00   7.2215403612847884E-01  -6.2402941176470623E+00
      1246         1         1        11
   1.5516526280693994E+00   4.9105027421367564E-01  -6.2402941176470614E+00
      1247         1         1        11
   1.6084263897025171E+00   2.4843671006621929E-01  -6.2402941176470614E+00
      1248         1         1        11
   1.6084263897025182E+00  -2.4843671006621262E-01  -6.4830147058823551E+00
      1249         1         1        11
   1.5516526280694007E+00  -4.9105027421367092E-01  -6.4830147058823542E+00
      1250         1         1        11
   1.4585094439541197E+00  -7.2215403612847306E-01  -6.4830147058823560E+00
      1251         1         1        11
   1.3311800346478351E+00  -9.3633111950580206E-01  -6.4830147058823560E+00
      1252         1         1        11
   1.1726488935852830E+00  -1.1285613950393711E+00  -6.4830147058823560E+00
      1253         1         1        11
   9.8663185634820483E-01  -1.2943391479975004E+00  -6.4830147058823568E+00
      1254         1         1        11
   7.7748900462870962E-01  -1.4297786883575576E+00  -6.4830147058823560E+00
      1255         1         1        11
   5.5012246960983890E-01  -1.5317054280867362E+00  -6.4830147058823560E+00
      1256         1         1        11
   3.0986153016549650E-01  -1.5977302907948816E+00  -6.4830147058823551E+00
      1257         1         1        11
   6.2337699080532862E-02  -1.6263057096601932E+00  -6.4830147058823551E+00
      1258         1         1        11
  -1.8664727483589691E-01  -1.6167619010838710E+00  -6.4830147058823551E+00
      1259         1         1        11
  -4.3125739482506831E-01  -1.5693225638499866E+00  -6.4830147058823560E+00
      1260         1         1        11
  -6.6575920699635682E-01  -1.4850996358155846E+00  -6.4830147058823551E+00
      1261         1         1        11
  -8.8465618762699028E-01  -1.3660672310297468E+00  -6.4830147058823551E+00
      1262         1         1        11
  -1.0828175770194595E+00  -1.2150153681734677E+00  -6.4830147058823568E+00
      1263         1         1        11
  -1.2555986401602148E+00  -1.0354845748864725E+00  -6.4830147058823560E+00
      1264         1         1        11
  -1.3989495353716703E+00  -8.3168290080017149E-01  -6.4830147058823551E+00
      1265         1         1        11
  -1.5095102391686590E+00  -6.0838728442085144E-01  -6.4830147058823568E+00
      1266         1         1        11
  -1.5846893023610862E+00  -3.7083158573985325E-01  -6.4830147058823568E+00
      1267         1         1        11
  -1.6227245914265378E+00  -1.2458390899139292E-01  -6.4830147058823560E+00
      1268         1         1        11
  -1.6227245914265371E+00   1.2458390899140095E-01  -6.4830147058823560E+00
      1269         1         1        11
  -1.5846893023610853E+00   3.7083158573985692E-01  -6.4830147058823542E+00
      1270         1         1        11
  -1.5095102391686586E+00   6.0838728442085221E-01  -6.4830147058823551E+00
      1271         1         1        11
  -1.3989495353716683E+00   8.3168290080017471E-01  -6.4830147058823551E+00
      1272         1         1        11
  -1.2555986401602097E+00   1.0354845748864789E+00  -6.4830147058823560E+00
      1273         1         1        11
  -1.0828175770194577E+00   1.2150153681734690E+00  -6.4830147058823551E+00
      1274         1         1        11
  -8.8465618762698706E-01   1.3660672310297488E+00  -6.4830147058823551E+00
      1275         1         1        11
  -6.6575920699635471E-01   1.4850996358155855E+00  -6.4830147058823560E+00
      1276         1         1        11
  -4.3125739482506820E-01   1.5693225638499866E+00  -6.4830147058823560E+00
      1277         1         1        11
  -1.8664727483589896E-01   1.6167619010838710E+00  -6.4830147058823560E+00
      1278         1         1        11
   6.2337699080532265E-02   1.6263057096601932E+00  -6.4830147058823551E+00
      1279         1         1        11
   3.0986153016550233E-01   1.5977302907948805E+00  -6.4830147058823568E+00
      1280         1         1        11
   5.5012246960983635E-01   1.5317054280867370E+00  -6.4830147058823551E+00
      1281         1         1        11
   7.7748900462870663E-01   1.4297786883575594E+00  -6.4830147058823551E+00
      1282         1         1        11
   9.8663185634820250E-01   1.2943391479975019E+00  -6.4830147058823560E+00
      1283         1         1        11
   1.1726488935852806E+00   1.1285613950393738E+00  -6.4830147058823560E+00
      1284         1         1        11
   1.3311800346478315E+00   9.3633111950580727E-01  -6.4830147058823551E+00
      1285         1         1        11
   1.4585094439541175E+00   7.2215403612847751E-01  -6.4830147058823560E+00
      1286         1         1        11
   1.5516526280693999E+00   4.9105027421367425E-01  -6.4830147058823551E+00
      1287         1         1        11
   1.6084263897025171E+00   2.4843671006621929E-01  -6.4830147058823551E+00
      1288         1         1        11
   1.6084263897025179E+00  -2.4843671006621296E-01  -6.7257352941176505E+00
      1289         1         1        11
   1.5516526280694007E+00  -4.9105027421367164E-01  -6.7257352941176514E+00
      1290         1         1        11
   1.4585094439541197E+00  -7.2215403612847306E-01  -6.7257352941176514E+00
      1291         1         1        11
   1.3311800346478351E+00  -9.3633111950580206E-01  -6.7257352941176505E+00
      1292         1         1        11
   1.1726488935852830E+00  -1.1285613950393711E+00  -6.7257352941176496E+00
      1293         1         1        11
   9.8663185634820538E-01  -1.2943391479974999E+00  -6.7257352941176505E+00
      1294         1         1        11
   7.7748900462870962E-01  -1.4297786883575576E+00  -6.7257352941176487E+00
      1295         1         1        11
   5.5012246960983957E-01  -1.5317054280867359E+00  -6.7257352941176505E+00
      1296         1         1        11
   3.0986153016549867E-01  -1.5977302907948812E+00  -6.7257352941176505E+00
      1297         1         1        11
   6.2337699080532862E-02  -1.6263057096601932E+00  -6.7257352941176505E+00
      1298         1         1        11
  -1.8664727483589763E-01  -1.6167619010838710E+00  -6.7257352941176505E+00
      1299         1         1        11
  -4.3125739482506548E-01  -1.5693225638499873E+00  -6.7257352941176523E+00
      1300         1         1        11
  -6.6575920699635616E-01  -1.4850996358155848E+00  -6.7257352941176505E+00
      1301         1         1        11
  -8.8465618762698905E-01  -1.3660672310297475E+00  -6.7257352941176523E+00
      1302         1         1        11
  -1.0828175770194595E+00  -1.2150153681734677E+00  -6.7257352941176505E+00
      1303         1         1        11
  -1.2555986401602148E+00  -1.0354845748864725E+00  -6.7257352941176505E+00
      1304         1         1        11
  -1.3989495353716710E+00  -8.3168290080017027E-01  -6.7257352941176505E+00
      1305         1         1        11
  -1.5095102391686590E+00  -6.0838728442085144E-01  -6.7257352941176505E+00
      1306         1         1        11
  -1.5846893023610862E+00  -3.7083158573985325E-01  -6.7257352941176514E+00
      1307         1         1        11
  -1.6227245914265378E+00  -1.2458390899139292E-01  -6.7257352941176505E+00
      1308         1         1        11
  -1.6227245914265371E+00   1.2458390899140095E-01  -6.7257352941176505E+00
      1309         1         1        11
  -1.5846893023610844E+00   3.7083158573985975E-01  -6.7257352941176505E+00
      1310         1         1        11
  -1.5095102391686586E+00   6.0838728442085221E-01  -6.7257352941176505E+00
      1311         1         1        11
  -1.3989495353716705E+00   8.3168290080017093E-01  -6.7257352941176505E+00
      1312         1         1        11
  -1.2555986401602117E+00   1.0354845748864767E+00  -6.7257352941176505E+00
      1313         1         1        11
  -1.0828175770194599E+00   1.2150153681734670E+00  -6.7257352941176505E+00
      1314         1         1        11
  -8.8465618762698572E-01   1.3660672310297495E+00  -6.7257352941176505E+00
      1315         1         1        11
  -6.6575920699635738E-01   1.4850996358155844E+00  -6.7257352941176505E+00
      1316         1         1        11
  -4.3125739482506820E-01   1.5693225638499866E+00  -6.7257352941176505E+00
      1317         1         1        11
  -1.8664727483589749E-01   1.6167619010838710E+00  -6.7257352941176496E+00
      1318         1         1        11
   6.2337699080533708E-02   1.6263057096601932E+00  -6.7257352941176505E+00
      1319         1         1        11
   3.0986153016549806E-01   1.5977302907948814E+00  -6.7257352941176505E+00
      1320         1         1        11
   5.5012246960983902E-01   1.5317054280867362E+00  -6.7257352941176505E+00
      1321         1         1        11
   7.7748900462870663E-01   1.4297786883575594E+00  -6.7257352941176505E+00
      1322         1         1        11
   9.8663185634820250E-01   1.2943391479975019E+00  -6.7257352941176505E+00
      1323         1         1        11
   1.1726488935852806E+00   1.1285613950393738E+00  -6.7257352941176505E+00
      1324         1         1        11
   1.3311800346478322E+00   9.3633111950580594E-01  -6.7257352941176514E+00
      1325         1         1        11
   1.4585094439541164E+00   7.2215403612848006E-01  -6.7257352941176505E+00
      1326         1         1        11
   1.5516526280694003E+00   4.9105027421367292E-01  -6.7257352941176505E+00
      1327         1         1        11
   1.6084263897025171E+00   2.4843671006621929E-01  -6.7257352941176505E+00
      1328         1         1        11
   1.6084263897025179E+00  -2.4843671006621296E-01  -6.9684558823529450E+00
      1329         1         1        11
   1.5516526280694007E+00  -4.9105027421367126E-01  -6.9684558823529441E+00
      1330         1         1        11
   1.4585094439541197E+00  -7.2215403612847306E-01  -6.9684558823529432E+00
      1331         1         1        11
   1.3311800346478351E+00  -9.3633111950580206E-01  -6.9684558823529450E+00
      1332         1         1        11
   1.1726488935852835E+00  -1.1285613950393707E+00  -6.9684558823529450E+00
      1333         1         1        11
   9.8663185634820538E-01  -1.2943391479974999E+00  -6.9684558823529441E+00
      1334         1         1        11
   7.7748900462870962E-01  -1.4297786883575576E+00  -6.9684558823529441E+00
      1335         1         1        11
   5.5012246960984090E-01  -1.5317054280867355E+00  -6.9684558823529459E+00
      1336         1         1        11
   3.0986153016549867E-01  -1.5977302907948812E+00  -6.9684558823529459E+00
      1337         1         1        11
   6.2337699080534312E-02  -1.6263057096601932E+00  -6.9684558823529450E+00
      1338         1         1        11
  -1.8664727483589619E-01  -1.6167619010838712E+00  -6.9684558823529450E+00
      1339         1         1        11
  -4.3125739482506620E-01  -1.5693225638499870E+00  -6.9684558823529450E+00
      1340         1         1        11
  -6.6575920699635682E-01  -1.4850996358155846E+00  -6.9684558823529459E+00
      1341         1         1        11
  -8.8465618762698828E-01  -1.3660672310297479E+00  -6.9684558823529459E+00
      1342         1         1        11
  -1.0828175770194577E+00  -1.2150153681734690E+00  -6.9684558823529459E+00
      1343         1         1        11
  -1.2555986401602139E+00  -1.0354845748864738E+00  -6.9684558823529459E+00
      1344         1         1        11
  -1.3989495353716710E+00  -8.3168290080017027E-01  -6.9684558823529459E+00
      1345         1         1        11
  -1.5095102391686590E+00  -6.0838728442085144E-01  -6.9684558823529450E+00
      1346         1         1        11
  -1.5846893023610862E+00  -3.7083158573985325E-01  -6.9684558823529441E+00
      1347         1         1        11
  -1.6227245914265378E+00  -1.2458390899139292E-01  -6.9684558823529441E+00
      1348         1         1        11
  -1.6227245914265376E+00   1.2458390899139808E-01  -6.9684558823529441E+00
      1349         1         1        11
  -1.5846893023610853E+00   3.7083158573985692E-01  -6.9684558823529459E+00
      1350         1         1        11
  -1.5095102391686581E+00   6.0838728442085355E-01  -6.9684558823529459E+00
      1351         1         1        11
  -1.3989495353716697E+00   8.3168290080017215E-01  -6.9684558823529459E+00
      1352         1         1        11
  -1.2555986401602117E+00   1.0354845748864767E+00  -6.9684558823529477E+00
      1353         1         1        11
  -1.0828175770194566E+00   1.2150153681734699E+00  -6.9684558823529459E+00
      1354         1         1        11
  -8.8465618762698572E-01   1.3660672310297495E+00  -6.9684558823529459E+00
      1355         1         1        11
  -6.6575920699635471E-01   1.4850996358155855E+00  -6.9684558823529468E+00
      1356         1         1        11
  -4.3125739482506820E-01   1.5693225638499866E+00  -6.9684558823529441E+00
      1357         1         1        11
  -1.8664727483589749E-01   1.6167619010838710E+00  -6.9684558823529459E+00
      1358         1         1        11
   6.2337699080529371E-02   1.6263057096601934E+00  -6.9684558823529432E+00
      1359         1         1        11
   3.0986153016549806E-01   1.5977302907948814E+00  -6.9684558823529450E+00
      1360         1         1        11
   5.5012246960983491E-01   1.5317054280867375E+00  -6.9684558823529459E+00
      1361         1         1        11
   7.7748900462870663E-01   1.4297786883575594E+00  -6.9684558823529450E+00
      1362         1         1        11
   9.8663185634820383E-01   1.2943391479975013E+00  -6.9684558823529459E+00
      1363         1         1        11
   1.1726488935852806E+00   1.1285613950393738E+00  -6.9684558823529459E+00
      1364         1         1        11
   1.3311800346478346E+00   9.3633111950580261E-01  -6.9684558823529459E+00
      1365         1         1        11
   1.4585094439541189E+00   7.2215403612847495E-01  -6.9684558823529459E+00
      1366         1         1        11
   1.5516526280693994E+00   4.9105027421367564E-01  -6.9684558823529459E+00
      1367         1         1        11
   1.6084263897025171E+00   2.4843671006621929E-01  -6.9684558823529450E+00
      1368         1         1        11
   1.6084263897025179E+00  -2.4843671006621296E-01  -7.2111764705882395E+00
      1369         1         1        11
   1.5516526280694007E+00  -4.9105027421367126E-01  -7.2111764705882395E+00
      1370         1         1        11
   1.4585094439541197E+00  -7.2215403612847306E-01  -7.2111764705882369E+00
      1371         1         1        11
   1.3311800346478351E+00  -9.3633111950580206E-01  -7.2111764705882395E+00
      1372         1         1        11
   1.1726488935852830E+00  -1.1285613950393711E+00  -7.2111764705882395E+00
      1373         1         1        11
   9.8663185634820416E-01  -1.2943391479975008E+00  -7.2111764705882395E+00
      1374         1         1        11
   7.7748900462870962E-01  -1.4297786883575576E+00  -7.2111764705882395E+00
      1375         1         1        11
   5.5012246960983957E-01  -1.5317054280867359E+00  -7.2111764705882395E+00
      1376         1         1        11
   3.0986153016549794E-01  -1.5977302907948814E+00  -7.2111764705882404E+00
      1377         1         1        11
   6.2337699080535033E-02  -1.6263057096601932E+00  -7.2111764705882395E+00
      1378         1         1        11
  -1.8664727483589835E-01  -1.6167619010838710E+00  -7.2111764705882386E+00
      1379         1         1        11
  -4.3125739482506764E-01  -1.5693225638499868E+00  -7.2111764705882386E+00
      1380         1         1        11
  -6.6575920699635682E-01  -1.4850996358155846E+00  -7.2111764705882413E+00
      1381         1         1        11
  -8.8465618762698905E-01  -1.3660672310297475E+00  -7.2111764705882395E+00
      1382         1         1        11
  -1.0828175770194595E+00  -1.2150153681734677E+00  -7.2111764705882395E+00
      1383         1         1        11
  -1.2555986401602148E+00  -1.0354845748864725E+00  -7.2111764705882395E+00
      1384         1         1        11
  -1.3989495353716710E+00  -8.3168290080017027E-01  -7.2111764705882395E+00
      1385         1         1        11
  -1.5095102391686595E+00  -6.0838728442085011E-01  -7.2111764705882395E+00
      1386         1         1        11
  -1.5846893023610862E+00  -3.7083158573985325E-01  -7.2111764705882395E+00
      1387         1         1        11
  -1.6227245914265378E+00  -1.2458390899139292E-01  -7.2111764705882395E+00
      1388         1         1        11
  -1.6227245914265374E+00   1.2458390899139954E-01  -7.2111764705882395E+00
      1389         1         1        11
  -1.5846893023610853E+00   3.7083158573985692E-01  -7.2111764705882395E+00
      1390         1         1        11
  -1.5095102391686592E+00   6.0838728442085077E-01  -7.2111764705882395E+00
      1391         1         1        11
  -1.3989495353716705E+00   8.3168290080017093E-01  -7.2111764705882395E+00
      1392         1         1        11
  -1.2555986401602117E+00   1.0354845748864767E+00  -7.2111764705882386E+00
      1393         1         1        11
  -1.0828175770194557E+00   1.2150153681734710E+00  -7.2111764705882386E+00
      1394         1         1        11
  -8.8465618762698217E-01   1.3660672310297517E+00  -7.2111764705882395E+00
      1395         1         1        11
  -6.6575920699635471E-01   1.4850996358155855E+00  -7.2111764705882395E+00
      1396         1         1        11
  -4.3125739482506542E-01   1.5693225638499873E+00  -7.2111764705882386E+00
      1397         1         1        11
  -1.8664727483589608E-01   1.6167619010838712E+00  -7.2111764705882395E+00
      1398         1         1        11
   6.2337699080532265E-02   1.6263057096601932E+00  -7.2111764705882395E+00
      1399         1         1        11
   3.0986153016549944E-01   1.5977302907948809E+00  -7.2111764705882395E+00
      1400         1         1        11
   5.5012246960983635E-01   1.5317054280867370E+00  -7.2111764705882404E+00
      1401         1         1        11
   7.7748900462870663E-01   1.4297786883575594E+00  -7.2111764705882395E+00
      1402         1         1        11
   9.8663185634820250E-01   1.2943391479975019E+00  -7.2111764705882395E+00
      1403         1         1        11
   1.1726488935852817E+00   1.1285613950393727E+00  -7.2111764705882395E+00
      1404         1         1        11
   1.3311800346478331E+00   9.3633111950580494E-01  -7.2111764705882395E+00
      1405         1         1        11
   1.4585094439541164E+00   7.2215403612848006E-01  -7.2111764705882386E+00
      1406         1         1        11
   1.5516526280693990E+00   4.9105027421367697E-01  -7.2111764705882395E+00
      1407         1         1        11
   1.6084263897025171E+00   2.4843671006621929E-01  -7.2111764705882395E+00
      1408         1         1        11
   1.6084263897025179E+00  -2.4843671006621368E-01  -7.4538970588235332E+00
      1409         1         1        11
   1.5516526280694010E+00  -4.9105027421367020E-01  -7.4538970588235332E+00
      1410         1         1        11
   1.4585094439541197E+00  -7.2215403612847306E-01  -7.4538970588235323E+00
      1411         1         1        11
   1.3311800346478355E+00  -9.3633111950580150E-01  -7.4538970588235323E+00
      1412         1         1        11
   1.1726488935852835E+00  -1.1285613950393707E+00  -7.4538970588235340E+00
      1413         1         1        11
   9.8663185634820538E-01  -1.2943391479974999E+00  -7.4538970588235349E+00
      1414         1         1        11
   7.7748900462870840E-01  -1.4297786883575585E+00  -7.4538970588235340E+00
      1415         1         1        11
   5.5012246960983957E-01  -1.5317054280867359E+00  -7.4538970588235340E+00
      1416         1         1        11
   3.0986153016549867E-01  -1.5977302907948812E+00  -7.4538970588235358E+00
      1417         1         1        11
   6.2337699080533583E-02  -1.6263057096601932E+00  -7.4538970588235358E+00
      1418         1         1        11
  -1.8664727483589619E-01  -1.6167619010838712E+00  -7.4538970588235358E+00
      1419         1         1        11
  -4.3125739482506764E-01  -1.5693225638499868E+00  -7.4538970588235349E+00
      1420         1         1        11
  -6.6575920699635682E-01  -1.4850996358155846E+00  -7.4538970588235349E+00
      1421         1         1        11
  -8.8465618762698905E-01  -1.3660672310297475E+00  -7.4538970588235349E+00
      1422         1         1        11
  -1.0828175770194595E+00  -1.2150153681734677E+00  -7.4538970588235323E+00
      1423         1         1        11
  -1.2555986401602148E+00  -1.0354845748864725E+00  -7.4538970588235332E+00
      1424         1         1        11
  -1.3989495353716710E+00  -8.3168290080017027E-01  -7.4538970588235332E+00
      1425         1         1        11
  -1.5095102391686590E+00  -6.0838728442085144E-01  -7.4538970588235332E+00
      1426         1         1        11
  -1.5846893023610857E+00  -3.7083158573985470E-01  -7.4538970588235340E+00
      1427         1         1        11
  -1.6227245914265378E+00  -1.2458390899139292E-01  -7.4538970588235349E+00
      1428         1         1        11
  -1.6227245914265376E+00   1.2458390899139808E-01  -7.4538970588235349E+00
      1429         1         1        11
  -1.5846893023610849E+00   3.7083158573985836E-01  -7.4538970588235340E+00
      1430         1         1        11
  -1.5095102391686592E+00   6.0838728442085077E-01  -7.4538970588235340E+00
      1431         1         1        11
  -1.3989495353716697E+00   8.3168290080017215E-01  -7.4538970588235358E+00
      1432         1         1        11
  -1.2555986401602097E+00   1.0354845748864789E+00  -7.4538970588235358E+00
      1433         1         1        11
  -1.0828175770194566E+00   1.2150153681734699E+00  -7.4538970588235349E+00
      1434         1         1        11
  -8.8465618762698572E-01   1.3660672310297495E+00  -7.4538970588235340E+00
      1435         1         1        11
  -6.6575920699635471E-01   1.4850996358155855E+00  -7.4538970588235349E+00
      1436         1         1        11
  -4.3125739482506675E-01   1.5693225638499868E+00  -7.4538970588235332E+00
      1437         1         1        11
  -1.8664727483589896E-01   1.6167619010838710E+00  -7.4538970588235367E+00
      1438         1         1        11
   6.2337699080535158E-02   1.6263057096601932E+00  -7.4538970588235340E+00
      1439         1         1        11
   3.0986153016549806E-01   1.5977302907948814E+00  -7.4538970588235340E+00
      1440         1         1        11
   5.5012246960983902E-01   1.5317054280867362E+00  -7.4538970588235323E+00
      1441         1         1        11
   7.7748900462870663E-01   1.4297786883575594E+00  -7.4538970588235323E+00
      1442         1         1        11
   9.8663185634820250E-01   1.2943391479975019E+00  -7.4538970588235323E+00
      1443         1         1        11
   1.1726488935852797E+00   1.1285613950393747E+00  -7.4538970588235349E+00
      1444         1         1        11
   1.3311800346478337E+00   9.3633111950580361E-01  -7.4538970588235349E+00
      1445         1         1        11
   1.4585094439541189E+00   7.2215403612847495E-01  -7.4538970588235340E+00
      1446         1         1        11
   1.5516526280693999E+00   4.9105027421367425E-01  -7.4538970588235340E+00
      1447         1         1        11
   1.6084263897025171E+00   2.4843671006621929E-01  -7.4538970588235349E+00
      1448         1         1        11
   1.6084263897025182E+00  -2.4843671006621262E-01  -7.6966176470588286E+00
      1449         1         1        11
   1.5516526280694007E+00  -4.9105027421367092E-01  -7.6966176470588303E+00
      1450         1         1        11
   1.4585094439541197E+00  -7.2215403612847306E-01  -7.6966176470588268E+00
      1451         1         1        11
   1.3311800346478351E+00  -9.3633111950580206E-01  -7.6966176470588312E+00
      1452         1         1        11
   1.1726488935852835E+00  -1.1285613950393707E+00  -7.6966176470588277E+00
      1453         1         1        11
   9.8663185634820483E-01  -1.2943391479975004E+00  -7.6966176470588294E+00
      1454         1         1        11
   7.7748900462870962E-01  -1.4297786883575576E+00  -7.6966176470588286E+00
      1455         1         1        11
   5.5012246960983957E-01  -1.5317054280867359E+00  -7.6966176470588286E+00
      1456         1         1        11
   3.0986153016550005E-01  -1.5977302907948809E+00  -7.6966176470588294E+00
      1457         1         1        11
   6.2337699080532862E-02  -1.6263057096601932E+00  -7.6966176470588286E+00
      1458         1         1        11
  -1.8664727483589907E-01  -1.6167619010838710E+00  -7.6966176470588286E+00
      1459         1         1        11
  -4.3125739482506764E-01  -1.5693225638499868E+00  -7.6966176470588286E+00
      1460         1         1        11
  -6.6575920699635749E-01  -1.4850996358155844E+00  -7.6966176470588286E+00
      1461         1         1        11
  -8.8465618762698950E-01  -1.3660672310297470E+00  -7.6966176470588286E+00
      1462         1         1        11
  -1.0828175770194595E+00  -1.2150153681734677E+00  -7.6966176470588294E+00
      1463         1         1        11
  -1.2555986401602148E+00  -1.0354845748864725E+00  -7.6966176470588286E+00
      1464         1         1        11
  -1.3989495353716710E+00  -8.3168290080017027E-01  -7.6966176470588303E+00
      1465         1         1        11
  -1.5095102391686590E+00  -6.0838728442085144E-01  -7.6966176470588303E+00
      1466         1         1        11
  -1.5846893023610862E+00  -3.7083158573985325E-01  -7.6966176470588294E+00
      1467         1         1        11
  -1.6227245914265378E+00  -1.2458390899139292E-01  -7.6966176470588294E+00
      1468         1         1        11
  -1.6227245914265371E+00   1.2458390899140095E-01  -7.6966176470588286E+00
      1469         1         1        11
  -1.5846893023610844E+00   3.7083158573985975E-01  -7.6966176470588286E+00
      1470         1         1        11
  -1.5095102391686597E+00   6.0838728442084955E-01  -7.6966176470588286E+00
      1471         1         1        11
  -1.3989495353716683E+00   8.3168290080017471E-01  -7.6966176470588294E+00
      1472         1         1        11
  -1.2555986401602117E+00   1.0354845748864767E+00  -7.6966176470588286E+00
      1473         1         1        11
  -1.0828175770194557E+00   1.2150153681734710E+00  -7.6966176470588286E+00
      1474         1         1        11
  -8.8465618762698828E-01   1.3660672310297479E+00  -7.6966176470588286E+00
      1475         1         1        11
  -6.6575920699635338E-01   1.4850996358155861E+00  -7.6966176470588286E+00
      1476         1         1        11
  -4.3125739482506820E-01   1.5693225638499866E+00  -7.6966176470588294E+00
      1477         1         1        11
  -1.8664727483590038E-01   1.6167619010838707E+00  -7.6966176470588286E+00
      1478         1         1        11
   6.2337699080529371E-02   1.6263057096601934E+00  -7.6966176470588286E+00
      1479         1         1        11
   3.0986153016549806E-01   1.5977302907948814E+00  -7.6966176470588286E+00
      1480         1         1        11
   5.5012246960983635E-01   1.5317054280867370E+00  -7.6966176470588294E+00
      1481         1         1        11
   7.7748900462870663E-01   1.4297786883575594E+00  -7.6966176470588294E+00
      1482         1         1        11
   9.8663185634820039E-01   1.2943391479975037E+00  -7.6966176470588286E+00
      1483         1         1        11
   1.1726488935852806E+00   1.1285613950393738E+00  -7.6966176470588286E+00
      1484         1         1        11
   1.3311800346478331E+00   9.3633111950580494E-01  -7.6966176470588286E+00
      1485         1         1        11
   1.4585094439541182E+00   7.2215403612847617E-01  -7.6966176470588294E+00
      1486         1         1        11
   1.5516526280694007E+00   4.9105027421367148E-01  -7.6966176470588294E+00
      1487         1         1        11
   1.6084263897025171E+00   2.4843671006621929E-01  -7.6966176470588294E+00
      1488         1         1        11
   1.6084263897025179E+00  -2.4843671006621296E-01  -7.9393382352941222E+00
      1489         1         1        11
   1.5516526280694007E+00  -4.9105027421367092E-01  -7.9393382352941213E+00
      1490         1         1        11
   1.4585094439541197E+00  -7.2215403612847306E-01  -7.9393382352941213E+00
      1491         1         1        11
   1.3311800346478351E+00  -9.3633111950580206E-01  -7.9393382352941231E+00
      1492         1         1        11
   1.1726488935852819E+00  -1.1285613950393720E+00  -7.9393382352941231E+00
      1493         1         1        11
   9.8663185634820649E-01  -1.2943391479974991E+00  -7.9393382352941222E+00
      1494         1         1        11
   7.7748900462870962E-01  -1.4297786883575576E+00  -7.9393382352941249E+00
      1495         1         1        11
   5.5012246960983957E-01  -1.5317054280867359E+00  -7.9393382352941240E+00
      1496         1         1        11
   3.0986153016549867E-01  -1.5977302907948812E+00  -7.9393382352941231E+00
      1497         1         1        11
   6.2337699080532862E-02  -1.6263057096601932E+00  -7.9393382352941213E+00
      1498         1         1        11
  -1.8664727483589691E-01  -1.6167619010838710E+00  -7.9393382352941222E+00
      1499         1         1        11
  -4.3125739482506692E-01  -1.5693225638499868E+00  -7.9393382352941222E+00
      1500         1         1        11
  -6.6575920699635682E-01  -1.4850996358155846E+00  -7.9393382352941222E+00
      1501         1         1        11
  -8.8465618762699028E-01  -1.3660672310297468E+00  -7.9393382352941240E+00
      1502         1         1        11
  -1.0828175770194595E+00  -1.2150153681734677E+00  -7.9393382352941240E+00
      1503         1         1        11
  -1.2555986401602148E+00  -1.0354845748864725E+00  -7.9393382352941249E+00
      1504         1         1        11
  -1.3989495353716703E+00  -8.3168290080017149E-01  -7.9393382352941240E+00
      1505         1         1        11
  -1.5095102391686590E+00  -6.0838728442085144E-01  -7.9393382352941249E+00
      1506         1         1        11
  -1.5846893023610862E+00  -3.7083158573985325E-01  -7.9393382352941240E+00
      1507         1         1        11
  -1.6227245914265378E+00  -1.2458390899139292E-01  -7.9393382352941222E+00
      1508         1         1        11
  -1.6227245914265376E+00   1.2458390899139808E-01  -7.9393382352941231E+00
      1509         1         1        11
  -1.5846893023610853E+00   3.7083158573985692E-01  -7.9393382352941240E+00
      1510         1         1        11
  -1.5095102391686586E+00   6.0838728442085221E-01  -7.9393382352941231E+00
      1511         1         1        11
  -1.3989495353716690E+00   8.3168290080017349E-01  -7.9393382352941222E+00
      1512         1         1        11
  -1.2555986401602135E+00   1.0354845748864745E+00  -7.9393382352941240E+00
      1513         1         1        11
  -1.0828175770194610E+00   1.2150153681734661E+00  -7.9393382352941222E+00
      1514         1         1        11
  -8.8465618762698706E-01   1.3660672310297488E+00  -7.9393382352941231E+00
      1515         1         1        11
  -6.6575920699635616E-01   1.4850996358155848E+00  -7.9393382352941204E+00
      1516         1         1        11
  -4.3125739482506675E-01   1.5693225638499868E+00  -7.9393382352941222E+00
      1517         1         1        11
  -1.8664727483590038E-01   1.6167619010838707E+00  -7.9393382352941204E+00
      1518         1         1        11
   6.2337699080532265E-02   1.6263057096601932E+00  -7.9393382352941231E+00
      1519         1         1        11
   3.0986153016550089E-01   1.5977302907948807E+00  -7.9393382352941240E+00
      1520         1         1        11
   5.5012246960983635E-01   1.5317054280867370E+00  -7.9393382352941231E+00
      1521         1         1        11
   7.7748900462870529E-01   1.4297786883575601E+00  -7.9393382352941222E+00
      1522         1         1        11
   9.8663185634820250E-01   1.2943391479975019E+00  -7.9393382352941231E+00
      1523         1         1        11
   1.1726488935852797E+00   1.1285613950393747E+00  -7.9393382352941249E+00
      1524         1         1        11
   1.3311800346478322E+00   9.3633111950580594E-01  -7.9393382352941231E+00
      1525         1         1        11
   1.4585094439541175E+00   7.2215403612847751E-01  -7.9393382352941222E+00
      1526         1         1        11
   1.5516526280693994E+00   4.9105027421367564E-01  -7.9393382352941222E+00
      1527         1         1        11
   1.6084263897025168E+00   2.4843671006622073E-01  -7.9393382352941231E+00
      1528         1         1        11
   1.6084263897025179E+00  -2.4843671006621296E-01  -8.1820588235294185E+00
      1529         1         1        11
   1.5516526280694007E+00  -4.9105027421367092E-01  -8.1820588235294185E+00
      1530         1         1        11
   1.4585094439541197E+00  -7.2215403612847306E-01  -8.1820588235294167E+00
      1531         1         1        11
   1.3311800346478351E+00  -9.3633111950580206E-01  -8.1820588235294185E+00
      1532         1         1        11
   1.1726488935852826E+00  -1.1285613950393718E+00  -8.1820588235294167E+00
      1533         1         1        11
   9.8663185634820538E-01  -1.2943391479974999E+00  -8.1820588235294149E+00
      1534         1         1        11
   7.7748900462870962E-01  -1.4297786883575576E+00  -8.1820588235294185E+00
      1535         1         1        11
   5.5012246960983957E-01  -1.5317054280867359E+00  -8.1820588235294167E+00
      1536         1         1        11
   3.0986153016549867E-01  -1.5977302907948812E+00  -8.1820588235294149E+00
      1537         1         1        11
   6.2337699080532862E-02  -1.6263057096601932E+00  -8.1820588235294185E+00
      1538         1         1        11
  -1.8664727483589980E-01  -1.6167619010838707E+00  -8.1820588235294167E+00
      1539         1         1        11
  -4.3125739482506764E-01  -1.5693225638499868E+00  -8.1820588235294167E+00
      1540         1         1        11
  -6.6575920699635815E-01  -1.4850996358155839E+00  -8.1820588235294203E+00
      1541         1         1        11
  -8.8465618762698905E-01  -1.3660672310297475E+00  -8.1820588235294167E+00
      1542         1         1        11
  -1.0828175770194595E+00  -1.2150153681734677E+00  -8.1820588235294149E+00
      1543         1         1        11
  -1.2555986401602148E+00  -1.0354845748864725E+00  -8.1820588235294185E+00
      1544         1         1        11
  -1.3989495353716710E+00  -8.3168290080017027E-01  -8.1820588235294149E+00
      1545         1         1        11
  -1.5095102391686590E+00  -6.0838728442085144E-01  -8.1820588235294167E+00
      1546         1         1        11
  -1.5846893023610857E+00  -3.7083158573985470E-01  -8.1820588235294185E+00
      1547         1         1        11
  -1.6227245914265378E+00  -1.2458390899139292E-01  -8.1820588235294167E+00
      1548         1         1        11
  -1.6227245914265374E+00   1.2458390899139954E-01  -8.1820588235294167E+00
      1549         1         1        11
  -1.5846893023610853E+00   3.7083158573985692E-01  -8.1820588235294167E+00
      1550         1         1        11
  -1.5095102391686581E+00   6.0838728442085355E-01  -8.1820588235294185E+00
      1551         1         1        11
  -1.3989495353716683E+00   8.3168290080017471E-01  -8.1820588235294167E+00
      1552         1         1        11
  -1.2555986401602106E+00   1.0354845748864778E+00  -8.1820588235294167E+00
      1553         1         1        11
  -1.0828175770194577E+00   1.2150153681734690E+00  -8.1820588235294167E+00
      1554         1         1        11
  -8.8465618762698706E-01   1.3660672310297488E+00  -8.1820588235294167E+00
      1555         1         1        11
  -6.6575920699635471E-01   1.4850996358155855E+00  -8.1820588235294167E+00
      1556         1         1        11
  -4.3125739482506675E-01   1.5693225638499868E+00  -8.1820588235294167E+00
      1557         1         1        11
  -1.8664727483590038E-01   1.6167619010838707E+00  -8.1820588235294167E+00
      1558         1         1        11
   6.2337699080532265E-02   1.6263057096601932E+00  -8.1820588235294167E+00
      1559         1         1        11
   3.0986153016549806E-01   1.5977302907948814E+00  -8.1820588235294167E+00
      1560         1         1        11
   5.5012246960983902E-01   1.5317054280867362E+00  -8.1820588235294167E+00
      1561         1         1        11
   7.7748900462870663E-01   1.4297786883575594E+00  -8.1820588235294185E+00
      1562         1         1        11
   9.8663185634820039E-01   1.2943391479975037E+00  -8.1820588235294167E+00
      1563         1         1        11
   1.1726488935852806E+00   1.1285613950393738E+00  -8.1820588235294167E+00
      1564         1         1        11
   1.3311800346478337E+00   9.3633111950580361E-01  -8.1820588235294167E+00
      1565         1         1        11
   1.4585094439541175E+00   7.2215403612847751E-01  -8.1820588235294167E+00
      1566         1         1        11
   1.5516526280693990E+00   4.9105027421367697E-01  -8.1820588235294167E+00
      1567         1         1        11
   1.6084263897025168E+00   2.4843671006622073E-01  -8.1820588235294167E+00
      1568         1         1        11
   1.6084263897025182E+00  -2.4843671006621262E-01  -8.4247794117647086E+00
      1569         1         1        11
   1.5516526280694007E+00  -4.9105027421367126E-01  -8.4247794117647103E+00
      1570         1         1        11
   1.4585094439541197E+00  -7.2215403612847306E-01  -8.4247794117647103E+00
      1571         1         1        11
   1.3311800346478351E+00  -9.3633111950580206E-01  -8.4247794117647103E+00
      1572         1         1        11
   1.1726488935852826E+00  -1.1285613950393718E+00  -8.4247794117647086E+00
      1573         1         1        11
   9.8663185634820538E-01  -1.2943391479974999E+00  -8.4247794117647103E+00
      1574         1         1        11
   7.7748900462870962E-01  -1.4297786883575576E+00  -8.4247794117647103E+00
      1575         1         1        11
   5.5012246960983957E-01  -1.5317054280867359E+00  -8.4247794117647103E+00
      1576         1         1        11
   3.0986153016550005E-01  -1.5977302907948809E+00  -8.4247794117647103E+00
      1577         1         1        11
   6.2337699080531418E-02  -1.6263057096601932E+00  -8.4247794117647103E+00
      1578         1         1        11
  -1.8664727483589763E-01  -1.6167619010838710E+00  -8.4247794117647103E+00
      1579         1         1        11
  -4.3125739482506764E-01  -1.5693225638499868E+00  -8.4247794117647086E+00
      1580         1         1        11
  -6.6575920699635682E-01  -1.4850996358155846E+00  -8.4247794117647103E+00
      1581         1         1        11
  -8.8465618762698772E-01  -1.3660672310297484E+00  -8.4247794117647103E+00
      1582         1         1        11
  -1.0828175770194595E+00  -1.2150153681734677E+00  -8.4247794117647103E+00
      1583         1         1        11
  -1.2555986401602131E+00  -1.0354845748864749E+00  -8.4247794117647103E+00
      1584         1         1        11
  -1.3989495353716710E+00  -8.3168290080017027E-01  -8.4247794117647103E+00
      1585         1         1        11
  -1.5095102391686601E+00  -6.0838728442084877E-01  -8.4247794117647086E+00
      1586         1         1        11
  -1.5846893023610862E+00  -3.7083158573985325E-01  -8.4247794117647103E+00
      1587         1         1        11
  -1.6227245914265378E+00  -1.2458390899139436E-01  -8.4247794117647103E+00
      1588         1         1        11
  -1.6227245914265376E+00   1.2458390899139664E-01  -8.4247794117647103E+00
      1589         1         1        11
  -1.5846893023610849E+00   3.7083158573985836E-01  -8.4247794117647103E+00
      1590         1         1        11
  -1.5095102391686586E+00   6.0838728442085221E-01  -8.4247794117647086E+00
      1591         1         1        11
  -1.3989495353716683E+00   8.3168290080017471E-01  -8.4247794117647103E+00
      1592         1         1        11
  -1.2555986401602097E+00   1.0354845748864789E+00  -8.4247794117647103E+00
      1593         1         1        11
  -1.0828175770194599E+00   1.2150153681734670E+00  -8.4247794117647103E+00
      1594         1         1        11
  -8.8465618762698828E-01   1.3660672310297479E+00  -8.4247794117647103E+00
      1595         1         1        11
  -6.6575920699635471E-01   1.4850996358155855E+00  -8.4247794117647103E+00
      1596         1         1        11
  -4.3125739482506675E-01   1.5693225638499868E+00  -8.4247794117647103E+00
      1597         1         1        11
  -1.8664727483589608E-01   1.6167619010838712E+00  -8.4247794117647103E+00
      1598         1         1        11
   6.2337699080527942E-02   1.6263057096601934E+00  -8.4247794117647103E+00
      1599         1         1        11
   3.0986153016549806E-01   1.5977302907948814E+00  -8.4247794117647103E+00
      1600         1         1        11
   5.5012246960983635E-01   1.5317054280867370E+00  -8.4247794117647103E+00
      1601         1         1        11
   7.7748900462870785E-01   1.4297786883575587E+00  -8.4247794117647103E+00
      1602         1         1        11
   9.8663185634820250E-01   1.2943391479975019E+00  -8.4247794117647086E+00
      1603         1         1        11
   1.1726488935852806E+00   1.1285613950393738E+00  -8.4247794117647103E+00
      1604         1         1        11
   1.3311800346478322E+00   9.3633111950580594E-01  -8.4247794117647103E+00
      1605         1         1        11
   1.4585094439541171E+00   7.2215403612847884E-01  -8.4247794117647103E+00
      1606         1         1        11
   1.5516526280693994E+00   4.9105027421367564E-01  -8.4247794117647103E+00
      1607         1         1        11
   1.6084263897025171E+00   2.4843671006621929E-01  -8.4247794117647103E+00
      1608         1         1        11
   1.6084263897025179E+00  -2.4843671006621296E-01  -2.0749999999999999E-01
      1609         1         1        11
   1.5516526280694007E+00  -4.9105027421367092E-01  -2.0749999999999996E-01
      1610         1         1        11
   1.4585094439541197E+00  -7.2215403612847306E-01  -2.0749999999999999E-01
      1611         1         1        11
   1.3311800346478351E+00  -9.3633111950580206E-01  -2.0749999999999993E-01
      1612         1         1        11
   1.1726488935852830E+00  -1.1285613950393711E+00  -2.0750000000000005E-01
      1613         1         1        11
   9.8663185634820538E-01  -1.2943391479974999E+00  -2.0749999999999999E-01
      1614         1         1        11
   7.7748900462870962E-01  -1.4297786883575576E+00  -2.0750000000000002E-01
      1615         1         1        11
   5.5012246960983957E-01  -1.5317054280867359E+00  -2.0749999999999996E-01
      1616         1         1        11
   3.0986153016549867E-01  -1.5977302907948812E+00  -2.0749999999999999E-01
      1617         1         1        11
   6.2337699080532862E-02  -1.6263057096601932E+00  -2.0749999999999999E-01
      1618         1         1        11
  -1.8664727483589691E-01  -1.6167619010838710E+00  -2.0749999999999996E-01
      1619         1         1        11
  -4.3125739482506764E-01  -1.5693225638499868E+00  -2.0749999999999996E-01
      1620         1         1        11
  -6.6575920699635682E-01  -1.4850996358155846E+00  -2.0749999999999993E-01
      1621         1         1        11
  -8.8465618762698905E-01  -1.3660672310297475E+00  -2.0750000000000005E-01
      1622         1         1        11
  -1.0828175770194595E+00  -1.2150153681734677E+00  -2.0750000000000002E-01
      1623         1         1        11
  -1.2555986401602139E+00  -1.0354845748864738E+00  -2.0750000000000005E-01
      1624         1         1        11
  -1.3989495353716710E+00  -8.3168290080017027E-01  -2.0749999999999993E-01
      1625         1         1        11
  -1.5095102391686595E+00  -6.0838728442085011E-01  -2.0749999999999996E-01
      1626         1         1        11
  -1.5846893023610857E+00  -3.7083158573985470E-01  -2.0749999999999999E-01
      1627         1         1        11
  -1.6227245914265378E+00  -1.2458390899139292E-01  -2.0750000000000002E-01
      1628         1         1        11
  -1.6227245914265376E+00   1.2458390899139664E-01  -2.0749999999999999E-01
      1629         1         1        11
  -1.5846893023610855E+00   3.7083158573985547E-01  -2.0749999999999999E-01
      1630         1         1        11
  -1.5095102391686581E+00   6.0838728442085355E-01  -2.0749999999999999E-01
      1631         1         1        11
  -1.3989495353716690E+00   8.3168290080017349E-01  -2.0749999999999999E-01
      1632         1         1        11
  -1.2555986401602126E+00   1.0354845748864756E+00  -2.0750000000000002E-01
      1633         1         1        11
  -1.0828175770194577E+00   1.2150153681734690E+00  -2.0749999999999996E-01
      1634         1         1        11
  -8.8465618762698706E-01   1.3660672310297488E+00  -2.0749999999999996E-01
      1635         1         1        11
  -6.6575920699635471E-01   1.4850996358155855E+00  -2.0750000000000002E-01
      1636         1         1        11
  -4.3125739482506675E-01   1.5693225638499868E+00  -2.0750000000000005E-01
      1637         1         1        11
  -1.8664727483589608E-01   1.6167619010838712E+00  -2.0749999999999999E-01
      1638         1         1        11
   6.2337699080532265E-02   1.6263057096601932E+00  -2.0750000000000005E-01
      1639         1         1        11
   3.0986153016549806E-01   1.5977302907948814E+00  -2.0750000000000005E-01
      1640         1         1        11
   5.5012246960983635E-01   1.5317054280867370E+00  -2.0749999999999999E-01
      1641         1         1        11
   7.7748900462870663E-01   1.4297786883575594E+00  -2.0749999999999999E-01
      1642         1         1        11
   9.8663185634820250E-01   1.2943391479975019E+00  -2.0749999999999999E-01
      1643         1         1        11
   1.1726488935852806E+00   1.1285613950393738E+00  -2.0749999999999999E-01
      1644         1         1        11
   1.3311800346478346E+00   9.3633111950580261E-01  -2.0749999999999999E-01
      1645         1         1        11
   1.4585094439541175E+00   7.2215403612847751E-01  -2.0749999999999999E-01
      1646         1         1        11
   1.5516526280693994E+00   4.9105027421367564E-01  -2.0749999999999999E-01
      1647         1         1        11
   1.6084263897025171E+00   2.4843671006621929E-01  -2.0749999999999999E-01
      1648         1         1        11
   1.6084263897025179E+00  -2.4843671006621296E-01  -8.9175000000000004E+00
      1649         1         1        11
   1.5516526280694007E+00  -4.9105027421367092E-01  -8.9175000000000004E+00
      1650         1         1        11
   1.4585094439541197E+00  -7.2215403612847306E-01  -8.9175000000000004E+00
      1651         1         1        11
   1.3311800346478351E+00  -9.3633111950580206E-01  -8.9175000000000004E+00
      1652         1         1        11
   1.1726488935852830E+00  -1.1285613950393711E+00  -8.9175000000000004E+00
      1653         1         1        11
   9.8663185634820538E-01  -1.2943391479974999E+00  -8.9175000000000004E+00
      1654         1         1        11
   7.7748900462870962E-01  -1.4297786883575576E+00  -8.9175000000000004E+00
      1655         1         1        11
   5.5012246960983957E-01  -1.5317054280867359E+00  -8.9175000000000004E+00
      1656         1         1        11
   3.0986153016549867E-01  -1.5977302907948812E+00  -8.9175000000000004E+00
      1657         1         1        11
   6.2337699080532862E-02  -1.6263057096601932E+00  -8.9175000000000004E+00
      1658         1         1        11
  -1.8664727483589763E-01  -1.6167619010838710E+00  -8.9175000000000004E+00
      1659         1         1        11
  -4.3125739482506764E-01  -1.5693225638499868E+00  -8.9175000000000004E+00
      1660         1         1        11
  -6.6575920699635682E-01  -1.4850996358155846E+00  -8.9175000000000004E+00
      1661         1         1        11
  -8.8465618762698905E-01  -1.3660672310297475E+00  -8.9175000000000004E+00
      1662         1         1        11
  -1.0828175770194595E+00  -1.2150153681734677E+00  -8.9175000000000004E+00
      1663         1         1        11
  -1.2555986401602139E+00  -1.0354845748864738E+00  -8.9175000000000004E+00
      1664         1         1        11
  -1.3989495353716710E+00  -8.3168290080017027E-01  -8.9175000000000004E+00
      1665         1         1        11
  -1.5095102391686595E+00  -6.0838728442085011E-01  -8.9175000000000004E+00
      1666         1         1        11
  -1.5846893023610857E+00  -3.7083158573985470E-01  -8.9175000000000004E+00
      1667         1         1        11
  -1.6227245914265378E+00  -1.2458390899139436E-01  -8.9175000000000004E+00
      1668         1         1        11
  -1.6227245914265376E+00   1.2458390899139664E-01  -8.9175000000000004E+00
      1669         1         1        11
  -1.5846893023610855E+00   3.7083158573985547E-01  -8.9175000000000004E+00
      1670         1         1        11
  -1.5095102391686586E+00   6.0838728442085221E-01  -8.9175000000000004E+00
      1671         1         1        11
  -1.3989495353716683E+00   8.3168290080017471E-01  -8.9175000000000004E+00
      1672         1         1        11
  -1.2555986401602117E+00   1.0354845748864767E+00  -8.9175000000000004E+00
      1673         1         1        11
  -1.0828175770194577E+00   1.2150153681734690E+00  -8.9175000000000004E+00
      1674         1         1        11
  -8.8465618762698706E-01   1.3660672310297488E+00  -8.9175000000000004E+00
      1675         1         1        11
  -6.6575920699635471E-01   1.4850996358155855E+00  -8.9175000000000004E+00
      1676         1         1        11
  -4.3125739482506542E-01   1.5693225638499873E+00  -8.9175000000000004E+00
      1677         1         1        11
  -1.8664727483589749E-01   1.6167619010838710E+00  -8.9175000000000004E+00
      1678         1         1        11
   6.2337699080532265E-02   1.6263057096601932E+00  -8.9175000000000004E+00
      1679         1         1        11
   3.0986153016549806E-01   1.5977302907948814E+00  -8.9175000000000004E+00
      1680         1         1        11
   5.5012246960983635E-01   1.5317054280867370E+00  -8.9175000000000004E+00
      1681         1         1        11
   7.7748900462870529E-01   1.4297786883575601E+00  -8.9175000000000004E+00
      1682         1         1        11
   9.8663185634820250E-01   1.2943391479975019E+00  -8.9175000000000004E+00
      1683         1         1        11
   1.1726488935852806E+00   1.1285613950393738E+00  -8.9175000000000004E+00
      1684         1         1        11
   1.3311800346478331E+00   9.3633111950580494E-01  -8.9175000000000004E+00
      1685         1         1        11
   1.4585094439541175E+00   7.2215403612847751E-01  -8.9175000000000004E+00
      1686         1         1        11
   1.5516526280693990E+00   4.9105027421367697E-01  -8.9175000000000004E+00
      1687         1         1        11
   1.6084263897025171E+00   2.4843671006621929E-01  -8.9175000000000004E+00
      1688         1         1        11
   1.6084263897025179E+00  -2.4843671006621296E-01  -9.1675000000000004E+00
      1689         1         1        11
   1.5516526280694007E+00  -4.9105027421367092E-01  -9.1675000000000004E+00
      1690         1         1        11
   1.4585094439541197E+00  -7.2215403612847306E-01  -9.1675000000000004E+00
      1691         1         1        11
   1.3311800346478351E+00  -9.3633111950580206E-01  -9.1675000000000004E+00
      1692         1         1        11
   1.1726488935852830E+00  -1.1285613950393711E+00  -9.1675000000000004E+00
      1693         1         1        11
   9.8663185634820538E-01  -1.2943391479974999E+00  -9.1675000000000004E+00
      1694         1         1        11
   7.7748900462870962E-01  -1.4297786883575576E+00  -9.1675000000000004E+00
      1695         1         1        11
   5.5012246960983957E-01  -1.5317054280867359E+00  -9.1675000000000004E+00
      1696         1         1        11
   3.0986153016549867E-01  -1.5977302907948812E+00  -9.1675000000000004E+00
      1697         1         1        11
   6.2337699080532862E-02  -1.6263057096601932E+00  -9.1675000000000004E+00
      1698         1         1        11
  -1.8664727483589619E-01  -1.6167619010838712E+00  -9.1675000000000004E+00
      1699         1         1        11
  -4.3125739482506764E-01  -1.5693225638499868E+00  -9.1675000000000004E+00
      1700         1         1        11
  -6.6575920699635682E-01  -1.4850996358155846E+00  -9.1675000000000004E+00
      1701         1         1        11
  -8.8465618762698905E-01  -1.3660672310297475E+00  -9.1675000000000004E+00
      1702         1         1        11
  -1.0828175770194599E+00  -1.2150153681734670E+00  -9.1675000000000004E+00
      1703         1         1        11
  -1.2555986401602148E+00  -1.0354845748864725E+00  -9.1675000000000004E+00
      1704         1         1        11
  -1.3989495353716723E+00  -8.3168290080016782E-01  -9.1675000000000004E+00
      1705         1         1        11
  -1.5095102391686590E+00  -6.0838728442085144E-01  -9.1675000000000004E+00
      1706         1         1        11
  -1.5846893023610857E+00  -3.7083158573985470E-01  -9.1675000000000004E+00
      1707         1         1        11
  -1.6227245914265378E+00  -1.2458390899139292E-01  -9.1675000000000004E+00
      1708         1         1        11
  -1.6227245914265374E+00   1.2458390899139954E-01  -9.1675000000000004E+00
      1709         1         1        11
  -1.5846893023610853E+00   3.7083158573985692E-01  -9.1675000000000004E+00
      1710         1         1        11
  -1.5095102391686597E+00   6.0838728442084955E-01  -9.1675000000000004E+00
      1711         1         1        11
  -1.3989495353716683E+00   8.3168290080017471E-01  -9.1675000000000004E+00
      1712         1         1        11
  -1.2555986401602117E+00   1.0354845748864767E+00  -9.1675000000000004E+00
      1713         1         1        11
  -1.0828175770194577E+00   1.2150153681734690E+00  -9.1675000000000004E+00
      1714         1         1        11
  -8.8465618762698706E-01   1.3660672310297488E+00  -9.1675000000000004E+00
      1715         1         1        11
  -6.6575920699635471E-01   1.4850996358155855E+00  -9.1675000000000004E+00
      1716         1         1        11
  -4.3125739482506675E-01   1.5693225638499868E+00  -9.1675000000000004E+00
      1717         1         1        11
  -1.8664727483589608E-01   1.6167619010838712E+00  -9.1675000000000004E+00
      1718         1         1        11
   6.2337699080530821E-02   1.6263057096601934E+00  -9.1675000000000004E+00
      1719         1         1        11
   3.0986153016549806E-01   1.5977302907948814E+00  -9.1675000000000004E+00
      1720         1         1        11
   5.5012246960983635E-01   1.5317054280867370E+00  -9.1675000000000004E+00
      1721         1         1        11
   7.7748900462870529E-01   1.4297786883575601E+00  -9.1675000000000004E+00
      1722         1         1        11
   9.8663185634820139E-01   1.2943391479975028E+00  -9.1675000000000004E+00
      1723         1         1        11
   1.1726488935852806E+00   1.1285613950393738E+00  -9.1675000000000004E+00
      1724         1         1        11
   1.3311800346478331E+00   9.3633111950580494E-01  -9.1675000000000004E+00
      1725         1         1        11
   1.4585094439541164E+00   7.2215403612848006E-01  -9.1675000000000004E+00
      1726         1         1        11
   1.5516526280693990E+00   4.9105027421367697E-01  -9.1675000000000004E+00
      1727         1         1        11
   1.6084263897025171E+00   2.4843671006621929E-01  -9.1675000000000004E+00
      1728         1         1        11
   1.6084263897025182E+00  -2.4843671006621262E-01  -9.4175000000000004E+00
      1729         1         1        11
   1.5516526280694007E+00  -4.9105027421367092E-01  -9.4175000000000004E+00
      1730         1         1        11
   1.4585094439541197E+00  -7.2215403612847306E-01  -9.4175000000000004E+00
      1731         1         1        11
   1.3311800346478351E+00  -9.3633111950580206E-01  -9.4175000000000004E+00
      1732         1         1        11
   1.1726488935852830E+00  -1.1285613950393711E+00  -9.4175000000000004E+00
      1733         1         1        11
   9.8663185634820538E-01  -1.2943391479974999E+00  -9.4175000000000004E+00
      1734         1         1        11
   7.7748900462870962E-01  -1.4297786883575576E+00  -9.4175000000000004E+00
      1735         1         1        11
   5.5012246960983957E-01  -1.5317054280867359E+00  -9.4175000000000004E+00
      1736         1         1        11
   3.0986153016549867E-01  -1.5977302907948812E+00  -9.4175000000000004E+00
      1737         1         1        11
   6.2337699080532862E-02  -1.6263057096601932E+00  -9.4175000000000004E+00
      1738         1         1        11
  -1.8664727483589691E-01  -1.6167619010838710E+00  -9.4175000000000004E+00
      1739         1         1        11
  -4.3125739482506764E-01  -1.5693225638499868E+00  -9.4175000000000004E+00
      1740         1         1        11
  -6.6575920699635682E-01  -1.4850996358155846E+00  -9.4175000000000004E+00
      1741         1         1        11
  -8.8465618762698905E-01  -1.3660672310297475E+00  -9.4175000000000004E+00
      1742         1         1        11
  -1.0828175770194595E+00  -1.2150153681734677E+00  -9.4175000000000004E+00
      1743         1         1        11
  -1.2555986401602139E+00  -1.0354845748864738E+00  -9.4175000000000004E+00
      1744         1         1        11
  -1.3989495353716710E+00  -8.3168290080017027E-01  -9.4175000000000004E+00
      1745         1         1        11
  -1.5095102391686595E+00  -6.0838728442085011E-01  -9.4175000000000004E+00
      1746         1         1        11
  -1.5846893023610857E+00  -3.7083158573985470E-01  -9.4175000000000004E+00
      1747         1         1        11
  -1.6227245914265378E+00  -1.2458390899139292E-01  -9.4175000000000004E+00
      1748         1         1        11
  -1.6227245914265376E+00   1.2458390899139664E-01  -9.4175000000000004E+00
      1749         1         1        11
  -1.5846893023610853E+00   3.7083158573985692E-01  -9.4175000000000004E+00
      1750         1         1        11
  -1.5095102391686586E+00   6.0838728442085221E-01  -9.4175000000000004E+00
      1751         1         1        11
  -1.3989495353716683E+00   8.3168290080017471E-01  -9.4175000000000004E+00
      1752         1         1        11
  -1.2555986401602117E+00   1.0354845748864767E+00  -9.4175000000000004E+00
      1753         1         1        11
  -1.0828175770194577E+00   1.2150153681734690E+00  -9.4175000000000004E+00
      1754         1         1        11
  -8.8465618762698706E-01   1.3660672310297488E+00  -9.4175000000000004E+00
      1755         1         1        11
  -6.6575920699635216E-01   1.4850996358155866E+00  -9.4175000000000004E+00
      1756         1         1        11
  -4.3125739482506542E-01   1.5693225638499873E+00  -9.4175000000000004E+00
      1757         1         1        11
  -1.8664727483589896E-01   1.6167619010838710E+00  -9.4175000000000004E+00
      1758         1         1        11
   6.2337699080532265E-02   1.6263057096601932E+00  -9.4175000000000004E+00
      1759         1         1        11
   3.0986153016549806E-01   1.5977302907948814E+00  -9.4175000000000004E+00
      1760         1         1        11
   5.5012246960983491E-01   1.5317054280867375E+00  -9.4175000000000004E+00
      1761         1         1        11
   7.7748900462870529E-01   1.4297786883575601E+00  -9.4175000000000004E+00
      1762         1         1        11
   9.8663185634820250E-01   1.2943391479975019E+00  -9.4175000000000004E+00
      1763         1         1        11
   1.1726488935852806E+00   1.1285613950393738E+00  -9.4175000000000004E+00
      1764         1         1        11
   1.3311800346478346E+00   9.3633111950580261E-01  -9.4175000000000004E+00
      1765         1         1        11
   1.4585094439541171E+00   7.2215403612847884E-01  -9.4175000000000004E+00
      1766         1         1        11
   1.5516526280693985E+00   4.9105027421367842E-01  -9.4175000000000004E+00
      1767         1         1        11
   1.6084263897025171E+00   2.4843671006621929E-01  -9.4175000000000004E+00
      1768         1         1        11
   1.6084263897025179E+00  -2.4843671006621296E-01  -9.6675000000000004E+00
      1769         1         1        11
   1.5516526280694007E+00  -4.9105027421367092E-01  -9.6675000000000004E+00
      1770         1         1        11
   1.4585094439541197E+00  -7.2215403612847306E-01  -9.6675000000000004E+00
      1771         1         1        11
   1.3311800346478351E+00  -9.3633111950580206E-01  -9.6675000000000004E+00
      1772         1         1        11
   1.1726488935852830E+00  -1.1285613950393711E+00  -9.6675000000000004E+00
      1773         1         1        11
   9.8663185634820538E-01  -1.2943391479974999E+00  -9.6675000000000004E+00
      1774         1         1        11
   7.7748900462870962E-01  -1.4297786883575576E+00  -9.6675000000000004E+00
      1775         1         1        11
   5.5012246960983957E-01  -1.5317054280867359E+00  -9.6675000000000004E+00
      1776         1         1        11
   3.0986153016549867E-01  -1.5977302907948812E+00  -9.6675000000000004E+00
      1777         1         1        11
   6.2337699080532862E-02  -1.6263057096601932E+00  -9.6675000000000004E+00
      1778         1         1        11
  -1.8664727483589691E-01  -1.6167619010838710E+00  -9.6675000000000004E+00
      1779         1         1        11
  -4.3125739482506764E-01  -1.5693225638499868E+00  -9.6675000000000004E+00
      1780         1         1        11
  -6.6575920699635682E-01  -1.4850996358155846E+00  -9.6675000000000004E+00
      1781         1         1        11
  -8.8465618762698905E-01  -1.3660672310297475E+00  -9.6675000000000004E+00
      1782         1         1        11
  -1.0828175770194595E+00  -1.2150153681734677E+00  -9.6675000000000004E+00
      1783         1         1        11
  -1.2555986401602139E+00  -1.0354845748864738E+00  -9.6675000000000004E+00
      1784         1         1        11
  -1.3989495353716710E+00  -8.3168290080017027E-01  -9.6675000000000004E+00
      1785         1         1        11
  -1.5095102391686595E+00  -6.0838728442085011E-01  -9.6675000000000004E+00
      1786         1         1        11
  -1.5846893023610857E+00  -3.7083158573985470E-01  -9.6675000000000004E+00
      1787         1         1        11
  -1.6227245914265378E+00  -1.2458390899139292E-01  -9.6675000000000004E+00
      1788         1         1        11
  -1.6227245914265376E+00   1.2458390899139664E-01  -9.6675000000000004E+00
      1789         1         1        11
  -1.5846893023610855E+00   3.7083158573985547E-01  -9.6675000000000004E+00
      1790         1         1        11
  -1.5095102391686581E+00   6.0838728442085355E-01  -9.6675000000000004E+00
      1791         1         1        11
  -1.3989495353716690E+00   8.3168290080017349E-01  -9.6675000000000004E+00
      1792         1         1        11
  -1.2555986401602126E+00   1.0354845748864756E+00  -9.6675000000000004E+00
      1793         1         1        11
  -1.0828175770194577E+00   1.2150153681734690E+00  -9.6675000000000004E+00
      1794         1         1        11
  -8.8465618762698706E-01   1.3660672310297488E+00  -9.6675000000000004E+00
      1795         1         1        11
  -6.6575920699635471E-01   1.4850996358155855E+00  -9.6675000000000004E+00
      1796         1         1        11
  -4.3125739482506675E-01   1.5693225638499868E+00  -9.6675000000000004E+00
      1797         1         1        11
  -1.8664727483589608E-01   1.6167619010838712E+00  -9.6675000000000004E+00
      1798         1         1        11
   6.2337699080532265E-02   1.6263057096601932E+00  -9.6675000000000004E+00
      1799         1         1        11
   3.0986153016549806E-01   1.5977302907948814E+00  -9.6675000000000004E+00
      1800         1         1        11
   5.5012246960983635E-01   1.5317054280867370E+00  -9.6675000000000004E+00
      1801         1         1        11
   7.7748900462870663E-01   1.4297786883575594E+00  -9.6675000000000004E+00
      1802         1         1        11
   9.8663185634820250E-01   1.2943391479975019E+00  -9.6675000000000004E+00
      1803         1         1        11
   1.1726488935852806E+00   1.1285613950393738E+00  -9.6675000000000004E+00
      1804         1         1        11
   1.3311800346478346E+00   9.3633111950580261E-01  -9.6675000000000004E+00
      1805         1         1        11
   1.4585094439541175E+00   7.2215403612847751E-01  -9.6675000000000004E+00
      1806         1         1        11
   1.5516526280693994E+00   4.9105027421367564E-01  -9.6675000000000004E+00
      1807         1         1        11
   1.6084263897025171E+00   2.4843671006621929E-01  -9.6675000000000004E+00
      1808         1         1        11
   1.6084263897025179E+00  -2.4843671006621296E-01  -9.9175000000000004E+00
      1809         1         1        11
   1.5516526280694007E+00  -4.9105027421367092E-01  -9.9175000000000004E+00
      1810         1         1        11
   1.4585094439541197E+00  -7.2215403612847306E-01  -9.9175000000000004E+00
      1811         1         1        11
   1.3311800346478351E+00  -9.3633111950580206E-01  -9.9175000000000004E+00
      1812         1         1        11
   1.1726488935852830E+00  -1.1285613950393711E+00  -9.9175000000000004E+00
      1813         1         1        11
   9.8663185634820538E-01  -1.2943391479974999E+00  -9.9175000000000004E+00
      1814         1         1        11
   7.7748900462870962E-01  -1.4297786883575576E+00  -9.9175000000000004E+00
      1815         1         1        11
   5.5012246960983957E-01  -1.5317054280867359E+00  -9.9175000000000004E+00
      1816         1         1        11
   3.0986153016549867E-01  -1.5977302907948812E+00  -9.9175000000000004E+00
      1817         1         1        11
   6.2337699080532862E-02  -1.6263057096601932E+00  -9.9175000000000004E+00
      1818         1         1        11
  -1.8664727483589619E-01  -1.6167619010838712E+00  -9.9175000000000004E+00
      1819         1         1        11
  -4.3125739482506764E-01  -1.5693225638499868E+00  -9.9175000000000004E+00
      1820         1         1        11
  -6.6575920699635682E-01  -1.4850996358155846E+00  -9.9175000000000004E+00
      1821         1         1        11
  -8.8465618762698905E-01  -1.3660672310297475E+00  -9.9175000000000004E+00
      1822         1         1        11
  -1.0828175770194595E+00  -1.2150153681734677E+00  -9.9175000000000004E+00
      1823         1         1        11
  -1.2555986401602122E+00  -1.0354845748864761E+00  -9.9175000000000004E+00
      1824         1         1        11
  -1.3989495353716710E+00  -8.3168290080017027E-01  -9.9175000000000004E+00
      1825         1         1        11
  -1.5095102391686595E+00  -6.0838728442085011E-01  -9.9175000000000004E+00
      1826         1         1        11
  -1.5846893023610857E+00  -3.7083158573985470E-01  -9.9175000000000004E+00
      1827         1         1        11
  -1.6227245914265378E+00  -1.2458390899139292E-01  -9.9175000000000004E+00
      1828         1         1        11
  -1.6227245914265376E+00   1.2458390899139664E-01  -9.9175000000000004E+00
      1829         1         1        11
  -1.5846893023610844E+00   3.7083158573985975E-01  -9.9175000000000004E+00
      1830         1         1        11
  -1.5095102391686581E+00   6.0838728442085355E-01  -9.9175000000000004E+00
      1831         1         1        11
  -1.3989495353716683E+00   8.3168290080017471E-01  -9.9175000000000004E+00
      1832         1         1        11
  -1.2555986401602106E+00   1.0354845748864778E+00  -9.9175000000000004E+00
      1833         1         1        11
  -1.0828175770194577E+00   1.2150153681734690E+00  -9.9175000000000004E+00
      1834         1         1        11
  -8.8465618762698706E-01   1.3660672310297488E+00  -9.9175000000000004E+00
      1835         1         1        11
  -6.6575920699635471E-01   1.4850996358155855E+00  -9.9175000000000004E+00
      1836         1         1        11
  -4.3125739482506820E-01   1.5693225638499866E+00  -9.9175000000000004E+00
      1837         1         1        11
  -1.8664727483589749E-01   1.6167619010838710E+00  -9.9175000000000004E+00
      1838         1         1        11
   6.2337699080532265E-02   1.6263057096601932E+00  -9.9175000000000004E+00
      1839         1         1        11
   3.0986153016549806E-01   1.5977302907948814E+00  -9.9175000000000004E+00
      1840         1         1        11
   5.5012246960983635E-01   1.5317054280867370E+00  -9.9175000000000004E+00
      1841         1         1        11
   7.7748900462870663E-01   1.4297786883575594E+00  -9.9175000000000004E+00
      1842         1         1        11
   9.8663185634820250E-01   1.2943391479975019E+00  -9.9175000000000004E+00
      1843         1         1        11
   1.1726488935852806E+00   1.1285613950393738E+00  -9.9175000000000004E+00
      1844         1         1        11
   1.3311800346478346E+00   9.3633111950580261E-01  -9.9175000000000004E+00
      1845         1         1        11
   1.4585094439541171E+00   7.2215403612847884E-01  -9.9175000000000004E+00
      1846         1         1        11
   1.5516526280693994E+00   4.9105027421367564E-01  -9.9175000000000004E+00
      1847         1         1        11
   1.6084263897025171E+00   2.4843671006621929E-01  -9.9175000000000004E+00
      1848         1         1        11
   1.6084263897025179E+00  -2.4843671006621296E-01  -1.0167500000000000E+01
      1849         1         1        11
   1.5516526280694007E+00  -4.9105027421367092E-01  -1.0167500000000000E+01
      1850         1         1        11
   1.4585094439541197E+00  -7.2215403612847306E-01  -1.0167500000000000E+01
      1851         1         1        11
   1.3311800346478351E+00  -9.3633111950580206E-01  -1.0167500000000000E+01
      1852         1         1        11
   1.1726488935852835E+00  -1.1285613950393707E+00  -1.0167500000000000E+01
      1853         1         1        11
   9.8663185634820538E-01  -1.2943391479974999E+00  -1.0167500000000000E+01
      1854         1         1        11
   7.7748900462870962E-01  -1.4297786883575576E+00  -1.0167500000000000E+01
      1855         1         1        11
   5.5012246960983957E-01  -1.5317054280867359E+00  -1.0167500000000000E+01
      1856         1         1        11
   3.0986153016549867E-01  -1.5977302907948812E+00  -1.0167500000000000E+01
      1857         1         1        11
   6.2337699080532862E-02  -1.6263057096601932E+00  -1.0167500000000000E+01
      1858         1         1        11
  -1.8664727483589619E-01  -1.6167619010838712E+00  -1.0167500000000000E+01
      1859         1         1        11
  -4.3125739482506764E-01  -1.5693225638499868E+00  -1.0167500000000000E+01
      1860         1         1        11
  -6.6575920699635682E-01  -1.4850996358155846E+00  -1.0167500000000000E+01
      1861         1         1        11
  -8.8465618762698905E-01  -1.3660672310297475E+00  -1.0167500000000000E+01
      1862         1         1        11
  -1.0828175770194595E+00  -1.2150153681734677E+00  -1.0167500000000000E+01
      1863         1         1        11
  -1.2555986401602148E+00  -1.0354845748864725E+00  -1.0167500000000000E+01
      1864         1         1        11
  -1.3989495353716710E+00  -8.3168290080017027E-01  -1.0167500000000000E+01
      1865         1         1        11
  -1.5095102391686590E+00  -6.0838728442085144E-01  -1.0167500000000000E+01
      1866         1         1        11
  -1.5846893023610857E+00  -3.7083158573985470E-01  -1.0167500000000000E+01
      1867         1         1        11
  -1.6227245914265378E+00  -1.2458390899139292E-01  -1.0167500000000000E+01
      1868         1         1        11
  -1.6227245914265376E+00   1.2458390899139664E-01  -1.0167500000000000E+01
      1869         1         1        11
  -1.5846893023610855E+00   3.7083158573985547E-01  -1.0167500000000000E+01
      1870         1         1        11
  -1.5095102391686581E+00   6.0838728442085355E-01  -1.0167500000000000E+01
      1871         1         1        11
  -1.3989495353716683E+00   8.3168290080017471E-01  -1.0167500000000000E+01
      1872         1         1        11
  -1.2555986401602117E+00   1.0354845748864767E+00  -1.0167500000000000E+01
      1873         1         1        11
  -1.0828175770194577E+00   1.2150153681734690E+00  -1.0167500000000000E+01
      1874         1         1        11
  -8.8465618762698572E-01   1.3660672310297495E+00  -1.0167500000000000E+01
      1875         1         1        11
  -6.6575920699635471E-01   1.4850996358155855E+00  -1.0167500000000000E+01
      1876         1         1        11
  -4.3125739482506958E-01   1.5693225638499861E+00  -1.0167500000000000E+01
      1877         1         1        11
  -1.8664727483589896E-01   1.6167619010838710E+00  -1.0167500000000000E+01
      1878         1         1        11
   6.2337699080530821E-02   1.6263057096601934E+00  -1.0167500000000000E+01
      1879         1         1        11
   3.0986153016549806E-01   1.5977302907948814E+00  -1.0167500000000000E+01
      1880         1         1        11
   5.5012246960983635E-01   1.5317054280867370E+00  -1.0167500000000000E+01
      1881         1         1        11
   7.7748900462870529E-01   1.4297786883575601E+00  -1.0167500000000000E+01
      1882         1         1        11
   9.8663185634820250E-01   1.2943391479975019E+00  -1.0167500000000000E+01
      1883         1         1        11
   1.1726488935852806E+00   1.1285613950393738E+00  -1.0167500000000000E+01
      1884         1         1        11
   1.3311800346478337E+00   9.3633111950580361E-01  -1.0167500000000000E+01
      1885         1         1        11
   1.4585094439541175E+00   7.2215403612847751E-01  -1.0167500000000000E+01
      1886         1         1        11
   1.5516526280693994E+00   4.9105027421367564E-01  -1.0167500000000000E+01
      1887         1         1        11
   1.6084263897025171E+00   2.4843671006621929E-01  -1.0167500000000000E+01
      1888         1         1        11
   1.6084263897025179E+00  -2.4843671006621296E-01  -1.0417500000000000E+01
      1889         1         1        11
   1.5516526280694007E+00  -4.9105027421367092E-01  -1.0417500000000000E+01
      1890         1         1        11
   1.4585094439541197E+00  -7.2215403612847306E-01  -1.0417500000000000E+01
      1891         1         1        11
   1.3311800346478351E+00  -9.3633111950580206E-01  -1.0417500000000000E+01
      1892         1         1        11
   1.1726488935852830E+00  -1.1285613950393711E+00  -1.0417500000000000E+01
      1893         1         1        11
   9.8663185634820538E-01  -1.2943391479974999E+00  -1.0417500000000000E+01
      1894         1         1        11
   7.7748900462870962E-01  -1.4297786883575576E+00  -1.0417500000000000E+01
      1895         1         1        11
   5.5012246960983957E-01  -1.5317054280867359E+00  -1.0417500000000000E+01
      1896         1         1        11
   3.0986153016549867E-01  -1.5977302907948812E+00  -1.0417500000000000E+01
      1897         1         1        11
   6.2337699080532862E-02  -1.6263057096601932E+00  -1.0417500000000000E+01
      1898         1         1        11
  -1.8664727483589835E-01  -1.6167619010838710E+00  -1.0417500000000000E+01
      1899         1         1        11
  -4.3125739482506764E-01  -1.5693225638499868E+00  -1.0417500000000000E+01
      1900         1         1        11
  -6.6575920699635682E-01  -1.4850996358155846E+00  -1.0417500000000000E+01
      1901         1         1        11
  -8.8465618762698905E-01  -1.3660672310297475E+00  -1.0417500000000000E+01
      1902         1         1        11
  -1.0828175770194595E+00  -1.2150153681734677E+00  -1.0417500000000000E+01
      1903         1         1        11
  -1.2555986401602148E+00  -1.0354845748864725E+00  -1.0417500000000000E+01
      1904         1         1        11
  -1.3989495353716703E+00  -8.3168290080017149E-01  -1.0417500000000000E+01
      1905         1         1        11
  -1.5095102391686601E+00  -6.0838728442084877E-01  -1.0417500000000000E+01
      1906         1         1        11
  -1.5846893023610857E+00  -3.7083158573985470E-01  -1.0417500000000000E+01
      1907         1         1        11
  -1.6227245914265378E+00  -1.2458390899139436E-01  -1.0417500000000000E+01
      1908         1         1        11
  -1.6227245914265376E+00   1.2458390899139808E-01  -1.0417500000000000E+01
      1909         1         1        11
  -1.5846893023610844E+00   3.7083158573985975E-01  -1.0417500000000000E+01
      1910         1         1        11
  -1.5095102391686592E+00   6.0838728442085077E-01  -1.0417500000000000E+01
      1911         1         1        11
  -1.3989495353716683E+00   8.3168290080017471E-01  -1.0417500000000000E+01
      1912         1         1        11
  -1.2555986401602135E+00   1.0354845748864745E+00  -1.0417500000000000E+01
      1913         1         1        11
  -1.0828175770194610E+00   1.2150153681734661E+00  -1.0417500000000000E+01
      1914         1         1        11
  -8.8465618762698706E-01   1.3660672310297488E+00  -1.0417500000000000E+01
      1915         1         1        11
  -6.6575920699635471E-01   1.4850996358155855E+00  -1.0417500000000000E+01
      1916         1         1        11
  -4.3125739482506542E-01   1.5693225638499873E+00  -1.0417500000000000E+01
      1917         1         1        11
  -1.8664727483589749E-01   1.6167619010838710E+00  -1.0417500000000000E+01
      1918         1         1        11
   6.2337699080532265E-02   1.6263057096601932E+00  -1.0417500000000000E+01
      1919         1         1        11
   3.0986153016549806E-01   1.5977302907948814E+00  -1.0417500000000000E+01
      1920         1         1        11
   5.5012246960983635E-01   1.5317054280867370E+00  -1.0417500000000000E+01
      1921         1         1        11
   7.7748900462870663E-01   1.4297786883575594E+00  -1.0417500000000000E+01
      1922         1         1        11
   9.8663185634820250E-01   1.2943391479975019E+00  -1.0417500000000000E+01
      1923         1         1        11
   1.1726488935852797E+00   1.1285613950393747E+00  -1.0417500000000000E+01
      1924         1         1        11
   1.3311800346478337E+00   9.3633111950580361E-01  -1.0417500000000000E+01
      1925         1         1        11
   1.4585094439541164E+00   7.2215403612848006E-01  -1.0417500000000000E+01
      1926         1         1        11
   1.5516526280693999E+00   4.9105027421367425E-01  -1.0417500000000000E+01
      1927         1         1        11
   1.6084263897025166E+00   2.4843671006622212E-01  -1.0417500000000000E+01
      1928         1         1        11
   1.6227245914265376E+00   1.2458390899139667E-01  -4.1499999999999998E-01
      1929         1         1        11
   1.5846893023610853E+00   3.7083158573985642E-01  -4.1499999999999998E-01
      1930         1         1        11
   1.5095102391686590E+00   6.0838728442085122E-01  -4.1499999999999998E-01
      1931         1         1        11
   1.3989495353716697E+00   8.3168290080017215E-01  -4.1499999999999998E-01
      1932         1         1        11
   1.2555986401602122E+00   1.0354845748864761E+00  -4.1499999999999998E-01
      1933         1         1        11
   1.0828175770194575E+00   1.2150153681734692E+00  -4.1499999999999998E-01
      1934         1         1        11
   8.8465618762698717E-01   1.3660672310297486E+00  -4.1499999999999998E-01
      1935         1         1        11
   6.6575920699635549E-01   1.4850996358155852E+00  -4.1499999999999998E-01
      1936         1         1        11
   4.3125739482506686E-01   1.5693225638499868E+00  -4.1499999999999998E-01
      1937         1         1        11
   1.8664727483589685E-01   1.6167619010838710E+00  -4.1499999999999998E-01
      1938         1         1        11
  -6.2337699080532209E-02   1.6263057096601932E+00  -4.1499999999999998E-01
      1939         1         1        11
  -3.0986153016549728E-01   1.5977302907948816E+00  -4.1499999999999998E-01
      1940         1         1        11
  -5.5012246960983757E-01   1.5317054280867366E+00  -4.1499999999999998E-01
      1941         1         1        11
  -7.7748900462870685E-01   1.4297786883575594E+00  -4.1499999999999998E-01
      1942         1         1        11
  -9.8663185634820283E-01   1.2943391479975017E+00  -4.1499999999999998E-01
      1943         1         1        11
  -1.1726488935852799E+00   1.1285613950393745E+00  -4.1499999999999998E-01
      1944         1         1        11
  -1.3311800346478324E+00   9.3633111950580583E-01  -4.1499999999999998E-01
      1945         1         1        11
  -1.4585094439541173E+00   7.2215403612847862E-01  -4.1499999999999998E-01
      1946         1         1        11
  -1.5516526280693990E+00   4.9105027421367670E-01  -4.1499999999999998E-01
      1947         1         1        11
  -1.6084263897025168E+00   2.4843671006622040E-01  -4.1499999999999998E-01
      1948         1         1        11
  -1.6274999999999999E+00   1.6448216446231855E-15  -4.1499999999999998E-01
      1949         1         1        11
  -1.6084263897025175E+00  -2.4843671006621576E-01  -4.1499999999999998E-01
      1950         1         1        11
  -1.5516526280693999E+00  -4.9105027421367364E-01  -4.1499999999999998E-01
      1951         1         1        11
  -1.4585094439541193E+00  -7.2215403612847429E-01  -4.1499999999999998E-01
      1952         1         1        11
  -1.3311800346478344E+00  -9.3633111950580306E-01  -4.1499999999999998E-01
      1953         1         1        11
  -1.1726488935852830E+00  -1.1285613950393709E+00  -4.1499999999999998E-01
      1954         1         1        11
  -9.8663185634820538E-01  -1.2943391479974997E+00  -4.1499999999999998E-01
      1955         1         1        11
  -7.7748900462870973E-01  -1.4297786883575576E+00  -4.1499999999999998E-01
      1956         1         1        11
  -5.5012246960983968E-01  -1.5317054280867359E+00  -4.1499999999999998E-01
      1957         1         1        11
  -3.0986153016549872E-01  -1.5977302907948812E+00  -4.1499999999999998E-01
      1958         1         1        11
  -6.2337699080532966E-02  -1.6263057096601932E+00  -4.1499999999999998E-01
      1959         1         1        11
   1.8664727483589683E-01  -1.6167619010838710E+00  -4.1499999999999998E-01
      1960         1         1        11
   4.3125739482506747E-01  -1.5693225638499868E+00  -4.1499999999999998E-01
      1961         1         1        11
   6.6575920699635671E-01  -1.4850996358155848E+00  -4.1499999999999998E-01
      1962         1         1        11
   8.8465618762698883E-01  -1.3660672310297475E+00  -4.1499999999999998E-01
      1963         1         1        11
   1.0828175770194595E+00  -1.2150153681734677E+00  -4.1499999999999998E-01
      1964         1         1        11
   1.2555986401602139E+00  -1.0354845748864738E+00  -4.1499999999999998E-01
      1965         1         1        11
   1.3989495353716714E+00  -8.3168290080016916E-01  -4.1499999999999998E-01
      1966         1         1        11
   1.5095102391686606E+00  -6.0838728442084744E-01  -4.1499999999999998E-01
      1967         1         1        11
   1.5846893023610864E+00  -3.7083158573985198E-01  -4.1499999999999998E-01
      1968         1         1        11
   1.6227245914265378E+00  -1.2458390899139445E-01  -4.1499999999999998E-01
      1969         1         1        11
   1.6274999999999999E+00   9.9655633280615865E-17  -5.3636029411764663E-01
      1970         1         1        11
   1.6274999999999999E+00   9.9655633280615865E-17  -7.7908088235294182E-01
      1971         1         1        11
   1.6274999999999999E+00   9.9655633280615865E-17  -1.0218014705882359E+00
      1972         1         1        11
   1.6274999999999999E+00   9.9655633280615865E-17  -1.2645220588235291E+00
      1973         1         1        11
   1.6274999999999999E+00   9.9655633280615865E-17  -1.5072426470588240E+00
      1974         1         1        11
   1.6274999999999999E+00   9.9655633280615865E-17  -1.7499632352941177E+00
      1975         1         1        11
   1.6274999999999999E+00   9.9655633280615865E-17  -1.9926838235294118E+00
      1976         1         1        11
   1.6274999999999999E+00   9.9655633280615865E-17  -2.2354044117647058E+00
      1977         1         1        11
   1.6274999999999999E+00   9.9655633280615865E-17  -2.4781249999999999E+00
      1978         1         1        11
   1.6274999999999999E+00   9.9655633280615878E-17  -2.7208455882352931E+00
      1979         1         1        11
   1.6274999999999999E+00   9.9655633280615865E-17  -2.9635661764705881E+00
      1980         1         1        11
   1.6274999999999999E+00   9.9655633280615865E-17  -3.2062867647058821E+00
      1981         1         1        11
   1.6274999999999999E+00   9.9655633280615865E-17  -3.4490073529411758E+00
      1982         1         1        11
   1.6274999999999999E+00   9.9655633280615865E-17  -3.6917279411764703E+00
      1983         1         1        11
   1.6274999999999999E+00   9.9655633280615865E-17  -3.9344485294117639E+00
      1984         1         1        11
   1.6274999999999999E+00   9.9655633280615865E-17  -4.1771691176470584E+00
      1985         1         1        11
   1.6274999999999999E+00   9.9655633280615865E-17  -4.4198897058823530E+00
      1986         1         1        11
   1.6274999999999999E+00   9.9655633280615865E-17  -4.6626102941176466E+00
      1987         1         1        11
   1.6274999999999999E+00   9.9655633280615853E-17  -4.9053308823529402E+00
      1988         1         1        11
   1.6274999999999999E+00   9.9655633280615865E-17  -5.1480514705882356E+00
      1989         1         1        11
   1.6274999999999999E+00   9.9655633280615865E-17  -5.3907720588235293E+00
      1990         1         1        11
   1.6274999999999999E+00   9.9655633280615878E-17  -5.6334926470588256E+00
      1991         1         1        11
   1.6274999999999999E+00   9.9655633280615865E-17  -5.8762132352941192E+00
      1992         1         1        11
   1.6274999999999999E+00   9.9655633280615878E-17  -6.1189338235294137E+00
      1993         1         1        11
   1.6274999999999999E+00   9.9655633280615865E-17  -6.3616544117647074E+00
      1994         1         1        11
   1.6274999999999999E+00   9.9655633280615853E-17  -6.6043750000000028E+00
      1995         1         1        11
   1.6274999999999999E+00   9.9655633280615865E-17  -6.8470955882352964E+00
      1996         1         1        11
   1.6274999999999999E+00   9.9655633280615865E-17  -7.0898161764705927E+00
      1997         1         1        11
   1.6274999999999999E+00   9.9655633280615865E-17  -7.3325367647058863E+00
      1998         1         1        11
   1.6274999999999999E+00   9.9655633280615865E-17  -7.5752573529411809E+00
      1999         1         1        11
   1.6274999999999999E+00   9.9655633280615865E-17  -7.8179779411764754E+00
      2000         1         1        11
   1.6274999999999999E+00   9.9655633280615865E-17  -8.0606985294117699E+00
      2001         1         1        11
   1.6274999999999999E+00   9.9655633280615865E-17  -8.3034191176470635E+00
      2002         1         1        11
   1.6274999999999999E+00   9.9655633280615865E-17  -8.5461397058823554E+00
      2003         1         1        11
   1.6227245914265376E+00   1.2458390899139667E-01  -8.6675000000000004E+00
      2004         1         1        11
   1.5846893023610853E+00   3.7083158573985642E-01  -8.6675000000000004E+00
      2005         1         1        11
   1.5095102391686590E+00   6.0838728442085122E-01  -8.6675000000000004E+00
      2006         1         1        11
   1.3989495353716697E+00   8.3168290080017215E-01  -8.6675000000000004E+00
      2007         1         1        11
   1.2555986401602122E+00   1.0354845748864761E+00  -8.6675000000000004E+00
      2008         1         1        11
   1.0828175770194575E+00   1.2150153681734692E+00  -8.6675000000000004E+00
      2009         1         1        11
   8.8465618762698717E-01   1.3660672310297486E+00  -8.6675000000000004E+00
      2010         1         1        11
   6.6575920699635549E-01   1.4850996358155852E+00  -8.6675000000000004E+00
      2011         1         1        11
   4.3125739482506686E-01   1.5693225638499868E+00  -8.6675000000000004E+00
      2012         1         1        11
   1.8664727483589685E-01   1.6167619010838710E+00  -8.6675000000000004E+00
      2013         1         1        11
  -6.2337699080532209E-02   1.6263057096601932E+00  -8.6675000000000004E+00
      2014         1         1        11
  -3.0986153016549728E-01   1.5977302907948816E+00  -8.6675000000000004E+00
      2015         1         1        11
  -5.5012246960983757E-01   1.5317054280867366E+00  -8.6675000000000004E+00
      2016         1         1        11
  -7.7748900462870685E-01   1.4297786883575594E+00  -8.6675000000000004E+00
      2017         1         1        11
  -9.8663185634820283E-01   1.2943391479975017E+00  -8.6675000000000004E+00
      2018         1         1        11
  -1.1726488935852799E+00   1.1285613950393745E+00  -8.6675000000000004E+00
      2019         1         1        11
  -1.3311800346478324E+00   9.3633111950580583E-01  -8.6675000000000004E+00
      2020         1         1        11
  -1.4585094439541173E+00   7.2215403612847862E-01  -8.6675000000000004E+00
      2021         1         1        11
  -1.5516526280693990E+00   4.9105027421367670E-01  -8.6675000000000004E+00
      2022         1         1        11
  -1.6084263897025168E+00   2.4843671006622040E-01  -8.6675000000000004E+00
      2023         1         1        11
  -1.6274999999999999E+00   1.6448216446231855E-15  -8.6675000000000004E+00
      2024         1         1        11
  -1.6084263897025175E+00  -2.4843671006621576E-01  -8.6675000000000004E+00
      2025         1         1        11
  -1.5516526280693999E+00  -4.9105027421367364E-01  -8.6675000000000004E+00
      2026         1         1        11
  -1.4585094439541193E+00  -7.2215403612847429E-01  -8.6675000000000004E+00
      2027         1         1        11
  -1.3311800346478344E+00  -9.3633111950580306E-01  -8.6675000000000004E+00
      2028         1         1        11
  -1.1726488935852830E+00  -1.1285613950393709E+00  -8.6675000000000004E+00
      2029         1         1        11
  -9.8663185634820538E-01  -1.2943391479974997E+00  -8.6675000000000004E+00
      2030         1         1        11
  -7.7748900462870973E-01  -1.4297786883575576E+00  -8.6675000000000004E+00
      2031         1         1        11
  -5.5012246960983968E-01  -1.5317054280867359E+00  -8.6675000000000004E+00
      2032         1         1        11
  -3.0986153016549872E-01  -1.5977302907948812E+00  -8.6675000000000004E+00
      2033         1         1        11
  -6.2337699080532966E-02  -1.6263057096601932E+00  -8.6675000000000004E+00
      2034         1         1        11
   1.8664727483589683E-01  -1.6167619010838710E+00  -8.6675000000000004E+00
      2035         1         1        11
   4.3125739482506747E-01  -1.5693225638499868E+00  -8.6675000000000004E+00
      2036         1         1        11
   6.6575920699635671E-01  -1.4850996358155848E+00  -8.6675000000000004E+00
      2037         1         1        11
   8.8465618762698883E-01  -1.3660672310297475E+00  -8.6675000000000004E+00
      2038         1         1        11
   1.0828175770194595E+00  -1.2150153681734677E+00  -8.6675000000000004E+00
      2039         1         1        11
   1.2555986401602139E+00  -1.0354845748864738E+00  -8.6675000000000004E+00
      2040         1         1        11
   1.3989495353716714E+00  -8.3168290080016916E-01  -8.6675000000000004E+00
      2041         1         1        11
   1.5095102391686606E+00  -6.0838728442084744E-01  -8.6675000000000004E+00
      2042         1         1        11
   1.5846893023610864E+00  -3.7083158573985198E-01  -8.6675000000000004E+00
      2043         1         1        11
   1.6227245914265378E+00  -1.2458390899139445E-01  -8.6675000000000004E+00
      2044         1         1        11
   1.6227245914265376E+00   1.2458390899139667E-01   0.0000000000000000E+00
      2045         1         1        11
   1.5846893023610853E+00   3.7083158573985642E-01   0.0000000000000000E+00
      2046         1         1        11
   1.5095102391686590E+00   6.0838728442085122E-01   0.0000000000000000E+00
      2047         1         1        11
   1.3989495353716697E+00   8.3168290080017215E-01   0.0000000000000000E+00
      2048         1         1        11
   1.2555986401602122E+00   1.0354845748864761E+00   0.0000000000000000E+00
      2049         1         1        11
   1.0828175770194575E+00   1.2150153681734692E+00   0.0000000000000000E+00
      2050         1         1        11
   8.8465618762698717E-01   1.3660672310297486E+00   0.0000000000000000E+00
      2051         1         1        11
   6.6575920699635549E-01   1.4850996358155852E+00   0.0000000000000000E+00
      2052         1         1        11
   4.3125739482506686E-01   1.5693225638499868E+00   0.0000000000000000E+00
      2053         1         1        11
   1.8664727483589685E-01   1.6167619010838710E+00   0.0000000000000000E+00
      2054         1         1        11
  -6.2337699080532209E-02   1.6263057096601932E+00   0.0000000000000000E+00
      2055         1         1        11
  -3.0986153016549728E-01   1.5977302907948816E+00   0.0000000000000000E+00
      2056         1         1        11
  -5.5012246960983757E-01   1.5317054280867366E+00   0.0000000000000000E+00
      2057         1         1        11
  -7.7748900462870685E-01   1.4297786883575594E+00   0.0000000000000000E+00
      2058         1         1        11
  -9.8663185634820283E-01   1.2943391479975017E+00   0.0000000000000000E+00
      2059         1         1        11
  -1.1726488935852799E+00   1.1285613950393745E+00   0.0000000000000000E+00
      2060         1         1        11
  -1.3311800346478324E+00   9.3633111950580583E-01   0.0000000000000000E+00
      2061         1         1        11
  -1.4585094439541173E+00   7.2215403612847862E-01   0.0000000000000000E+00
      2062         1         1        11
  -1.5516526280693990E+00   4.9105027421367670E-01   0.0000000000000000E+00
      2063         1         1        11
  -1.6084263897025168E+00   2.4843671006622040E-01   0.0000000000000000E+00
      2064         1         1        11
  -1.6274999999999999E+00   1.6448216446231855E-15   0.0000000000000000E+00
      2065         1         1        11
  -1.6084263897025175E+00  -2.4843671006621576E-01   0.0000000000000000E+00
      2066         1         1        11
  -1.5516526280693999E+00  -4.9105027421367364E-01   0.0000000000000000E+00
      2067         1         1        11
  -1.4585094439541193E+00  -7.2215403612847429E-01   0.0000000000000000E+00
      2068         1         1        11
  -1.3311800346478344E+00  -9.3633111950580306E-01   0.0000000000000000E+00
      2069         1         1        11
  -1.1726488935852830E+00  -1.1285613950393709E+00   0.0000000000000000E+00
      2070         1         1        11
  -9.8663185634820538E-01  -1.2943391479974997E+00   0.0000000000000000E+00
      2071         1         1        11
  -7.7748900462870973E-01  -1.4297786883575576E+00   0.0000000000000000E+00
      2072         1         1        11
  -5.5012246960983968E-01  -1.5317054280867359E+00   0.0000000000000000E+00
      2073         1         1        11
  -3.0986153016549872E-01  -1.5977302907948812E+00   0.0000000000000000E+00
      2074         1         1        11
  -6.2337699080532966E-02  -1.6263057096601932E+00   0.0000000000000000E+00
      2075         1         1        11
   1.8664727483589683E-01  -1.6167619010838710E+00   0.0000000000000000E+00
      2076         1         1        11
   4.3125739482506747E-01  -1.5693225638499868E+00   0.0000000000000000E+00
      2077         1         1        11
   6.6575920699635671E-01  -1.4850996358155848E+00   0.0000000000000000E+00
      2078         1         1        11
   8.8465618762698883E-01  -1.3660672310297475E+00   0.0000000000000000E+00
      2079         1         1        11
   1.0828175770194595E+00  -1.2150153681734677E+00   0.0000000000000000E+00
      2080         1         1        11
   1.2555986401602139E+00  -1.0354845748864738E+00   0.0000000000000000E+00
      2081         1         1        11
   1.3989495353716714E+00  -8.3168290080016916E-01   0.0000000000000000E+00
      2082         1         1        11
   1.5095102391686606E+00  -6.0838728442084744E-01   0.0000000000000000E+00
      2083         1         1        11
   1.5846893023610864E+00  -3.7083158573985198E-01   0.0000000000000000E+00
      2084         1         1        11
   1.6227245914265378E+00  -1.2458390899139445E-01   0.0000000000000000E+00
      2085         1         1        11
   1.6274999999999999E+00   9.9655633280615865E-17  -1.0375000000000000E-01
      2086         1         1        11
   1.6275000000000002E+00   9.9655633280615878E-17  -3.1124999999999997E-01
      2087         1         1        11
   1.6227245914265376E+00   1.2458390899139667E-01  -4.1499999999999998E-01
      2088         1         1        11
   1.5846893023610853E+00   3.7083158573985642E-01  -4.1499999999999998E-01
      2089         1         1        11
   1.5095102391686590E+00   6.0838728442085122E-01  -4.1499999999999998E-01
      2090         1         1        11
   1.3989495353716697E+00   8.3168290080017215E-01  -4.1499999999999998E-01
      2091         1         1        11
   1.2555986401602122E+00   1.0354845748864761E+00  -4.1499999999999998E-01
      2092         1         1        11
   1.0828175770194575E+00   1.2150153681734692E+00  -4.1499999999999998E-01
      2093         1         1        11
   8.8465618762698717E-01   1.3660672310297486E+00  -4.1499999999999998E-01
      2094         1         1        11
   6.6575920699635549E-01   1.4850996358155852E+00  -4.1499999999999998E-01
      2095         1         1        11
   4.3125739482506686E-01   1.5693225638499868E+00  -4.1499999999999998E-01
      2096         1         1        11
   1.8664727483589685E-01   1.6167619010838710E+00  -4.1499999999999998E-01
      2097         1         1        11
  -6.2337699080532209E-02   1.6263057096601932E+00  -4.1499999999999998E-01
      2098         1         1        11
  -3.0986153016549728E-01   1.5977302907948816E+00  -4.1499999999999998E-01
      2099         1         1        11
  -5.5012246960983757E-01   1.5317054280867366E+00  -4.1499999999999998E-01
      2100         1         1        11
  -7.7748900462870685E-01   1.4297786883575594E+00  -4.1499999999999998E-01
      2101         1         1        11
  -9.8663185634820283E-01   1.2943391479975017E+00  -4.1499999999999998E-01
      2102         1         1        11
  -1.1726488935852799E+00   1.1285613950393745E+00  -4.1499999999999998E-01
      2103         1         1        11
  -1.3311800346478324E+00   9.3633111950580583E-01  -4.1499999999999998E-01
      2104         1         1        11
  -1.4585094439541173E+00   7.2215403612847862E-01  -4.1499999999999998E-01
      2105         1         1        11
  -1.5516526280693990E+00   4.9105027421367670E-01  -4.1499999999999998E-01
      2106         1         1        11
  -1.6084263897025168E+00   2.4843671006622040E-01  -4.1499999999999998E-01
      2107         1         1        11
  -1.6274999999999999E+00   1.6448216446231855E-15  -4.1499999999999998E-01
      2108         1         1        11
  -1.6084263897025175E+00  -2.4843671006621576E-01  -4.1499999999999998E-01
      2109         1         1        11
  -1.5516526280693999E+00  -4.9105027421367364E-01  -4.1499999999999998E-01
      2110         1         1        11
  -1.4585094439541193E+00  -7.2215403612847429E-01  -4.1499999999999998E-01
      2111         1         1        11
  -1.3311800346478344E+00  -9.3633111950580306E-01  -4.1499999999999998E-01
      2112         1         1        11
  -1.1726488935852830E+00  -1.1285613950393709E+00  -4.1499999999999998E-01
      2113         1         1        11
  -9.8663185634820538E-01  -1.2943391479974997E+00  -4.1499999999999998E-01
      2114         1         1        11
  -7.7748900462870973E-01  -1.4297786883575576E+00  -4.1499999999999998E-01
      2115         1         1        11
  -5.5012246960983968E-01  -1.5317054280867359E+00  -4.1499999999999998E-01
      2116         1         1        11
  -3.0986153016549872E-01  -1.5977302907948812E+00  -4.1499999999999998E-01
      2117         1         1        11
  -6.2337699080532966E-02  -1.6263057096601932E+00  -4.1499999999999998E-01
      2118         1         1        11
   1.8664727483589683E-01  -1.6167619010838710E+00  -4.1499999999999998E-01
      2119         1         1        11
   4.3125739482506747E-01  -1.5693225638499868E+00  -4.1499999999999998E-01
      2120         1         1        11
   6.6575920699635671E-01  -1.4850996358155848E+00  -4.1499999999999998E-01
      2121         1         1        11
   8.8465618762698883E-01  -1.3660672310297475E+00  -4.1499999999999998E-01
      2122         1         1        11
   1.0828175770194595E+00  -1.2150153681734677E+00  -4.1499999999999998E-01
      2123         1         1        11
   1.2555986401602139E+00  -1.0354845748864738E+00  -4.1499999999999998E-01
      2124         1         1        11
   1.3989495353716714E+00  -8.3168290080016916E-01  -4.1499999999999998E-01
      2125         1         1        11
   1.5095102391686606E+00  -6.0838728442084744E-01  -4.1499999999999998E-01
      2126         1         1        11
   1.5846893023610864E+00  -3.7083158573985198E-01  -4.1499999999999998E-01
      2127         1         1        11
   1.6227245914265378E+00  -1.2458390899139445E-01  -4.1499999999999998E-01
      2128         1         1        11
   1.6227245914265376E+00   1.2458390899139667E-01  -8.6675000000000004E+00
      2129         1         1        11
   1.5846893023610853E+00   3.7083158573985642E-01  -8.6675000000000004E+00
      2130         1         1        11
   1.5095102391686590E+00   6.0838728442085122E-01  -8.6675000000000004E+00
      2131         1         1        11
   1.3989495353716697E+00   8.3168290080017215E-01  -8.6675000000000004E+00
      2132         1         1        11
   1.2555986401602122E+00   1.0354845748864761E+00  -8.6675000000000004E+00
      2133         1         1        11
   1.0828175770194575E+00   1.2150153681734692E+00  -8.6675000000000004E+00
      2134         1         1        11
   8.8465618762698717E-01   1.3660672310297486E+00  -8.6675000000000004E+00
      2135         1         1        11
   6.6575920699635549E-01   1.4850996358155852E+00  -8.6675000000000004E+00
      2136         1         1        11
   4.3125739482506686E-01   1.5693225638499868E+00  -8.6675000000000004E+00
      2137         1         1        11
   1.8664727483589685E-01   1.6167619010838710E+00  -8.6675000000000004E+00
      2138         1         1        11
  -6.2337699080532209E-02   1.6263057096601932E+00  -8.6675000000000004E+00
      2139         1         1        11
  -3.0986153016549728E-01   1.5977302907948816E+00  -8.6675000000000004E+00
      2140         1         1        11
  -5.5012246960983757E-01   1.5317054280867366E+00  -8.6675000000000004E+00
      2141         1         1        11
  -7.7748900462870685E-01   1.4297786883575594E+00  -8.6675000000000004E+00
      2142         1         1        11
  -9.8663185634820283E-01   1.2943391479975017E+00  -8.6675000000000004E+00
      2143         1         1        11
  -1.1726488935852799E+00   1.1285613950393745E+00  -8.6675000000000004E+00
      2144         1         1        11
  -1.3311800346478324E+00   9.3633111950580583E-01  -8.6675000000000004E+00
      2145         1         1        11
  -1.4585094439541173E+00   7.2215403612847862E-01  -8.6675000000000004E+00
      2146         1         1        11
  -1.5516526280693990E+00   4.9105027421367670E-01  -8.6675000000000004E+00
      2147         1         1        11
  -1.6084263897025168E+00   2.4843671006622040E-01  -8.6675000000000004E+00
      2148         1         1        11
  -1.6274999999999999E+00   1.6448216446231855E-15  -8.6675000000000004E+00
      2149         1         1        11
  -1.6084263897025175E+00  -2.4843671006621576E-01  -8.6675000000000004E+00
      2150         1         1        11
  -1.5516526280693999E+00  -4.9105027421367364E-01  -8.6675000000000004E+00
      2151         1         1        11
  -1.4585094439541193E+00  -7.2215403612847429E-01  -8.6675000000000004E+00
      2152         1         1        11
  -1.3311800346478344E+00  -9.3633111950580306E-01  -8.6675000000000004E+00
      2153         1         1        11
  -1.1726488935852830E+00  -1.1285613950393709E+00  -8.6675000000000004E+00
      2154         1         1        11
  -9.8663185634820538E-01  -1.2943391479974997E+00  -8.6675000000000004E+00
      2155         1         1        11
  -7.7748900462870973E-01  -1.4297786883575576E+00  -8.6675000000000004E+00
      2156         1         1        11
  -5.5012246960983968E-01  -1.5317054280867359E+00  -8.6675000000000004E+00
      2157         1         1        11
  -3.0986153016549872E-01  -1.5977302907948812E+00  -8.6675000000000004E+00
      2158         1         1        11
  -6.2337699080532966E-02  -1.6263057096601932E+00  -8.6675000000000004E+00
      2159         1         1        11
   1.8664727483589683E-01  -1.6167619010838710E+00  -8.6675000000000004E+00
      2160         1         1        11
   4.3125739482506747E-01  -1.5693225638499868E+00  -8.6675000000000004E+00
      2161         1         1        11
   6.6575920699635671E-01  -1.4850996358155848E+00  -8.6675000000000004E+00
      2162         1         1        11
   8.8465618762698883E-01  -1.3660672310297475E+00  -8.6675000000000004E+00
      2163         1         1        11
   1.0828175770194595E+00  -1.2150153681734677E+00  -8.6675000000000004E+00
      2164         1         1        11
   1.2555986401602139E+00  -1.0354845748864738E+00  -8.6675000000000004E+00
      2165         1         1        11
   1.3989495353716714E+00  -8.3168290080016916E-01  -8.6675000000000004E+00
      2166         1         1        11
   1.5095102391686606E+00  -6.0838728442084744E-01  -8.6675000000000004E+00
      2167         1         1        11
   1.5846893023610864E+00  -3.7083158573985198E-01  -8.6675000000000004E+00
      2168         1         1        11
   1.6227245914265378E+00  -1.2458390899139445E-01  -8.6675000000000004E+00
      2169         1         1        11
   1.6274999999999999E+00   9.9655633280615865E-17  -8.7925000000000004E+00
      2170         1         1        11
   1.6274999999999999E+00   9.9655633280615865E-17  -9.0425000000000004E+00
      2171         1         1        11
   1.6274999999999999E+00   9.9655633280615878E-17  -9.2925000000000004E+00
      2172         1         1        11
   1.6274999999999999E+00   9.9655633280615878E-17  -9.5425000000000004E+00
      2173         1         1        11
   1.6274999999999999E+00   9.9655633280615878E-17  -9.7925000000000004E+00
      2174         1         1        11
   1.6274999999999999E+00   9.9655633280615878E-17  -1.0042500000000000E+01
      2175         1         1        11
   1.6274999999999999E+00   9.9655633280615865E-17  -1.0292500000000000E+01
      2176         1         1        11
   1.6274999999999999E+00   9.9655633280615865E-17  -1.0542500000000000E+01
      2177         1         1        11
   1.6227245914265376E+00   1.2458390899139667E-01  -1.0667500000000000E+01
      2178         1         1        11
   1.5846893023610853E+00   3.7083158573985642E-01  -1.0667500000000000E+01
      2179         1         1        11
   1.5095102391686590E+00   6.0838728442085122E-01  -1.0667500000000000E+01
      2180         1         1        11
   1.3989495353716697E+00   8.3168290080017215E-01  -1.0667500000000000E+01
      2181         1         1        11
   1.2555986401602122E+00   1.0354845748864761E+00  -1.0667500000000000E+01
      2182         1         1        11
   1.0828175770194575E+00   1.2150153681734692E+00  -1.0667500000000000E+01
      2183         1         1        11
   8.8465618762698717E-01   1.3660672310297486E+00  -1.0667500000000000E+01
      2184         1         1        11
   6.6575920699635549E-01   1.4850996358155852E+00  -1.0667500000000000E+01
      2185         1         1        11
   4.3125739482506686E-01   1.5693225638499868E+00  -1.0667500000000000E+01
      2186         1         1        11
   1.8664727483589685E-01   1.6167619010838710E+00  -1.0667500000000000E+01
      2187         1         1        11
  -6.2337699080532209E-02   1.6263057096601932E+00  -1.0667500000000000E+01
      2188         1         1        11
  -3.0986153016549728E-01   1.5977302907948816E+00  -1.0667500000000000E+01
      2189         1         1        11
  -5.5012246960983757E-01   1.5317054280867366E+00  -1.0667500000000000E+01
      2190         1         1        11
  -7.7748900462870685E-01   1.4297786883575594E+00  -1.0667500000000000E+01
      2191         1         1        11
  -9.8663185634820283E-01   1.2943391479975017E+00  -1.0667500000000000E+01
      2192         1         1        11
  -1.1726488935852799E+00   1.1285613950393745E+00  -1.0667500000000000E+01
      2193         1         1        11
  -1.3311800346478324E+00   9.3633111950580583E-01  -1.0667500000000000E+01
      2194         1         1        11
  -1.4585094439541173E+00   7.2215403612847862E-01  -1.0667500000000000E+01
      2195         1         1        11
  -1.5516526280693990E+00   4.9105027421367670E-01  -1.0667500000000000E+01
      2196         1         1        11
  -1.6084263897025168E+00   2.4843671006622040E-01  -1.0667500000000000E+01
      2197         1         1        11
  -1.6274999999999999E+00   1.6448216446231855E-15  -1.0667500000000000E+01
      2198         1         1        11
  -1.6084263897025175E+00  -2.4843671006621576E-01  -1.0667500000000000E+01
      2199         1         1        11
  -1.5516526280693999E+00  -4.9105027421367364E-01  -1.0667500000000000E+01
      2200         1         1        11
  -1.4585094439541193E+00  -7.2215403612847429E-01  -1.0667500000000000E+01
      2201         1         1        11
  -1.3311800346478344E+00  -9.3633111950580306E-01  -1.0667500000000000E+01
      2202         1         1        11
  -1.1726488935852830E+00  -1.1285613950393709E+00  -1.0667500000000000E+01
      2203         1         1        11
  -9.8663185634820538E-01  -1.2943391479974997E+00  -1.0667500000000000E+01
      2204         1         1        11
  -7.7748900462870973E-01  -1.4297786883575576E+00  -1.0667500000000000E+01
      2205         1         1        11
  -5.5012246960983968E-01  -1.5317054280867359E+00  -1.0667500000000000E+01
      2206         1         1        11
  -3.0986153016549872E-01  -1.5977302907948812E+00  -1.0667500000000000E+01
      2207         1         1        11
  -6.2337699080532966E-02  -1.6263057096601932E+00  -1.0667500000000000E+01
      2208         1         1        11
   1.8664727483589683E-01  -1.6167619010838710E+00  -1.0667500000000000E+01
      2209         1         1        11
   4.3125739482506747E-01  -1.5693225638499868E+00  -1.0667500000000000E+01
      2210         1         1        11
   6.6575920699635671E-01  -1.4850996358155848E+00  -1.0667500000000000E+01
      2211         1         1        11
   8.8465618762698883E-01  -1.3660672310297475E+00  -1.0667500000000000E+01
      2212         1         1        11
   1.0828175770194595E+00  -1.2150153681734677E+00  -1.0667500000000000E+01
      2213         1         1        11
   1.2555986401602139E+00  -1.0354845748864738E+00  -1.0667500000000000E+01
      2214         1         1        11
   1.3989495353716714E+00  -8.3168290080016916E-01  -1.0667500000000000E+01
      2215         1         1        11
   1.5095102391686606E+00  -6.0838728442084744E-01  -1.0667500000000000E+01
      2216         1         1        11
   1.5846893023610864E+00  -3.7083158573985198E-01  -1.0667500000000000E+01
      2217         1         1        11
   1.6227245914265378E+00  -1.2458390899139445E-01  -1.0667500000000000E+01
      2218         1         1        11
   1.6227245914265378E+00  -1.2458390899139396E-01  -6.5772058823529411E-01
      2219         1         1        11
   1.6084263897025179E+00  -2.4843671006621296E-01  -5.3636029411764707E-01
      2220         1         1        11
   1.5846893023610864E+00  -3.7083158573985148E-01  -6.5772058823529411E-01
      2221         1         1        11
   1.5516526280694007E+00  -4.9105027421367092E-01  -5.3636029411764707E-01
      2222         1         1        11
   1.5095102391686608E+00  -6.0838728442084700E-01  -6.5772058823529411E-01
      2223         1         1        11
   1.4585094439541197E+00  -7.2215403612847306E-01  -5.3636029411764707E-01
      2224         1         1        11
   1.3989495353716719E+00  -8.3168290080016882E-01  -6.5772058823529411E-01
      2225         1         1        11
   1.3311800346478351E+00  -9.3633111950580206E-01  -5.3636029411764707E-01
      2226         1         1        11
   1.2555986401602142E+00  -1.0354845748864736E+00  -6.5772058823529411E-01
      2227         1         1        11
   1.1726488935852830E+00  -1.1285613950393711E+00  -5.3636029411764707E-01
      2228         1         1        11
   1.0828175770194597E+00  -1.2150153681734672E+00  -6.5772058823529411E-01
      2229         1         1        11
   9.8663185634820538E-01  -1.2943391479974999E+00  -5.3636029411764707E-01
      2230         1         1        11
   8.8465618762698939E-01  -1.3660672310297473E+00  -6.5772058823529411E-01
      2231         1         1        11
   7.7748900462870962E-01  -1.4297786883575576E+00  -5.3636029411764707E-01
      2232         1         1        11
   6.6575920699635716E-01  -1.4850996358155844E+00  -6.5772058823529411E-01
      2233         1         1        11
   5.5012246960983957E-01  -1.5317054280867359E+00  -5.3636029411764707E-01
      2234         1         1        11
   4.3125739482506803E-01  -1.5693225638499866E+00  -6.5772058823529411E-01
      2235         1         1        11
   3.0986153016549867E-01  -1.5977302907948812E+00  -5.3636029411764707E-01
      2236         1         1        11
   1.8664727483589730E-01  -1.6167619010838710E+00  -6.5772058823529411E-01
      2237         1         1        11
   6.2337699080532862E-02  -1.6263057096601932E+00  -5.3636029411764707E-01
      2238         1         1        11
  -6.2337699080531744E-02  -1.6263057096601932E+00  -6.5772058823529411E-01
      2239         1         1        11
  -1.8664727483589619E-01  -1.6167619010838712E+00  -5.3636029411764707E-01
      2240         1         1        11
  -3.0986153016549678E-01  -1.5977302907948816E+00  -6.5772058823529411E-01
      2241         1         1        11
  -4.3125739482506764E-01  -1.5693225638499868E+00  -5.3636029411764707E-01
      2242         1         1        11
  -5.5012246960983924E-01  -1.5317054280867362E+00  -6.5772058823529411E-01
      2243         1         1        11
  -6.6575920699635682E-01  -1.4850996358155846E+00  -5.3636029411764707E-01
      2244         1         1        11
  -7.7748900462870929E-01  -1.4297786883575578E+00  -6.5772058823529411E-01
      2245         1         1        11
  -8.8465618762698905E-01  -1.3660672310297475E+00  -5.3636029411764707E-01
      2246         1         1        11
  -9.8663185634820505E-01  -1.2943391479975002E+00  -6.5772058823529411E-01
      2247         1         1        11
  -1.0828175770194595E+00  -1.2150153681734677E+00  -5.3636029411764707E-01
      2248         1         1        11
  -1.1726488935852832E+00  -1.1285613950393709E+00  -6.5772058823529411E-01
      2249         1         1        11
  -1.2555986401602139E+00  -1.0354845748864738E+00  -5.3636029411764707E-01
      2250         1         1        11
  -1.3311800346478349E+00  -9.3633111950580239E-01  -6.5772058823529411E-01
      2251         1         1        11
  -1.3989495353716710E+00  -8.3168290080017027E-01  -5.3636029411764707E-01
      2252         1         1        11
  -1.4585094439541182E+00  -7.2215403612847606E-01  -6.5772058823529411E-01
      2253         1         1        11
  -1.5095102391686595E+00  -6.0838728442085011E-01  -5.3636029411764707E-01
      2254         1         1        11
  -1.5516526280693999E+00  -4.9105027421367409E-01  -6.5772058823529411E-01
      2255         1         1        11
  -1.5846893023610857E+00  -3.7083158573985470E-01  -5.3636029411764707E-01
      2256         1         1        11
  -1.6084263897025175E+00  -2.4843671006621620E-01  -6.5772058823529411E-01
      2257         1         1        11
  -1.6227245914265378E+00  -1.2458390899139436E-01  -5.3636029411764707E-01
      2258         1         1        11
  -1.6274999999999999E+00   2.5920538562820600E-15  -6.5772058823529411E-01
      2259         1         1        11
  -1.6227245914265376E+00   1.2458390899139808E-01  -5.3636029411764707E-01
      2260         1         1        11
  -1.6084263897025173E+00   2.4843671006621851E-01  -6.5772058823529411E-01
      2261         1         1        11
  -1.5846893023610853E+00   3.7083158573985692E-01  -5.3636029411764707E-01
      2262         1         1        11
  -1.5516526280693992E+00   4.9105027421367625E-01  -6.5772058823529411E-01
      2263         1         1        11
  -1.5095102391686586E+00   6.0838728442085221E-01  -5.3636029411764707E-01
      2264         1         1        11
  -1.4585094439541173E+00   7.2215403612847806E-01  -6.5772058823529411E-01
      2265         1         1        11
  -1.3989495353716690E+00   8.3168290080017349E-01  -5.3636029411764707E-01
      2266         1         1        11
  -1.3311800346478317E+00   9.3633111950580650E-01  -6.5772058823529411E-01
      2267         1         1        11
  -1.2555986401602117E+00   1.0354845748864767E+00  -5.3636029411764707E-01
      2268         1         1        11
  -1.1726488935852801E+00   1.1285613950393740E+00  -6.5772058823529411E-01
      2269         1         1        11
  -1.0828175770194577E+00   1.2150153681734690E+00  -5.3636029411764707E-01
      2270         1         1        11
  -9.8663185634820216E-01   1.2943391479975026E+00  -6.5772058823529422E-01
      2271         1         1        11
  -8.8465618762698706E-01   1.3660672310297488E+00  -5.3636029411764707E-01
      2272         1         1        11
  -7.7748900462870596E-01   1.4297786883575596E+00  -6.5772058823529411E-01
      2273         1         1        11
  -6.6575920699635471E-01   1.4850996358155855E+00  -5.3636029411764707E-01
      2274         1         1        11
  -5.5012246960983702E-01   1.5317054280867368E+00  -6.5772058823529411E-01
      2275         1         1        11
  -4.3125739482506675E-01   1.5693225638499868E+00  -5.3636029411764707E-01
      2276         1         1        11
  -3.0986153016549739E-01   1.5977302907948814E+00  -6.5772058823529411E-01
      2277         1         1        11
  -1.8664727483589749E-01   1.6167619010838710E+00  -5.3636029411764707E-01
      2278         1         1        11
  -6.2337699080533070E-02   1.6263057096601932E+00  -6.5772058823529411E-01
      2279         1         1        11
   6.2337699080532674E-02   1.6263057096601932E+00  -5.3636029411764707E-01
      2280         1         1        11
   1.8664727483589713E-01   1.6167619010838710E+00  -6.5772058823529411E-01
      2281         1         1        11
   3.0986153016549844E-01   1.5977302907948812E+00  -5.3636029411764707E-01
      2282         1         1        11
   4.3125739482506642E-01   1.5693225638499870E+00  -6.5772058823529411E-01
      2283         1         1        11
   5.5012246960983668E-01   1.5317054280867370E+00  -5.3636029411764707E-01
      2284         1         1        11
   6.6575920699635438E-01   1.4850996358155857E+00  -6.5772058823529411E-01
      2285         1         1        11
   7.7748900462870696E-01   1.4297786883575592E+00  -5.3636029411764707E-01
      2286         1         1        11
   8.8465618762698661E-01   1.3660672310297488E+00  -6.5772058823529411E-01
      2287         1         1        11
   9.8663185634820283E-01   1.2943391479975017E+00  -5.3636029411764707E-01
      2288         1         1        11
   1.0828175770194575E+00   1.2150153681734694E+00  -6.5772058823529422E-01
      2289         1         1        11
   1.1726488935852808E+00   1.1285613950393734E+00  -5.3636029411764707E-01
      2290         1         1        11
   1.2555986401602124E+00   1.0354845748864758E+00  -6.5772058823529411E-01
      2291         1         1        11
   1.3311800346478333E+00   9.3633111950580450E-01  -5.3636029411764707E-01
      2292         1         1        11
   1.3989495353716703E+00   8.3168290080017127E-01  -6.5772058823529411E-01
      2293         1         1        11
   1.4585094439541177E+00   7.2215403612847717E-01  -5.3636029411764707E-01
      2294         1         1        11
   1.5095102391686590E+00   6.0838728442085122E-01  -6.5772058823529411E-01
      2295         1         1        11
   1.5516526280693994E+00   4.9105027421367525E-01  -5.3636029411764707E-01
      2296         1         1        11
   1.5846893023610853E+00   3.7083158573985731E-01  -6.5772058823529411E-01
      2297         1         1        11
   1.6084263897025171E+00   2.4843671006621887E-01  -5.3636029411764707E-01
      2298         1         1        11
   1.6227245914265376E+00   1.2458390899139705E-01  -6.5772058823529411E-01
      2299         1         1        11
   1.6227245914265378E+00  -1.2458390899139396E-01  -9.0044117647058830E-01
      2300         1         1        11
   1.6084263897025179E+00  -2.4843671006621296E-01  -7.7908088235294115E-01
      2301         1         1        11
   1.5846893023610864E+00  -3.7083158573985148E-01  -9.0044117647058819E-01
      2302         1         1        11
   1.5516526280694007E+00  -4.9105027421367092E-01  -7.7908088235294115E-01
      2303         1         1        11
   1.5095102391686608E+00  -6.0838728442084700E-01  -9.0044117647058819E-01
      2304         1         1        11
   1.4585094439541197E+00  -7.2215403612847306E-01  -7.7908088235294115E-01
      2305         1         1        11
   1.3989495353716719E+00  -8.3168290080016882E-01  -9.0044117647058830E-01
      2306         1         1        11
   1.3311800346478351E+00  -9.3633111950580206E-01  -7.7908088235294115E-01
      2307         1         1        11
   1.2555986401602142E+00  -1.0354845748864736E+00  -9.0044117647058841E-01
      2308         1         1        11
   1.1726488935852830E+00  -1.1285613950393711E+00  -7.7908088235294126E-01
      2309         1         1        11
   1.0828175770194597E+00  -1.2150153681734672E+00  -9.0044117647058841E-01
      2310         1         1        11
   9.8663185634820538E-01  -1.2943391479974999E+00  -7.7908088235294126E-01
      2311         1         1        11
   8.8465618762698861E-01  -1.3660672310297477E+00  -9.0044117647058830E-01
      2312         1         1        11
   7.7748900462870962E-01  -1.4297786883575576E+00  -7.7908088235294115E-01
      2313         1         1        11
   6.6575920699635716E-01  -1.4850996358155844E+00  -9.0044117647058841E-01
      2314         1         1        11
   5.5012246960983957E-01  -1.5317054280867359E+00  -7.7908088235294137E-01
      2315         1         1        11
   4.3125739482506803E-01  -1.5693225638499866E+00  -9.0044117647058841E-01
      2316         1         1        11
   3.0986153016549867E-01  -1.5977302907948812E+00  -7.7908088235294115E-01
      2317         1         1        11
   1.8664727483589730E-01  -1.6167619010838710E+00  -9.0044117647058830E-01
      2318         1         1        11
   6.2337699080532862E-02  -1.6263057096601932E+00  -7.7908088235294115E-01
      2319         1         1        11
  -6.2337699080532466E-02  -1.6263057096601932E+00  -9.0044117647058841E-01
      2320         1         1        11
  -1.8664727483589619E-01  -1.6167619010838712E+00  -7.7908088235294137E-01
      2321         1         1        11
  -3.0986153016549828E-01  -1.5977302907948814E+00  -9.0044117647058841E-01
      2322         1         1        11
  -4.3125739482506764E-01  -1.5693225638499868E+00  -7.7908088235294115E-01
      2323         1         1        11
  -5.5012246960983924E-01  -1.5317054280867362E+00  -9.0044117647058819E-01
      2324         1         1        11
  -6.6575920699635682E-01  -1.4850996358155846E+00  -7.7908088235294126E-01
      2325         1         1        11
  -7.7748900462870929E-01  -1.4297786883575578E+00  -9.0044117647058841E-01
      2326         1         1        11
  -8.8465618762698905E-01  -1.3660672310297475E+00  -7.7908088235294115E-01
      2327         1         1        11
  -9.8663185634820505E-01  -1.2943391479975002E+00  -9.0044117647058819E-01
      2328         1         1        11
  -1.0828175770194595E+00  -1.2150153681734677E+00  -7.7908088235294115E-01
      2329         1         1        11
  -1.1726488935852828E+00  -1.1285613950393714E+00  -9.0044117647058830E-01
      2330         1         1        11
  -1.2555986401602139E+00  -1.0354845748864738E+00  -7.7908088235294126E-01
      2331         1         1        11
  -1.3311800346478340E+00  -9.3633111950580350E-01  -9.0044117647058830E-01
      2332         1         1        11
  -1.3989495353716703E+00  -8.3168290080017149E-01  -7.7908088235294115E-01
      2333         1         1        11
  -1.4585094439541182E+00  -7.2215403612847606E-01  -9.0044117647058819E-01
      2334         1         1        11
  -1.5095102391686595E+00  -6.0838728442085011E-01  -7.7908088235294115E-01
      2335         1         1        11
  -1.5516526280693999E+00  -4.9105027421367409E-01  -9.0044117647058830E-01
      2336         1         1        11
  -1.5846893023610857E+00  -3.7083158573985470E-01  -7.7908088235294126E-01
      2337         1         1        11
  -1.6084263897025175E+00  -2.4843671006621620E-01  -9.0044117647058841E-01
      2338         1         1        11
  -1.6227245914265378E+00  -1.2458390899139292E-01  -7.7908088235294126E-01
      2339         1         1        11
  -1.6274999999999999E+00   2.5920538562820600E-15  -9.0044117647058841E-01
      2340         1         1        11
  -1.6227245914265374E+00   1.2458390899139954E-01  -7.7908088235294115E-01
      2341         1         1        11
  -1.6084263897025171E+00   2.4843671006621990E-01  -9.0044117647058841E-01
      2342         1         1        11
  -1.5846893023610853E+00   3.7083158573985692E-01  -7.7908088235294126E-01
      2343         1         1        11
  -1.5516526280693992E+00   4.9105027421367625E-01  -9.0044117647058841E-01
      2344         1         1        11
  -1.5095102391686586E+00   6.0838728442085221E-01  -7.7908088235294137E-01
      2345         1         1        11
  -1.4585094439541173E+00   7.2215403612847806E-01  -9.0044117647058841E-01
      2346         1         1        11
  -1.3989495353716690E+00   8.3168290080017349E-01  -7.7908088235294115E-01
      2347         1         1        11
  -1.3311800346478317E+00   9.3633111950580650E-01  -9.0044117647058819E-01
      2348         1         1        11
  -1.2555986401602106E+00   1.0354845748864778E+00  -7.7908088235294115E-01
      2349         1         1        11
  -1.1726488935852801E+00   1.1285613950393740E+00  -9.0044117647058841E-01
      2350         1         1        11
  -1.0828175770194577E+00   1.2150153681734690E+00  -7.7908088235294137E-01
      2351         1         1        11
  -9.8663185634820327E-01   1.2943391479975017E+00  -9.0044117647058841E-01
      2352         1         1        11
  -8.8465618762698706E-01   1.3660672310297488E+00  -7.7908088235294137E-01
      2353         1         1        11
  -7.7748900462870729E-01   1.4297786883575589E+00  -9.0044117647058841E-01
      2354         1         1        11
  -6.6575920699635471E-01   1.4850996358155855E+00  -7.7908088235294115E-01
      2355         1         1        11
  -5.5012246960983835E-01   1.5317054280867364E+00  -9.0044117647058841E-01
      2356         1         1        11
  -4.3125739482506820E-01   1.5693225638499866E+00  -7.7908088235294126E-01
      2357         1         1        11
  -3.0986153016549883E-01   1.5977302907948812E+00  -9.0044117647058841E-01
      2358         1         1        11
  -1.8664727483589608E-01   1.6167619010838712E+00  -7.7908088235294126E-01
      2359         1         1        11
  -6.2337699080533070E-02   1.6263057096601932E+00  -9.0044117647058841E-01
      2360         1         1        11
   6.2337699080532674E-02   1.6263057096601932E+00  -7.7908088235294137E-01
      2361         1         1        11
   1.8664727483589713E-01   1.6167619010838710E+00  -9.0044117647058830E-01
      2362         1         1        11
   3.0986153016549844E-01   1.5977302907948812E+00  -7.7908088235294115E-01
      2363         1         1        11
   4.3125739482506642E-01   1.5693225638499870E+00  -9.0044117647058819E-01
      2364         1         1        11
   5.5012246960983668E-01   1.5317054280867370E+00  -7.7908088235294115E-01
      2365         1         1        11
   6.6575920699635438E-01   1.4850996358155857E+00  -9.0044117647058841E-01
      2366         1         1        11
   7.7748900462870696E-01   1.4297786883575592E+00  -7.7908088235294126E-01
      2367         1         1        11
   8.8465618762698661E-01   1.3660672310297488E+00  -9.0044117647058841E-01
      2368         1         1        11
   9.8663185634820283E-01   1.2943391479975017E+00  -7.7908088235294137E-01
      2369         1         1        11
   1.0828175770194575E+00   1.2150153681734694E+00  -9.0044117647058841E-01
      2370         1         1        11
   1.1726488935852808E+00   1.1285613950393734E+00  -7.7908088235294137E-01
      2371         1         1        11
   1.2555986401602133E+00   1.0354845748864747E+00  -9.0044117647058841E-01
      2372         1         1        11
   1.3311800346478342E+00   9.3633111950580328E-01  -7.7908088235294115E-01
      2373         1         1        11
   1.3989495353716703E+00   8.3168290080017127E-01  -9.0044117647058830E-01
      2374         1         1        11
   1.4585094439541177E+00   7.2215403612847717E-01  -7.7908088235294115E-01
      2375         1         1        11
   1.5095102391686590E+00   6.0838728442085122E-01  -9.0044117647058841E-01
      2376         1         1        11
   1.5516526280693994E+00   4.9105027421367525E-01  -7.7908088235294137E-01
      2377         1         1        11
   1.5846893023610853E+00   3.7083158573985731E-01  -9.0044117647058841E-01
      2378         1         1        11
   1.6084263897025171E+00   2.4843671006621887E-01  -7.7908088235294115E-01
      2379         1         1        11
   1.6227245914265376E+00   1.2458390899139705E-01  -9.0044117647058830E-01
      2380         1         1        11
   1.6227245914265378E+00  -1.2458390899139396E-01  -1.1431617647058825E+00
      2381         1         1        11
   1.6084263897025179E+00  -2.4843671006621296E-01  -1.0218014705882354E+00
      2382         1         1        11
   1.5846893023610864E+00  -3.7083158573985148E-01  -1.1431617647058825E+00
      2383         1         1        11
   1.5516526280694007E+00  -4.9105027421367092E-01  -1.0218014705882354E+00
      2384         1         1        11
   1.5095102391686608E+00  -6.0838728442084700E-01  -1.1431617647058825E+00
      2385         1         1        11
   1.4585094439541197E+00  -7.2215403612847306E-01  -1.0218014705882354E+00
      2386         1         1        11
   1.3989495353716719E+00  -8.3168290080016882E-01  -1.1431617647058825E+00
      2387         1         1        11
   1.3311800346478351E+00  -9.3633111950580206E-01  -1.0218014705882354E+00
      2388         1         1        11
   1.2555986401602142E+00  -1.0354845748864736E+00  -1.1431617647058825E+00
      2389         1         1        11
   1.1726488935852830E+00  -1.1285613950393711E+00  -1.0218014705882354E+00
      2390         1         1        11
   1.0828175770194597E+00  -1.2150153681734672E+00  -1.1431617647058827E+00
      2391         1         1        11
   9.8663185634820538E-01  -1.2943391479974999E+00  -1.0218014705882354E+00
      2392         1         1        11
   8.8465618762698939E-01  -1.3660672310297473E+00  -1.1431617647058827E+00
      2393         1         1        11
   7.7748900462870962E-01  -1.4297786883575576E+00  -1.0218014705882354E+00
      2394         1         1        11
   6.6575920699635716E-01  -1.4850996358155844E+00  -1.1431617647058827E+00
      2395         1         1        11
   5.5012246960983957E-01  -1.5317054280867359E+00  -1.0218014705882354E+00
      2396         1         1        11
   4.3125739482506803E-01  -1.5693225638499866E+00  -1.1431617647058827E+00
      2397         1         1        11
   3.0986153016549867E-01  -1.5977302907948812E+00  -1.0218014705882354E+00
      2398         1         1        11
   1.8664727483589730E-01  -1.6167619010838710E+00  -1.1431617647058827E+00
      2399         1         1        11
   6.2337699080532862E-02  -1.6263057096601932E+00  -1.0218014705882354E+00
      2400         1         1        11
  -6.2337699080532466E-02  -1.6263057096601932E+00  -1.1431617647058825E+00
      2401         1         1        11
  -1.8664727483589691E-01  -1.6167619010838710E+00  -1.0218014705882354E+00
      2402         1         1        11
  -3.0986153016549828E-01  -1.5977302907948814E+00  -1.1431617647058825E+00
      2403         1         1        11
  -4.3125739482506764E-01  -1.5693225638499868E+00  -1.0218014705882352E+00
      2404         1         1        11
  -5.5012246960983924E-01  -1.5317054280867362E+00  -1.1431617647058825E+00
      2405         1         1        11
  -6.6575920699635682E-01  -1.4850996358155846E+00  -1.0218014705882354E+00
      2406         1         1        11
  -7.7748900462870929E-01  -1.4297786883575578E+00  -1.1431617647058825E+00
      2407         1         1        11
  -8.8465618762698905E-01  -1.3660672310297475E+00  -1.0218014705882354E+00
      2408         1         1        11
  -9.8663185634820505E-01  -1.2943391479975002E+00  -1.1431617647058825E+00
      2409         1         1        11
  -1.0828175770194595E+00  -1.2150153681734677E+00  -1.0218014705882354E+00
      2410         1         1        11
  -1.1726488935852832E+00  -1.1285613950393709E+00  -1.1431617647058825E+00
      2411         1         1        11
  -1.2555986401602139E+00  -1.0354845748864738E+00  -1.0218014705882354E+00
      2412         1         1        11
  -1.3311800346478349E+00  -9.3633111950580239E-01  -1.1431617647058825E+00
      2413         1         1        11
  -1.3989495353716703E+00  -8.3168290080017149E-01  -1.0218014705882354E+00
      2414         1         1        11
  -1.4585094439541182E+00  -7.2215403612847606E-01  -1.1431617647058825E+00
      2415         1         1        11
  -1.5095102391686590E+00  -6.0838728442085144E-01  -1.0218014705882354E+00
      2416         1         1        11
  -1.5516526280693999E+00  -4.9105027421367409E-01  -1.1431617647058825E+00
      2417         1         1        11
  -1.5846893023610857E+00  -3.7083158573985470E-01  -1.0218014705882354E+00
      2418         1         1        11
  -1.6084263897025175E+00  -2.4843671006621620E-01  -1.1431617647058825E+00
      2419         1         1        11
  -1.6227245914265378E+00  -1.2458390899139292E-01  -1.0218014705882354E+00
      2420         1         1        11
  -1.6274999999999999E+00   2.5920538562820600E-15  -1.1431617647058825E+00
      2421         1         1        11
  -1.6227245914265374E+00   1.2458390899139954E-01  -1.0218014705882354E+00
      2422         1         1        11
  -1.6084263897025173E+00   2.4843671006621851E-01  -1.1431617647058825E+00
      2423         1         1        11
  -1.5846893023610853E+00   3.7083158573985692E-01  -1.0218014705882354E+00
      2424         1         1        11
  -1.5516526280693992E+00   4.9105027421367625E-01  -1.1431617647058825E+00
      2425         1         1        11
  -1.5095102391686586E+00   6.0838728442085221E-01  -1.0218014705882354E+00
      2426         1         1        11
  -1.4585094439541173E+00   7.2215403612847806E-01  -1.1431617647058825E+00
      2427         1         1        11
  -1.3989495353716690E+00   8.3168290080017349E-01  -1.0218014705882354E+00
      2428         1         1        11
  -1.3311800346478317E+00   9.3633111950580650E-01  -1.1431617647058825E+00
      2429         1         1        11
  -1.2555986401602106E+00   1.0354845748864778E+00  -1.0218014705882354E+00
      2430         1         1        11
  -1.1726488935852790E+00   1.1285613950393751E+00  -1.1431617647058825E+00
      2431         1         1        11
  -1.0828175770194577E+00   1.2150153681734690E+00  -1.0218014705882354E+00
      2432         1         1        11
  -9.8663185634820327E-01   1.2943391479975017E+00  -1.1431617647058825E+00
      2433         1         1        11
  -8.8465618762698706E-01   1.3660672310297488E+00  -1.0218014705882354E+00
      2434         1         1        11
  -7.7748900462870729E-01   1.4297786883575589E+00  -1.1431617647058825E+00
      2435         1         1        11
  -6.6575920699635471E-01   1.4850996358155855E+00  -1.0218014705882354E+00
      2436         1         1        11
  -5.5012246960983979E-01   1.5317054280867357E+00  -1.1431617647058825E+00
      2437         1         1        11
  -4.3125739482506820E-01   1.5693225638499866E+00  -1.0218014705882354E+00
      2438         1         1        11
  -3.0986153016549883E-01   1.5977302907948812E+00  -1.1431617647058825E+00
      2439         1         1        11
  -1.8664727483589608E-01   1.6167619010838712E+00  -1.0218014705882354E+00
      2440         1         1        11
  -6.2337699080533070E-02   1.6263057096601932E+00  -1.1431617647058825E+00
      2441         1         1        11
   6.2337699080532674E-02   1.6263057096601932E+00  -1.0218014705882354E+00
      2442         1         1        11
   1.8664727483589713E-01   1.6167619010838710E+00  -1.1431617647058825E+00
      2443         1         1        11
   3.0986153016549844E-01   1.5977302907948812E+00  -1.0218014705882354E+00
      2444         1         1        11
   4.3125739482506642E-01   1.5693225638499870E+00  -1.1431617647058825E+00
      2445         1         1        11
   5.5012246960983668E-01   1.5317054280867370E+00  -1.0218014705882354E+00
      2446         1         1        11
   6.6575920699635438E-01   1.4850996358155857E+00  -1.1431617647058825E+00
      2447         1         1        11
   7.7748900462870696E-01   1.4297786883575592E+00  -1.0218014705882354E+00
      2448         1         1        11
   8.8465618762698661E-01   1.3660672310297488E+00  -1.1431617647058825E+00
      2449         1         1        11
   9.8663185634820283E-01   1.2943391479975017E+00  -1.0218014705882354E+00
      2450         1         1        11
   1.0828175770194575E+00   1.2150153681734694E+00  -1.1431617647058825E+00
      2451         1         1        11
   1.1726488935852808E+00   1.1285613950393734E+00  -1.0218014705882354E+00
      2452         1         1        11
   1.2555986401602124E+00   1.0354845748864758E+00  -1.1431617647058825E+00
      2453         1         1        11
   1.3311800346478333E+00   9.3633111950580450E-01  -1.0218014705882354E+00
      2454         1         1        11
   1.3989495353716703E+00   8.3168290080017127E-01  -1.1431617647058825E+00
      2455         1         1        11
   1.4585094439541184E+00   7.2215403612847584E-01  -1.0218014705882354E+00
      2456         1         1        11
   1.5095102391686595E+00   6.0838728442084988E-01  -1.1431617647058825E+00
      2457         1         1        11
   1.5516526280693990E+00   4.9105027421367659E-01  -1.0218014705882354E+00
      2458         1         1        11
   1.5846893023610853E+00   3.7083158573985731E-01  -1.1431617647058825E+00
      2459         1         1        11
   1.6084263897025171E+00   2.4843671006621887E-01  -1.0218014705882354E+00
      2460         1         1        11
   1.6227245914265376E+00   1.2458390899139705E-01  -1.1431617647058825E+00
      2461         1         1        11
   1.6227245914265378E+00  -1.2458390899139396E-01  -1.3858823529411766E+00
      2462         1         1        11
   1.6084263897025179E+00  -2.4843671006621296E-01  -1.2645220588235295E+00
      2463         1         1        11
   1.5846893023610864E+00  -3.7083158573985181E-01  -1.3858823529411766E+00
      2464         1         1        11
   1.5516526280694007E+00  -4.9105027421367092E-01  -1.2645220588235295E+00
      2465         1         1        11
   1.5095102391686606E+00  -6.0838728442084744E-01  -1.3858823529411766E+00
      2466         1         1        11
   1.4585094439541197E+00  -7.2215403612847306E-01  -1.2645220588235295E+00
      2467         1         1        11
   1.3989495353716719E+00  -8.3168290080016882E-01  -1.3858823529411766E+00
      2468         1         1        11
   1.3311800346478351E+00  -9.3633111950580206E-01  -1.2645220588235295E+00
      2469         1         1        11
   1.2555986401602142E+00  -1.0354845748864736E+00  -1.3858823529411768E+00
      2470         1         1        11
   1.1726488935852830E+00  -1.1285613950393711E+00  -1.2645220588235297E+00
      2471         1         1        11
   1.0828175770194597E+00  -1.2150153681734672E+00  -1.3858823529411768E+00
      2472         1         1        11
   9.8663185634820538E-01  -1.2943391479974999E+00  -1.2645220588235297E+00
      2473         1         1        11
   8.8465618762698939E-01  -1.3660672310297473E+00  -1.3858823529411766E+00
      2474         1         1        11
   7.7748900462870962E-01  -1.4297786883575576E+00  -1.2645220588235297E+00
      2475         1         1        11
   6.6575920699635716E-01  -1.4850996358155844E+00  -1.3858823529411768E+00
      2476         1         1        11
   5.5012246960983957E-01  -1.5317054280867359E+00  -1.2645220588235297E+00
      2477         1         1        11
   4.3125739482506803E-01  -1.5693225638499866E+00  -1.3858823529411768E+00
      2478         1         1        11
   3.0986153016549867E-01  -1.5977302907948812E+00  -1.2645220588235297E+00
      2479         1         1        11
   1.8664727483589730E-01  -1.6167619010838710E+00  -1.3858823529411766E+00
      2480         1         1        11
   6.2337699080532862E-02  -1.6263057096601932E+00  -1.2645220588235295E+00
      2481         1         1        11
  -6.2337699080532466E-02  -1.6263057096601932E+00  -1.3858823529411768E+00
      2482         1         1        11
  -1.8664727483589691E-01  -1.6167619010838710E+00  -1.2645220588235297E+00
      2483         1         1        11
  -3.0986153016549828E-01  -1.5977302907948814E+00  -1.3858823529411768E+00
      2484         1         1        11
  -4.3125739482506764E-01  -1.5693225638499868E+00  -1.2645220588235295E+00
      2485         1         1        11
  -5.5012246960983924E-01  -1.5317054280867362E+00  -1.3858823529411766E+00
      2486         1         1        11
  -6.6575920699635682E-01  -1.4850996358155846E+00  -1.2645220588235295E+00
      2487         1         1        11
  -7.7748900462870929E-01  -1.4297786883575578E+00  -1.3858823529411768E+00
      2488         1         1        11
  -8.8465618762698905E-01  -1.3660672310297475E+00  -1.2645220588235295E+00
      2489         1         1        11
  -9.8663185634820505E-01  -1.2943391479975002E+00  -1.3858823529411766E+00
      2490         1         1        11
  -1.0828175770194595E+00  -1.2150153681734677E+00  -1.2645220588235295E+00
      2491         1         1        11
  -1.1726488935852828E+00  -1.1285613950393714E+00  -1.3858823529411766E+00
      2492         1         1        11
  -1.2555986401602139E+00  -1.0354845748864738E+00  -1.2645220588235295E+00
      2493         1         1        11
  -1.3311800346478349E+00  -9.3633111950580239E-01  -1.3858823529411766E+00
      2494         1         1        11
  -1.3989495353716710E+00  -8.3168290080017027E-01  -1.2645220588235295E+00
      2495         1         1        11
  -1.4585094439541182E+00  -7.2215403612847606E-01  -1.3858823529411766E+00
      2496         1         1        11
  -1.5095102391686590E+00  -6.0838728442085144E-01  -1.2645220588235295E+00
      2497         1         1        11
  -1.5516526280693999E+00  -4.9105027421367409E-01  -1.3858823529411766E+00
      2498         1         1        11
  -1.5846893023610857E+00  -3.7083158573985470E-01  -1.2645220588235295E+00
      2499         1         1        11
  -1.6084263897025175E+00  -2.4843671006621620E-01  -1.3858823529411768E+00
      2500         1         1        11
  -1.6227245914265378E+00  -1.2458390899139436E-01  -1.2645220588235297E+00
      2501         1         1        11
  -1.6274999999999999E+00  -2.9896689984184756E-16  -1.3858823529411768E+00
      2502         1         1        11
  -1.6227245914265376E+00   1.2458390899139664E-01  -1.2645220588235295E+00
      2503         1         1        11
  -1.6084263897025173E+00   2.4843671006621851E-01  -1.3858823529411768E+00
      2504         1         1        11
  -1.5846893023610853E+00   3.7083158573985692E-01  -1.2645220588235295E+00
      2505         1         1        11
  -1.5516526280693992E+00   4.9105027421367625E-01  -1.3858823529411768E+00
      2506         1         1        11
  -1.5095102391686586E+00   6.0838728442085221E-01  -1.2645220588235297E+00
      2507         1         1        11
  -1.4585094439541173E+00   7.2215403612847806E-01  -1.3858823529411768E+00
      2508         1         1        11
  -1.3989495353716690E+00   8.3168290080017349E-01  -1.2645220588235295E+00
      2509         1         1        11
  -1.3311800346478317E+00   9.3633111950580650E-01  -1.3858823529411766E+00
      2510         1         1        11
  -1.2555986401602106E+00   1.0354845748864778E+00  -1.2645220588235295E+00
      2511         1         1        11
  -1.1726488935852801E+00   1.1285613950393740E+00  -1.3858823529411768E+00
      2512         1         1        11
  -1.0828175770194577E+00   1.2150153681734690E+00  -1.2645220588235297E+00
      2513         1         1        11
  -9.8663185634820327E-01   1.2943391479975017E+00  -1.3858823529411770E+00
      2514         1         1        11
  -8.8465618762698706E-01   1.3660672310297488E+00  -1.2645220588235297E+00
      2515         1         1        11
  -7.7748900462870729E-01   1.4297786883575589E+00  -1.3858823529411768E+00
      2516         1         1        11
  -6.6575920699635471E-01   1.4850996358155855E+00  -1.2645220588235295E+00
      2517         1         1        11
  -5.5012246960983702E-01   1.5317054280867368E+00  -1.3858823529411768E+00
      2518         1         1        11
  -4.3125739482506820E-01   1.5693225638499866E+00  -1.2645220588235297E+00
      2519         1         1        11
  -3.0986153016549883E-01   1.5977302907948812E+00  -1.3858823529411768E+00
      2520         1         1        11
  -1.8664727483589749E-01   1.6167619010838710E+00  -1.2645220588235297E+00
      2521         1         1        11
  -6.2337699080533070E-02   1.6263057096601932E+00  -1.3858823529411768E+00
      2522         1         1        11
   6.2337699080532674E-02   1.6263057096601932E+00  -1.2645220588235297E+00
      2523         1         1        11
   1.8664727483589713E-01   1.6167619010838710E+00  -1.3858823529411766E+00
      2524         1         1        11
   3.0986153016549844E-01   1.5977302907948812E+00  -1.2645220588235295E+00
      2525         1         1        11
   4.3125739482506642E-01   1.5693225638499870E+00  -1.3858823529411766E+00
      2526         1         1        11
   5.5012246960983668E-01   1.5317054280867370E+00  -1.2645220588235295E+00
      2527         1         1        11
   6.6575920699635438E-01   1.4850996358155857E+00  -1.3858823529411768E+00
      2528         1         1        11
   7.7748900462870696E-01   1.4297786883575592E+00  -1.2645220588235295E+00
      2529         1         1        11
   8.8465618762698661E-01   1.3660672310297488E+00  -1.3858823529411768E+00
      2530         1         1        11
   9.8663185634820283E-01   1.2943391479975017E+00  -1.2645220588235297E+00
      2531         1         1        11
   1.0828175770194575E+00   1.2150153681734694E+00  -1.3858823529411768E+00
      2532         1         1        11
   1.1726488935852808E+00   1.1285613950393734E+00  -1.2645220588235297E+00
      2533         1         1        11
   1.2555986401602124E+00   1.0354845748864758E+00  -1.3858823529411768E+00
      2534         1         1        11
   1.3311800346478333E+00   9.3633111950580450E-01  -1.2645220588235295E+00
      2535         1         1        11
   1.3989495353716703E+00   8.3168290080017127E-01  -1.3858823529411766E+00
      2536         1         1        11
   1.4585094439541184E+00   7.2215403612847584E-01  -1.2645220588235295E+00
      2537         1         1        11
   1.5095102391686590E+00   6.0838728442085122E-01  -1.3858823529411768E+00
      2538         1         1        11
   1.5516526280693994E+00   4.9105027421367525E-01  -1.2645220588235297E+00
      2539         1         1        11
   1.5846893023610853E+00   3.7083158573985592E-01  -1.3858823529411768E+00
      2540         1         1        11
   1.6084263897025171E+00   2.4843671006621887E-01  -1.2645220588235295E+00
      2541         1         1        11
   1.6227245914265376E+00   1.2458390899139705E-01  -1.3858823529411766E+00
      2542         1         1        11
   1.6227245914265378E+00  -1.2458390899139396E-01  -1.6286029411764709E+00
      2543         1         1        11
   1.6084263897025179E+00  -2.4843671006621296E-01  -1.5072426470588238E+00
      2544         1         1        11
   1.5846893023610864E+00  -3.7083158573985148E-01  -1.6286029411764709E+00
      2545         1         1        11
   1.5516526280694007E+00  -4.9105027421367126E-01  -1.5072426470588236E+00
      2546         1         1        11
   1.5095102391686608E+00  -6.0838728442084700E-01  -1.6286029411764709E+00
      2547         1         1        11
   1.4585094439541197E+00  -7.2215403612847306E-01  -1.5072426470588238E+00
      2548         1         1        11
   1.3989495353716719E+00  -8.3168290080016882E-01  -1.6286029411764709E+00
      2549         1         1        11
   1.3311800346478351E+00  -9.3633111950580206E-01  -1.5072426470588238E+00
      2550         1         1        11
   1.2555986401602142E+00  -1.0354845748864736E+00  -1.6286029411764709E+00
      2551         1         1        11
   1.1726488935852830E+00  -1.1285613950393711E+00  -1.5072426470588238E+00
      2552         1         1        11
   1.0828175770194597E+00  -1.2150153681734672E+00  -1.6286029411764709E+00
      2553         1         1        11
   9.8663185634820538E-01  -1.2943391479974999E+00  -1.5072426470588238E+00
      2554         1         1        11
   8.8465618762698939E-01  -1.3660672310297473E+00  -1.6286029411764709E+00
      2555         1         1        11
   7.7748900462870962E-01  -1.4297786883575576E+00  -1.5072426470588236E+00
      2556         1         1        11
   6.6575920699635716E-01  -1.4850996358155844E+00  -1.6286029411764709E+00
      2557         1         1        11
   5.5012246960983957E-01  -1.5317054280867359E+00  -1.5072426470588238E+00
      2558         1         1        11
   4.3125739482506803E-01  -1.5693225638499866E+00  -1.6286029411764709E+00
      2559         1         1        11
   3.0986153016549867E-01  -1.5977302907948812E+00  -1.5072426470588238E+00
      2560         1         1        11
   1.8664727483589730E-01  -1.6167619010838710E+00  -1.6286029411764709E+00
      2561         1         1        11
   6.2337699080532862E-02  -1.6263057096601932E+00  -1.5072426470588238E+00
      2562         1         1        11
  -6.2337699080532466E-02  -1.6263057096601932E+00  -1.6286029411764709E+00
      2563         1         1        11
  -1.8664727483589691E-01  -1.6167619010838710E+00  -1.5072426470588240E+00
      2564         1         1        11
  -3.0986153016549828E-01  -1.5977302907948814E+00  -1.6286029411764709E+00
      2565         1         1        11
  -4.3125739482506764E-01  -1.5693225638499868E+00  -1.5072426470588236E+00
      2566         1         1        11
  -5.5012246960983924E-01  -1.5317054280867362E+00  -1.6286029411764709E+00
      2567         1         1        11
  -6.6575920699635682E-01  -1.4850996358155846E+00  -1.5072426470588238E+00
      2568         1         1        11
  -7.7748900462870929E-01  -1.4297786883575578E+00  -1.6286029411764706E+00
      2569         1         1        11
  -8.8465618762698905E-01  -1.3660672310297475E+00  -1.5072426470588236E+00
      2570         1         1        11
  -9.8663185634820505E-01  -1.2943391479975002E+00  -1.6286029411764706E+00
      2571         1         1        11
  -1.0828175770194595E+00  -1.2150153681734677E+00  -1.5072426470588236E+00
      2572         1         1        11
  -1.1726488935852832E+00  -1.1285613950393709E+00  -1.6286029411764709E+00
      2573         1         1        11
  -1.2555986401602139E+00  -1.0354845748864738E+00  -1.5072426470588238E+00
      2574         1         1        11
  -1.3311800346478349E+00  -9.3633111950580239E-01  -1.6286029411764709E+00
      2575         1         1        11
  -1.3989495353716710E+00  -8.3168290080017027E-01  -1.5072426470588236E+00
      2576         1         1        11
  -1.4585094439541182E+00  -7.2215403612847606E-01  -1.6286029411764709E+00
      2577         1         1        11
  -1.5095102391686595E+00  -6.0838728442085011E-01  -1.5072426470588236E+00
      2578         1         1        11
  -1.5516526280693999E+00  -4.9105027421367409E-01  -1.6286029411764709E+00
      2579         1         1        11
  -1.5846893023610857E+00  -3.7083158573985470E-01  -1.5072426470588238E+00
      2580         1         1        11
  -1.6084263897025175E+00  -2.4843671006621620E-01  -1.6286029411764709E+00
      2581         1         1        11
  -1.6227245914265378E+00  -1.2458390899139436E-01  -1.5072426470588238E+00
      2582         1         1        11
  -1.6274999999999999E+00   4.0375642343440134E-15  -1.6286029411764709E+00
      2583         1         1        11
  -1.6227245914265374E+00   1.2458390899139954E-01  -1.5072426470588238E+00
      2584         1         1        11
  -1.6084263897025166E+00   2.4843671006622137E-01  -1.6286029411764709E+00
      2585         1         1        11
  -1.5846893023610853E+00   3.7083158573985692E-01  -1.5072426470588238E+00
      2586         1         1        11
  -1.5516526280693992E+00   4.9105027421367625E-01  -1.6286029411764709E+00
      2587         1         1        11
  -1.5095102391686586E+00   6.0838728442085221E-01  -1.5072426470588238E+00
      2588         1         1        11
  -1.4585094439541173E+00   7.2215403612847806E-01  -1.6286029411764709E+00
      2589         1         1        11
  -1.3989495353716690E+00   8.3168290080017349E-01  -1.5072426470588236E+00
      2590         1         1        11
  -1.3311800346478326E+00   9.3633111950580550E-01  -1.6286029411764709E+00
      2591         1         1        11
  -1.2555986401602106E+00   1.0354845748864778E+00  -1.5072426470588236E+00
      2592         1         1        11
  -1.1726488935852801E+00   1.1285613950393740E+00  -1.6286029411764709E+00
      2593         1         1        11
  -1.0828175770194577E+00   1.2150153681734690E+00  -1.5072426470588240E+00
      2594         1         1        11
  -9.8663185634820327E-01   1.2943391479975017E+00  -1.6286029411764709E+00
      2595         1         1        11
  -8.8465618762698706E-01   1.3660672310297488E+00  -1.5072426470588238E+00
      2596         1         1        11
  -7.7748900462870729E-01   1.4297786883575589E+00  -1.6286029411764709E+00
      2597         1         1        11
  -6.6575920699635471E-01   1.4850996358155855E+00  -1.5072426470588238E+00
      2598         1         1        11
  -5.5012246960983702E-01   1.5317054280867368E+00  -1.6286029411764709E+00
      2599         1         1        11
  -4.3125739482506820E-01   1.5693225638499866E+00  -1.5072426470588238E+00
      2600         1         1        11
  -3.0986153016549600E-01   1.5977302907948816E+00  -1.6286029411764709E+00
      2601         1         1        11
  -1.8664727483589608E-01   1.6167619010838712E+00  -1.5072426470588238E+00
      2602         1         1        11
  -6.2337699080531619E-02   1.6263057096601932E+00  -1.6286029411764709E+00
      2603         1         1        11
   6.2337699080532674E-02   1.6263057096601932E+00  -1.5072426470588238E+00
      2604         1         1        11
   1.8664727483589713E-01   1.6167619010838710E+00  -1.6286029411764709E+00
      2605         1         1        11
   3.0986153016549844E-01   1.5977302907948812E+00  -1.5072426470588236E+00
      2606         1         1        11
   4.3125739482506786E-01   1.5693225638499868E+00  -1.6286029411764709E+00
      2607         1         1        11
   5.5012246960983668E-01   1.5317054280867370E+00  -1.5072426470588238E+00
      2608         1         1        11
   6.6575920699635438E-01   1.4850996358155857E+00  -1.6286029411764709E+00
      2609         1         1        11
   7.7748900462870696E-01   1.4297786883575592E+00  -1.5072426470588238E+00
      2610         1         1        11
   8.8465618762698661E-01   1.3660672310297488E+00  -1.6286029411764709E+00
      2611         1         1        11
   9.8663185634820283E-01   1.2943391479975017E+00  -1.5072426470588238E+00
      2612         1         1        11
   1.0828175770194575E+00   1.2150153681734694E+00  -1.6286029411764709E+00
      2613         1         1        11
   1.1726488935852808E+00   1.1285613950393734E+00  -1.5072426470588240E+00
      2614         1         1        11
   1.2555986401602124E+00   1.0354845748864758E+00  -1.6286029411764709E+00
      2615         1         1        11
   1.3311800346478342E+00   9.3633111950580328E-01  -1.5072426470588238E+00
      2616         1         1        11
   1.3989495353716703E+00   8.3168290080017127E-01  -1.6286029411764709E+00
      2617         1         1        11
   1.4585094439541177E+00   7.2215403612847717E-01  -1.5072426470588238E+00
      2618         1         1        11
   1.5095102391686590E+00   6.0838728442085122E-01  -1.6286029411764709E+00
      2619         1         1        11
   1.5516526280693994E+00   4.9105027421367525E-01  -1.5072426470588238E+00
      2620         1         1        11
   1.5846893023610853E+00   3.7083158573985731E-01  -1.6286029411764709E+00
      2621         1         1        11
   1.6084263897025171E+00   2.4843671006621887E-01  -1.5072426470588238E+00
      2622         1         1        11
   1.6227245914265376E+00   1.2458390899139705E-01  -1.6286029411764709E+00
      2623         1         1        11
   1.6227245914265378E+00  -1.2458390899139396E-01  -1.8713235294117649E+00
      2624         1         1        11
   1.6084263897025179E+00  -2.4843671006621296E-01  -1.7499632352941181E+00
      2625         1         1        11
   1.5846893023610864E+00  -3.7083158573985148E-01  -1.8713235294117652E+00
      2626         1         1        11
   1.5516526280694007E+00  -4.9105027421367092E-01  -1.7499632352941181E+00
      2627         1         1        11
   1.5095102391686608E+00  -6.0838728442084700E-01  -1.8713235294117652E+00
      2628         1         1        11
   1.4585094439541197E+00  -7.2215403612847306E-01  -1.7499632352941181E+00
      2629         1         1        11
   1.3989495353716719E+00  -8.3168290080016882E-01  -1.8713235294117649E+00
      2630         1         1        11
   1.3311800346478351E+00  -9.3633111950580206E-01  -1.7499632352941179E+00
      2631         1         1        11
   1.2555986401602142E+00  -1.0354845748864736E+00  -1.8713235294117652E+00
      2632         1         1        11
   1.1726488935852830E+00  -1.1285613950393711E+00  -1.7499632352941181E+00
      2633         1         1        11
   1.0828175770194597E+00  -1.2150153681734672E+00  -1.8713235294117654E+00
      2634         1         1        11
   9.8663185634820538E-01  -1.2943391479974999E+00  -1.7499632352941181E+00
      2635         1         1        11
   8.8465618762698939E-01  -1.3660672310297473E+00  -1.8713235294117654E+00
      2636         1         1        11
   7.7748900462870962E-01  -1.4297786883575576E+00  -1.7499632352941181E+00
      2637         1         1        11
   6.6575920699635716E-01  -1.4850996358155844E+00  -1.8713235294117654E+00
      2638         1         1        11
   5.5012246960983957E-01  -1.5317054280867359E+00  -1.7499632352941179E+00
      2639         1         1        11
   4.3125739482506803E-01  -1.5693225638499866E+00  -1.8713235294117654E+00
      2640         1         1        11
   3.0986153016549867E-01  -1.5977302907948812E+00  -1.7499632352941181E+00
      2641         1         1        11
   1.8664727483589730E-01  -1.6167619010838710E+00  -1.8713235294117654E+00
      2642         1         1        11
   6.2337699080532862E-02  -1.6263057096601932E+00  -1.7499632352941179E+00
      2643         1         1        11
  -6.2337699080532466E-02  -1.6263057096601932E+00  -1.8713235294117649E+00
      2644         1         1        11
  -1.8664727483589691E-01  -1.6167619010838710E+00  -1.7499632352941179E+00
      2645         1         1        11
  -3.0986153016549828E-01  -1.5977302907948814E+00  -1.8713235294117649E+00
      2646         1         1        11
  -4.3125739482506764E-01  -1.5693225638499868E+00  -1.7499632352941179E+00
      2647         1         1        11
  -5.5012246960983924E-01  -1.5317054280867362E+00  -1.8713235294117649E+00
      2648         1         1        11
  -6.6575920699635682E-01  -1.4850996358155846E+00  -1.7499632352941179E+00
      2649         1         1        11
  -7.7748900462870929E-01  -1.4297786883575578E+00  -1.8713235294117649E+00
      2650         1         1        11
  -8.8465618762698905E-01  -1.3660672310297475E+00  -1.7499632352941177E+00
      2651         1         1        11
  -9.8663185634820505E-01  -1.2943391479975002E+00  -1.8713235294117649E+00
      2652         1         1        11
  -1.0828175770194595E+00  -1.2150153681734677E+00  -1.7499632352941181E+00
      2653         1         1        11
  -1.1726488935852828E+00  -1.1285613950393714E+00  -1.8713235294117649E+00
      2654         1         1        11
  -1.2555986401602139E+00  -1.0354845748864738E+00  -1.7499632352941179E+00
      2655         1         1        11
  -1.3311800346478349E+00  -9.3633111950580239E-01  -1.8713235294117649E+00
      2656         1         1        11
  -1.3989495353716710E+00  -8.3168290080017027E-01  -1.7499632352941179E+00
      2657         1         1        11
  -1.4585094439541182E+00  -7.2215403612847606E-01  -1.8713235294117649E+00
      2658         1         1        11
  -1.5095102391686595E+00  -6.0838728442085011E-01  -1.7499632352941179E+00
      2659         1         1        11
  -1.5516526280693999E+00  -4.9105027421367409E-01  -1.8713235294117649E+00
      2660         1         1        11
  -1.5846893023610857E+00  -3.7083158573985470E-01  -1.7499632352941179E+00
      2661         1         1        11
  -1.6084263897025175E+00  -2.4843671006621620E-01  -1.8713235294117649E+00
      2662         1         1        11
  -1.6227245914265378E+00  -1.2458390899139436E-01  -1.7499632352941181E+00
      2663         1         1        11
  -1.6274999999999999E+00  -2.9896689984184756E-16  -1.8713235294117649E+00
      2664         1         1        11
  -1.6227245914265374E+00   1.2458390899139954E-01  -1.7499632352941179E+00
      2665         1         1        11
  -1.6084263897025173E+00   2.4843671006621851E-01  -1.8713235294117649E+00
      2666         1         1        11
  -1.5846893023610853E+00   3.7083158573985692E-01  -1.7499632352941179E+00
      2667         1         1        11
  -1.5516526280693992E+00   4.9105027421367625E-01  -1.8713235294117649E+00
      2668         1         1        11
  -1.5095102391686581E+00   6.0838728442085355E-01  -1.7499632352941179E+00
      2669         1         1        11
  -1.4585094439541166E+00   7.2215403612847939E-01  -1.8713235294117649E+00
      2670         1         1        11
  -1.3989495353716690E+00   8.3168290080017349E-01  -1.7499632352941179E+00
      2671         1         1        11
  -1.3311800346478317E+00   9.3633111950580650E-01  -1.8713235294117649E+00
      2672         1         1        11
  -1.2555986401602106E+00   1.0354845748864778E+00  -1.7499632352941179E+00
      2673         1         1        11
  -1.1726488935852801E+00   1.1285613950393740E+00  -1.8713235294117649E+00
      2674         1         1        11
  -1.0828175770194577E+00   1.2150153681734690E+00  -1.7499632352941179E+00
      2675         1         1        11
  -9.8663185634820327E-01   1.2943391479975017E+00  -1.8713235294117649E+00
      2676         1         1        11
  -8.8465618762698706E-01   1.3660672310297488E+00  -1.7499632352941179E+00
      2677         1         1        11
  -7.7748900462870729E-01   1.4297786883575589E+00  -1.8713235294117649E+00
      2678         1         1        11
  -6.6575920699635471E-01   1.4850996358155855E+00  -1.7499632352941179E+00
      2679         1         1        11
  -5.5012246960983702E-01   1.5317054280867368E+00  -1.8713235294117649E+00
      2680         1         1        11
  -4.3125739482506542E-01   1.5693225638499873E+00  -1.7499632352941181E+00
      2681         1         1        11
  -3.0986153016549600E-01   1.5977302907948816E+00  -1.8713235294117652E+00
      2682         1         1        11
  -1.8664727483589463E-01   1.6167619010838714E+00  -1.7499632352941181E+00
      2683         1         1        11
  -6.2337699080531619E-02   1.6263057096601932E+00  -1.8713235294117649E+00
      2684         1         1        11
   6.2337699080532674E-02   1.6263057096601932E+00  -1.7499632352941179E+00
      2685         1         1        11
   1.8664727483589713E-01   1.6167619010838710E+00  -1.8713235294117649E+00
      2686         1         1        11
   3.0986153016549989E-01   1.5977302907948809E+00  -1.7499632352941181E+00
      2687         1         1        11
   4.3125739482506786E-01   1.5693225638499868E+00  -1.8713235294117652E+00
      2688         1         1        11
   5.5012246960983668E-01   1.5317054280867370E+00  -1.7499632352941181E+00
      2689         1         1        11
   6.6575920699635438E-01   1.4850996358155857E+00  -1.8713235294117649E+00
      2690         1         1        11
   7.7748900462870696E-01   1.4297786883575592E+00  -1.7499632352941179E+00
      2691         1         1        11
   8.8465618762698661E-01   1.3660672310297488E+00  -1.8713235294117649E+00
      2692         1         1        11
   9.8663185634820283E-01   1.2943391479975017E+00  -1.7499632352941177E+00
      2693         1         1        11
   1.0828175770194575E+00   1.2150153681734694E+00  -1.8713235294117649E+00
      2694         1         1        11
   1.1726488935852808E+00   1.1285613950393734E+00  -1.7499632352941181E+00
      2695         1         1        11
   1.2555986401602133E+00   1.0354845748864747E+00  -1.8713235294117649E+00
      2696         1         1        11
   1.3311800346478349E+00   9.3633111950580217E-01  -1.7499632352941179E+00
      2697         1         1        11
   1.3989495353716710E+00   8.3168290080017004E-01  -1.8713235294117649E+00
      2698         1         1        11
   1.4585094439541184E+00   7.2215403612847584E-01  -1.7499632352941179E+00
      2699         1         1        11
   1.5095102391686595E+00   6.0838728442084988E-01  -1.8713235294117649E+00
      2700         1         1        11
   1.5516526280693999E+00   4.9105027421367392E-01  -1.7499632352941179E+00
      2701         1         1        11
   1.5846893023610857E+00   3.7083158573985447E-01  -1.8713235294117649E+00
      2702         1         1        11
   1.6084263897025171E+00   2.4843671006621887E-01  -1.7499632352941181E+00
      2703         1         1        11
   1.6227245914265376E+00   1.2458390899139705E-01  -1.8713235294117649E+00
      2704         1         1        11
   1.6227245914265378E+00  -1.2458390899139396E-01  -2.1140441176470590E+00
      2705         1         1        11
   1.6084263897025179E+00  -2.4843671006621296E-01  -1.9926838235294122E+00
      2706         1         1        11
   1.5846893023610866E+00  -3.7083158573985109E-01  -2.1140441176470590E+00
      2707         1         1        11
   1.5516526280694007E+00  -4.9105027421367092E-01  -1.9926838235294122E+00
      2708         1         1        11
   1.5095102391686610E+00  -6.0838728442084633E-01  -2.1140441176470590E+00
      2709         1         1        11
   1.4585094439541197E+00  -7.2215403612847306E-01  -1.9926838235294122E+00
      2710         1         1        11
   1.3989495353716719E+00  -8.3168290080016882E-01  -2.1140441176470590E+00
      2711         1         1        11
   1.3311800346478351E+00  -9.3633111950580206E-01  -1.9926838235294120E+00
      2712         1         1        11
   1.2555986401602142E+00  -1.0354845748864736E+00  -2.1140441176470590E+00
      2713         1         1        11
   1.1726488935852830E+00  -1.1285613950393711E+00  -1.9926838235294122E+00
      2714         1         1        11
   1.0828175770194597E+00  -1.2150153681734672E+00  -2.1140441176470590E+00
      2715         1         1        11
   9.8663185634820538E-01  -1.2943391479974999E+00  -1.9926838235294122E+00
      2716         1         1        11
   8.8465618762698939E-01  -1.3660672310297473E+00  -2.1140441176470590E+00
      2717         1         1        11
   7.7748900462870962E-01  -1.4297786883575576E+00  -1.9926838235294122E+00
      2718         1         1        11
   6.6575920699635716E-01  -1.4850996358155844E+00  -2.1140441176470590E+00
      2719         1         1        11
   5.5012246960983957E-01  -1.5317054280867359E+00  -1.9926838235294120E+00
      2720         1         1        11
   4.3125739482506803E-01  -1.5693225638499866E+00  -2.1140441176470590E+00
      2721         1         1        11
   3.0986153016549867E-01  -1.5977302907948812E+00  -1.9926838235294122E+00
      2722         1         1        11
   1.8664727483589730E-01  -1.6167619010838710E+00  -2.1140441176470590E+00
      2723         1         1        11
   6.2337699080532862E-02  -1.6263057096601932E+00  -1.9926838235294120E+00
      2724         1         1        11
  -6.2337699080533195E-02  -1.6263057096601932E+00  -2.1140441176470590E+00
      2725         1         1        11
  -1.8664727483589763E-01  -1.6167619010838710E+00  -1.9926838235294118E+00
      2726         1         1        11
  -3.0986153016549900E-01  -1.5977302907948812E+00  -2.1140441176470590E+00
      2727         1         1        11
  -4.3125739482506764E-01  -1.5693225638499868E+00  -1.9926838235294122E+00
      2728         1         1        11
  -5.5012246960983990E-01  -1.5317054280867357E+00  -2.1140441176470590E+00
      2729         1         1        11
  -6.6575920699635749E-01  -1.4850996358155844E+00  -1.9926838235294120E+00
      2730         1         1        11
  -7.7748900462870996E-01  -1.4297786883575574E+00  -2.1140441176470590E+00
      2731         1         1        11
  -8.8465618762698905E-01  -1.3660672310297475E+00  -1.9926838235294120E+00
      2732         1         1        11
  -9.8663185634820505E-01  -1.2943391479975002E+00  -2.1140441176470590E+00
      2733         1         1        11
  -1.0828175770194595E+00  -1.2150153681734677E+00  -1.9926838235294122E+00
      2734         1         1        11
  -1.1726488935852828E+00  -1.1285613950393714E+00  -2.1140441176470590E+00
      2735         1         1        11
  -1.2555986401602139E+00  -1.0354845748864738E+00  -1.9926838235294118E+00
      2736         1         1        11
  -1.3311800346478349E+00  -9.3633111950580239E-01  -2.1140441176470590E+00
      2737         1         1        11
  -1.3989495353716717E+00  -8.3168290080016916E-01  -1.9926838235294120E+00
      2738         1         1        11
  -1.4585094439541182E+00  -7.2215403612847606E-01  -2.1140441176470590E+00
      2739         1         1        11
  -1.5095102391686595E+00  -6.0838728442085011E-01  -1.9926838235294122E+00
      2740         1         1        11
  -1.5516526280693999E+00  -4.9105027421367409E-01  -2.1140441176470590E+00
      2741         1         1        11
  -1.5846893023610857E+00  -3.7083158573985470E-01  -1.9926838235294118E+00
      2742         1         1        11
  -1.6084263897025175E+00  -2.4843671006621620E-01  -2.1140441176470586E+00
      2743         1         1        11
  -1.6227245914265378E+00  -1.2458390899139436E-01  -1.9926838235294122E+00
      2744         1         1        11
  -1.6274999999999999E+00   2.5920538562820600E-15  -2.1140441176470590E+00
      2745         1         1        11
  -1.6227245914265376E+00   1.2458390899139808E-01  -1.9926838235294120E+00
      2746         1         1        11
  -1.6084263897025171E+00   2.4843671006621990E-01  -2.1140441176470590E+00
      2747         1         1        11
  -1.5846893023610853E+00   3.7083158573985692E-01  -1.9926838235294120E+00
      2748         1         1        11
  -1.5516526280693992E+00   4.9105027421367625E-01  -2.1140441176470590E+00
      2749         1         1        11
  -1.5095102391686586E+00   6.0838728442085221E-01  -1.9926838235294120E+00
      2750         1         1        11
  -1.4585094439541173E+00   7.2215403612847806E-01  -2.1140441176470590E+00
      2751         1         1        11
  -1.3989495353716690E+00   8.3168290080017349E-01  -1.9926838235294120E+00
      2752         1         1        11
  -1.3311800346478326E+00   9.3633111950580550E-01  -2.1140441176470590E+00
      2753         1         1        11
  -1.2555986401602117E+00   1.0354845748864767E+00  -1.9926838235294120E+00
      2754         1         1        11
  -1.1726488935852810E+00   1.1285613950393729E+00  -2.1140441176470590E+00
      2755         1         1        11
  -1.0828175770194577E+00   1.2150153681734690E+00  -1.9926838235294120E+00
      2756         1         1        11
  -9.8663185634820327E-01   1.2943391479975017E+00  -2.1140441176470590E+00
      2757         1         1        11
  -8.8465618762698706E-01   1.3660672310297488E+00  -1.9926838235294120E+00
      2758         1         1        11
  -7.7748900462870729E-01   1.4297786883575589E+00  -2.1140441176470590E+00
      2759         1         1        11
  -6.6575920699635471E-01   1.4850996358155855E+00  -1.9926838235294120E+00
      2760         1         1        11
  -5.5012246960983702E-01   1.5317054280867368E+00  -2.1140441176470590E+00
      2761         1         1        11
  -4.3125739482506542E-01   1.5693225638499873E+00  -1.9926838235294122E+00
      2762         1         1        11
  -3.0986153016549883E-01   1.5977302907948812E+00  -2.1140441176470590E+00
      2763         1         1        11
  -1.8664727483589608E-01   1.6167619010838712E+00  -1.9926838235294122E+00
      2764         1         1        11
  -6.2337699080533070E-02   1.6263057096601932E+00  -2.1140441176470590E+00
      2765         1         1        11
   6.2337699080532674E-02   1.6263057096601932E+00  -1.9926838235294120E+00
      2766         1         1        11
   1.8664727483589713E-01   1.6167619010838710E+00  -2.1140441176470590E+00
      2767         1         1        11
   3.0986153016549844E-01   1.5977302907948812E+00  -1.9926838235294122E+00
      2768         1         1        11
   4.3125739482506786E-01   1.5693225638499868E+00  -2.1140441176470590E+00
      2769         1         1        11
   5.5012246960983668E-01   1.5317054280867370E+00  -1.9926838235294122E+00
      2770         1         1        11
   6.6575920699635438E-01   1.4850996358155857E+00  -2.1140441176470590E+00
      2771         1         1        11
   7.7748900462870696E-01   1.4297786883575592E+00  -1.9926838235294120E+00
      2772         1         1        11
   8.8465618762698661E-01   1.3660672310297488E+00  -2.1140441176470590E+00
      2773         1         1        11
   9.8663185634820283E-01   1.2943391479975017E+00  -1.9926838235294118E+00
      2774         1         1        11
   1.0828175770194575E+00   1.2150153681734694E+00  -2.1140441176470590E+00
      2775         1         1        11
   1.1726488935852808E+00   1.1285613950393734E+00  -1.9926838235294120E+00
      2776         1         1        11
   1.2555986401602124E+00   1.0354845748864758E+00  -2.1140441176470590E+00
      2777         1         1        11
   1.3311800346478349E+00   9.3633111950580217E-01  -1.9926838235294120E+00
      2778         1         1        11
   1.3989495353716703E+00   8.3168290080017127E-01  -2.1140441176470590E+00
      2779         1         1        11
   1.4585094439541184E+00   7.2215403612847584E-01  -1.9926838235294120E+00
      2780         1         1        11
   1.5095102391686595E+00   6.0838728442084988E-01  -2.1140441176470590E+00
      2781         1         1        11
   1.5516526280694003E+00   4.9105027421367248E-01  -1.9926838235294118E+00
      2782         1         1        11
   1.5846893023610853E+00   3.7083158573985592E-01  -2.1140441176470590E+00
      2783         1         1        11
   1.6084263897025171E+00   2.4843671006621887E-01  -1.9926838235294120E+00
      2784         1         1        11
   1.6227245914265376E+00   1.2458390899139705E-01  -2.1140441176470590E+00
      2785         1         1        11
   1.6227245914265378E+00  -1.2458390899139396E-01  -2.3567647058823531E+00
      2786         1         1        11
   1.6084263897025179E+00  -2.4843671006621296E-01  -2.2354044117647063E+00
      2787         1         1        11
   1.5846893023610864E+00  -3.7083158573985148E-01  -2.3567647058823535E+00
      2788         1         1        11
   1.5516526280694007E+00  -4.9105027421367092E-01  -2.2354044117647063E+00
      2789         1         1        11
   1.5095102391686608E+00  -6.0838728442084700E-01  -2.3567647058823531E+00
      2790         1         1        11
   1.4585094439541197E+00  -7.2215403612847306E-01  -2.2354044117647058E+00
      2791         1         1        11
   1.3989495353716719E+00  -8.3168290080016882E-01  -2.3567647058823527E+00
      2792         1         1        11
   1.3311800346478351E+00  -9.3633111950580206E-01  -2.2354044117647058E+00
      2793         1         1        11
   1.2555986401602142E+00  -1.0354845748864736E+00  -2.3567647058823531E+00
      2794         1         1        11
   1.1726488935852830E+00  -1.1285613950393711E+00  -2.2354044117647058E+00
      2795         1         1        11
   1.0828175770194597E+00  -1.2150153681734672E+00  -2.3567647058823531E+00
      2796         1         1        11
   9.8663185634820538E-01  -1.2943391479974999E+00  -2.2354044117647058E+00
      2797         1         1        11
   8.8465618762698939E-01  -1.3660672310297473E+00  -2.3567647058823531E+00
      2798         1         1        11
   7.7748900462870962E-01  -1.4297786883575576E+00  -2.2354044117647058E+00
      2799         1         1        11
   6.6575920699635716E-01  -1.4850996358155844E+00  -2.3567647058823527E+00
      2800         1         1        11
   5.5012246960983957E-01  -1.5317054280867359E+00  -2.2354044117647058E+00
      2801         1         1        11
   4.3125739482506803E-01  -1.5693225638499866E+00  -2.3567647058823527E+00
      2802         1         1        11
   3.0986153016549867E-01  -1.5977302907948812E+00  -2.2354044117647058E+00
      2803         1         1        11
   1.8664727483589730E-01  -1.6167619010838710E+00  -2.3567647058823531E+00
      2804         1         1        11
   6.2337699080532862E-02  -1.6263057096601932E+00  -2.2354044117647058E+00
      2805         1         1        11
  -6.2337699080532466E-02  -1.6263057096601932E+00  -2.3567647058823531E+00
      2806         1         1        11
  -1.8664727483589763E-01  -1.6167619010838710E+00  -2.2354044117647058E+00
      2807         1         1        11
  -3.0986153016549828E-01  -1.5977302907948814E+00  -2.3567647058823531E+00
      2808         1         1        11
  -4.3125739482506764E-01  -1.5693225638499868E+00  -2.2354044117647063E+00
      2809         1         1        11
  -5.5012246960983924E-01  -1.5317054280867362E+00  -2.3567647058823531E+00
      2810         1         1        11
  -6.6575920699635749E-01  -1.4850996358155844E+00  -2.2354044117647058E+00
      2811         1         1        11
  -7.7748900462870929E-01  -1.4297786883575578E+00  -2.3567647058823531E+00
      2812         1         1        11
  -8.8465618762698905E-01  -1.3660672310297475E+00  -2.2354044117647058E+00
      2813         1         1        11
  -9.8663185634820505E-01  -1.2943391479975002E+00  -2.3567647058823531E+00
      2814         1         1        11
  -1.0828175770194595E+00  -1.2150153681734677E+00  -2.2354044117647063E+00
      2815         1         1        11
  -1.1726488935852828E+00  -1.1285613950393714E+00  -2.3567647058823531E+00
      2816         1         1        11
  -1.2555986401602139E+00  -1.0354845748864738E+00  -2.2354044117647058E+00
      2817         1         1        11
  -1.3311800346478349E+00  -9.3633111950580239E-01  -2.3567647058823531E+00
      2818         1         1        11
  -1.3989495353716717E+00  -8.3168290080016916E-01  -2.2354044117647063E+00
      2819         1         1        11
  -1.4585094439541182E+00  -7.2215403612847606E-01  -2.3567647058823535E+00
      2820         1         1        11
  -1.5095102391686590E+00  -6.0838728442085144E-01  -2.2354044117647063E+00
      2821         1         1        11
  -1.5516526280693999E+00  -4.9105027421367409E-01  -2.3567647058823535E+00
      2822         1         1        11
  -1.5846893023610857E+00  -3.7083158573985470E-01  -2.2354044117647058E+00
      2823         1         1        11
  -1.6084263897025175E+00  -2.4843671006621620E-01  -2.3567647058823531E+00
      2824         1         1        11
  -1.6227245914265378E+00  -1.2458390899139436E-01  -2.2354044117647058E+00
      2825         1         1        11
  -1.6274999999999999E+00   1.1465434782201062E-15  -2.3567647058823531E+00
      2826         1         1        11
  -1.6227245914265376E+00   1.2458390899139808E-01  -2.2354044117647058E+00
      2827         1         1        11
  -1.6084263897025171E+00   2.4843671006621990E-01  -2.3567647058823531E+00
      2828         1         1        11
  -1.5846893023610849E+00   3.7083158573985836E-01  -2.2354044117647058E+00
      2829         1         1        11
  -1.5516526280693987E+00   4.9105027421367758E-01  -2.3567647058823531E+00
      2830         1         1        11
  -1.5095102391686586E+00   6.0838728442085221E-01  -2.2354044117647058E+00
      2831         1         1        11
  -1.4585094439541173E+00   7.2215403612847806E-01  -2.3567647058823531E+00
      2832         1         1        11
  -1.3989495353716690E+00   8.3168290080017349E-01  -2.2354044117647058E+00
      2833         1         1        11
  -1.3311800346478317E+00   9.3633111950580650E-01  -2.3567647058823531E+00
      2834         1         1        11
  -1.2555986401602126E+00   1.0354845748864756E+00  -2.2354044117647063E+00
      2835         1         1        11
  -1.1726488935852810E+00   1.1285613950393729E+00  -2.3567647058823531E+00
      2836         1         1        11
  -1.0828175770194577E+00   1.2150153681734690E+00  -2.2354044117647058E+00
      2837         1         1        11
  -9.8663185634820327E-01   1.2943391479975017E+00  -2.3567647058823531E+00
      2838         1         1        11
  -8.8465618762698706E-01   1.3660672310297488E+00  -2.2354044117647058E+00
      2839         1         1        11
  -7.7748900462870729E-01   1.4297786883575589E+00  -2.3567647058823531E+00
      2840         1         1        11
  -6.6575920699635471E-01   1.4850996358155855E+00  -2.2354044117647058E+00
      2841         1         1        11
  -5.5012246960983702E-01   1.5317054280867368E+00  -2.3567647058823531E+00
      2842         1         1        11
  -4.3125739482506542E-01   1.5693225638499873E+00  -2.2354044117647063E+00
      2843         1         1        11
  -3.0986153016549600E-01   1.5977302907948816E+00  -2.3567647058823531E+00
      2844         1         1        11
  -1.8664727483589749E-01   1.6167619010838710E+00  -2.2354044117647058E+00
      2845         1         1        11
  -6.2337699080533070E-02   1.6263057096601932E+00  -2.3567647058823531E+00
      2846         1         1        11
   6.2337699080532674E-02   1.6263057096601932E+00  -2.2354044117647058E+00
      2847         1         1        11
   1.8664727483589713E-01   1.6167619010838710E+00  -2.3567647058823531E+00
      2848         1         1        11
   3.0986153016549844E-01   1.5977302907948812E+00  -2.2354044117647058E+00
      2849         1         1        11
   4.3125739482506786E-01   1.5693225638499868E+00  -2.3567647058823531E+00
      2850         1         1        11
   5.5012246960983935E-01   1.5317054280867359E+00  -2.2354044117647058E+00
      2851         1         1        11
   6.6575920699635571E-01   1.4850996358155850E+00  -2.3567647058823531E+00
      2852         1         1        11
   7.7748900462870696E-01   1.4297786883575592E+00  -2.2354044117647063E+00
      2853         1         1        11
   8.8465618762698661E-01   1.3660672310297488E+00  -2.3567647058823531E+00
      2854         1         1        11
   9.8663185634820283E-01   1.2943391479975017E+00  -2.2354044117647058E+00
      2855         1         1        11
   1.0828175770194575E+00   1.2150153681734694E+00  -2.3567647058823531E+00
      2856         1         1        11
   1.1726488935852808E+00   1.1285613950393734E+00  -2.2354044117647058E+00
      2857         1         1        11
   1.2555986401602124E+00   1.0354845748864758E+00  -2.3567647058823531E+00
      2858         1         1        11
   1.3311800346478342E+00   9.3633111950580328E-01  -2.2354044117647058E+00
      2859         1         1        11
   1.3989495353716703E+00   8.3168290080017127E-01  -2.3567647058823531E+00
      2860         1         1        11
   1.4585094439541177E+00   7.2215403612847717E-01  -2.2354044117647058E+00
      2861         1         1        11
   1.5095102391686590E+00   6.0838728442085122E-01  -2.3567647058823531E+00
      2862         1         1        11
   1.5516526280693999E+00   4.9105027421367392E-01  -2.2354044117647058E+00
      2863         1         1        11
   1.5846893023610853E+00   3.7083158573985731E-01  -2.3567647058823531E+00
      2864         1         1        11
   1.6084263897025168E+00   2.4843671006622031E-01  -2.2354044117647058E+00
      2865         1         1        11
   1.6227245914265376E+00   1.2458390899139705E-01  -2.3567647058823531E+00
      2866         1         1        11
   1.6227245914265378E+00  -1.2458390899139396E-01  -2.5994852941176472E+00
      2867         1         1        11
   1.6084263897025179E+00  -2.4843671006621296E-01  -2.4781250000000004E+00
      2868         1         1        11
   1.5846893023610864E+00  -3.7083158573985148E-01  -2.5994852941176472E+00
      2869         1         1        11
   1.5516526280694007E+00  -4.9105027421367092E-01  -2.4781250000000004E+00
      2870         1         1        11
   1.5095102391686608E+00  -6.0838728442084700E-01  -2.5994852941176476E+00
      2871         1         1        11
   1.4585094439541197E+00  -7.2215403612847306E-01  -2.4781250000000004E+00
      2872         1         1        11
   1.3989495353716719E+00  -8.3168290080016882E-01  -2.5994852941176476E+00
      2873         1         1        11
   1.3311800346478351E+00  -9.3633111950580206E-01  -2.4781250000000004E+00
      2874         1         1        11
   1.2555986401602142E+00  -1.0354845748864736E+00  -2.5994852941176472E+00
      2875         1         1        11
   1.1726488935852835E+00  -1.1285613950393707E+00  -2.4781250000000004E+00
      2876         1         1        11
   1.0828175770194597E+00  -1.2150153681734672E+00  -2.5994852941176472E+00
      2877         1         1        11
   9.8663185634820538E-01  -1.2943391479974999E+00  -2.4781250000000004E+00
      2878         1         1        11
   8.8465618762698939E-01  -1.3660672310297473E+00  -2.5994852941176472E+00
      2879         1         1        11
   7.7748900462870962E-01  -1.4297786883575576E+00  -2.4781250000000004E+00
      2880         1         1        11
   6.6575920699635716E-01  -1.4850996358155844E+00  -2.5994852941176472E+00
      2881         1         1        11
   5.5012246960983957E-01  -1.5317054280867359E+00  -2.4781249999999999E+00
      2882         1         1        11
   4.3125739482506803E-01  -1.5693225638499866E+00  -2.5994852941176472E+00
      2883         1         1        11
   3.0986153016549867E-01  -1.5977302907948812E+00  -2.4781250000000004E+00
      2884         1         1        11
   1.8664727483589730E-01  -1.6167619010838710E+00  -2.5994852941176472E+00
      2885         1         1        11
   6.2337699080532862E-02  -1.6263057096601932E+00  -2.4781250000000004E+00
      2886         1         1        11
  -6.2337699080533916E-02  -1.6263057096601932E+00  -2.5994852941176472E+00
      2887         1         1        11
  -1.8664727483589835E-01  -1.6167619010838710E+00  -2.4781250000000004E+00
      2888         1         1        11
  -3.0986153016549967E-01  -1.5977302907948809E+00  -2.5994852941176472E+00
      2889         1         1        11
  -4.3125739482506764E-01  -1.5693225638499868E+00  -2.4781250000000004E+00
      2890         1         1        11
  -5.5012246960983924E-01  -1.5317054280867362E+00  -2.5994852941176472E+00
      2891         1         1        11
  -6.6575920699635682E-01  -1.4850996358155846E+00  -2.4781250000000004E+00
      2892         1         1        11
  -7.7748900462870929E-01  -1.4297786883575578E+00  -2.5994852941176472E+00
      2893         1         1        11
  -8.8465618762698905E-01  -1.3660672310297475E+00  -2.4781250000000004E+00
      2894         1         1        11
  -9.8663185634820505E-01  -1.2943391479975002E+00  -2.5994852941176472E+00
      2895         1         1        11
  -1.0828175770194595E+00  -1.2150153681734677E+00  -2.4781250000000004E+00
      2896         1         1        11
  -1.1726488935852828E+00  -1.1285613950393714E+00  -2.5994852941176472E+00
      2897         1         1        11
  -1.2555986401602139E+00  -1.0354845748864738E+00  -2.4781250000000004E+00
      2898         1         1        11
  -1.3311800346478340E+00  -9.3633111950580350E-01  -2.5994852941176472E+00
      2899         1         1        11
  -1.3989495353716703E+00  -8.3168290080017149E-01  -2.4781250000000004E+00
      2900         1         1        11
  -1.4585094439541182E+00  -7.2215403612847606E-01  -2.5994852941176472E+00
      2901         1         1        11
  -1.5095102391686595E+00  -6.0838728442085011E-01  -2.4781250000000004E+00
      2902         1         1        11
  -1.5516526280693999E+00  -4.9105027421367409E-01  -2.5994852941176472E+00
      2903         1         1        11
  -1.5846893023610857E+00  -3.7083158573985470E-01  -2.4781250000000004E+00
      2904         1         1        11
  -1.6084263897025175E+00  -2.4843671006621620E-01  -2.5994852941176472E+00
      2905         1         1        11
  -1.6227245914265378E+00  -1.2458390899139436E-01  -2.4781250000000004E+00
      2906         1         1        11
  -1.6274999999999999E+00   1.1465434782201062E-15  -2.5994852941176472E+00
      2907         1         1        11
  -1.6227245914265376E+00   1.2458390899139664E-01  -2.4781250000000004E+00
      2908         1         1        11
  -1.6084263897025173E+00   2.4843671006621851E-01  -2.5994852941176472E+00
      2909         1         1        11
  -1.5846893023610849E+00   3.7083158573985836E-01  -2.4781250000000004E+00
      2910         1         1        11
  -1.5516526280693996E+00   4.9105027421367492E-01  -2.5994852941176472E+00
      2911         1         1        11
  -1.5095102391686592E+00   6.0838728442085077E-01  -2.4781250000000004E+00
      2912         1         1        11
  -1.4585094439541173E+00   7.2215403612847806E-01  -2.5994852941176472E+00
      2913         1         1        11
  -1.3989495353716690E+00   8.3168290080017349E-01  -2.4781250000000004E+00
      2914         1         1        11
  -1.3311800346478317E+00   9.3633111950580650E-01  -2.5994852941176472E+00
      2915         1         1        11
  -1.2555986401602117E+00   1.0354845748864767E+00  -2.4781250000000004E+00
      2916         1         1        11
  -1.1726488935852810E+00   1.1285613950393729E+00  -2.5994852941176472E+00
      2917         1         1        11
  -1.0828175770194577E+00   1.2150153681734690E+00  -2.4781250000000004E+00
      2918         1         1        11
  -9.8663185634820327E-01   1.2943391479975017E+00  -2.5994852941176472E+00
      2919         1         1        11
  -8.8465618762698706E-01   1.3660672310297488E+00  -2.4781250000000004E+00
      2920         1         1        11
  -7.7748900462870729E-01   1.4297786883575589E+00  -2.5994852941176472E+00
      2921         1         1        11
  -6.6575920699635471E-01   1.4850996358155855E+00  -2.4781250000000004E+00
      2922         1         1        11
  -5.5012246960983702E-01   1.5317054280867368E+00  -2.5994852941176472E+00
      2923         1         1        11
  -4.3125739482506403E-01   1.5693225638499877E+00  -2.4781250000000004E+00
      2924         1         1        11
  -3.0986153016549739E-01   1.5977302907948814E+00  -2.5994852941176472E+00
      2925         1         1        11
  -1.8664727483589749E-01   1.6167619010838710E+00  -2.4781250000000004E+00
      2926         1         1        11
  -6.2337699080533070E-02   1.6263057096601932E+00  -2.5994852941176472E+00
      2927         1         1        11
   6.2337699080532674E-02   1.6263057096601932E+00  -2.4781250000000004E+00
      2928         1         1        11
   1.8664727483589713E-01   1.6167619010838710E+00  -2.5994852941176472E+00
      2929         1         1        11
   3.0986153016549844E-01   1.5977302907948812E+00  -2.4781250000000004E+00
      2930         1         1        11
   4.3125739482506642E-01   1.5693225638499870E+00  -2.5994852941176472E+00
      2931         1         1        11
   5.5012246960983802E-01   1.5317054280867366E+00  -2.4781250000000004E+00
      2932         1         1        11
   6.6575920699635438E-01   1.4850996358155857E+00  -2.5994852941176472E+00
      2933         1         1        11
   7.7748900462870696E-01   1.4297786883575592E+00  -2.4781250000000004E+00
      2934         1         1        11
   8.8465618762698661E-01   1.3660672310297488E+00  -2.5994852941176472E+00
      2935         1         1        11
   9.8663185634820283E-01   1.2943391479975017E+00  -2.4781250000000004E+00
      2936         1         1        11
   1.0828175770194575E+00   1.2150153681734694E+00  -2.5994852941176472E+00
      2937         1         1        11
   1.1726488935852808E+00   1.1285613950393734E+00  -2.4781250000000004E+00
      2938         1         1        11
   1.2555986401602124E+00   1.0354845748864758E+00  -2.5994852941176472E+00
      2939         1         1        11
   1.3311800346478333E+00   9.3633111950580450E-01  -2.4781250000000004E+00
      2940         1         1        11
   1.3989495353716710E+00   8.3168290080017004E-01  -2.5994852941176472E+00
      2941         1         1        11
   1.4585094439541184E+00   7.2215403612847584E-01  -2.4781250000000004E+00
      2942         1         1        11
   1.5095102391686595E+00   6.0838728442084988E-01  -2.5994852941176472E+00
      2943         1         1        11
   1.5516526280693990E+00   4.9105027421367659E-01  -2.4781250000000004E+00
      2944         1         1        11
   1.5846893023610853E+00   3.7083158573985731E-01  -2.5994852941176476E+00
      2945         1         1        11
   1.6084263897025171E+00   2.4843671006621887E-01  -2.4781250000000004E+00
      2946         1         1        11
   1.6227245914265376E+00   1.2458390899139705E-01  -2.5994852941176472E+00
      2947         1         1        11
   1.6227245914265378E+00  -1.2458390899139396E-01  -2.8422058823529417E+00
      2948         1         1        11
   1.6084263897025179E+00  -2.4843671006621296E-01  -2.7208455882352944E+00
      2949         1         1        11
   1.5846893023610864E+00  -3.7083158573985148E-01  -2.8422058823529417E+00
      2950         1         1        11
   1.5516526280694007E+00  -4.9105027421367092E-01  -2.7208455882352944E+00
      2951         1         1        11
   1.5095102391686608E+00  -6.0838728442084700E-01  -2.8422058823529412E+00
      2952         1         1        11
   1.4585094439541197E+00  -7.2215403612847306E-01  -2.7208455882352944E+00
      2953         1         1        11
   1.3989495353716719E+00  -8.3168290080016882E-01  -2.8422058823529417E+00
      2954         1         1        11
   1.3311800346478351E+00  -9.3633111950580206E-01  -2.7208455882352949E+00
      2955         1         1        11
   1.2555986401602142E+00  -1.0354845748864736E+00  -2.8422058823529417E+00
      2956         1         1        11
   1.1726488935852830E+00  -1.1285613950393711E+00  -2.7208455882352940E+00
      2957         1         1        11
   1.0828175770194597E+00  -1.2150153681734672E+00  -2.8422058823529412E+00
      2958         1         1        11
   9.8663185634820538E-01  -1.2943391479974999E+00  -2.7208455882352940E+00
      2959         1         1        11
   8.8465618762698939E-01  -1.3660672310297473E+00  -2.8422058823529412E+00
      2960         1         1        11
   7.7748900462870962E-01  -1.4297786883575576E+00  -2.7208455882352944E+00
      2961         1         1        11
   6.6575920699635716E-01  -1.4850996358155844E+00  -2.8422058823529412E+00
      2962         1         1        11
   5.5012246960983957E-01  -1.5317054280867359E+00  -2.7208455882352940E+00
      2963         1         1        11
   4.3125739482506803E-01  -1.5693225638499866E+00  -2.8422058823529417E+00
      2964         1         1        11
   3.0986153016549867E-01  -1.5977302907948812E+00  -2.7208455882352949E+00
      2965         1         1        11
   1.8664727483589730E-01  -1.6167619010838710E+00  -2.8422058823529417E+00
      2966         1         1        11
   6.2337699080532862E-02  -1.6263057096601932E+00  -2.7208455882352940E+00
      2967         1         1        11
  -6.2337699080532466E-02  -1.6263057096601932E+00  -2.8422058823529408E+00
      2968         1         1        11
  -1.8664727483589835E-01  -1.6167619010838710E+00  -2.7208455882352940E+00
      2969         1         1        11
  -3.0986153016549828E-01  -1.5977302907948814E+00  -2.8422058823529417E+00
      2970         1         1        11
  -4.3125739482506764E-01  -1.5693225638499868E+00  -2.7208455882352949E+00
      2971         1         1        11
  -5.5012246960983924E-01  -1.5317054280867362E+00  -2.8422058823529412E+00
      2972         1         1        11
  -6.6575920699635682E-01  -1.4850996358155846E+00  -2.7208455882352940E+00
      2973         1         1        11
  -7.7748900462870929E-01  -1.4297786883575578E+00  -2.8422058823529408E+00
      2974         1         1        11
  -8.8465618762698905E-01  -1.3660672310297475E+00  -2.7208455882352940E+00
      2975         1         1        11
  -9.8663185634820505E-01  -1.2943391479975002E+00  -2.8422058823529417E+00
      2976         1         1        11
  -1.0828175770194595E+00  -1.2150153681734677E+00  -2.7208455882352949E+00
      2977         1         1        11
  -1.1726488935852828E+00  -1.1285613950393714E+00  -2.8422058823529417E+00
      2978         1         1        11
  -1.2555986401602139E+00  -1.0354845748864738E+00  -2.7208455882352940E+00
      2979         1         1        11
  -1.3311800346478349E+00  -9.3633111950580239E-01  -2.8422058823529412E+00
      2980         1         1        11
  -1.3989495353716703E+00  -8.3168290080017149E-01  -2.7208455882352940E+00
      2981         1         1        11
  -1.4585094439541182E+00  -7.2215403612847606E-01  -2.8422058823529408E+00
      2982         1         1        11
  -1.5095102391686595E+00  -6.0838728442085011E-01  -2.7208455882352940E+00
      2983         1         1        11
  -1.5516526280693999E+00  -4.9105027421367409E-01  -2.8422058823529408E+00
      2984         1         1        11
  -1.5846893023610857E+00  -3.7083158573985470E-01  -2.7208455882352940E+00
      2985         1         1        11
  -1.6084263897025175E+00  -2.4843671006621620E-01  -2.8422058823529417E+00
      2986         1         1        11
  -1.6227245914265378E+00  -1.2458390899139436E-01  -2.7208455882352944E+00
      2987         1         1        11
  -1.6274999999999999E+00   2.5920538562820600E-15  -2.8422058823529417E+00
      2988         1         1        11
  -1.6227245914265374E+00   1.2458390899139954E-01  -2.7208455882352940E+00
      2989         1         1        11
  -1.6084263897025166E+00   2.4843671006622137E-01  -2.8422058823529412E+00
      2990         1         1        11
  -1.5846893023610849E+00   3.7083158573985836E-01  -2.7208455882352940E+00
      2991         1         1        11
  -1.5516526280693992E+00   4.9105027421367625E-01  -2.8422058823529412E+00
      2992         1         1        11
  -1.5095102391686597E+00   6.0838728442084955E-01  -2.7208455882352944E+00
      2993         1         1        11
  -1.4585094439541173E+00   7.2215403612847806E-01  -2.8422058823529417E+00
      2994         1         1        11
  -1.3989495353716683E+00   8.3168290080017471E-01  -2.7208455882352944E+00
      2995         1         1        11
  -1.3311800346478317E+00   9.3633111950580650E-01  -2.8422058823529412E+00
      2996         1         1        11
  -1.2555986401602117E+00   1.0354845748864767E+00  -2.7208455882352940E+00
      2997         1         1        11
  -1.1726488935852810E+00   1.1285613950393729E+00  -2.8422058823529408E+00
      2998         1         1        11
  -1.0828175770194577E+00   1.2150153681734690E+00  -2.7208455882352940E+00
      2999         1         1        11
  -9.8663185634820327E-01   1.2943391479975017E+00  -2.8422058823529412E+00
      3000         1         1        11
  -8.8465618762698706E-01   1.3660672310297488E+00  -2.7208455882352940E+00
      3001         1         1        11
  -7.7748900462870729E-01   1.4297786883575589E+00  -2.8422058823529412E+00
      3002         1         1        11
  -6.6575920699635471E-01   1.4850996358155855E+00  -2.7208455882352940E+00
      3003         1         1        11
  -5.5012246960983702E-01   1.5317054280867368E+00  -2.8422058823529417E+00
      3004         1         1        11
  -4.3125739482506542E-01   1.5693225638499873E+00  -2.7208455882352944E+00
      3005         1         1        11
  -3.0986153016549739E-01   1.5977302907948814E+00  -2.8422058823529417E+00
      3006         1         1        11
  -1.8664727483589749E-01   1.6167619010838710E+00  -2.7208455882352940E+00
      3007         1         1        11
  -6.2337699080533070E-02   1.6263057096601932E+00  -2.8422058823529412E+00
      3008         1         1        11
   6.2337699080532674E-02   1.6263057096601932E+00  -2.7208455882352940E+00
      3009         1         1        11
   1.8664727483589713E-01   1.6167619010838710E+00  -2.8422058823529412E+00
      3010         1         1        11
   3.0986153016549844E-01   1.5977302907948812E+00  -2.7208455882352940E+00
      3011         1         1        11
   4.3125739482506786E-01   1.5693225638499868E+00  -2.8422058823529412E+00
      3012         1         1        11
   5.5012246960983668E-01   1.5317054280867370E+00  -2.7208455882352940E+00
      3013         1         1        11
   6.6575920699635438E-01   1.4850996358155857E+00  -2.8422058823529412E+00
      3014         1         1        11
   7.7748900462870696E-01   1.4297786883575592E+00  -2.7208455882352940E+00
      3015         1         1        11
   8.8465618762698661E-01   1.3660672310297488E+00  -2.8422058823529408E+00
      3016         1         1        11
   9.8663185634820283E-01   1.2943391479975017E+00  -2.7208455882352940E+00
      3017         1         1        11
   1.0828175770194575E+00   1.2150153681734694E+00  -2.8422058823529412E+00
      3018         1         1        11
   1.1726488935852808E+00   1.1285613950393734E+00  -2.7208455882352944E+00
      3019         1         1        11
   1.2555986401602133E+00   1.0354845748864747E+00  -2.8422058823529417E+00
      3020         1         1        11
   1.3311800346478342E+00   9.3633111950580328E-01  -2.7208455882352949E+00
      3021         1         1        11
   1.3989495353716710E+00   8.3168290080017004E-01  -2.8422058823529417E+00
      3022         1         1        11
   1.4585094439541191E+00   7.2215403612847462E-01  -2.7208455882352940E+00
      3023         1         1        11
   1.5095102391686595E+00   6.0838728442084988E-01  -2.8422058823529412E+00
      3024         1         1        11
   1.5516526280693999E+00   4.9105027421367392E-01  -2.7208455882352944E+00
      3025         1         1        11
   1.5846893023610857E+00   3.7083158573985447E-01  -2.8422058823529417E+00
      3026         1         1        11
   1.6084263897025171E+00   2.4843671006621887E-01  -2.7208455882352949E+00
      3027         1         1        11
   1.6227245914265376E+00   1.2458390899139705E-01  -2.8422058823529417E+00
      3028         1         1        11
   1.6227245914265378E+00  -1.2458390899139396E-01  -3.0849264705882353E+00
      3029         1         1        11
   1.6084263897025179E+00  -2.4843671006621296E-01  -2.9635661764705885E+00
      3030         1         1        11
   1.5846893023610864E+00  -3.7083158573985148E-01  -3.0849264705882353E+00
      3031         1         1        11
   1.5516526280694007E+00  -4.9105027421367092E-01  -2.9635661764705885E+00
      3032         1         1        11
   1.5095102391686608E+00  -6.0838728442084700E-01  -3.0849264705882353E+00
      3033         1         1        11
   1.4585094439541197E+00  -7.2215403612847306E-01  -2.9635661764705885E+00
      3034         1         1        11
   1.3989495353716719E+00  -8.3168290080016882E-01  -3.0849264705882353E+00
      3035         1         1        11
   1.3311800346478351E+00  -9.3633111950580206E-01  -2.9635661764705885E+00
      3036         1         1        11
   1.2555986401602142E+00  -1.0354845748864736E+00  -3.0849264705882353E+00
      3037         1         1        11
   1.1726488935852830E+00  -1.1285613950393711E+00  -2.9635661764705885E+00
      3038         1         1        11
   1.0828175770194597E+00  -1.2150153681734672E+00  -3.0849264705882349E+00
      3039         1         1        11
   9.8663185634820538E-01  -1.2943391479974999E+00  -2.9635661764705876E+00
      3040         1         1        11
   8.8465618762698939E-01  -1.3660672310297473E+00  -3.0849264705882344E+00
      3041         1         1        11
   7.7748900462870962E-01  -1.4297786883575576E+00  -2.9635661764705881E+00
      3042         1         1        11
   6.6575920699635716E-01  -1.4850996358155844E+00  -3.0849264705882353E+00
      3043         1         1        11
   5.5012246960983957E-01  -1.5317054280867359E+00  -2.9635661764705885E+00
      3044         1         1        11
   4.3125739482506803E-01  -1.5693225638499866E+00  -3.0849264705882353E+00
      3045         1         1        11
   3.0986153016549867E-01  -1.5977302907948812E+00  -2.9635661764705885E+00
      3046         1         1        11
   1.8664727483589730E-01  -1.6167619010838710E+00  -3.0849264705882353E+00
      3047         1         1        11
   6.2337699080532862E-02  -1.6263057096601932E+00  -2.9635661764705881E+00
      3048         1         1        11
  -6.2337699080532466E-02  -1.6263057096601932E+00  -3.0849264705882353E+00
      3049         1         1        11
  -1.8664727483589691E-01  -1.6167619010838710E+00  -2.9635661764705881E+00
      3050         1         1        11
  -3.0986153016549828E-01  -1.5977302907948814E+00  -3.0849264705882353E+00
      3051         1         1        11
  -4.3125739482506764E-01  -1.5693225638499868E+00  -2.9635661764705885E+00
      3052         1         1        11
  -5.5012246960983924E-01  -1.5317054280867362E+00  -3.0849264705882349E+00
      3053         1         1        11
  -6.6575920699635682E-01  -1.4850996358155846E+00  -2.9635661764705876E+00
      3054         1         1        11
  -7.7748900462870929E-01  -1.4297786883575578E+00  -3.0849264705882349E+00
      3055         1         1        11
  -8.8465618762698905E-01  -1.3660672310297475E+00  -2.9635661764705885E+00
      3056         1         1        11
  -9.8663185634820505E-01  -1.2943391479975002E+00  -3.0849264705882353E+00
      3057         1         1        11
  -1.0828175770194595E+00  -1.2150153681734677E+00  -2.9635661764705885E+00
      3058         1         1        11
  -1.1726488935852832E+00  -1.1285613950393709E+00  -3.0849264705882353E+00
      3059         1         1        11
  -1.2555986401602139E+00  -1.0354845748864738E+00  -2.9635661764705885E+00
      3060         1         1        11
  -1.3311800346478349E+00  -9.3633111950580239E-01  -3.0849264705882353E+00
      3061         1         1        11
  -1.3989495353716710E+00  -8.3168290080017027E-01  -2.9635661764705885E+00
      3062         1         1        11
  -1.4585094439541182E+00  -7.2215403612847606E-01  -3.0849264705882353E+00
      3063         1         1        11
  -1.5095102391686590E+00  -6.0838728442085144E-01  -2.9635661764705881E+00
      3064         1         1        11
  -1.5516526280693999E+00  -4.9105027421367409E-01  -3.0849264705882353E+00
      3065         1         1        11
  -1.5846893023610857E+00  -3.7083158573985470E-01  -2.9635661764705885E+00
      3066         1         1        11
  -1.6084263897025175E+00  -2.4843671006621620E-01  -3.0849264705882353E+00
      3067         1         1        11
  -1.6227245914265378E+00  -1.2458390899139436E-01  -2.9635661764705885E+00
      3068         1         1        11
  -1.6274999999999999E+00   1.1465434782201062E-15  -3.0849264705882353E+00
      3069         1         1        11
  -1.6227245914265374E+00   1.2458390899139954E-01  -2.9635661764705885E+00
      3070         1         1        11
  -1.6084263897025173E+00   2.4843671006621851E-01  -3.0849264705882353E+00
      3071         1         1        11
  -1.5846893023610849E+00   3.7083158573985836E-01  -2.9635661764705885E+00
      3072         1         1        11
  -1.5516526280693992E+00   4.9105027421367625E-01  -3.0849264705882353E+00
      3073         1         1        11
  -1.5095102391686592E+00   6.0838728442085077E-01  -2.9635661764705885E+00
      3074         1         1        11
  -1.4585094439541173E+00   7.2215403612847806E-01  -3.0849264705882353E+00
      3075         1         1        11
  -1.3989495353716683E+00   8.3168290080017471E-01  -2.9635661764705885E+00
      3076         1         1        11
  -1.3311800346478317E+00   9.3633111950580650E-01  -3.0849264705882353E+00
      3077         1         1        11
  -1.2555986401602126E+00   1.0354845748864756E+00  -2.9635661764705881E+00
      3078         1         1        11
  -1.1726488935852810E+00   1.1285613950393729E+00  -3.0849264705882353E+00
      3079         1         1        11
  -1.0828175770194577E+00   1.2150153681734690E+00  -2.9635661764705885E+00
      3080         1         1        11
  -9.8663185634820327E-01   1.2943391479975017E+00  -3.0849264705882353E+00
      3081         1         1        11
  -8.8465618762698706E-01   1.3660672310297488E+00  -2.9635661764705885E+00
      3082         1         1        11
  -7.7748900462870729E-01   1.4297786883575589E+00  -3.0849264705882353E+00
      3083         1         1        11
  -6.6575920699635471E-01   1.4850996358155855E+00  -2.9635661764705885E+00
      3084         1         1        11
  -5.5012246960983702E-01   1.5317054280867368E+00  -3.0849264705882353E+00
      3085         1         1        11
  -4.3125739482506542E-01   1.5693225638499873E+00  -2.9635661764705885E+00
      3086         1         1        11
  -3.0986153016549739E-01   1.5977302907948814E+00  -3.0849264705882353E+00
      3087         1         1        11
  -1.8664727483589749E-01   1.6167619010838710E+00  -2.9635661764705885E+00
      3088         1         1        11
  -6.2337699080533070E-02   1.6263057096601932E+00  -3.0849264705882353E+00
      3089         1         1        11
   6.2337699080532674E-02   1.6263057096601932E+00  -2.9635661764705881E+00
      3090         1         1        11
   1.8664727483589713E-01   1.6167619010838710E+00  -3.0849264705882353E+00
      3091         1         1        11
   3.0986153016549844E-01   1.5977302907948812E+00  -2.9635661764705885E+00
      3092         1         1        11
   4.3125739482506920E-01   1.5693225638499861E+00  -3.0849264705882353E+00
      3093         1         1        11
   5.5012246960983935E-01   1.5317054280867359E+00  -2.9635661764705885E+00
      3094         1         1        11
   6.6575920699635704E-01   1.4850996358155846E+00  -3.0849264705882353E+00
      3095         1         1        11
   7.7748900462870696E-01   1.4297786883575592E+00  -2.9635661764705885E+00
      3096         1         1        11
   8.8465618762698661E-01   1.3660672310297488E+00  -3.0849264705882353E+00
      3097         1         1        11
   9.8663185634820283E-01   1.2943391479975017E+00  -2.9635661764705881E+00
      3098         1         1        11
   1.0828175770194575E+00   1.2150153681734694E+00  -3.0849264705882353E+00
      3099         1         1        11
   1.1726488935852808E+00   1.1285613950393734E+00  -2.9635661764705885E+00
      3100         1         1        11
   1.2555986401602124E+00   1.0354845748864758E+00  -3.0849264705882353E+00
      3101         1         1        11
   1.3311800346478342E+00   9.3633111950580328E-01  -2.9635661764705885E+00
      3102         1         1        11
   1.3989495353716703E+00   8.3168290080017127E-01  -3.0849264705882353E+00
      3103         1         1        11
   1.4585094439541184E+00   7.2215403612847584E-01  -2.9635661764705885E+00
      3104         1         1        11
   1.5095102391686595E+00   6.0838728442084988E-01  -3.0849264705882353E+00
      3105         1         1        11
   1.5516526280693999E+00   4.9105027421367392E-01  -2.9635661764705885E+00
      3106         1         1        11
   1.5846893023610853E+00   3.7083158573985731E-01  -3.0849264705882353E+00
      3107         1         1        11
   1.6084263897025171E+00   2.4843671006621887E-01  -2.9635661764705885E+00
      3108         1         1        11
   1.6227245914265376E+00   1.2458390899139705E-01  -3.0849264705882353E+00
      3109         1         1        11
   1.6227245914265378E+00  -1.2458390899139396E-01  -3.3276470588235294E+00
      3110         1         1        11
   1.6084263897025179E+00  -2.4843671006621296E-01  -3.2062867647058821E+00
      3111         1         1        11
   1.5846893023610864E+00  -3.7083158573985148E-01  -3.3276470588235298E+00
      3112         1         1        11
   1.5516526280694007E+00  -4.9105027421367092E-01  -3.2062867647058830E+00
      3113         1         1        11
   1.5095102391686608E+00  -6.0838728442084700E-01  -3.3276470588235298E+00
      3114         1         1        11
   1.4585094439541197E+00  -7.2215403612847306E-01  -3.2062867647058821E+00
      3115         1         1        11
   1.3989495353716719E+00  -8.3168290080016882E-01  -3.3276470588235298E+00
      3116         1         1        11
   1.3311800346478351E+00  -9.3633111950580206E-01  -3.2062867647058826E+00
      3117         1         1        11
   1.2555986401602142E+00  -1.0354845748864736E+00  -3.3276470588235298E+00
      3118         1         1        11
   1.1726488935852830E+00  -1.1285613950393711E+00  -3.2062867647058830E+00
      3119         1         1        11
   1.0828175770194597E+00  -1.2150153681734672E+00  -3.3276470588235298E+00
      3120         1         1        11
   9.8663185634820538E-01  -1.2943391479974999E+00  -3.2062867647058821E+00
      3121         1         1        11
   8.8465618762698939E-01  -1.3660672310297473E+00  -3.3276470588235303E+00
      3122         1         1        11
   7.7748900462870962E-01  -1.4297786883575576E+00  -3.2062867647058826E+00
      3123         1         1        11
   6.6575920699635716E-01  -1.4850996358155844E+00  -3.3276470588235298E+00
      3124         1         1        11
   5.5012246960983957E-01  -1.5317054280867359E+00  -3.2062867647058826E+00
      3125         1         1        11
   4.3125739482506803E-01  -1.5693225638499866E+00  -3.3276470588235298E+00
      3126         1         1        11
   3.0986153016549867E-01  -1.5977302907948812E+00  -3.2062867647058830E+00
      3127         1         1        11
   1.8664727483589730E-01  -1.6167619010838710E+00  -3.3276470588235298E+00
      3128         1         1        11
   6.2337699080532862E-02  -1.6263057096601932E+00  -3.2062867647058821E+00
      3129         1         1        11
  -6.2337699080533195E-02  -1.6263057096601932E+00  -3.3276470588235294E+00
      3130         1         1        11
  -1.8664727483589763E-01  -1.6167619010838710E+00  -3.2062867647058826E+00
      3131         1         1        11
  -3.0986153016549900E-01  -1.5977302907948812E+00  -3.3276470588235294E+00
      3132         1         1        11
  -4.3125739482506764E-01  -1.5693225638499868E+00  -3.2062867647058821E+00
      3133         1         1        11
  -5.5012246960983924E-01  -1.5317054280867362E+00  -3.3276470588235290E+00
      3134         1         1        11
  -6.6575920699635682E-01  -1.4850996358155846E+00  -3.2062867647058817E+00
      3135         1         1        11
  -7.7748900462870929E-01  -1.4297786883575578E+00  -3.3276470588235290E+00
      3136         1         1        11
  -8.8465618762698905E-01  -1.3660672310297475E+00  -3.2062867647058821E+00
      3137         1         1        11
  -9.8663185634820505E-01  -1.2943391479975002E+00  -3.3276470588235290E+00
      3138         1         1        11
  -1.0828175770194595E+00  -1.2150153681734677E+00  -3.2062867647058821E+00
      3139         1         1        11
  -1.1726488935852832E+00  -1.1285613950393709E+00  -3.3276470588235298E+00
      3140         1         1        11
  -1.2555986401602148E+00  -1.0354845748864725E+00  -3.2062867647058826E+00
      3141         1         1        11
  -1.3311800346478349E+00  -9.3633111950580239E-01  -3.3276470588235298E+00
      3142         1         1        11
  -1.3989495353716703E+00  -8.3168290080017149E-01  -3.2062867647058826E+00
      3143         1         1        11
  -1.4585094439541182E+00  -7.2215403612847606E-01  -3.3276470588235298E+00
      3144         1         1        11
  -1.5095102391686595E+00  -6.0838728442085011E-01  -3.2062867647058826E+00
      3145         1         1        11
  -1.5516526280693999E+00  -4.9105027421367409E-01  -3.3276470588235298E+00
      3146         1         1        11
  -1.5846893023610857E+00  -3.7083158573985470E-01  -3.2062867647058826E+00
      3147         1         1        11
  -1.6084263897025175E+00  -2.4843671006621620E-01  -3.3276470588235298E+00
      3148         1         1        11
  -1.6227245914265378E+00  -1.2458390899139436E-01  -3.2062867647058830E+00
      3149         1         1        11
  -1.6274999999999999E+00   2.5920538562820600E-15  -3.3276470588235298E+00
      3150         1         1        11
  -1.6227245914265374E+00   1.2458390899139954E-01  -3.2062867647058826E+00
      3151         1         1        11
  -1.6084263897025166E+00   2.4843671006622137E-01  -3.3276470588235298E+00
      3152         1         1        11
  -1.5846893023610849E+00   3.7083158573985836E-01  -3.2062867647058826E+00
      3153         1         1        11
  -1.5516526280693983E+00   4.9105027421367903E-01  -3.3276470588235294E+00
      3154         1         1        11
  -1.5095102391686586E+00   6.0838728442085221E-01  -3.2062867647058821E+00
      3155         1         1        11
  -1.4585094439541166E+00   7.2215403612847939E-01  -3.3276470588235294E+00
      3156         1         1        11
  -1.3989495353716683E+00   8.3168290080017471E-01  -3.2062867647058826E+00
      3157         1         1        11
  -1.3311800346478317E+00   9.3633111950580650E-01  -3.3276470588235294E+00
      3158         1         1        11
  -1.2555986401602117E+00   1.0354845748864767E+00  -3.2062867647058821E+00
      3159         1         1        11
  -1.1726488935852801E+00   1.1285613950393740E+00  -3.3276470588235290E+00
      3160         1         1        11
  -1.0828175770194577E+00   1.2150153681734690E+00  -3.2062867647058821E+00
      3161         1         1        11
  -9.8663185634820327E-01   1.2943391479975017E+00  -3.3276470588235294E+00
      3162         1         1        11
  -8.8465618762698706E-01   1.3660672310297488E+00  -3.2062867647058826E+00
      3163         1         1        11
  -7.7748900462870729E-01   1.4297786883575589E+00  -3.3276470588235294E+00
      3164         1         1        11
  -6.6575920699635471E-01   1.4850996358155855E+00  -3.2062867647058821E+00
      3165         1         1        11
  -5.5012246960983835E-01   1.5317054280867364E+00  -3.3276470588235298E+00
      3166         1         1        11
  -4.3125739482506675E-01   1.5693225638499868E+00  -3.2062867647058830E+00
      3167         1         1        11
  -3.0986153016549883E-01   1.5977302907948812E+00  -3.3276470588235303E+00
      3168         1         1        11
  -1.8664727483589749E-01   1.6167619010838710E+00  -3.2062867647058830E+00
      3169         1         1        11
  -6.2337699080533070E-02   1.6263057096601932E+00  -3.3276470588235298E+00
      3170         1         1        11
   6.2337699080532674E-02   1.6263057096601932E+00  -3.2062867647058821E+00
      3171         1         1        11
   1.8664727483589713E-01   1.6167619010838710E+00  -3.3276470588235298E+00
      3172         1         1        11
   3.0986153016549844E-01   1.5977302907948812E+00  -3.2062867647058830E+00
      3173         1         1        11
   4.3125739482506786E-01   1.5693225638499868E+00  -3.3276470588235303E+00
      3174         1         1        11
   5.5012246960983935E-01   1.5317054280867359E+00  -3.2062867647058830E+00
      3175         1         1        11
   6.6575920699635438E-01   1.4850996358155857E+00  -3.3276470588235298E+00
      3176         1         1        11
   7.7748900462870696E-01   1.4297786883575592E+00  -3.2062867647058826E+00
      3177         1         1        11
   8.8465618762698561E-01   1.3660672310297499E+00  -3.3276470588235298E+00
      3178         1         1        11
   9.8663185634820283E-01   1.2943391479975017E+00  -3.2062867647058826E+00
      3179         1         1        11
   1.0828175770194552E+00   1.2150153681734712E+00  -3.3276470588235298E+00
      3180         1         1        11
   1.1726488935852788E+00   1.1285613950393754E+00  -3.2062867647058821E+00
      3181         1         1        11
   1.2555986401602113E+00   1.0354845748864769E+00  -3.3276470588235294E+00
      3182         1         1        11
   1.3311800346478333E+00   9.3633111950580450E-01  -3.2062867647058821E+00
      3183         1         1        11
   1.3989495353716703E+00   8.3168290080017127E-01  -3.3276470588235294E+00
      3184         1         1        11
   1.4585094439541184E+00   7.2215403612847584E-01  -3.2062867647058826E+00
      3185         1         1        11
   1.5095102391686601E+00   6.0838728442084855E-01  -3.3276470588235298E+00
      3186         1         1        11
   1.5516526280694003E+00   4.9105027421367248E-01  -3.2062867647058826E+00
      3187         1         1        11
   1.5846893023610857E+00   3.7083158573985447E-01  -3.3276470588235298E+00
      3188         1         1        11
   1.6084263897025171E+00   2.4843671006621887E-01  -3.2062867647058826E+00
      3189         1         1        11
   1.6227245914265376E+00   1.2458390899139705E-01  -3.3276470588235298E+00
      3190         1         1        11
   1.6227245914265378E+00  -1.2458390899139396E-01  -3.5703676470588235E+00
      3191         1         1        11
   1.6084263897025179E+00  -2.4843671006621296E-01  -3.4490073529411767E+00
      3192         1         1        11
   1.5846893023610864E+00  -3.7083158573985220E-01  -3.5703676470588235E+00
      3193         1         1        11
   1.5516526280694007E+00  -4.9105027421367164E-01  -3.4490073529411771E+00
      3194         1         1        11
   1.5095102391686603E+00  -6.0838728442084766E-01  -3.5703676470588239E+00
      3195         1         1        11
   1.4585094439541197E+00  -7.2215403612847306E-01  -3.4490073529411767E+00
      3196         1         1        11
   1.3989495353716719E+00  -8.3168290080016882E-01  -3.5703676470588239E+00
      3197         1         1        11
   1.3311800346478351E+00  -9.3633111950580206E-01  -3.4490073529411767E+00
      3198         1         1        11
   1.2555986401602142E+00  -1.0354845748864736E+00  -3.5703676470588235E+00
      3199         1         1        11
   1.1726488935852830E+00  -1.1285613950393711E+00  -3.4490073529411767E+00
      3200         1         1        11
   1.0828175770194597E+00  -1.2150153681734672E+00  -3.5703676470588235E+00
      3201         1         1        11
   9.8663185634820538E-01  -1.2943391479974999E+00  -3.4490073529411767E+00
      3202         1         1        11
   8.8465618762698939E-01  -1.3660672310297473E+00  -3.5703676470588235E+00
      3203         1         1        11
   7.7748900462870962E-01  -1.4297786883575576E+00  -3.4490073529411767E+00
      3204         1         1        11
   6.6575920699635716E-01  -1.4850996358155844E+00  -3.5703676470588235E+00
      3205         1         1        11
   5.5012246960983957E-01  -1.5317054280867359E+00  -3.4490073529411767E+00
      3206         1         1        11
   4.3125739482506803E-01  -1.5693225638499866E+00  -3.5703676470588235E+00
      3207         1         1        11
   3.0986153016549867E-01  -1.5977302907948812E+00  -3.4490073529411771E+00
      3208         1         1        11
   1.8664727483589730E-01  -1.6167619010838710E+00  -3.5703676470588239E+00
      3209         1         1        11
   6.2337699080532862E-02  -1.6263057096601932E+00  -3.4490073529411767E+00
      3210         1         1        11
  -6.2337699080532466E-02  -1.6263057096601932E+00  -3.5703676470588235E+00
      3211         1         1        11
  -1.8664727483589763E-01  -1.6167619010838710E+00  -3.4490073529411767E+00
      3212         1         1        11
  -3.0986153016549828E-01  -1.5977302907948814E+00  -3.5703676470588235E+00
      3213         1         1        11
  -4.3125739482506764E-01  -1.5693225638499868E+00  -3.4490073529411758E+00
      3214         1         1        11
  -5.5012246960983924E-01  -1.5317054280867362E+00  -3.5703676470588235E+00
      3215         1         1        11
  -6.6575920699635682E-01  -1.4850996358155846E+00  -3.4490073529411762E+00
      3216         1         1        11
  -7.7748900462870929E-01  -1.4297786883575578E+00  -3.5703676470588235E+00
      3217         1         1        11
  -8.8465618762698905E-01  -1.3660672310297475E+00  -3.4490073529411762E+00
      3218         1         1        11
  -9.8663185634820505E-01  -1.2943391479975002E+00  -3.5703676470588235E+00
      3219         1         1        11
  -1.0828175770194595E+00  -1.2150153681734677E+00  -3.4490073529411767E+00
      3220         1         1        11
  -1.1726488935852832E+00  -1.1285613950393709E+00  -3.5703676470588235E+00
      3221         1         1        11
  -1.2555986401602148E+00  -1.0354845748864725E+00  -3.4490073529411767E+00
      3222         1         1        11
  -1.3311800346478349E+00  -9.3633111950580239E-01  -3.5703676470588235E+00
      3223         1         1        11
  -1.3989495353716703E+00  -8.3168290080017149E-01  -3.4490073529411767E+00
      3224         1         1        11
  -1.4585094439541182E+00  -7.2215403612847606E-01  -3.5703676470588235E+00
      3225         1         1        11
  -1.5095102391686595E+00  -6.0838728442085011E-01  -3.4490073529411767E+00
      3226         1         1        11
  -1.5516526280693999E+00  -4.9105027421367409E-01  -3.5703676470588235E+00
      3227         1         1        11
  -1.5846893023610857E+00  -3.7083158573985470E-01  -3.4490073529411767E+00
      3228         1         1        11
  -1.6084263897025179E+00  -2.4843671006621335E-01  -3.5703676470588235E+00
      3229         1         1        11
  -1.6227245914265378E+00  -1.2458390899139292E-01  -3.4490073529411767E+00
      3230         1         1        11
  -1.6274999999999999E+00   2.5920538562820600E-15  -3.5703676470588235E+00
      3231         1         1        11
  -1.6227245914265374E+00   1.2458390899139954E-01  -3.4490073529411767E+00
      3232         1         1        11
  -1.6084263897025173E+00   2.4843671006621851E-01  -3.5703676470588235E+00
      3233         1         1        11
  -1.5846893023610849E+00   3.7083158573985836E-01  -3.4490073529411767E+00
      3234         1         1        11
  -1.5516526280693992E+00   4.9105027421367625E-01  -3.5703676470588235E+00
      3235         1         1        11
  -1.5095102391686586E+00   6.0838728442085221E-01  -3.4490073529411762E+00
      3236         1         1        11
  -1.4585094439541166E+00   7.2215403612847939E-01  -3.5703676470588235E+00
      3237         1         1        11
  -1.3989495353716674E+00   8.3168290080017604E-01  -3.4490073529411767E+00
      3238         1         1        11
  -1.3311800346478317E+00   9.3633111950580650E-01  -3.5703676470588235E+00
      3239         1         1        11
  -1.2555986401602106E+00   1.0354845748864778E+00  -3.4490073529411762E+00
      3240         1         1        11
  -1.1726488935852810E+00   1.1285613950393729E+00  -3.5703676470588235E+00
      3241         1         1        11
  -1.0828175770194577E+00   1.2150153681734690E+00  -3.4490073529411762E+00
      3242         1         1        11
  -9.8663185634820327E-01   1.2943391479975017E+00  -3.5703676470588235E+00
      3243         1         1        11
  -8.8465618762698706E-01   1.3660672310297488E+00  -3.4490073529411767E+00
      3244         1         1        11
  -7.7748900462870729E-01   1.4297786883575589E+00  -3.5703676470588235E+00
      3245         1         1        11
  -6.6575920699635471E-01   1.4850996358155855E+00  -3.4490073529411762E+00
      3246         1         1        11
  -5.5012246960983835E-01   1.5317054280867364E+00  -3.5703676470588235E+00
      3247         1         1        11
  -4.3125739482506820E-01   1.5693225638499866E+00  -3.4490073529411767E+00
      3248         1         1        11
  -3.0986153016549883E-01   1.5977302907948812E+00  -3.5703676470588235E+00
      3249         1         1        11
  -1.8664727483589749E-01   1.6167619010838710E+00  -3.4490073529411767E+00
      3250         1         1        11
  -6.2337699080533070E-02   1.6263057096601932E+00  -3.5703676470588235E+00
      3251         1         1        11
   6.2337699080532674E-02   1.6263057096601932E+00  -3.4490073529411767E+00
      3252         1         1        11
   1.8664727483589713E-01   1.6167619010838710E+00  -3.5703676470588239E+00
      3253         1         1        11
   3.0986153016549844E-01   1.5977302907948812E+00  -3.4490073529411771E+00
      3254         1         1        11
   4.3125739482506503E-01   1.5693225638499875E+00  -3.5703676470588235E+00
      3255         1         1        11
   5.5012246960983668E-01   1.5317054280867370E+00  -3.4490073529411767E+00
      3256         1         1        11
   6.6575920699635438E-01   1.4850996358155857E+00  -3.5703676470588235E+00
      3257         1         1        11
   7.7748900462870563E-01   1.4297786883575598E+00  -3.4490073529411767E+00
      3258         1         1        11
   8.8465618762698661E-01   1.3660672310297488E+00  -3.5703676470588235E+00
      3259         1         1        11
   9.8663185634820283E-01   1.2943391479975017E+00  -3.4490073529411767E+00
      3260         1         1        11
   1.0828175770194575E+00   1.2150153681734694E+00  -3.5703676470588235E+00
      3261         1         1        11
   1.1726488935852799E+00   1.1285613950393745E+00  -3.4490073529411767E+00
      3262         1         1        11
   1.2555986401602142E+00   1.0354845748864736E+00  -3.5703676470588235E+00
      3263         1         1        11
   1.3311800346478349E+00   9.3633111950580217E-01  -3.4490073529411767E+00
      3264         1         1        11
   1.3989495353716703E+00   8.3168290080017127E-01  -3.5703676470588239E+00
      3265         1         1        11
   1.4585094439541177E+00   7.2215403612847717E-01  -3.4490073529411767E+00
      3266         1         1        11
   1.5095102391686590E+00   6.0838728442085122E-01  -3.5703676470588235E+00
      3267         1         1        11
   1.5516526280694003E+00   4.9105027421367248E-01  -3.4490073529411767E+00
      3268         1         1        11
   1.5846893023610857E+00   3.7083158573985447E-01  -3.5703676470588235E+00
      3269         1         1        11
   1.6084263897025171E+00   2.4843671006621887E-01  -3.4490073529411767E+00
      3270         1         1        11
   1.6227245914265376E+00   1.2458390899139705E-01  -3.5703676470588235E+00
      3271         1         1        11
   1.6227245914265378E+00  -1.2458390899139396E-01  -3.8130882352941176E+00
      3272         1         1        11
   1.6084263897025179E+00  -2.4843671006621296E-01  -3.6917279411764703E+00
      3273         1         1        11
   1.5846893023610864E+00  -3.7083158573985148E-01  -3.8130882352941176E+00
      3274         1         1        11
   1.5516526280694007E+00  -4.9105027421367164E-01  -3.6917279411764707E+00
      3275         1         1        11
   1.5095102391686608E+00  -6.0838728442084700E-01  -3.8130882352941180E+00
      3276         1         1        11
   1.4585094439541197E+00  -7.2215403612847306E-01  -3.6917279411764712E+00
      3277         1         1        11
   1.3989495353716719E+00  -8.3168290080016882E-01  -3.8130882352941180E+00
      3278         1         1        11
   1.3311800346478351E+00  -9.3633111950580206E-01  -3.6917279411764707E+00
      3279         1         1        11
   1.2555986401602142E+00  -1.0354845748864736E+00  -3.8130882352941171E+00
      3280         1         1        11
   1.1726488935852830E+00  -1.1285613950393711E+00  -3.6917279411764703E+00
      3281         1         1        11
   1.0828175770194597E+00  -1.2150153681734672E+00  -3.8130882352941171E+00
      3282         1         1        11
   9.8663185634820538E-01  -1.2943391479974999E+00  -3.6917279411764703E+00
      3283         1         1        11
   8.8465618762698939E-01  -1.3660672310297473E+00  -3.8130882352941171E+00
      3284         1         1        11
   7.7748900462870962E-01  -1.4297786883575576E+00  -3.6917279411764703E+00
      3285         1         1        11
   6.6575920699635716E-01  -1.4850996358155844E+00  -3.8130882352941171E+00
      3286         1         1        11
   5.5012246960983957E-01  -1.5317054280867359E+00  -3.6917279411764703E+00
      3287         1         1        11
   4.3125739482506803E-01  -1.5693225638499866E+00  -3.8130882352941176E+00
      3288         1         1        11
   3.0986153016549867E-01  -1.5977302907948812E+00  -3.6917279411764712E+00
      3289         1         1        11
   1.8664727483589730E-01  -1.6167619010838710E+00  -3.8130882352941180E+00
      3290         1         1        11
   6.2337699080532862E-02  -1.6263057096601932E+00  -3.6917279411764707E+00
      3291         1         1        11
  -6.2337699080533195E-02  -1.6263057096601932E+00  -3.8130882352941180E+00
      3292         1         1        11
  -1.8664727483589763E-01  -1.6167619010838710E+00  -3.6917279411764707E+00
      3293         1         1        11
  -3.0986153016549828E-01  -1.5977302907948814E+00  -3.8130882352941176E+00
      3294         1         1        11
  -4.3125739482506692E-01  -1.5693225638499868E+00  -3.6917279411764703E+00
      3295         1         1        11
  -5.5012246960983846E-01  -1.5317054280867364E+00  -3.8130882352941171E+00
      3296         1         1        11
  -6.6575920699635682E-01  -1.4850996358155846E+00  -3.6917279411764703E+00
      3297         1         1        11
  -7.7748900462870929E-01  -1.4297786883575578E+00  -3.8130882352941180E+00
      3298         1         1        11
  -8.8465618762698905E-01  -1.3660672310297475E+00  -3.6917279411764707E+00
      3299         1         1        11
  -9.8663185634820505E-01  -1.2943391479975002E+00  -3.8130882352941180E+00
      3300         1         1        11
  -1.0828175770194595E+00  -1.2150153681734677E+00  -3.6917279411764707E+00
      3301         1         1        11
  -1.1726488935852828E+00  -1.1285613950393714E+00  -3.8130882352941180E+00
      3302         1         1        11
  -1.2555986401602139E+00  -1.0354845748864738E+00  -3.6917279411764707E+00
      3303         1         1        11
  -1.3311800346478340E+00  -9.3633111950580350E-01  -3.8130882352941176E+00
      3304         1         1        11
  -1.3989495353716703E+00  -8.3168290080017149E-01  -3.6917279411764703E+00
      3305         1         1        11
  -1.4585094439541182E+00  -7.2215403612847606E-01  -3.8130882352941176E+00
      3306         1         1        11
  -1.5095102391686595E+00  -6.0838728442085011E-01  -3.6917279411764707E+00
      3307         1         1        11
  -1.5516526280693999E+00  -4.9105027421367409E-01  -3.8130882352941180E+00
      3308         1         1        11
  -1.5846893023610857E+00  -3.7083158573985470E-01  -3.6917279411764707E+00
      3309         1         1        11
  -1.6084263897025175E+00  -2.4843671006621620E-01  -3.8130882352941180E+00
      3310         1         1        11
  -1.6227245914265378E+00  -1.2458390899139292E-01  -3.6917279411764707E+00
      3311         1         1        11
  -1.6274999999999999E+00   2.5920538562820600E-15  -3.8130882352941180E+00
      3312         1         1        11
  -1.6227245914265374E+00   1.2458390899139954E-01  -3.6917279411764703E+00
      3313         1         1        11
  -1.6084263897025166E+00   2.4843671006622137E-01  -3.8130882352941180E+00
      3314         1         1        11
  -1.5846893023610849E+00   3.7083158573985836E-01  -3.6917279411764712E+00
      3315         1         1        11
  -1.5516526280693987E+00   4.9105027421367758E-01  -3.8130882352941180E+00
      3316         1         1        11
  -1.5095102391686586E+00   6.0838728442085221E-01  -3.6917279411764703E+00
      3317         1         1        11
  -1.4585094439541173E+00   7.2215403612847806E-01  -3.8130882352941176E+00
      3318         1         1        11
  -1.3989495353716683E+00   8.3168290080017471E-01  -3.6917279411764703E+00
      3319         1         1        11
  -1.3311800346478326E+00   9.3633111950580550E-01  -3.8130882352941171E+00
      3320         1         1        11
  -1.2555986401602126E+00   1.0354845748864756E+00  -3.6917279411764703E+00
      3321         1         1        11
  -1.1726488935852810E+00   1.1285613950393729E+00  -3.8130882352941171E+00
      3322         1         1        11
  -1.0828175770194577E+00   1.2150153681734690E+00  -3.6917279411764703E+00
      3323         1         1        11
  -9.8663185634820427E-01   1.2943391479975006E+00  -3.8130882352941176E+00
      3324         1         1        11
  -8.8465618762698828E-01   1.3660672310297479E+00  -3.6917279411764712E+00
      3325         1         1        11
  -7.7748900462870973E-01   1.4297786883575576E+00  -3.8130882352941180E+00
      3326         1         1        11
  -6.6575920699635471E-01   1.4850996358155855E+00  -3.6917279411764703E+00
      3327         1         1        11
  -5.5012246960983835E-01   1.5317054280867364E+00  -3.8130882352941171E+00
      3328         1         1        11
  -4.3125739482506820E-01   1.5693225638499866E+00  -3.6917279411764703E+00
      3329         1         1        11
  -3.0986153016549739E-01   1.5977302907948814E+00  -3.8130882352941180E+00
      3330         1         1        11
  -1.8664727483589749E-01   1.6167619010838710E+00  -3.6917279411764712E+00
      3331         1         1        11
  -6.2337699080533070E-02   1.6263057096601932E+00  -3.8130882352941180E+00
      3332         1         1        11
   6.2337699080532674E-02   1.6263057096601932E+00  -3.6917279411764707E+00
      3333         1         1        11
   1.8664727483589713E-01   1.6167619010838710E+00  -3.8130882352941171E+00
      3334         1         1        11
   3.0986153016549844E-01   1.5977302907948812E+00  -3.6917279411764703E+00
      3335         1         1        11
   4.3125739482506786E-01   1.5693225638499868E+00  -3.8130882352941180E+00
      3336         1         1        11
   5.5012246960983668E-01   1.5317054280867370E+00  -3.6917279411764712E+00
      3337         1         1        11
   6.6575920699635704E-01   1.4850996358155846E+00  -3.8130882352941184E+00
      3338         1         1        11
   7.7748900462870696E-01   1.4297786883575592E+00  -3.6917279411764707E+00
      3339         1         1        11
   8.8465618762698794E-01   1.3660672310297481E+00  -3.8130882352941176E+00
      3340         1         1        11
   9.8663185634820283E-01   1.2943391479975017E+00  -3.6917279411764703E+00
      3341         1         1        11
   1.0828175770194575E+00   1.2150153681734694E+00  -3.8130882352941171E+00
      3342         1         1        11
   1.1726488935852808E+00   1.1285613950393734E+00  -3.6917279411764703E+00
      3343         1         1        11
   1.2555986401602124E+00   1.0354845748864758E+00  -3.8130882352941176E+00
      3344         1         1        11
   1.3311800346478342E+00   9.3633111950580328E-01  -3.6917279411764707E+00
      3345         1         1        11
   1.3989495353716703E+00   8.3168290080017127E-01  -3.8130882352941176E+00
      3346         1         1        11
   1.4585094439541184E+00   7.2215403612847584E-01  -3.6917279411764707E+00
      3347         1         1        11
   1.5095102391686595E+00   6.0838728442084988E-01  -3.8130882352941171E+00
      3348         1         1        11
   1.5516526280693999E+00   4.9105027421367392E-01  -3.6917279411764703E+00
      3349         1         1        11
   1.5846893023610853E+00   3.7083158573985592E-01  -3.8130882352941171E+00
      3350         1         1        11
   1.6084263897025171E+00   2.4843671006621887E-01  -3.6917279411764703E+00
      3351         1         1        11
   1.6227245914265376E+00   1.2458390899139705E-01  -3.8130882352941176E+00
      3352         1         1        11
   1.6227245914265378E+00  -1.2458390899139360E-01  -4.0558088235294116E+00
      3353         1         1        11
   1.6084263897025182E+00  -2.4843671006621262E-01  -3.9344485294117648E+00
      3354         1         1        11
   1.5846893023610866E+00  -3.7083158573985109E-01  -4.0558088235294116E+00
      3355         1         1        11
   1.5516526280694007E+00  -4.9105027421367092E-01  -3.9344485294117648E+00
      3356         1         1        11
   1.5095102391686608E+00  -6.0838728442084700E-01  -4.0558088235294116E+00
      3357         1         1        11
   1.4585094439541197E+00  -7.2215403612847306E-01  -3.9344485294117648E+00
      3358         1         1        11
   1.3989495353716719E+00  -8.3168290080016882E-01  -4.0558088235294116E+00
      3359         1         1        11
   1.3311800346478351E+00  -9.3633111950580206E-01  -3.9344485294117644E+00
      3360         1         1        11
   1.2555986401602142E+00  -1.0354845748864736E+00  -4.0558088235294116E+00
      3361         1         1        11
   1.1726488935852830E+00  -1.1285613950393711E+00  -3.9344485294117644E+00
      3362         1         1        11
   1.0828175770194597E+00  -1.2150153681734672E+00  -4.0558088235294116E+00
      3363         1         1        11
   9.8663185634820538E-01  -1.2943391479974999E+00  -3.9344485294117648E+00
      3364         1         1        11
   8.8465618762698939E-01  -1.3660672310297473E+00  -4.0558088235294116E+00
      3365         1         1        11
   7.7748900462870962E-01  -1.4297786883575576E+00  -3.9344485294117644E+00
      3366         1         1        11
   6.6575920699635716E-01  -1.4850996358155844E+00  -4.0558088235294116E+00
      3367         1         1        11
   5.5012246960983957E-01  -1.5317054280867359E+00  -3.9344485294117639E+00
      3368         1         1        11
   4.3125739482506803E-01  -1.5693225638499866E+00  -4.0558088235294116E+00
      3369         1         1        11
   3.0986153016549867E-01  -1.5977302907948812E+00  -3.9344485294117648E+00
      3370         1         1        11
   1.8664727483589730E-01  -1.6167619010838710E+00  -4.0558088235294116E+00
      3371         1         1        11
   6.2337699080532862E-02  -1.6263057096601932E+00  -3.9344485294117648E+00
      3372         1         1        11
  -6.2337699080532466E-02  -1.6263057096601932E+00  -4.0558088235294116E+00
      3373         1         1        11
  -1.8664727483589763E-01  -1.6167619010838710E+00  -3.9344485294117648E+00
      3374         1         1        11
  -3.0986153016549750E-01  -1.5977302907948814E+00  -4.0558088235294116E+00
      3375         1         1        11
  -4.3125739482506620E-01  -1.5693225638499870E+00  -3.9344485294117644E+00
      3376         1         1        11
  -5.5012246960983846E-01  -1.5317054280867364E+00  -4.0558088235294116E+00
      3377         1         1        11
  -6.6575920699635682E-01  -1.4850996358155846E+00  -3.9344485294117648E+00
      3378         1         1        11
  -7.7748900462870929E-01  -1.4297786883575578E+00  -4.0558088235294116E+00
      3379         1         1        11
  -8.8465618762698905E-01  -1.3660672310297475E+00  -3.9344485294117648E+00
      3380         1         1        11
  -9.8663185634820505E-01  -1.2943391479975002E+00  -4.0558088235294116E+00
      3381         1         1        11
  -1.0828175770194588E+00  -1.2150153681734679E+00  -3.9344485294117648E+00
      3382         1         1        11
  -1.1726488935852828E+00  -1.1285613950393714E+00  -4.0558088235294116E+00
      3383         1         1        11
  -1.2555986401602139E+00  -1.0354845748864738E+00  -3.9344485294117648E+00
      3384         1         1        11
  -1.3311800346478349E+00  -9.3633111950580239E-01  -4.0558088235294116E+00
      3385         1         1        11
  -1.3989495353716703E+00  -8.3168290080017149E-01  -3.9344485294117644E+00
      3386         1         1        11
  -1.4585094439541182E+00  -7.2215403612847606E-01  -4.0558088235294107E+00
      3387         1         1        11
  -1.5095102391686595E+00  -6.0838728442085011E-01  -3.9344485294117644E+00
      3388         1         1        11
  -1.5516526280693999E+00  -4.9105027421367409E-01  -4.0558088235294107E+00
      3389         1         1        11
  -1.5846893023610857E+00  -3.7083158573985470E-01  -3.9344485294117648E+00
      3390         1         1        11
  -1.6084263897025177E+00  -2.4843671006621482E-01  -4.0558088235294107E+00
      3391         1         1        11
  -1.6227245914265378E+00  -1.2458390899139436E-01  -3.9344485294117644E+00
      3392         1         1        11
  -1.6274999999999999E+00   2.5920538562820600E-15  -4.0558088235294107E+00
      3393         1         1        11
  -1.6227245914265374E+00   1.2458390899139954E-01  -3.9344485294117648E+00
      3394         1         1        11
  -1.6084263897025171E+00   2.4843671006621990E-01  -4.0558088235294116E+00
      3395         1         1        11
  -1.5846893023610849E+00   3.7083158573985836E-01  -3.9344485294117648E+00
      3396         1         1        11
  -1.5516526280693992E+00   4.9105027421367625E-01  -4.0558088235294116E+00
      3397         1         1        11
  -1.5095102391686586E+00   6.0838728442085221E-01  -3.9344485294117648E+00
      3398         1         1        11
  -1.4585094439541162E+00   7.2215403612848061E-01  -4.0558088235294116E+00
      3399         1         1        11
  -1.3989495353716683E+00   8.3168290080017471E-01  -3.9344485294117648E+00
      3400         1         1        11
  -1.3311800346478311E+00   9.3633111950580783E-01  -4.0558088235294116E+00
      3401         1         1        11
  -1.2555986401602117E+00   1.0354845748864767E+00  -3.9344485294117644E+00
      3402         1         1        11
  -1.1726488935852810E+00   1.1285613950393729E+00  -4.0558088235294116E+00
      3403         1         1        11
  -1.0828175770194588E+00   1.2150153681734681E+00  -3.9344485294117639E+00
      3404         1         1        11
  -9.8663185634820560E-01   1.2943391479974997E+00  -4.0558088235294116E+00
      3405         1         1        11
  -8.8465618762698950E-01   1.3660672310297470E+00  -3.9344485294117648E+00
      3406         1         1        11
  -7.7748900462870851E-01   1.4297786883575585E+00  -4.0558088235294116E+00
      3407         1         1        11
  -6.6575920699635471E-01   1.4850996358155855E+00  -3.9344485294117644E+00
      3408         1         1        11
  -5.5012246960983702E-01   1.5317054280867368E+00  -4.0558088235294116E+00
      3409         1         1        11
  -4.3125739482506542E-01   1.5693225638499873E+00  -3.9344485294117648E+00
      3410         1         1        11
  -3.0986153016549600E-01   1.5977302907948816E+00  -4.0558088235294116E+00
      3411         1         1        11
  -1.8664727483589463E-01   1.6167619010838714E+00  -3.9344485294117648E+00
      3412         1         1        11
  -6.2337699080531619E-02   1.6263057096601932E+00  -4.0558088235294116E+00
      3413         1         1        11
   6.2337699080532674E-02   1.6263057096601932E+00  -3.9344485294117648E+00
      3414         1         1        11
   1.8664727483589713E-01   1.6167619010838710E+00  -4.0558088235294116E+00
      3415         1         1        11
   3.0986153016549844E-01   1.5977302907948812E+00  -3.9344485294117644E+00
      3416         1         1        11
   4.3125739482506642E-01   1.5693225638499870E+00  -4.0558088235294116E+00
      3417         1         1        11
   5.5012246960983802E-01   1.5317054280867366E+00  -3.9344485294117653E+00
      3418         1         1        11
   6.6575920699635438E-01   1.4850996358155857E+00  -4.0558088235294116E+00
      3419         1         1        11
   7.7748900462870696E-01   1.4297786883575592E+00  -3.9344485294117648E+00
      3420         1         1        11
   8.8465618762698661E-01   1.3660672310297488E+00  -4.0558088235294116E+00
      3421         1         1        11
   9.8663185634820283E-01   1.2943391479975017E+00  -3.9344485294117644E+00
      3422         1         1        11
   1.0828175770194575E+00   1.2150153681734694E+00  -4.0558088235294116E+00
      3423         1         1        11
   1.1726488935852808E+00   1.1285613950393734E+00  -3.9344485294117648E+00
      3424         1         1        11
   1.2555986401602124E+00   1.0354845748864758E+00  -4.0558088235294116E+00
      3425         1         1        11
   1.3311800346478333E+00   9.3633111950580450E-01  -3.9344485294117648E+00
      3426         1         1        11
   1.3989495353716703E+00   8.3168290080017127E-01  -4.0558088235294116E+00
      3427         1         1        11
   1.4585094439541184E+00   7.2215403612847584E-01  -3.9344485294117644E+00
      3428         1         1        11
   1.5095102391686583E+00   6.0838728442085255E-01  -4.0558088235294116E+00
      3429         1         1        11
   1.5516526280693994E+00   4.9105027421367525E-01  -3.9344485294117644E+00
      3430         1         1        11
   1.5846893023610853E+00   3.7083158573985731E-01  -4.0558088235294116E+00
      3431         1         1        11
   1.6084263897025171E+00   2.4843671006621887E-01  -3.9344485294117644E+00
      3432         1         1        11
   1.6227245914265376E+00   1.2458390899139705E-01  -4.0558088235294116E+00
      3433         1         1        11
   1.6227245914265378E+00  -1.2458390899139396E-01  -4.2985294117647053E+00
      3434         1         1        11
   1.6084263897025182E+00  -2.4843671006621262E-01  -4.1771691176470584E+00
      3435         1         1        11
   1.5846893023610864E+00  -3.7083158573985148E-01  -4.2985294117647053E+00
      3436         1         1        11
   1.5516526280694007E+00  -4.9105027421367092E-01  -4.1771691176470584E+00
      3437         1         1        11
   1.5095102391686608E+00  -6.0838728442084700E-01  -4.2985294117647062E+00
      3438         1         1        11
   1.4585094439541197E+00  -7.2215403612847306E-01  -4.1771691176470584E+00
      3439         1         1        11
   1.3989495353716719E+00  -8.3168290080016882E-01  -4.2985294117647053E+00
      3440         1         1        11
   1.3311800346478351E+00  -9.3633111950580206E-01  -4.1771691176470576E+00
      3441         1         1        11
   1.2555986401602142E+00  -1.0354845748864736E+00  -4.2985294117647053E+00
      3442         1         1        11
   1.1726488935852830E+00  -1.1285613950393711E+00  -4.1771691176470593E+00
      3443         1         1        11
   1.0828175770194597E+00  -1.2150153681734672E+00  -4.2985294117647062E+00
      3444         1         1        11
   9.8663185634820538E-01  -1.2943391479974999E+00  -4.1771691176470593E+00
      3445         1         1        11
   8.8465618762698939E-01  -1.3660672310297473E+00  -4.2985294117647053E+00
      3446         1         1        11
   7.7748900462870962E-01  -1.4297786883575576E+00  -4.1771691176470584E+00
      3447         1         1        11
   6.6575920699635716E-01  -1.4850996358155844E+00  -4.2985294117647053E+00
      3448         1         1        11
   5.5012246960983957E-01  -1.5317054280867359E+00  -4.1771691176470584E+00
      3449         1         1        11
   4.3125739482506803E-01  -1.5693225638499866E+00  -4.2985294117647062E+00
      3450         1         1        11
   3.0986153016549867E-01  -1.5977302907948812E+00  -4.1771691176470584E+00
      3451         1         1        11
   1.8664727483589730E-01  -1.6167619010838710E+00  -4.2985294117647062E+00
      3452         1         1        11
   6.2337699080532862E-02  -1.6263057096601932E+00  -4.1771691176470584E+00
      3453         1         1        11
  -6.2337699080532466E-02  -1.6263057096601932E+00  -4.2985294117647053E+00
      3454         1         1        11
  -1.8664727483589691E-01  -1.6167619010838710E+00  -4.1771691176470584E+00
      3455         1         1        11
  -3.0986153016549828E-01  -1.5977302907948814E+00  -4.2985294117647053E+00
      3456         1         1        11
  -4.3125739482506692E-01  -1.5693225638499868E+00  -4.1771691176470584E+00
      3457         1         1        11
  -5.5012246960983924E-01  -1.5317054280867362E+00  -4.2985294117647062E+00
      3458         1         1        11
  -6.6575920699635682E-01  -1.4850996358155846E+00  -4.1771691176470593E+00
      3459         1         1        11
  -7.7748900462870929E-01  -1.4297786883575578E+00  -4.2985294117647062E+00
      3460         1         1        11
  -8.8465618762698905E-01  -1.3660672310297475E+00  -4.1771691176470584E+00
      3461         1         1        11
  -9.8663185634820505E-01  -1.2943391479975002E+00  -4.2985294117647062E+00
      3462         1         1        11
  -1.0828175770194588E+00  -1.2150153681734679E+00  -4.1771691176470593E+00
      3463         1         1        11
  -1.1726488935852832E+00  -1.1285613950393709E+00  -4.2985294117647062E+00
      3464         1         1        11
  -1.2555986401602148E+00  -1.0354845748864725E+00  -4.1771691176470584E+00
      3465         1         1        11
  -1.3311800346478349E+00  -9.3633111950580239E-01  -4.2985294117647062E+00
      3466         1         1        11
  -1.3989495353716710E+00  -8.3168290080017027E-01  -4.1771691176470584E+00
      3467         1         1        11
  -1.4585094439541182E+00  -7.2215403612847606E-01  -4.2985294117647053E+00
      3468         1         1        11
  -1.5095102391686595E+00  -6.0838728442085011E-01  -4.1771691176470576E+00
      3469         1         1        11
  -1.5516526280693999E+00  -4.9105027421367409E-01  -4.2985294117647053E+00
      3470         1         1        11
  -1.5846893023610857E+00  -3.7083158573985470E-01  -4.1771691176470584E+00
      3471         1         1        11
  -1.6084263897025175E+00  -2.4843671006621620E-01  -4.2985294117647053E+00
      3472         1         1        11
  -1.6227245914265378E+00  -1.2458390899139436E-01  -4.1771691176470576E+00
      3473         1         1        11
  -1.6274999999999999E+00   1.1465434782201062E-15  -4.2985294117647053E+00
      3474         1         1        11
  -1.6227245914265376E+00   1.2458390899139808E-01  -4.1771691176470584E+00
      3475         1         1        11
  -1.6084263897025173E+00   2.4843671006621851E-01  -4.2985294117647062E+00
      3476         1         1        11
  -1.5846893023610853E+00   3.7083158573985692E-01  -4.1771691176470593E+00
      3477         1         1        11
  -1.5516526280693992E+00   4.9105027421367625E-01  -4.2985294117647062E+00
      3478         1         1        11
  -1.5095102391686586E+00   6.0838728442085221E-01  -4.1771691176470584E+00
      3479         1         1        11
  -1.4585094439541173E+00   7.2215403612847806E-01  -4.2985294117647062E+00
      3480         1         1        11
  -1.3989495353716683E+00   8.3168290080017471E-01  -4.1771691176470584E+00
      3481         1         1        11
  -1.3311800346478317E+00   9.3633111950580650E-01  -4.2985294117647062E+00
      3482         1         1        11
  -1.2555986401602106E+00   1.0354845748864778E+00  -4.1771691176470584E+00
      3483         1         1        11
  -1.1726488935852801E+00   1.1285613950393740E+00  -4.2985294117647053E+00
      3484         1         1        11
  -1.0828175770194588E+00   1.2150153681734681E+00  -4.1771691176470584E+00
      3485         1         1        11
  -9.8663185634820327E-01   1.2943391479975017E+00  -4.2985294117647053E+00
      3486         1         1        11
  -8.8465618762698828E-01   1.3660672310297479E+00  -4.1771691176470584E+00
      3487         1         1        11
  -7.7748900462870729E-01   1.4297786883575589E+00  -4.2985294117647062E+00
      3488         1         1        11
  -6.6575920699635471E-01   1.4850996358155855E+00  -4.1771691176470593E+00
      3489         1         1        11
  -5.5012246960983702E-01   1.5317054280867368E+00  -4.2985294117647062E+00
      3490         1         1        11
  -4.3125739482506542E-01   1.5693225638499873E+00  -4.1771691176470584E+00
      3491         1         1        11
  -3.0986153016549739E-01   1.5977302907948814E+00  -4.2985294117647053E+00
      3492         1         1        11
  -1.8664727483589608E-01   1.6167619010838712E+00  -4.1771691176470584E+00
      3493         1         1        11
  -6.2337699080533070E-02   1.6263057096601932E+00  -4.2985294117647053E+00
      3494         1         1        11
   6.2337699080532674E-02   1.6263057096601932E+00  -4.1771691176470584E+00
      3495         1         1        11
   1.8664727483589713E-01   1.6167619010838710E+00  -4.2985294117647053E+00
      3496         1         1        11
   3.0986153016549844E-01   1.5977302907948812E+00  -4.1771691176470584E+00
      3497         1         1        11
   4.3125739482506786E-01   1.5693225638499868E+00  -4.2985294117647062E+00
      3498         1         1        11
   5.5012246960983802E-01   1.5317054280867366E+00  -4.1771691176470593E+00
      3499         1         1        11
   6.6575920699635571E-01   1.4850996358155850E+00  -4.2985294117647070E+00
      3500         1         1        11
   7.7748900462870696E-01   1.4297786883575592E+00  -4.1771691176470593E+00
      3501         1         1        11
   8.8465618762698661E-01   1.3660672310297488E+00  -4.2985294117647053E+00
      3502         1         1        11
   9.8663185634820283E-01   1.2943391479975017E+00  -4.1771691176470584E+00
      3503         1         1        11
   1.0828175770194575E+00   1.2150153681734694E+00  -4.2985294117647044E+00
      3504         1         1        11
   1.1726488935852808E+00   1.1285613950393734E+00  -4.1771691176470584E+00
      3505         1         1        11
   1.2555986401602133E+00   1.0354845748864747E+00  -4.2985294117647053E+00
      3506         1         1        11
   1.3311800346478342E+00   9.3633111950580328E-01  -4.1771691176470584E+00
      3507         1         1        11
   1.3989495353716703E+00   8.3168290080017127E-01  -4.2985294117647062E+00
      3508         1         1        11
   1.4585094439541177E+00   7.2215403612847717E-01  -4.1771691176470593E+00
      3509         1         1        11
   1.5095102391686583E+00   6.0838728442085255E-01  -4.2985294117647070E+00
      3510         1         1        11
   1.5516526280693990E+00   4.9105027421367659E-01  -4.1771691176470593E+00
      3511         1         1        11
   1.5846893023610853E+00   3.7083158573985731E-01  -4.2985294117647062E+00
      3512         1         1        11
   1.6084263897025171E+00   2.4843671006621887E-01  -4.1771691176470584E+00
      3513         1         1        11
   1.6227245914265376E+00   1.2458390899139705E-01  -4.2985294117647053E+00
      3514         1         1        11
   1.6227245914265378E+00  -1.2458390899139396E-01  -4.5412499999999989E+00
      3515         1         1        11
   1.6084263897025179E+00  -2.4843671006621296E-01  -4.4198897058823521E+00
      3516         1         1        11
   1.5846893023610864E+00  -3.7083158573985148E-01  -4.5412499999999989E+00
      3517         1         1        11
   1.5516526280694007E+00  -4.9105027421367092E-01  -4.4198897058823539E+00
      3518         1         1        11
   1.5095102391686608E+00  -6.0838728442084700E-01  -4.5412500000000007E+00
      3519         1         1        11
   1.4585094439541197E+00  -7.2215403612847306E-01  -4.4198897058823530E+00
      3520         1         1        11
   1.3989495353716719E+00  -8.3168290080016882E-01  -4.5412499999999998E+00
      3521         1         1        11
   1.3311800346478351E+00  -9.3633111950580206E-01  -4.4198897058823521E+00
      3522         1         1        11
   1.2555986401602142E+00  -1.0354845748864736E+00  -4.5412499999999998E+00
      3523         1         1        11
   1.1726488935852830E+00  -1.1285613950393711E+00  -4.4198897058823530E+00
      3524         1         1        11
   1.0828175770194597E+00  -1.2150153681734672E+00  -4.5412499999999998E+00
      3525         1         1        11
   9.8663185634820538E-01  -1.2943391479974999E+00  -4.4198897058823530E+00
      3526         1         1        11
   8.8465618762698939E-01  -1.3660672310297473E+00  -4.5412499999999998E+00
      3527         1         1        11
   7.7748900462870962E-01  -1.4297786883575576E+00  -4.4198897058823530E+00
      3528         1         1        11
   6.6575920699635716E-01  -1.4850996358155844E+00  -4.5412499999999998E+00
      3529         1         1        11
   5.5012246960983957E-01  -1.5317054280867359E+00  -4.4198897058823530E+00
      3530         1         1        11
   4.3125739482506803E-01  -1.5693225638499866E+00  -4.5412499999999998E+00
      3531         1         1        11
   3.0986153016549867E-01  -1.5977302907948812E+00  -4.4198897058823530E+00
      3532         1         1        11
   1.8664727483589730E-01  -1.6167619010838710E+00  -4.5412499999999998E+00
      3533         1         1        11
   6.2337699080532862E-02  -1.6263057096601932E+00  -4.4198897058823530E+00
      3534         1         1        11
  -6.2337699080532466E-02  -1.6263057096601932E+00  -4.5412499999999989E+00
      3535         1         1        11
  -1.8664727483589691E-01  -1.6167619010838710E+00  -4.4198897058823521E+00
      3536         1         1        11
  -3.0986153016549828E-01  -1.5977302907948814E+00  -4.5412499999999989E+00
      3537         1         1        11
  -4.3125739482506764E-01  -1.5693225638499868E+00  -4.4198897058823521E+00
      3538         1         1        11
  -5.5012246960983924E-01  -1.5317054280867362E+00  -4.5412499999999989E+00
      3539         1         1        11
  -6.6575920699635682E-01  -1.4850996358155846E+00  -4.4198897058823530E+00
      3540         1         1        11
  -7.7748900462870929E-01  -1.4297786883575578E+00  -4.5412499999999998E+00
      3541         1         1        11
  -8.8465618762698905E-01  -1.3660672310297475E+00  -4.4198897058823530E+00
      3542         1         1        11
  -9.8663185634820505E-01  -1.2943391479975002E+00  -4.5412499999999998E+00
      3543         1         1        11
  -1.0828175770194595E+00  -1.2150153681734677E+00  -4.4198897058823530E+00
      3544         1         1        11
  -1.1726488935852828E+00  -1.1285613950393714E+00  -4.5412499999999998E+00
      3545         1         1        11
  -1.2555986401602139E+00  -1.0354845748864738E+00  -4.4198897058823530E+00
      3546         1         1        11
  -1.3311800346478340E+00  -9.3633111950580350E-01  -4.5412499999999998E+00
      3547         1         1        11
  -1.3989495353716703E+00  -8.3168290080017149E-01  -4.4198897058823530E+00
      3548         1         1        11
  -1.4585094439541182E+00  -7.2215403612847606E-01  -4.5412499999999998E+00
      3549         1         1        11
  -1.5095102391686595E+00  -6.0838728442085011E-01  -4.4198897058823521E+00
      3550         1         1        11
  -1.5516526280693999E+00  -4.9105027421367409E-01  -4.5412500000000007E+00
      3551         1         1        11
  -1.5846893023610857E+00  -3.7083158573985470E-01  -4.4198897058823539E+00
      3552         1         1        11
  -1.6084263897025175E+00  -2.4843671006621620E-01  -4.5412500000000007E+00
      3553         1         1        11
  -1.6227245914265378E+00  -1.2458390899139436E-01  -4.4198897058823530E+00
      3554         1         1        11
  -1.6274999999999999E+00  -2.9896689984184756E-16  -4.5412500000000007E+00
      3555         1         1        11
  -1.6227245914265376E+00   1.2458390899139664E-01  -4.4198897058823530E+00
      3556         1         1        11
  -1.6084263897025173E+00   2.4843671006621851E-01  -4.5412499999999998E+00
      3557         1         1        11
  -1.5846893023610853E+00   3.7083158573985692E-01  -4.4198897058823539E+00
      3558         1         1        11
  -1.5516526280693987E+00   4.9105027421367758E-01  -4.5412499999999998E+00
      3559         1         1        11
  -1.5095102391686586E+00   6.0838728442085221E-01  -4.4198897058823530E+00
      3560         1         1        11
  -1.4585094439541166E+00   7.2215403612847939E-01  -4.5412499999999998E+00
      3561         1         1        11
  -1.3989495353716690E+00   8.3168290080017349E-01  -4.4198897058823530E+00
      3562         1         1        11
  -1.3311800346478311E+00   9.3633111950580783E-01  -4.5412499999999998E+00
      3563         1         1        11
  -1.2555986401602106E+00   1.0354845748864778E+00  -4.4198897058823530E+00
      3564         1         1        11
  -1.1726488935852810E+00   1.1285613950393729E+00  -4.5412499999999998E+00
      3565         1         1        11
  -1.0828175770194588E+00   1.2150153681734681E+00  -4.4198897058823521E+00
      3566         1         1        11
  -9.8663185634820560E-01   1.2943391479974997E+00  -4.5412499999999998E+00
      3567         1         1        11
  -8.8465618762698828E-01   1.3660672310297479E+00  -4.4198897058823530E+00
      3568         1         1        11
  -7.7748900462870851E-01   1.4297786883575585E+00  -4.5412499999999989E+00
      3569         1         1        11
  -6.6575920699635471E-01   1.4850996358155855E+00  -4.4198897058823530E+00
      3570         1         1        11
  -5.5012246960983702E-01   1.5317054280867368E+00  -4.5412499999999989E+00
      3571         1         1        11
  -4.3125739482506542E-01   1.5693225638499873E+00  -4.4198897058823521E+00
      3572         1         1        11
  -3.0986153016549883E-01   1.5977302907948812E+00  -4.5412499999999998E+00
      3573         1         1        11
  -1.8664727483589749E-01   1.6167619010838710E+00  -4.4198897058823530E+00
      3574         1         1        11
  -6.2337699080533070E-02   1.6263057096601932E+00  -4.5412499999999998E+00
      3575         1         1        11
   6.2337699080532674E-02   1.6263057096601932E+00  -4.4198897058823521E+00
      3576         1         1        11
   1.8664727483589713E-01   1.6167619010838710E+00  -4.5412499999999998E+00
      3577         1         1        11
   3.0986153016549844E-01   1.5977302907948812E+00  -4.4198897058823521E+00
      3578         1         1        11
   4.3125739482506786E-01   1.5693225638499868E+00  -4.5412499999999998E+00
      3579         1         1        11
   5.5012246960983935E-01   1.5317054280867359E+00  -4.4198897058823539E+00
      3580         1         1        11
   6.6575920699635571E-01   1.4850996358155850E+00  -4.5412499999999998E+00
      3581         1         1        11
   7.7748900462870696E-01   1.4297786883575592E+00  -4.4198897058823530E+00
      3582         1         1        11
   8.8465618762698661E-01   1.3660672310297488E+00  -4.5412499999999998E+00
      3583         1         1        11
   9.8663185634820283E-01   1.2943391479975017E+00  -4.4198897058823521E+00
      3584         1         1        11
   1.0828175770194575E+00   1.2150153681734694E+00  -4.5412499999999998E+00
      3585         1         1        11
   1.1726488935852808E+00   1.1285613950393734E+00  -4.4198897058823521E+00
      3586         1         1        11
   1.2555986401602133E+00   1.0354845748864747E+00  -4.5412499999999998E+00
      3587         1         1        11
   1.3311800346478349E+00   9.3633111950580217E-01  -4.4198897058823530E+00
      3588         1         1        11
   1.3989495353716703E+00   8.3168290080017127E-01  -4.5412499999999998E+00
      3589         1         1        11
   1.4585094439541177E+00   7.2215403612847717E-01  -4.4198897058823539E+00
      3590         1         1        11
   1.5095102391686590E+00   6.0838728442085122E-01  -4.5412499999999998E+00
      3591         1         1        11
   1.5516526280693990E+00   4.9105027421367659E-01  -4.4198897058823530E+00
      3592         1         1        11
   1.5846893023610853E+00   3.7083158573985731E-01  -4.5412499999999998E+00
      3593         1         1        11
   1.6084263897025171E+00   2.4843671006621887E-01  -4.4198897058823530E+00
      3594         1         1        11
   1.6227245914265376E+00   1.2458390899139705E-01  -4.5412499999999998E+00
      3595         1         1        11
   1.6227245914265378E+00  -1.2458390899139396E-01  -4.7839705882352943E+00
      3596         1         1        11
   1.6084263897025179E+00  -2.4843671006621296E-01  -4.6626102941176457E+00
      3597         1         1        11
   1.5846893023610864E+00  -3.7083158573985148E-01  -4.7839705882352943E+00
      3598         1         1        11
   1.5516526280694007E+00  -4.9105027421367092E-01  -4.6626102941176475E+00
      3599         1         1        11
   1.5095102391686608E+00  -6.0838728442084700E-01  -4.7839705882352952E+00
      3600         1         1        11
   1.4585094439541197E+00  -7.2215403612847306E-01  -4.6626102941176475E+00
      3601         1         1        11
   1.3989495353716719E+00  -8.3168290080016882E-01  -4.7839705882352952E+00
      3602         1         1        11
   1.3311800346478351E+00  -9.3633111950580206E-01  -4.6626102941176475E+00
      3603         1         1        11
   1.2555986401602142E+00  -1.0354845748864736E+00  -4.7839705882352943E+00
      3604         1         1        11
   1.1726488935852830E+00  -1.1285613950393711E+00  -4.6626102941176475E+00
      3605         1         1        11
   1.0828175770194597E+00  -1.2150153681734672E+00  -4.7839705882352943E+00
      3606         1         1        11
   9.8663185634820538E-01  -1.2943391479974999E+00  -4.6626102941176475E+00
      3607         1         1        11
   8.8465618762698939E-01  -1.3660672310297473E+00  -4.7839705882352943E+00
      3608         1         1        11
   7.7748900462870962E-01  -1.4297786883575576E+00  -4.6626102941176475E+00
      3609         1         1        11
   6.6575920699635716E-01  -1.4850996358155844E+00  -4.7839705882352943E+00
      3610         1         1        11
   5.5012246960983957E-01  -1.5317054280867359E+00  -4.6626102941176475E+00
      3611         1         1        11
   4.3125739482506803E-01  -1.5693225638499866E+00  -4.7839705882352943E+00
      3612         1         1        11
   3.0986153016549867E-01  -1.5977302907948812E+00  -4.6626102941176475E+00
      3613         1         1        11
   1.8664727483589730E-01  -1.6167619010838710E+00  -4.7839705882352943E+00
      3614         1         1        11
   6.2337699080532862E-02  -1.6263057096601932E+00  -4.6626102941176475E+00
      3615         1         1        11
  -6.2337699080532466E-02  -1.6263057096601932E+00  -4.7839705882352943E+00
      3616         1         1        11
  -1.8664727483589619E-01  -1.6167619010838712E+00  -4.6626102941176466E+00
      3617         1         1        11
  -3.0986153016549828E-01  -1.5977302907948814E+00  -4.7839705882352943E+00
      3618         1         1        11
  -4.3125739482506764E-01  -1.5693225638499868E+00  -4.6626102941176466E+00
      3619         1         1        11
  -5.5012246960983924E-01  -1.5317054280867362E+00  -4.7839705882352943E+00
      3620         1         1        11
  -6.6575920699635682E-01  -1.4850996358155846E+00  -4.6626102941176475E+00
      3621         1         1        11
  -7.7748900462870929E-01  -1.4297786883575578E+00  -4.7839705882352943E+00
      3622         1         1        11
  -8.8465618762698905E-01  -1.3660672310297475E+00  -4.6626102941176475E+00
      3623         1         1        11
  -9.8663185634820505E-01  -1.2943391479975002E+00  -4.7839705882352943E+00
      3624         1         1        11
  -1.0828175770194595E+00  -1.2150153681734677E+00  -4.6626102941176475E+00
      3625         1         1        11
  -1.1726488935852832E+00  -1.1285613950393709E+00  -4.7839705882352943E+00
      3626         1         1        11
  -1.2555986401602139E+00  -1.0354845748864738E+00  -4.6626102941176475E+00
      3627         1         1        11
  -1.3311800346478349E+00  -9.3633111950580239E-01  -4.7839705882352943E+00
      3628         1         1        11
  -1.3989495353716703E+00  -8.3168290080017149E-01  -4.6626102941176475E+00
      3629         1         1        11
  -1.4585094439541182E+00  -7.2215403612847606E-01  -4.7839705882352943E+00
      3630         1         1        11
  -1.5095102391686595E+00  -6.0838728442085011E-01  -4.6626102941176475E+00
      3631         1         1        11
  -1.5516526280693999E+00  -4.9105027421367409E-01  -4.7839705882352943E+00
      3632         1         1        11
  -1.5846893023610857E+00  -3.7083158573985470E-01  -4.6626102941176475E+00
      3633         1         1        11
  -1.6084263897025175E+00  -2.4843671006621620E-01  -4.7839705882352943E+00
      3634         1         1        11
  -1.6227245914265378E+00  -1.2458390899139436E-01  -4.6626102941176475E+00
      3635         1         1        11
  -1.6274999999999999E+00   2.5920538562820600E-15  -4.7839705882352943E+00
      3636         1         1        11
  -1.6227245914265376E+00   1.2458390899139664E-01  -4.6626102941176475E+00
      3637         1         1        11
  -1.6084263897025173E+00   2.4843671006621851E-01  -4.7839705882352943E+00
      3638         1         1        11
  -1.5846893023610853E+00   3.7083158573985692E-01  -4.6626102941176475E+00
      3639         1         1        11
  -1.5516526280693992E+00   4.9105027421367625E-01  -4.7839705882352943E+00
      3640         1         1        11
  -1.5095102391686586E+00   6.0838728442085221E-01  -4.6626102941176475E+00
      3641         1         1        11
  -1.4585094439541173E+00   7.2215403612847806E-01  -4.7839705882352943E+00
      3642         1         1        11
  -1.3989495353716690E+00   8.3168290080017349E-01  -4.6626102941176475E+00
      3643         1         1        11
  -1.3311800346478317E+00   9.3633111950580650E-01  -4.7839705882352943E+00
      3644         1         1        11
  -1.2555986401602106E+00   1.0354845748864778E+00  -4.6626102941176475E+00
      3645         1         1        11
  -1.1726488935852810E+00   1.1285613950393729E+00  -4.7839705882352943E+00
      3646         1         1        11
  -1.0828175770194588E+00   1.2150153681734681E+00  -4.6626102941176475E+00
      3647         1         1        11
  -9.8663185634820327E-01   1.2943391479975017E+00  -4.7839705882352943E+00
      3648         1         1        11
  -8.8465618762698828E-01   1.3660672310297479E+00  -4.6626102941176475E+00
      3649         1         1        11
  -7.7748900462870729E-01   1.4297786883575589E+00  -4.7839705882352943E+00
      3650         1         1        11
  -6.6575920699635471E-01   1.4850996358155855E+00  -4.6626102941176466E+00
      3651         1         1        11
  -5.5012246960983702E-01   1.5317054280867368E+00  -4.7839705882352943E+00
      3652         1         1        11
  -4.3125739482506542E-01   1.5693225638499873E+00  -4.6626102941176475E+00
      3653         1         1        11
  -3.0986153016549883E-01   1.5977302907948812E+00  -4.7839705882352943E+00
      3654         1         1        11
  -1.8664727483590038E-01   1.6167619010838707E+00  -4.6626102941176475E+00
      3655         1         1        11
  -6.2337699080534513E-02   1.6263057096601932E+00  -4.7839705882352943E+00
      3656         1         1        11
   6.2337699080532674E-02   1.6263057096601932E+00  -4.6626102941176475E+00
      3657         1         1        11
   1.8664727483589713E-01   1.6167619010838710E+00  -4.7839705882352943E+00
      3658         1         1        11
   3.0986153016549844E-01   1.5977302907948812E+00  -4.6626102941176475E+00
      3659         1         1        11
   4.3125739482506642E-01   1.5693225638499870E+00  -4.7839705882352943E+00
      3660         1         1        11
   5.5012246960983802E-01   1.5317054280867366E+00  -4.6626102941176475E+00
      3661         1         1        11
   6.6575920699635438E-01   1.4850996358155857E+00  -4.7839705882352943E+00
      3662         1         1        11
   7.7748900462870696E-01   1.4297786883575592E+00  -4.6626102941176475E+00
      3663         1         1        11
   8.8465618762698794E-01   1.3660672310297481E+00  -4.7839705882352943E+00
      3664         1         1        11
   9.8663185634820416E-01   1.2943391479975008E+00  -4.6626102941176475E+00
      3665         1         1        11
   1.0828175770194586E+00   1.2150153681734683E+00  -4.7839705882352943E+00
      3666         1         1        11
   1.1726488935852808E+00   1.1285613950393734E+00  -4.6626102941176475E+00
      3667         1         1        11
   1.2555986401602124E+00   1.0354845748864758E+00  -4.7839705882352943E+00
      3668         1         1        11
   1.3311800346478342E+00   9.3633111950580328E-01  -4.6626102941176475E+00
      3669         1         1        11
   1.3989495353716703E+00   8.3168290080017127E-01  -4.7839705882352943E+00
      3670         1         1        11
   1.4585094439541184E+00   7.2215403612847584E-01  -4.6626102941176475E+00
      3671         1         1        11
   1.5095102391686595E+00   6.0838728442084988E-01  -4.7839705882352943E+00
      3672         1         1        11
   1.5516526280693999E+00   4.9105027421367392E-01  -4.6626102941176475E+00
      3673         1         1        11
   1.5846893023610853E+00   3.7083158573985592E-01  -4.7839705882352952E+00
      3674         1         1        11
   1.6084263897025171E+00   2.4843671006621887E-01  -4.6626102941176475E+00
      3675         1         1        11
   1.6227245914265376E+00   1.2458390899139705E-01  -4.7839705882352943E+00
      3676         1         1        11
   1.6227245914265378E+00  -1.2458390899139396E-01  -5.0266911764705879E+00
      3677         1         1        11
   1.6084263897025179E+00  -2.4843671006621296E-01  -4.9053308823529411E+00
      3678         1         1        11
   1.5846893023610864E+00  -3.7083158573985148E-01  -5.0266911764705879E+00
      3679         1         1        11
   1.5516526280694007E+00  -4.9105027421367092E-01  -4.9053308823529420E+00
      3680         1         1        11
   1.5095102391686608E+00  -6.0838728442084700E-01  -5.0266911764705879E+00
      3681         1         1        11
   1.4585094439541197E+00  -7.2215403612847306E-01  -4.9053308823529411E+00
      3682         1         1        11
   1.3989495353716719E+00  -8.3168290080016882E-01  -5.0266911764705897E+00
      3683         1         1        11
   1.3311800346478351E+00  -9.3633111950580206E-01  -4.9053308823529429E+00
      3684         1         1        11
   1.2555986401602142E+00  -1.0354845748864736E+00  -5.0266911764705897E+00
      3685         1         1        11
   1.1726488935852830E+00  -1.1285613950393711E+00  -4.9053308823529411E+00
      3686         1         1        11
   1.0828175770194597E+00  -1.2150153681734672E+00  -5.0266911764705879E+00
      3687         1         1        11
   9.8663185634820538E-01  -1.2943391479974999E+00  -4.9053308823529411E+00
      3688         1         1        11
   8.8465618762698939E-01  -1.3660672310297473E+00  -5.0266911764705879E+00
      3689         1         1        11
   7.7748900462870962E-01  -1.4297786883575576E+00  -4.9053308823529411E+00
      3690         1         1        11
   6.6575920699635716E-01  -1.4850996358155844E+00  -5.0266911764705879E+00
      3691         1         1        11
   5.5012246960983957E-01  -1.5317054280867359E+00  -4.9053308823529411E+00
      3692         1         1        11
   4.3125739482506803E-01  -1.5693225638499866E+00  -5.0266911764705879E+00
      3693         1         1        11
   3.0986153016549867E-01  -1.5977302907948812E+00  -4.9053308823529411E+00
      3694         1         1        11
   1.8664727483589730E-01  -1.6167619010838710E+00  -5.0266911764705879E+00
      3695         1         1        11
   6.2337699080532862E-02  -1.6263057096601932E+00  -4.9053308823529411E+00
      3696         1         1        11
  -6.2337699080532466E-02  -1.6263057096601932E+00  -5.0266911764705879E+00
      3697         1         1        11
  -1.8664727483589691E-01  -1.6167619010838710E+00  -4.9053308823529411E+00
      3698         1         1        11
  -3.0986153016549828E-01  -1.5977302907948814E+00  -5.0266911764705879E+00
      3699         1         1        11
  -4.3125739482506764E-01  -1.5693225638499868E+00  -4.9053308823529411E+00
      3700         1         1        11
  -5.5012246960983924E-01  -1.5317054280867362E+00  -5.0266911764705879E+00
      3701         1         1        11
  -6.6575920699635682E-01  -1.4850996358155846E+00  -4.9053308823529411E+00
      3702         1         1        11
  -7.7748900462870929E-01  -1.4297786883575578E+00  -5.0266911764705879E+00
      3703         1         1        11
  -8.8465618762698905E-01  -1.3660672310297475E+00  -4.9053308823529411E+00
      3704         1         1        11
  -9.8663185634820505E-01  -1.2943391479975002E+00  -5.0266911764705879E+00
      3705         1         1        11
  -1.0828175770194595E+00  -1.2150153681734677E+00  -4.9053308823529420E+00
      3706         1         1        11
  -1.1726488935852828E+00  -1.1285613950393714E+00  -5.0266911764705879E+00
      3707         1         1        11
  -1.2555986401602139E+00  -1.0354845748864738E+00  -4.9053308823529411E+00
      3708         1         1        11
  -1.3311800346478349E+00  -9.3633111950580239E-01  -5.0266911764705879E+00
      3709         1         1        11
  -1.3989495353716710E+00  -8.3168290080017027E-01  -4.9053308823529411E+00
      3710         1         1        11
  -1.4585094439541182E+00  -7.2215403612847606E-01  -5.0266911764705879E+00
      3711         1         1        11
  -1.5095102391686590E+00  -6.0838728442085144E-01  -4.9053308823529411E+00
      3712         1         1        11
  -1.5516526280693999E+00  -4.9105027421367409E-01  -5.0266911764705879E+00
      3713         1         1        11
  -1.5846893023610857E+00  -3.7083158573985470E-01  -4.9053308823529411E+00
      3714         1         1        11
  -1.6084263897025177E+00  -2.4843671006621482E-01  -5.0266911764705879E+00
      3715         1         1        11
  -1.6227245914265378E+00  -1.2458390899139292E-01  -4.9053308823529411E+00
      3716         1         1        11
  -1.6274999999999999E+00   2.5920538562820600E-15  -5.0266911764705879E+00
      3717         1         1        11
  -1.6227245914265376E+00   1.2458390899139664E-01  -4.9053308823529411E+00
      3718         1         1        11
  -1.6084263897025173E+00   2.4843671006621851E-01  -5.0266911764705879E+00
      3719         1         1        11
  -1.5846893023610853E+00   3.7083158573985692E-01  -4.9053308823529411E+00
      3720         1         1        11
  -1.5516526280693996E+00   4.9105027421367492E-01  -5.0266911764705879E+00
      3721         1         1        11
  -1.5095102391686592E+00   6.0838728442085077E-01  -4.9053308823529411E+00
      3722         1         1        11
  -1.4585094439541180E+00   7.2215403612847673E-01  -5.0266911764705879E+00
      3723         1         1        11
  -1.3989495353716690E+00   8.3168290080017349E-01  -4.9053308823529411E+00
      3724         1         1        11
  -1.3311800346478335E+00   9.3633111950580417E-01  -5.0266911764705888E+00
      3725         1         1        11
  -1.2555986401602126E+00   1.0354845748864756E+00  -4.9053308823529411E+00
      3726         1         1        11
  -1.1726488935852810E+00   1.1285613950393729E+00  -5.0266911764705888E+00
      3727         1         1        11
  -1.0828175770194577E+00   1.2150153681734690E+00  -4.9053308823529411E+00
      3728         1         1        11
  -9.8663185634820327E-01   1.2943391479975017E+00  -5.0266911764705888E+00
      3729         1         1        11
  -8.8465618762698706E-01   1.3660672310297488E+00  -4.9053308823529411E+00
      3730         1         1        11
  -7.7748900462870729E-01   1.4297786883575589E+00  -5.0266911764705879E+00
      3731         1         1        11
  -6.6575920699635471E-01   1.4850996358155855E+00  -4.9053308823529411E+00
      3732         1         1        11
  -5.5012246960983702E-01   1.5317054280867368E+00  -5.0266911764705879E+00
      3733         1         1        11
  -4.3125739482506542E-01   1.5693225638499873E+00  -4.9053308823529411E+00
      3734         1         1        11
  -3.0986153016549883E-01   1.5977302907948812E+00  -5.0266911764705879E+00
      3735         1         1        11
  -1.8664727483590038E-01   1.6167619010838707E+00  -4.9053308823529411E+00
      3736         1         1        11
  -6.2337699080533070E-02   1.6263057096601932E+00  -5.0266911764705879E+00
      3737         1         1        11
   6.2337699080532674E-02   1.6263057096601932E+00  -4.9053308823529411E+00
      3738         1         1        11
   1.8664727483589713E-01   1.6167619010838710E+00  -5.0266911764705879E+00
      3739         1         1        11
   3.0986153016549844E-01   1.5977302907948812E+00  -4.9053308823529411E+00
      3740         1         1        11
   4.3125739482506786E-01   1.5693225638499868E+00  -5.0266911764705879E+00
      3741         1         1        11
   5.5012246960983802E-01   1.5317054280867366E+00  -4.9053308823529411E+00
      3742         1         1        11
   6.6575920699635571E-01   1.4850996358155850E+00  -5.0266911764705879E+00
      3743         1         1        11
   7.7748900462870696E-01   1.4297786883575592E+00  -4.9053308823529411E+00
      3744         1         1        11
   8.8465618762698661E-01   1.3660672310297488E+00  -5.0266911764705888E+00
      3745         1         1        11
   9.8663185634820416E-01   1.2943391479975008E+00  -4.9053308823529411E+00
      3746         1         1        11
   1.0828175770194575E+00   1.2150153681734694E+00  -5.0266911764705888E+00
      3747         1         1        11
   1.1726488935852808E+00   1.1285613950393734E+00  -4.9053308823529411E+00
      3748         1         1        11
   1.2555986401602124E+00   1.0354845748864758E+00  -5.0266911764705888E+00
      3749         1         1        11
   1.3311800346478333E+00   9.3633111950580450E-01  -4.9053308823529420E+00
      3750         1         1        11
   1.3989495353716688E+00   8.3168290080017382E-01  -5.0266911764705879E+00
      3751         1         1        11
   1.4585094439541173E+00   7.2215403612847850E-01  -4.9053308823529411E+00
      3752         1         1        11
   1.5095102391686583E+00   6.0838728442085255E-01  -5.0266911764705879E+00
      3753         1         1        11
   1.5516526280693999E+00   4.9105027421367392E-01  -4.9053308823529420E+00
      3754         1         1        11
   1.5846893023610853E+00   3.7083158573985592E-01  -5.0266911764705888E+00
      3755         1         1        11
   1.6084263897025171E+00   2.4843671006621887E-01  -4.9053308823529420E+00
      3756         1         1        11
   1.6227245914265376E+00   1.2458390899139705E-01  -5.0266911764705888E+00
      3757         1         1        11
   1.6227245914265378E+00  -1.2458390899139396E-01  -5.2694117647058833E+00
      3758         1         1        11
   1.6084263897025179E+00  -2.4843671006621296E-01  -5.1480514705882365E+00
      3759         1         1        11
   1.5846893023610864E+00  -3.7083158573985148E-01  -5.2694117647058833E+00
      3760         1         1        11
   1.5516526280694007E+00  -4.9105027421367092E-01  -5.1480514705882365E+00
      3761         1         1        11
   1.5095102391686608E+00  -6.0838728442084700E-01  -5.2694117647058833E+00
      3762         1         1        11
   1.4585094439541197E+00  -7.2215403612847306E-01  -5.1480514705882356E+00
      3763         1         1        11
   1.3989495353716719E+00  -8.3168290080016882E-01  -5.2694117647058833E+00
      3764         1         1        11
   1.3311800346478351E+00  -9.3633111950580206E-01  -5.1480514705882365E+00
      3765         1         1        11
   1.2555986401602142E+00  -1.0354845748864736E+00  -5.2694117647058833E+00
      3766         1         1        11
   1.1726488935852830E+00  -1.1285613950393711E+00  -5.1480514705882356E+00
      3767         1         1        11
   1.0828175770194597E+00  -1.2150153681734672E+00  -5.2694117647058833E+00
      3768         1         1        11
   9.8663185634820538E-01  -1.2943391479974999E+00  -5.1480514705882365E+00
      3769         1         1        11
   8.8465618762698939E-01  -1.3660672310297473E+00  -5.2694117647058833E+00
      3770         1         1        11
   7.7748900462870962E-01  -1.4297786883575576E+00  -5.1480514705882356E+00
      3771         1         1        11
   6.6575920699635716E-01  -1.4850996358155844E+00  -5.2694117647058833E+00
      3772         1         1        11
   5.5012246960983957E-01  -1.5317054280867359E+00  -5.1480514705882356E+00
      3773         1         1        11
   4.3125739482506803E-01  -1.5693225638499866E+00  -5.2694117647058833E+00
      3774         1         1        11
   3.0986153016549867E-01  -1.5977302907948812E+00  -5.1480514705882365E+00
      3775         1         1        11
   1.8664727483589730E-01  -1.6167619010838710E+00  -5.2694117647058833E+00
      3776         1         1        11
   6.2337699080532862E-02  -1.6263057096601932E+00  -5.1480514705882356E+00
      3777         1         1        11
  -6.2337699080533195E-02  -1.6263057096601932E+00  -5.2694117647058833E+00
      3778         1         1        11
  -1.8664727483589763E-01  -1.6167619010838710E+00  -5.1480514705882356E+00
      3779         1         1        11
  -3.0986153016549967E-01  -1.5977302907948809E+00  -5.2694117647058833E+00
      3780         1         1        11
  -4.3125739482506831E-01  -1.5693225638499866E+00  -5.1480514705882356E+00
      3781         1         1        11
  -5.5012246960983990E-01  -1.5317054280867357E+00  -5.2694117647058833E+00
      3782         1         1        11
  -6.6575920699635682E-01  -1.4850996358155846E+00  -5.1480514705882365E+00
      3783         1         1        11
  -7.7748900462870929E-01  -1.4297786883575578E+00  -5.2694117647058825E+00
      3784         1         1        11
  -8.8465618762698905E-01  -1.3660672310297475E+00  -5.1480514705882348E+00
      3785         1         1        11
  -9.8663185634820505E-01  -1.2943391479975002E+00  -5.2694117647058825E+00
      3786         1         1        11
  -1.0828175770194595E+00  -1.2150153681734677E+00  -5.1480514705882365E+00
      3787         1         1        11
  -1.1726488935852828E+00  -1.1285613950393714E+00  -5.2694117647058833E+00
      3788         1         1        11
  -1.2555986401602139E+00  -1.0354845748864738E+00  -5.1480514705882356E+00
      3789         1         1        11
  -1.3311800346478340E+00  -9.3633111950580350E-01  -5.2694117647058833E+00
      3790         1         1        11
  -1.3989495353716703E+00  -8.3168290080017149E-01  -5.1480514705882365E+00
      3791         1         1        11
  -1.4585094439541182E+00  -7.2215403612847606E-01  -5.2694117647058833E+00
      3792         1         1        11
  -1.5095102391686590E+00  -6.0838728442085144E-01  -5.1480514705882356E+00
      3793         1         1        11
  -1.5516526280693999E+00  -4.9105027421367409E-01  -5.2694117647058833E+00
      3794         1         1        11
  -1.5846893023610862E+00  -3.7083158573985325E-01  -5.1480514705882365E+00
      3795         1         1        11
  -1.6084263897025175E+00  -2.4843671006621620E-01  -5.2694117647058833E+00
      3796         1         1        11
  -1.6227245914265378E+00  -1.2458390899139436E-01  -5.1480514705882356E+00
      3797         1         1        11
  -1.6274999999999999E+00   1.1465434782201062E-15  -5.2694117647058833E+00
      3798         1         1        11
  -1.6227245914265376E+00   1.2458390899139664E-01  -5.1480514705882356E+00
      3799         1         1        11
  -1.6084263897025173E+00   2.4843671006621851E-01  -5.2694117647058833E+00
      3800         1         1        11
  -1.5846893023610853E+00   3.7083158573985692E-01  -5.1480514705882356E+00
      3801         1         1        11
  -1.5516526280693992E+00   4.9105027421367625E-01  -5.2694117647058833E+00
      3802         1         1        11
  -1.5095102391686597E+00   6.0838728442084955E-01  -5.1480514705882356E+00
      3803         1         1        11
  -1.4585094439541173E+00   7.2215403612847806E-01  -5.2694117647058833E+00
      3804         1         1        11
  -1.3989495353716690E+00   8.3168290080017349E-01  -5.1480514705882365E+00
      3805         1         1        11
  -1.3311800346478317E+00   9.3633111950580650E-01  -5.2694117647058833E+00
      3806         1         1        11
  -1.2555986401602126E+00   1.0354845748864756E+00  -5.1480514705882365E+00
      3807         1         1        11
  -1.1726488935852810E+00   1.1285613950393729E+00  -5.2694117647058833E+00
      3808         1         1        11
  -1.0828175770194577E+00   1.2150153681734690E+00  -5.1480514705882365E+00
      3809         1         1        11
  -9.8663185634820327E-01   1.2943391479975017E+00  -5.2694117647058833E+00
      3810         1         1        11
  -8.8465618762698706E-01   1.3660672310297488E+00  -5.1480514705882365E+00
      3811         1         1        11
  -7.7748900462870729E-01   1.4297786883575589E+00  -5.2694117647058833E+00
      3812         1         1        11
  -6.6575920699635471E-01   1.4850996358155855E+00  -5.1480514705882356E+00
      3813         1         1        11
  -5.5012246960983702E-01   1.5317054280867368E+00  -5.2694117647058833E+00
      3814         1         1        11
  -4.3125739482506542E-01   1.5693225638499873E+00  -5.1480514705882356E+00
      3815         1         1        11
  -3.0986153016549600E-01   1.5977302907948816E+00  -5.2694117647058833E+00
      3816         1         1        11
  -1.8664727483589749E-01   1.6167619010838710E+00  -5.1480514705882356E+00
      3817         1         1        11
  -6.2337699080530176E-02   1.6263057096601934E+00  -5.2694117647058833E+00
      3818         1         1        11
   6.2337699080534104E-02   1.6263057096601932E+00  -5.1480514705882356E+00
      3819         1         1        11
   1.8664727483589855E-01   1.6167619010838710E+00  -5.2694117647058833E+00
      3820         1         1        11
   3.0986153016549844E-01   1.5977302907948812E+00  -5.1480514705882365E+00
      3821         1         1        11
   4.3125739482506786E-01   1.5693225638499868E+00  -5.2694117647058833E+00
      3822         1         1        11
   5.5012246960983935E-01   1.5317054280867359E+00  -5.1480514705882356E+00
      3823         1         1        11
   6.6575920699635571E-01   1.4850996358155850E+00  -5.2694117647058833E+00
      3824         1         1        11
   7.7748900462870696E-01   1.4297786883575592E+00  -5.1480514705882365E+00
      3825         1         1        11
   8.8465618762698794E-01   1.3660672310297481E+00  -5.2694117647058833E+00
      3826         1         1        11
   9.8663185634820416E-01   1.2943391479975008E+00  -5.1480514705882356E+00
      3827         1         1        11
   1.0828175770194586E+00   1.2150153681734683E+00  -5.2694117647058833E+00
      3828         1         1        11
   1.1726488935852808E+00   1.1285613950393734E+00  -5.1480514705882365E+00
      3829         1         1        11
   1.2555986401602124E+00   1.0354845748864758E+00  -5.2694117647058833E+00
      3830         1         1        11
   1.3311800346478342E+00   9.3633111950580328E-01  -5.1480514705882365E+00
      3831         1         1        11
   1.3989495353716717E+00   8.3168290080016893E-01  -5.2694117647058833E+00
      3832         1         1        11
   1.4585094439541177E+00   7.2215403612847717E-01  -5.1480514705882356E+00
      3833         1         1        11
   1.5095102391686595E+00   6.0838728442084988E-01  -5.2694117647058833E+00
      3834         1         1        11
   1.5516526280693994E+00   4.9105027421367525E-01  -5.1480514705882365E+00
      3835         1         1        11
   1.5846893023610853E+00   3.7083158573985731E-01  -5.2694117647058833E+00
      3836         1         1        11
   1.6084263897025171E+00   2.4843671006621887E-01  -5.1480514705882365E+00
      3837         1         1        11
   1.6227245914265376E+00   1.2458390899139705E-01  -5.2694117647058833E+00
      3838         1         1        11
   1.6227245914265378E+00  -1.2458390899139322E-01  -5.5121323529411779E+00
      3839         1         1        11
   1.6084263897025182E+00  -2.4843671006621226E-01  -5.3907720588235311E+00
      3840         1         1        11
   1.5846893023610866E+00  -3.7083158573985081E-01  -5.5121323529411788E+00
      3841         1         1        11
   1.5516526280694007E+00  -4.9105027421367092E-01  -5.3907720588235311E+00
      3842         1         1        11
   1.5095102391686608E+00  -6.0838728442084700E-01  -5.5121323529411788E+00
      3843         1         1        11
   1.4585094439541197E+00  -7.2215403612847306E-01  -5.3907720588235302E+00
      3844         1         1        11
   1.3989495353716719E+00  -8.3168290080016882E-01  -5.5121323529411788E+00
      3845         1         1        11
   1.3311800346478351E+00  -9.3633111950580206E-01  -5.3907720588235319E+00
      3846         1         1        11
   1.2555986401602142E+00  -1.0354845748864736E+00  -5.5121323529411805E+00
      3847         1         1        11
   1.1726488935852830E+00  -1.1285613950393711E+00  -5.3907720588235319E+00
      3848         1         1        11
   1.0828175770194597E+00  -1.2150153681734672E+00  -5.5121323529411788E+00
      3849         1         1        11
   9.8663185634820538E-01  -1.2943391479974999E+00  -5.3907720588235302E+00
      3850         1         1        11
   8.8465618762698939E-01  -1.3660672310297473E+00  -5.5121323529411788E+00
      3851         1         1        11
   7.7748900462870962E-01  -1.4297786883575576E+00  -5.3907720588235311E+00
      3852         1         1        11
   6.6575920699635716E-01  -1.4850996358155844E+00  -5.5121323529411788E+00
      3853         1         1        11
   5.5012246960983957E-01  -1.5317054280867359E+00  -5.3907720588235302E+00
      3854         1         1        11
   4.3125739482506803E-01  -1.5693225638499866E+00  -5.5121323529411779E+00
      3855         1         1        11
   3.0986153016549867E-01  -1.5977302907948812E+00  -5.3907720588235302E+00
      3856         1         1        11
   1.8664727483589730E-01  -1.6167619010838710E+00  -5.5121323529411779E+00
      3857         1         1        11
   6.2337699080532862E-02  -1.6263057096601932E+00  -5.3907720588235302E+00
      3858         1         1        11
  -6.2337699080532466E-02  -1.6263057096601932E+00  -5.5121323529411779E+00
      3859         1         1        11
  -1.8664727483589763E-01  -1.6167619010838710E+00  -5.3907720588235302E+00
      3860         1         1        11
  -3.0986153016549900E-01  -1.5977302907948812E+00  -5.5121323529411779E+00
      3861         1         1        11
  -4.3125739482506903E-01  -1.5693225638499864E+00  -5.3907720588235302E+00
      3862         1         1        11
  -5.5012246960983990E-01  -1.5317054280867357E+00  -5.5121323529411788E+00
      3863         1         1        11
  -6.6575920699635682E-01  -1.4850996358155846E+00  -5.3907720588235311E+00
      3864         1         1        11
  -7.7748900462870929E-01  -1.4297786883575578E+00  -5.5121323529411788E+00
      3865         1         1        11
  -8.8465618762698905E-01  -1.3660672310297475E+00  -5.3907720588235302E+00
      3866         1         1        11
  -9.8663185634820505E-01  -1.2943391479975002E+00  -5.5121323529411788E+00
      3867         1         1        11
  -1.0828175770194595E+00  -1.2150153681734677E+00  -5.3907720588235311E+00
      3868         1         1        11
  -1.1726488935852828E+00  -1.1285613950393714E+00  -5.5121323529411788E+00
      3869         1         1        11
  -1.2555986401602139E+00  -1.0354845748864738E+00  -5.3907720588235302E+00
      3870         1         1        11
  -1.3311800346478340E+00  -9.3633111950580350E-01  -5.5121323529411788E+00
      3871         1         1        11
  -1.3989495353716703E+00  -8.3168290080017149E-01  -5.3907720588235311E+00
      3872         1         1        11
  -1.4585094439541182E+00  -7.2215403612847606E-01  -5.5121323529411788E+00
      3873         1         1        11
  -1.5095102391686595E+00  -6.0838728442085011E-01  -5.3907720588235311E+00
      3874         1         1        11
  -1.5516526280693999E+00  -4.9105027421367409E-01  -5.5121323529411788E+00
      3875         1         1        11
  -1.5846893023610857E+00  -3.7083158573985470E-01  -5.3907720588235311E+00
      3876         1         1        11
  -1.6084263897025175E+00  -2.4843671006621620E-01  -5.5121323529411788E+00
      3877         1         1        11
  -1.6227245914265378E+00  -1.2458390899139578E-01  -5.3907720588235311E+00
      3878         1         1        11
  -1.6274999999999999E+00   2.5920538562820600E-15  -5.5121323529411788E+00
      3879         1         1        11
  -1.6227245914265374E+00   1.2458390899139954E-01  -5.3907720588235302E+00
      3880         1         1        11
  -1.6084263897025166E+00   2.4843671006622137E-01  -5.5121323529411788E+00
      3881         1         1        11
  -1.5846893023610849E+00   3.7083158573985836E-01  -5.3907720588235311E+00
      3882         1         1        11
  -1.5516526280693992E+00   4.9105027421367625E-01  -5.5121323529411788E+00
      3883         1         1        11
  -1.5095102391686597E+00   6.0838728442084955E-01  -5.3907720588235311E+00
      3884         1         1        11
  -1.4585094439541173E+00   7.2215403612847806E-01  -5.5121323529411788E+00
      3885         1         1        11
  -1.3989495353716690E+00   8.3168290080017349E-01  -5.3907720588235311E+00
      3886         1         1        11
  -1.3311800346478311E+00   9.3633111950580783E-01  -5.5121323529411788E+00
      3887         1         1        11
  -1.2555986401602106E+00   1.0354845748864778E+00  -5.3907720588235302E+00
      3888         1         1        11
  -1.1726488935852810E+00   1.1285613950393729E+00  -5.5121323529411779E+00
      3889         1         1        11
  -1.0828175770194588E+00   1.2150153681734681E+00  -5.3907720588235302E+00
      3890         1         1        11
  -9.8663185634820427E-01   1.2943391479975006E+00  -5.5121323529411779E+00
      3891         1         1        11
  -8.8465618762698706E-01   1.3660672310297488E+00  -5.3907720588235302E+00
      3892         1         1        11
  -7.7748900462870729E-01   1.4297786883575589E+00  -5.5121323529411788E+00
      3893         1         1        11
  -6.6575920699635471E-01   1.4850996358155855E+00  -5.3907720588235311E+00
      3894         1         1        11
  -5.5012246960983702E-01   1.5317054280867368E+00  -5.5121323529411788E+00
      3895         1         1        11
  -4.3125739482506542E-01   1.5693225638499873E+00  -5.3907720588235302E+00
      3896         1         1        11
  -3.0986153016549739E-01   1.5977302907948814E+00  -5.5121323529411788E+00
      3897         1         1        11
  -1.8664727483589749E-01   1.6167619010838710E+00  -5.3907720588235311E+00
      3898         1         1        11
  -6.2337699080533070E-02   1.6263057096601932E+00  -5.5121323529411788E+00
      3899         1         1        11
   6.2337699080534104E-02   1.6263057096601932E+00  -5.3907720588235302E+00
      3900         1         1        11
   1.8664727483589713E-01   1.6167619010838710E+00  -5.5121323529411779E+00
      3901         1         1        11
   3.0986153016549844E-01   1.5977302907948812E+00  -5.3907720588235302E+00
      3902         1         1        11
   4.3125739482506503E-01   1.5693225638499875E+00  -5.5121323529411779E+00
      3903         1         1        11
   5.5012246960983668E-01   1.5317054280867370E+00  -5.3907720588235302E+00
      3904         1         1        11
   6.6575920699635438E-01   1.4850996358155857E+00  -5.5121323529411788E+00
      3905         1         1        11
   7.7748900462870696E-01   1.4297786883575592E+00  -5.3907720588235311E+00
      3906         1         1        11
   8.8465618762698661E-01   1.3660672310297488E+00  -5.5121323529411788E+00
      3907         1         1        11
   9.8663185634820416E-01   1.2943391479975008E+00  -5.3907720588235302E+00
      3908         1         1        11
   1.0828175770194575E+00   1.2150153681734694E+00  -5.5121323529411788E+00
      3909         1         1        11
   1.1726488935852808E+00   1.1285613950393734E+00  -5.3907720588235311E+00
      3910         1         1        11
   1.2555986401602124E+00   1.0354845748864758E+00  -5.5121323529411779E+00
      3911         1         1        11
   1.3311800346478342E+00   9.3633111950580328E-01  -5.3907720588235302E+00
      3912         1         1        11
   1.3989495353716703E+00   8.3168290080017127E-01  -5.5121323529411788E+00
      3913         1         1        11
   1.4585094439541191E+00   7.2215403612847462E-01  -5.3907720588235311E+00
      3914         1         1        11
   1.5095102391686583E+00   6.0838728442085255E-01  -5.5121323529411788E+00
      3915         1         1        11
   1.5516526280693990E+00   4.9105027421367659E-01  -5.3907720588235302E+00
      3916         1         1        11
   1.5846893023610853E+00   3.7083158573985731E-01  -5.5121323529411788E+00
      3917         1         1        11
   1.6084263897025171E+00   2.4843671006621887E-01  -5.3907720588235319E+00
      3918         1         1        11
   1.6227245914265376E+00   1.2458390899139705E-01  -5.5121323529411788E+00
      3919         1         1        11
   1.6227245914265378E+00  -1.2458390899139396E-01  -5.7548529411764724E+00
      3920         1         1        11
   1.6084263897025182E+00  -2.4843671006621226E-01  -5.6334926470588256E+00
      3921         1         1        11
   1.5846893023610864E+00  -3.7083158573985148E-01  -5.7548529411764724E+00
      3922         1         1        11
   1.5516526280694007E+00  -4.9105027421367092E-01  -5.6334926470588256E+00
      3923         1         1        11
   1.5095102391686608E+00  -6.0838728442084700E-01  -5.7548529411764724E+00
      3924         1         1        11
   1.4585094439541197E+00  -7.2215403612847306E-01  -5.6334926470588256E+00
      3925         1         1        11
   1.3989495353716719E+00  -8.3168290080016882E-01  -5.7548529411764724E+00
      3926         1         1        11
   1.3311800346478351E+00  -9.3633111950580206E-01  -5.6334926470588256E+00
      3927         1         1        11
   1.2555986401602142E+00  -1.0354845748864736E+00  -5.7548529411764724E+00
      3928         1         1        11
   1.1726488935852830E+00  -1.1285613950393711E+00  -5.6334926470588274E+00
      3929         1         1        11
   1.0828175770194597E+00  -1.2150153681734672E+00  -5.7548529411764733E+00
      3930         1         1        11
   9.8663185634820538E-01  -1.2943391479974999E+00  -5.6334926470588256E+00
      3931         1         1        11
   8.8465618762698939E-01  -1.3660672310297473E+00  -5.7548529411764724E+00
      3932         1         1        11
   7.7748900462870962E-01  -1.4297786883575576E+00  -5.6334926470588256E+00
      3933         1         1        11
   6.6575920699635716E-01  -1.4850996358155844E+00  -5.7548529411764724E+00
      3934         1         1        11
   5.5012246960983957E-01  -1.5317054280867359E+00  -5.6334926470588256E+00
      3935         1         1        11
   4.3125739482506803E-01  -1.5693225638499866E+00  -5.7548529411764724E+00
      3936         1         1        11
   3.0986153016549867E-01  -1.5977302907948812E+00  -5.6334926470588256E+00
      3937         1         1        11
   1.8664727483589730E-01  -1.6167619010838710E+00  -5.7548529411764724E+00
      3938         1         1        11
   6.2337699080532862E-02  -1.6263057096601932E+00  -5.6334926470588256E+00
      3939         1         1        11
  -6.2337699080532466E-02  -1.6263057096601932E+00  -5.7548529411764724E+00
      3940         1         1        11
  -1.8664727483589691E-01  -1.6167619010838710E+00  -5.6334926470588247E+00
      3941         1         1        11
  -3.0986153016549828E-01  -1.5977302907948814E+00  -5.7548529411764724E+00
      3942         1         1        11
  -4.3125739482506831E-01  -1.5693225638499866E+00  -5.6334926470588256E+00
      3943         1         1        11
  -5.5012246960983924E-01  -1.5317054280867362E+00  -5.7548529411764733E+00
      3944         1         1        11
  -6.6575920699635682E-01  -1.4850996358155846E+00  -5.6334926470588256E+00
      3945         1         1        11
  -7.7748900462870929E-01  -1.4297786883575578E+00  -5.7548529411764724E+00
      3946         1         1        11
  -8.8465618762698905E-01  -1.3660672310297475E+00  -5.6334926470588256E+00
      3947         1         1        11
  -9.8663185634820616E-01  -1.2943391479974993E+00  -5.7548529411764715E+00
      3948         1         1        11
  -1.0828175770194599E+00  -1.2150153681734670E+00  -5.6334926470588247E+00
      3949         1         1        11
  -1.1726488935852832E+00  -1.1285613950393709E+00  -5.7548529411764715E+00
      3950         1         1        11
  -1.2555986401602139E+00  -1.0354845748864738E+00  -5.6334926470588256E+00
      3951         1         1        11
  -1.3311800346478349E+00  -9.3633111950580239E-01  -5.7548529411764724E+00
      3952         1         1        11
  -1.3989495353716703E+00  -8.3168290080017149E-01  -5.6334926470588256E+00
      3953         1         1        11
  -1.4585094439541182E+00  -7.2215403612847606E-01  -5.7548529411764724E+00
      3954         1         1        11
  -1.5095102391686595E+00  -6.0838728442085011E-01  -5.6334926470588256E+00
      3955         1         1        11
  -1.5516526280693999E+00  -4.9105027421367409E-01  -5.7548529411764724E+00
      3956         1         1        11
  -1.5846893023610857E+00  -3.7083158573985470E-01  -5.6334926470588256E+00
      3957         1         1        11
  -1.6084263897025175E+00  -2.4843671006621620E-01  -5.7548529411764724E+00
      3958         1         1        11
  -1.6227245914265378E+00  -1.2458390899139436E-01  -5.6334926470588256E+00
      3959         1         1        11
  -1.6274999999999999E+00   2.5920538562820600E-15  -5.7548529411764724E+00
      3960         1         1        11
  -1.6227245914265374E+00   1.2458390899139954E-01  -5.6334926470588256E+00
      3961         1         1        11
  -1.6084263897025166E+00   2.4843671006622137E-01  -5.7548529411764724E+00
      3962         1         1        11
  -1.5846893023610844E+00   3.7083158573985975E-01  -5.6334926470588256E+00
      3963         1         1        11
  -1.5516526280693983E+00   4.9105027421367903E-01  -5.7548529411764724E+00
      3964         1         1        11
  -1.5095102391686586E+00   6.0838728442085221E-01  -5.6334926470588256E+00
      3965         1         1        11
  -1.4585094439541173E+00   7.2215403612847806E-01  -5.7548529411764724E+00
      3966         1         1        11
  -1.3989495353716690E+00   8.3168290080017349E-01  -5.6334926470588256E+00
      3967         1         1        11
  -1.3311800346478317E+00   9.3633111950580650E-01  -5.7548529411764724E+00
      3968         1         1        11
  -1.2555986401602106E+00   1.0354845748864778E+00  -5.6334926470588256E+00
      3969         1         1        11
  -1.1726488935852801E+00   1.1285613950393740E+00  -5.7548529411764724E+00
      3970         1         1        11
  -1.0828175770194588E+00   1.2150153681734681E+00  -5.6334926470588256E+00
      3971         1         1        11
  -9.8663185634820327E-01   1.2943391479975017E+00  -5.7548529411764724E+00
      3972         1         1        11
  -8.8465618762698706E-01   1.3660672310297488E+00  -5.6334926470588256E+00
      3973         1         1        11
  -7.7748900462870729E-01   1.4297786883575589E+00  -5.7548529411764724E+00
      3974         1         1        11
  -6.6575920699635471E-01   1.4850996358155855E+00  -5.6334926470588256E+00
      3975         1         1        11
  -5.5012246960983702E-01   1.5317054280867368E+00  -5.7548529411764724E+00
      3976         1         1        11
  -4.3125739482506542E-01   1.5693225638499873E+00  -5.6334926470588256E+00
      3977         1         1        11
  -3.0986153016549739E-01   1.5977302907948814E+00  -5.7548529411764724E+00
      3978         1         1        11
  -1.8664727483589749E-01   1.6167619010838710E+00  -5.6334926470588256E+00
      3979         1         1        11
  -6.2337699080533070E-02   1.6263057096601932E+00  -5.7548529411764724E+00
      3980         1         1        11
   6.2337699080532674E-02   1.6263057096601932E+00  -5.6334926470588256E+00
      3981         1         1        11
   1.8664727483589713E-01   1.6167619010838710E+00  -5.7548529411764724E+00
      3982         1         1        11
   3.0986153016549844E-01   1.5977302907948812E+00  -5.6334926470588256E+00
      3983         1         1        11
   4.3125739482506503E-01   1.5693225638499875E+00  -5.7548529411764724E+00
      3984         1         1        11
   5.5012246960983535E-01   1.5317054280867375E+00  -5.6334926470588256E+00
      3985         1         1        11
   6.6575920699635305E-01   1.4850996358155863E+00  -5.7548529411764724E+00
      3986         1         1        11
   7.7748900462870696E-01   1.4297786883575592E+00  -5.6334926470588256E+00
      3987         1         1        11
   8.8465618762698661E-01   1.3660672310297488E+00  -5.7548529411764715E+00
      3988         1         1        11
   9.8663185634820283E-01   1.2943391479975017E+00  -5.6334926470588256E+00
      3989         1         1        11
   1.0828175770194564E+00   1.2150153681734703E+00  -5.7548529411764724E+00
      3990         1         1        11
   1.1726488935852799E+00   1.1285613950393745E+00  -5.6334926470588256E+00
      3991         1         1        11
   1.2555986401602113E+00   1.0354845748864769E+00  -5.7548529411764724E+00
      3992         1         1        11
   1.3311800346478333E+00   9.3633111950580450E-01  -5.6334926470588256E+00
      3993         1         1        11
   1.3989495353716703E+00   8.3168290080017127E-01  -5.7548529411764724E+00
      3994         1         1        11
   1.4585094439541184E+00   7.2215403612847584E-01  -5.6334926470588256E+00
      3995         1         1        11
   1.5095102391686606E+00   6.0838728442084722E-01  -5.7548529411764724E+00
      3996         1         1        11
   1.5516526280693999E+00   4.9105027421367392E-01  -5.6334926470588256E+00
      3997         1         1        11
   1.5846893023610857E+00   3.7083158573985447E-01  -5.7548529411764724E+00
      3998         1         1        11
   1.6084263897025171E+00   2.4843671006621887E-01  -5.6334926470588256E+00
      3999         1         1        11
   1.6227245914265376E+00   1.2458390899139705E-01  -5.7548529411764724E+00
      4000         1         1        11
   1.6227245914265378E+00  -1.2458390899139396E-01  -5.9975735294117669E+00
      4001         1         1        11
   1.6084263897025179E+00  -2.4843671006621296E-01  -5.8762132352941192E+00
      4002         1         1        11
   1.5846893023610864E+00  -3.7083158573985148E-01  -5.9975735294117678E+00
      4003         1         1        11
   1.5516526280694007E+00  -4.9105027421367092E-01  -5.8762132352941201E+00
      4004         1         1        11
   1.5095102391686608E+00  -6.0838728442084700E-01  -5.9975735294117678E+00
      4005         1         1        11
   1.4585094439541197E+00  -7.2215403612847306E-01  -5.8762132352941192E+00
      4006         1         1        11
   1.3989495353716719E+00  -8.3168290080016882E-01  -5.9975735294117669E+00
      4007         1         1        11
   1.3311800346478351E+00  -9.3633111950580206E-01  -5.8762132352941192E+00
      4008         1         1        11
   1.2555986401602142E+00  -1.0354845748864736E+00  -5.9975735294117678E+00
      4009         1         1        11
   1.1726488935852830E+00  -1.1285613950393711E+00  -5.8762132352941210E+00
      4010         1         1        11
   1.0828175770194597E+00  -1.2150153681734672E+00  -5.9975735294117678E+00
      4011         1         1        11
   9.8663185634820538E-01  -1.2943391479974999E+00  -5.8762132352941201E+00
      4012         1         1        11
   8.8465618762698939E-01  -1.3660672310297473E+00  -5.9975735294117678E+00
      4013         1         1        11
   7.7748900462870962E-01  -1.4297786883575576E+00  -5.8762132352941201E+00
      4014         1         1        11
   6.6575920699635716E-01  -1.4850996358155844E+00  -5.9975735294117687E+00
      4015         1         1        11
   5.5012246960983957E-01  -1.5317054280867359E+00  -5.8762132352941210E+00
      4016         1         1        11
   4.3125739482506803E-01  -1.5693225638499866E+00  -5.9975735294117696E+00
      4017         1         1        11
   3.0986153016549867E-01  -1.5977302907948812E+00  -5.8762132352941210E+00
      4018         1         1        11
   1.8664727483589730E-01  -1.6167619010838710E+00  -5.9975735294117678E+00
      4019         1         1        11
   6.2337699080532862E-02  -1.6263057096601932E+00  -5.8762132352941192E+00
      4020         1         1        11
  -6.2337699080532466E-02  -1.6263057096601932E+00  -5.9975735294117660E+00
      4021         1         1        11
  -1.8664727483589691E-01  -1.6167619010838710E+00  -5.8762132352941192E+00
      4022         1         1        11
  -3.0986153016549828E-01  -1.5977302907948814E+00  -5.9975735294117660E+00
      4023         1         1        11
  -4.3125739482506764E-01  -1.5693225638499868E+00  -5.8762132352941201E+00
      4024         1         1        11
  -5.5012246960983924E-01  -1.5317054280867362E+00  -5.9975735294117660E+00
      4025         1         1        11
  -6.6575920699635682E-01  -1.4850996358155846E+00  -5.8762132352941192E+00
      4026         1         1        11
  -7.7748900462870929E-01  -1.4297786883575578E+00  -5.9975735294117669E+00
      4027         1         1        11
  -8.8465618762698905E-01  -1.3660672310297475E+00  -5.8762132352941192E+00
      4028         1         1        11
  -9.8663185634820560E-01  -1.2943391479974997E+00  -5.9975735294117678E+00
      4029         1         1        11
  -1.0828175770194606E+00  -1.2150153681734666E+00  -5.8762132352941192E+00
      4030         1         1        11
  -1.1726488935852837E+00  -1.1285613950393703E+00  -5.9975735294117678E+00
      4031         1         1        11
  -1.2555986401602139E+00  -1.0354845748864738E+00  -5.8762132352941201E+00
      4032         1         1        11
  -1.3311800346478349E+00  -9.3633111950580239E-01  -5.9975735294117660E+00
      4033         1         1        11
  -1.3989495353716703E+00  -8.3168290080017149E-01  -5.8762132352941192E+00
      4034         1         1        11
  -1.4585094439541182E+00  -7.2215403612847606E-01  -5.9975735294117660E+00
      4035         1         1        11
  -1.5095102391686595E+00  -6.0838728442085011E-01  -5.8762132352941192E+00
      4036         1         1        11
  -1.5516526280693999E+00  -4.9105027421367409E-01  -5.9975735294117660E+00
      4037         1         1        11
  -1.5846893023610857E+00  -3.7083158573985470E-01  -5.8762132352941192E+00
      4038         1         1        11
  -1.6084263897025175E+00  -2.4843671006621620E-01  -5.9975735294117660E+00
      4039         1         1        11
  -1.6227245914265378E+00  -1.2458390899139292E-01  -5.8762132352941192E+00
      4040         1         1        11
  -1.6274999999999999E+00   4.0375642343440134E-15  -5.9975735294117669E+00
      4041         1         1        11
  -1.6227245914265374E+00   1.2458390899139954E-01  -5.8762132352941192E+00
      4042         1         1        11
  -1.6084263897025166E+00   2.4843671006622137E-01  -5.9975735294117669E+00
      4043         1         1        11
  -1.5846893023610849E+00   3.7083158573985836E-01  -5.8762132352941192E+00
      4044         1         1        11
  -1.5516526280693992E+00   4.9105027421367625E-01  -5.9975735294117678E+00
      4045         1         1        11
  -1.5095102391686586E+00   6.0838728442085221E-01  -5.8762132352941201E+00
      4046         1         1        11
  -1.4585094439541166E+00   7.2215403612847939E-01  -5.9975735294117678E+00
      4047         1         1        11
  -1.3989495353716690E+00   8.3168290080017349E-01  -5.8762132352941192E+00
      4048         1         1        11
  -1.3311800346478317E+00   9.3633111950580650E-01  -5.9975735294117669E+00
      4049         1         1        11
  -1.2555986401602106E+00   1.0354845748864778E+00  -5.8762132352941192E+00
      4050         1         1        11
  -1.1726488935852810E+00   1.1285613950393729E+00  -5.9975735294117669E+00
      4051         1         1        11
  -1.0828175770194577E+00   1.2150153681734690E+00  -5.8762132352941192E+00
      4052         1         1        11
  -9.8663185634820327E-01   1.2943391479975017E+00  -5.9975735294117669E+00
      4053         1         1        11
  -8.8465618762698706E-01   1.3660672310297488E+00  -5.8762132352941192E+00
      4054         1         1        11
  -7.7748900462870596E-01   1.4297786883575596E+00  -5.9975735294117669E+00
      4055         1         1        11
  -6.6575920699635338E-01   1.4850996358155861E+00  -5.8762132352941192E+00
      4056         1         1        11
  -5.5012246960983568E-01   1.5317054280867373E+00  -5.9975735294117669E+00
      4057         1         1        11
  -4.3125739482506542E-01   1.5693225638499873E+00  -5.8762132352941192E+00
      4058         1         1        11
  -3.0986153016549739E-01   1.5977302907948814E+00  -5.9975735294117669E+00
      4059         1         1        11
  -1.8664727483589749E-01   1.6167619010838710E+00  -5.8762132352941192E+00
      4060         1         1        11
  -6.2337699080531619E-02   1.6263057096601932E+00  -5.9975735294117669E+00
      4061         1         1        11
   6.2337699080534104E-02   1.6263057096601932E+00  -5.8762132352941192E+00
      4062         1         1        11
   1.8664727483589999E-01   1.6167619010838707E+00  -5.9975735294117678E+00
      4063         1         1        11
   3.0986153016549844E-01   1.5977302907948812E+00  -5.8762132352941201E+00
      4064         1         1        11
   4.3125739482506786E-01   1.5693225638499868E+00  -5.9975735294117678E+00
      4065         1         1        11
   5.5012246960983668E-01   1.5317054280867370E+00  -5.8762132352941192E+00
      4066         1         1        11
   6.6575920699635704E-01   1.4850996358155846E+00  -5.9975735294117669E+00
      4067         1         1        11
   7.7748900462870696E-01   1.4297786883575592E+00  -5.8762132352941192E+00
      4068         1         1        11
   8.8465618762698794E-01   1.3660672310297481E+00  -5.9975735294117669E+00
      4069         1         1        11
   9.8663185634820283E-01   1.2943391479975017E+00  -5.8762132352941192E+00
      4070         1         1        11
   1.0828175770194575E+00   1.2150153681734694E+00  -5.9975735294117678E+00
      4071         1         1        11
   1.1726488935852799E+00   1.1285613950393745E+00  -5.8762132352941201E+00
      4072         1         1        11
   1.2555986401602113E+00   1.0354845748864769E+00  -5.9975735294117678E+00
      4073         1         1        11
   1.3311800346478326E+00   9.3633111950580561E-01  -5.8762132352941210E+00
      4074         1         1        11
   1.3989495353716688E+00   8.3168290080017382E-01  -5.9975735294117678E+00
      4075         1         1        11
   1.4585094439541184E+00   7.2215403612847584E-01  -5.8762132352941192E+00
      4076         1         1        11
   1.5095102391686595E+00   6.0838728442084988E-01  -5.9975735294117678E+00
      4077         1         1        11
   1.5516526280694003E+00   4.9105027421367248E-01  -5.8762132352941201E+00
      4078         1         1        11
   1.5846893023610853E+00   3.7083158573985731E-01  -5.9975735294117669E+00
      4079         1         1        11
   1.6084263897025168E+00   2.4843671006622031E-01  -5.8762132352941192E+00
      4080         1         1        11
   1.6227245914265374E+00   1.2458390899139847E-01  -5.9975735294117660E+00
      4081         1         1        11
   1.6227245914265378E+00  -1.2458390899139396E-01  -6.2402941176470614E+00
      4082         1         1        11
   1.6084263897025179E+00  -2.4843671006621296E-01  -6.1189338235294146E+00
      4083         1         1        11
   1.5846893023610864E+00  -3.7083158573985148E-01  -6.2402941176470623E+00
      4084         1         1        11
   1.5516526280694007E+00  -4.9105027421367092E-01  -6.1189338235294146E+00
      4085         1         1        11
   1.5095102391686608E+00  -6.0838728442084700E-01  -6.2402941176470623E+00
      4086         1         1        11
   1.4585094439541197E+00  -7.2215403612847306E-01  -6.1189338235294146E+00
      4087         1         1        11
   1.3989495353716719E+00  -8.3168290080016882E-01  -6.2402941176470614E+00
      4088         1         1        11
   1.3311800346478351E+00  -9.3633111950580206E-01  -6.1189338235294146E+00
      4089         1         1        11
   1.2555986401602142E+00  -1.0354845748864736E+00  -6.2402941176470614E+00
      4090         1         1        11
   1.1726488935852830E+00  -1.1285613950393711E+00  -6.1189338235294146E+00
      4091         1         1        11
   1.0828175770194597E+00  -1.2150153681734672E+00  -6.2402941176470614E+00
      4092         1         1        11
   9.8663185634820538E-01  -1.2943391479974999E+00  -6.1189338235294146E+00
      4093         1         1        11
   8.8465618762698994E-01  -1.3660672310297468E+00  -6.2402941176470614E+00
      4094         1         1        11
   7.7748900462871029E-01  -1.4297786883575574E+00  -6.1189338235294146E+00
      4095         1         1        11
   6.6575920699635716E-01  -1.4850996358155844E+00  -6.2402941176470614E+00
      4096         1         1        11
   5.5012246960983957E-01  -1.5317054280867359E+00  -6.1189338235294146E+00
      4097         1         1        11
   4.3125739482506803E-01  -1.5693225638499866E+00  -6.2402941176470614E+00
      4098         1         1        11
   3.0986153016549867E-01  -1.5977302907948812E+00  -6.1189338235294155E+00
      4099         1         1        11
   1.8664727483589730E-01  -1.6167619010838710E+00  -6.2402941176470614E+00
      4100         1         1        11
   6.2337699080532862E-02  -1.6263057096601932E+00  -6.1189338235294146E+00
      4101         1         1        11
  -6.2337699080533195E-02  -1.6263057096601932E+00  -6.2402941176470623E+00
      4102         1         1        11
  -1.8664727483589763E-01  -1.6167619010838710E+00  -6.1189338235294146E+00
      4103         1         1        11
  -3.0986153016549900E-01  -1.5977302907948812E+00  -6.2402941176470623E+00
      4104         1         1        11
  -4.3125739482506764E-01  -1.5693225638499868E+00  -6.1189338235294137E+00
      4105         1         1        11
  -5.5012246960983924E-01  -1.5317054280867362E+00  -6.2402941176470614E+00
      4106         1         1        11
  -6.6575920699635682E-01  -1.4850996358155846E+00  -6.1189338235294146E+00
      4107         1         1        11
  -7.7748900462870929E-01  -1.4297786883575578E+00  -6.2402941176470614E+00
      4108         1         1        11
  -8.8465618762698905E-01  -1.3660672310297475E+00  -6.1189338235294146E+00
      4109         1         1        11
  -9.8663185634820560E-01  -1.2943391479974997E+00  -6.2402941176470614E+00
      4110         1         1        11
  -1.0828175770194606E+00  -1.2150153681734666E+00  -6.1189338235294146E+00
      4111         1         1        11
  -1.1726488935852837E+00  -1.1285613950393703E+00  -6.2402941176470614E+00
      4112         1         1        11
  -1.2555986401602148E+00  -1.0354845748864725E+00  -6.1189338235294146E+00
      4113         1         1        11
  -1.3311800346478349E+00  -9.3633111950580239E-01  -6.2402941176470614E+00
      4114         1         1        11
  -1.3989495353716703E+00  -8.3168290080017149E-01  -6.1189338235294128E+00
      4115         1         1        11
  -1.4585094439541182E+00  -7.2215403612847606E-01  -6.2402941176470623E+00
      4116         1         1        11
  -1.5095102391686595E+00  -6.0838728442085011E-01  -6.1189338235294146E+00
      4117         1         1        11
  -1.5516526280693999E+00  -4.9105027421367409E-01  -6.2402941176470614E+00
      4118         1         1        11
  -1.5846893023610857E+00  -3.7083158573985470E-01  -6.1189338235294128E+00
      4119         1         1        11
  -1.6084263897025175E+00  -2.4843671006621620E-01  -6.2402941176470614E+00
      4120         1         1        11
  -1.6227245914265378E+00  -1.2458390899139436E-01  -6.1189338235294146E+00
      4121         1         1        11
  -1.6274999999999999E+00   2.5920538562820600E-15  -6.2402941176470614E+00
      4122         1         1        11
  -1.6227245914265371E+00   1.2458390899140095E-01  -6.1189338235294146E+00
      4123         1         1        11
  -1.6084263897025166E+00   2.4843671006622137E-01  -6.2402941176470614E+00
      4124         1         1        11
  -1.5846893023610853E+00   3.7083158573985692E-01  -6.1189338235294146E+00
      4125         1         1        11
  -1.5516526280693992E+00   4.9105027421367625E-01  -6.2402941176470614E+00
      4126         1         1        11
  -1.5095102391686586E+00   6.0838728442085221E-01  -6.1189338235294146E+00
      4127         1         1        11
  -1.4585094439541180E+00   7.2215403612847673E-01  -6.2402941176470614E+00
      4128         1         1        11
  -1.3989495353716690E+00   8.3168290080017349E-01  -6.1189338235294146E+00
      4129         1         1        11
  -1.3311800346478326E+00   9.3633111950580550E-01  -6.2402941176470614E+00
      4130         1         1        11
  -1.2555986401602117E+00   1.0354845748864767E+00  -6.1189338235294146E+00
      4131         1         1        11
  -1.1726488935852810E+00   1.1285613950393729E+00  -6.2402941176470614E+00
      4132         1         1        11
  -1.0828175770194577E+00   1.2150153681734690E+00  -6.1189338235294146E+00
      4133         1         1        11
  -9.8663185634820327E-01   1.2943391479975017E+00  -6.2402941176470614E+00
      4134         1         1        11
  -8.8465618762698706E-01   1.3660672310297488E+00  -6.1189338235294146E+00
      4135         1         1        11
  -7.7748900462870729E-01   1.4297786883575589E+00  -6.2402941176470614E+00
      4136         1         1        11
  -6.6575920699635338E-01   1.4850996358155861E+00  -6.1189338235294146E+00
      4137         1         1        11
  -5.5012246960983702E-01   1.5317054280867368E+00  -6.2402941176470614E+00
      4138         1         1        11
  -4.3125739482506542E-01   1.5693225638499873E+00  -6.1189338235294146E+00
      4139         1         1        11
  -3.0986153016549883E-01   1.5977302907948812E+00  -6.2402941176470614E+00
      4140         1         1        11
  -1.8664727483589749E-01   1.6167619010838710E+00  -6.1189338235294146E+00
      4141         1         1        11
  -6.2337699080533070E-02   1.6263057096601932E+00  -6.2402941176470614E+00
      4142         1         1        11
   6.2337699080534104E-02   1.6263057096601932E+00  -6.1189338235294146E+00
      4143         1         1        11
   1.8664727483589713E-01   1.6167619010838710E+00  -6.2402941176470614E+00
      4144         1         1        11
   3.0986153016549844E-01   1.5977302907948812E+00  -6.1189338235294146E+00
      4145         1         1        11
   4.3125739482506503E-01   1.5693225638499875E+00  -6.2402941176470614E+00
      4146         1         1        11
   5.5012246960983668E-01   1.5317054280867370E+00  -6.1189338235294146E+00
      4147         1         1        11
   6.6575920699635438E-01   1.4850996358155857E+00  -6.2402941176470614E+00
      4148         1         1        11
   7.7748900462870951E-01   1.4297786883575578E+00  -6.1189338235294146E+00
      4149         1         1        11
   8.8465618762698917E-01   1.3660672310297475E+00  -6.2402941176470623E+00
      4150         1         1        11
   9.8663185634820283E-01   1.2943391479975017E+00  -6.1189338235294146E+00
      4151         1         1        11
   1.0828175770194575E+00   1.2150153681734694E+00  -6.2402941176470614E+00
      4152         1         1        11
   1.1726488935852808E+00   1.1285613950393734E+00  -6.1189338235294146E+00
      4153         1         1        11
   1.2555986401602124E+00   1.0354845748864758E+00  -6.2402941176470614E+00
      4154         1         1        11
   1.3311800346478333E+00   9.3633111950580450E-01  -6.1189338235294146E+00
      4155         1         1        11
   1.3989495353716703E+00   8.3168290080017127E-01  -6.2402941176470614E+00
      4156         1         1        11
   1.4585094439541173E+00   7.2215403612847850E-01  -6.1189338235294146E+00
      4157         1         1        11
   1.5095102391686583E+00   6.0838728442085255E-01  -6.2402941176470614E+00
      4158         1         1        11
   1.5516526280693999E+00   4.9105027421367392E-01  -6.1189338235294146E+00
      4159         1         1        11
   1.5846893023610853E+00   3.7083158573985731E-01  -6.2402941176470614E+00
      4160         1         1        11
   1.6084263897025168E+00   2.4843671006622031E-01  -6.1189338235294137E+00
      4161         1         1        11
   1.6227245914265376E+00   1.2458390899139705E-01  -6.2402941176470614E+00
      4162         1         1        11
   1.6227245914265378E+00  -1.2458390899139396E-01  -6.4830147058823551E+00
      4163         1         1        11
   1.6084263897025179E+00  -2.4843671006621296E-01  -6.3616544117647083E+00
      4164         1         1        11
   1.5846893023610864E+00  -3.7083158573985148E-01  -6.4830147058823551E+00
      4165         1         1        11
   1.5516526280694007E+00  -4.9105027421367092E-01  -6.3616544117647083E+00
      4166         1         1        11
   1.5095102391686608E+00  -6.0838728442084700E-01  -6.4830147058823551E+00
      4167         1         1        11
   1.4585094439541197E+00  -7.2215403612847306E-01  -6.3616544117647091E+00
      4168         1         1        11
   1.3989495353716719E+00  -8.3168290080016882E-01  -6.4830147058823560E+00
      4169         1         1        11
   1.3311800346478351E+00  -9.3633111950580206E-01  -6.3616544117647083E+00
      4170         1         1        11
   1.2555986401602142E+00  -1.0354845748864736E+00  -6.4830147058823560E+00
      4171         1         1        11
   1.1726488935852830E+00  -1.1285613950393711E+00  -6.3616544117647083E+00
      4172         1         1        11
   1.0828175770194597E+00  -1.2150153681734672E+00  -6.4830147058823568E+00
      4173         1         1        11
   9.8663185634820538E-01  -1.2943391479974999E+00  -6.3616544117647091E+00
      4174         1         1        11
   8.8465618762698939E-01  -1.3660672310297473E+00  -6.4830147058823568E+00
      4175         1         1        11
   7.7748900462871029E-01  -1.4297786883575574E+00  -6.3616544117647083E+00
      4176         1         1        11
   6.6575920699635716E-01  -1.4850996358155844E+00  -6.4830147058823560E+00
      4177         1         1        11
   5.5012246960983890E-01  -1.5317054280867362E+00  -6.3616544117647083E+00
      4178         1         1        11
   4.3125739482506659E-01  -1.5693225638499868E+00  -6.4830147058823551E+00
      4179         1         1        11
   3.0986153016549722E-01  -1.5977302907948816E+00  -6.3616544117647083E+00
      4180         1         1        11
   1.8664727483589588E-01  -1.6167619010838712E+00  -6.4830147058823551E+00
      4181         1         1        11
   6.2337699080532862E-02  -1.6263057096601932E+00  -6.3616544117647083E+00
      4182         1         1        11
  -6.2337699080532466E-02  -1.6263057096601932E+00  -6.4830147058823551E+00
      4183         1         1        11
  -1.8664727483589763E-01  -1.6167619010838710E+00  -6.3616544117647091E+00
      4184         1         1        11
  -3.0986153016549828E-01  -1.5977302907948814E+00  -6.4830147058823551E+00
      4185         1         1        11
  -4.3125739482506764E-01  -1.5693225638499868E+00  -6.3616544117647083E+00
      4186         1         1        11
  -5.5012246960983924E-01  -1.5317054280867362E+00  -6.4830147058823551E+00
      4187         1         1        11
  -6.6575920699635682E-01  -1.4850996358155846E+00  -6.3616544117647083E+00
      4188         1         1        11
  -7.7748900462870996E-01  -1.4297786883575574E+00  -6.4830147058823551E+00
      4189         1         1        11
  -8.8465618762698950E-01  -1.3660672310297470E+00  -6.3616544117647083E+00
      4190         1         1        11
  -9.8663185634820560E-01  -1.2943391479974997E+00  -6.4830147058823560E+00
      4191         1         1        11
  -1.0828175770194599E+00  -1.2150153681734670E+00  -6.3616544117647091E+00
      4192         1         1        11
  -1.1726488935852832E+00  -1.1285613950393709E+00  -6.4830147058823568E+00
      4193         1         1        11
  -1.2555986401602148E+00  -1.0354845748864725E+00  -6.3616544117647083E+00
      4194         1         1        11
  -1.3311800346478349E+00  -9.3633111950580239E-01  -6.4830147058823551E+00
      4195         1         1        11
  -1.3989495353716703E+00  -8.3168290080017149E-01  -6.3616544117647083E+00
      4196         1         1        11
  -1.4585094439541182E+00  -7.2215403612847606E-01  -6.4830147058823560E+00
      4197         1         1        11
  -1.5095102391686595E+00  -6.0838728442085011E-01  -6.3616544117647100E+00
      4198         1         1        11
  -1.5516526280693999E+00  -4.9105027421367409E-01  -6.4830147058823568E+00
      4199         1         1        11
  -1.5846893023610862E+00  -3.7083158573985325E-01  -6.3616544117647083E+00
      4200         1         1        11
  -1.6084263897025177E+00  -2.4843671006621482E-01  -6.4830147058823568E+00
      4201         1         1        11
  -1.6227245914265378E+00  -1.2458390899139436E-01  -6.3616544117647091E+00
      4202         1         1        11
  -1.6274999999999999E+00   4.0375642343440134E-15  -6.4830147058823560E+00
      4203         1         1        11
  -1.6227245914265371E+00   1.2458390899140095E-01  -6.3616544117647083E+00
      4204         1         1        11
  -1.6084263897025166E+00   2.4843671006622137E-01  -6.4830147058823551E+00
      4205         1         1        11
  -1.5846893023610853E+00   3.7083158573985692E-01  -6.3616544117647083E+00
      4206         1         1        11
  -1.5516526280693992E+00   4.9105027421367625E-01  -6.4830147058823551E+00
      4207         1         1        11
  -1.5095102391686586E+00   6.0838728442085221E-01  -6.3616544117647083E+00
      4208         1         1        11
  -1.4585094439541173E+00   7.2215403612847806E-01  -6.4830147058823551E+00
      4209         1         1        11
  -1.3989495353716690E+00   8.3168290080017349E-01  -6.3616544117647083E+00
      4210         1         1        11
  -1.3311800346478311E+00   9.3633111950580783E-01  -6.4830147058823551E+00
      4211         1         1        11
  -1.2555986401602106E+00   1.0354845748864778E+00  -6.3616544117647083E+00
      4212         1         1        11
  -1.1726488935852790E+00   1.1285613950393751E+00  -6.4830147058823551E+00
      4213         1         1        11
  -1.0828175770194577E+00   1.2150153681734690E+00  -6.3616544117647083E+00
      4214         1         1        11
  -9.8663185634820327E-01   1.2943391479975017E+00  -6.4830147058823551E+00
      4215         1         1        11
  -8.8465618762698706E-01   1.3660672310297488E+00  -6.3616544117647083E+00
      4216         1         1        11
  -7.7748900462870729E-01   1.4297786883575589E+00  -6.4830147058823551E+00
      4217         1         1        11
  -6.6575920699635471E-01   1.4850996358155855E+00  -6.3616544117647083E+00
      4218         1         1        11
  -5.5012246960983835E-01   1.5317054280867364E+00  -6.4830147058823560E+00
      4219         1         1        11
  -4.3125739482506820E-01   1.5693225638499866E+00  -6.3616544117647083E+00
      4220         1         1        11
  -3.0986153016549883E-01   1.5977302907948812E+00  -6.4830147058823560E+00
      4221         1         1        11
  -1.8664727483589749E-01   1.6167619010838710E+00  -6.3616544117647091E+00
      4222         1         1        11
  -6.2337699080533070E-02   1.6263057096601932E+00  -6.4830147058823551E+00
      4223         1         1        11
   6.2337699080532674E-02   1.6263057096601932E+00  -6.3616544117647083E+00
      4224         1         1        11
   1.8664727483589999E-01   1.6167619010838707E+00  -6.4830147058823560E+00
      4225         1         1        11
   3.0986153016550128E-01   1.5977302907948807E+00  -6.3616544117647091E+00
      4226         1         1        11
   4.3125739482506786E-01   1.5693225638499868E+00  -6.4830147058823560E+00
      4227         1         1        11
   5.5012246960983668E-01   1.5317054280867370E+00  -6.3616544117647083E+00
      4228         1         1        11
   6.6575920699635438E-01   1.4850996358155857E+00  -6.4830147058823551E+00
      4229         1         1        11
   7.7748900462870818E-01   1.4297786883575585E+00  -6.3616544117647083E+00
      4230         1         1        11
   8.8465618762698661E-01   1.3660672310297488E+00  -6.4830147058823551E+00
      4231         1         1        11
   9.8663185634820283E-01   1.2943391479975017E+00  -6.3616544117647091E+00
      4232         1         1        11
   1.0828175770194575E+00   1.2150153681734694E+00  -6.4830147058823560E+00
      4233         1         1        11
   1.1726488935852808E+00   1.1285613950393734E+00  -6.3616544117647083E+00
      4234         1         1        11
   1.2555986401602113E+00   1.0354845748864769E+00  -6.4830147058823551E+00
      4235         1         1        11
   1.3311800346478333E+00   9.3633111950580450E-01  -6.3616544117647083E+00
      4236         1         1        11
   1.3989495353716688E+00   8.3168290080017382E-01  -6.4830147058823551E+00
      4237         1         1        11
   1.4585094439541173E+00   7.2215403612847850E-01  -6.3616544117647091E+00
      4238         1         1        11
   1.5095102391686595E+00   6.0838728442084988E-01  -6.4830147058823551E+00
      4239         1         1        11
   1.5516526280693999E+00   4.9105027421367392E-01  -6.3616544117647083E+00
      4240         1         1        11
   1.5846893023610853E+00   3.7083158573985592E-01  -6.4830147058823551E+00
      4241         1         1        11
   1.6084263897025171E+00   2.4843671006621887E-01  -6.3616544117647083E+00
      4242         1         1        11
   1.6227245914265376E+00   1.2458390899139705E-01  -6.4830147058823551E+00
      4243         1         1        11
   1.6227245914265378E+00  -1.2458390899139396E-01  -6.7257352941176505E+00
      4244         1         1        11
   1.6084263897025179E+00  -2.4843671006621296E-01  -6.6043750000000028E+00
      4245         1         1        11
   1.5846893023610864E+00  -3.7083158573985181E-01  -6.7257352941176505E+00
      4246         1         1        11
   1.5516526280694007E+00  -4.9105027421367126E-01  -6.6043750000000028E+00
      4247         1         1        11
   1.5095102391686606E+00  -6.0838728442084744E-01  -6.7257352941176514E+00
      4248         1         1        11
   1.4585094439541197E+00  -7.2215403612847306E-01  -6.6043750000000037E+00
      4249         1         1        11
   1.3989495353716719E+00  -8.3168290080016882E-01  -6.7257352941176505E+00
      4250         1         1        11
   1.3311800346478351E+00  -9.3633111950580206E-01  -6.6043750000000037E+00
      4251         1         1        11
   1.2555986401602142E+00  -1.0354845748864736E+00  -6.7257352941176505E+00
      4252         1         1        11
   1.1726488935852830E+00  -1.1285613950393711E+00  -6.6043750000000028E+00
      4253         1         1        11
   1.0828175770194597E+00  -1.2150153681734672E+00  -6.7257352941176505E+00
      4254         1         1        11
   9.8663185634820538E-01  -1.2943391479974999E+00  -6.6043750000000037E+00
      4255         1         1        11
   8.8465618762698939E-01  -1.3660672310297473E+00  -6.7257352941176496E+00
      4256         1         1        11
   7.7748900462870962E-01  -1.4297786883575576E+00  -6.6043750000000019E+00
      4257         1         1        11
   6.6575920699635716E-01  -1.4850996358155844E+00  -6.7257352941176496E+00
      4258         1         1        11
   5.5012246960983957E-01  -1.5317054280867359E+00  -6.6043750000000037E+00
      4259         1         1        11
   4.3125739482506803E-01  -1.5693225638499866E+00  -6.7257352941176505E+00
      4260         1         1        11
   3.0986153016549722E-01  -1.5977302907948816E+00  -6.6043750000000028E+00
      4261         1         1        11
   1.8664727483589730E-01  -1.6167619010838710E+00  -6.7257352941176505E+00
      4262         1         1        11
   6.2337699080532862E-02  -1.6263057096601932E+00  -6.6043750000000028E+00
      4263         1         1        11
  -6.2337699080532466E-02  -1.6263057096601932E+00  -6.7257352941176505E+00
      4264         1         1        11
  -1.8664727483589691E-01  -1.6167619010838710E+00  -6.6043750000000028E+00
      4265         1         1        11
  -3.0986153016549750E-01  -1.5977302907948814E+00  -6.7257352941176514E+00
      4266         1         1        11
  -4.3125739482506692E-01  -1.5693225638499868E+00  -6.6043750000000037E+00
      4267         1         1        11
  -5.5012246960983791E-01  -1.5317054280867366E+00  -6.7257352941176514E+00
      4268         1         1        11
  -6.6575920699635682E-01  -1.4850996358155846E+00  -6.6043750000000028E+00
      4269         1         1        11
  -7.7748900462870929E-01  -1.4297786883575578E+00  -6.7257352941176514E+00
      4270         1         1        11
  -8.8465618762698950E-01  -1.3660672310297470E+00  -6.6043750000000037E+00
      4271         1         1        11
  -9.8663185634820505E-01  -1.2943391479975002E+00  -6.7257352941176514E+00
      4272         1         1        11
  -1.0828175770194595E+00  -1.2150153681734677E+00  -6.6043750000000037E+00
      4273         1         1        11
  -1.1726488935852832E+00  -1.1285613950393709E+00  -6.7257352941176505E+00
      4274         1         1        11
  -1.2555986401602148E+00  -1.0354845748864725E+00  -6.6043750000000037E+00
      4275         1         1        11
  -1.3311800346478349E+00  -9.3633111950580239E-01  -6.7257352941176505E+00
      4276         1         1        11
  -1.3989495353716703E+00  -8.3168290080017149E-01  -6.6043750000000028E+00
      4277         1         1        11
  -1.4585094439541182E+00  -7.2215403612847606E-01  -6.7257352941176505E+00
      4278         1         1        11
  -1.5095102391686590E+00  -6.0838728442085144E-01  -6.6043750000000037E+00
      4279         1         1        11
  -1.5516526280693999E+00  -4.9105027421367409E-01  -6.7257352941176505E+00
      4280         1         1        11
  -1.5846893023610862E+00  -3.7083158573985325E-01  -6.6043750000000037E+00
      4281         1         1        11
  -1.6084263897025177E+00  -2.4843671006621482E-01  -6.7257352941176505E+00
      4282         1         1        11
  -1.6227245914265378E+00  -1.2458390899139292E-01  -6.6043750000000037E+00
      4283         1         1        11
  -1.6274999999999999E+00   4.0375642343440134E-15  -6.7257352941176505E+00
      4284         1         1        11
  -1.6227245914265371E+00   1.2458390899140095E-01  -6.6043750000000037E+00
      4285         1         1        11
  -1.6084263897025166E+00   2.4843671006622137E-01  -6.7257352941176505E+00
      4286         1         1        11
  -1.5846893023610849E+00   3.7083158573985836E-01  -6.6043750000000019E+00
      4287         1         1        11
  -1.5516526280693987E+00   4.9105027421367758E-01  -6.7257352941176505E+00
      4288         1         1        11
  -1.5095102391686586E+00   6.0838728442085221E-01  -6.6043750000000028E+00
      4289         1         1        11
  -1.4585094439541180E+00   7.2215403612847673E-01  -6.7257352941176505E+00
      4290         1         1        11
  -1.3989495353716690E+00   8.3168290080017349E-01  -6.6043750000000028E+00
      4291         1         1        11
  -1.3311800346478335E+00   9.3633111950580417E-01  -6.7257352941176505E+00
      4292         1         1        11
  -1.2555986401602106E+00   1.0354845748864778E+00  -6.6043750000000037E+00
      4293         1         1        11
  -1.1726488935852810E+00   1.1285613950393729E+00  -6.7257352941176505E+00
      4294         1         1        11
  -1.0828175770194588E+00   1.2150153681734681E+00  -6.6043750000000028E+00
      4295         1         1        11
  -9.8663185634820327E-01   1.2943391479975017E+00  -6.7257352941176505E+00
      4296         1         1        11
  -8.8465618762698706E-01   1.3660672310297488E+00  -6.6043750000000028E+00
      4297         1         1        11
  -7.7748900462870729E-01   1.4297786883575589E+00  -6.7257352941176505E+00
      4298         1         1        11
  -6.6575920699635616E-01   1.4850996358155848E+00  -6.6043750000000037E+00
      4299         1         1        11
  -5.5012246960983979E-01   1.5317054280867357E+00  -6.7257352941176505E+00
      4300         1         1        11
  -4.3125739482506820E-01   1.5693225638499866E+00  -6.6043750000000037E+00
      4301         1         1        11
  -3.0986153016549883E-01   1.5977302907948812E+00  -6.7257352941176505E+00
      4302         1         1        11
  -1.8664727483589749E-01   1.6167619010838710E+00  -6.6043750000000028E+00
      4303         1         1        11
  -6.2337699080533070E-02   1.6263057096601932E+00  -6.7257352941176505E+00
      4304         1         1        11
   6.2337699080532674E-02   1.6263057096601932E+00  -6.6043750000000028E+00
      4305         1         1        11
   1.8664727483589713E-01   1.6167619010838710E+00  -6.7257352941176505E+00
      4306         1         1        11
   3.0986153016550128E-01   1.5977302907948807E+00  -6.6043750000000037E+00
      4307         1         1        11
   4.3125739482506786E-01   1.5693225638499868E+00  -6.7257352941176505E+00
      4308         1         1        11
   5.5012246960983802E-01   1.5317054280867366E+00  -6.6043750000000028E+00
      4309         1         1        11
   6.6575920699635571E-01   1.4850996358155850E+00  -6.7257352941176505E+00
      4310         1         1        11
   7.7748900462870696E-01   1.4297786883575592E+00  -6.6043750000000028E+00
      4311         1         1        11
   8.8465618762698661E-01   1.3660672310297488E+00  -6.7257352941176505E+00
      4312         1         1        11
   9.8663185634820283E-01   1.2943391479975017E+00  -6.6043750000000037E+00
      4313         1         1        11
   1.0828175770194575E+00   1.2150153681734694E+00  -6.7257352941176505E+00
      4314         1         1        11
   1.1726488935852808E+00   1.1285613950393734E+00  -6.6043750000000037E+00
      4315         1         1        11
   1.2555986401602124E+00   1.0354845748864758E+00  -6.7257352941176505E+00
      4316         1         1        11
   1.3311800346478315E+00   9.3633111950580694E-01  -6.6043750000000037E+00
      4317         1         1        11
   1.3989495353716688E+00   8.3168290080017382E-01  -6.7257352941176505E+00
      4318         1         1        11
   1.4585094439541173E+00   7.2215403612847850E-01  -6.6043750000000037E+00
      4319         1         1        11
   1.5095102391686590E+00   6.0838728442085122E-01  -6.7257352941176505E+00
      4320         1         1        11
   1.5516526280693999E+00   4.9105027421367392E-01  -6.6043750000000028E+00
      4321         1         1        11
   1.5846893023610857E+00   3.7083158573985447E-01  -6.7257352941176505E+00
      4322         1         1        11
   1.6084263897025171E+00   2.4843671006621887E-01  -6.6043750000000028E+00
      4323         1         1        11
   1.6227245914265376E+00   1.2458390899139705E-01  -6.7257352941176505E+00
      4324         1         1        11
   1.6227245914265378E+00  -1.2458390899139396E-01  -6.9684558823529450E+00
      4325         1         1        11
   1.6084263897025179E+00  -2.4843671006621296E-01  -6.8470955882352973E+00
      4326         1         1        11
   1.5846893023610864E+00  -3.7083158573985148E-01  -6.9684558823529441E+00
      4327         1         1        11
   1.5516526280694007E+00  -4.9105027421367164E-01  -6.8470955882352973E+00
      4328         1         1        11
   1.5095102391686608E+00  -6.0838728442084700E-01  -6.9684558823529441E+00
      4329         1         1        11
   1.4585094439541197E+00  -7.2215403612847306E-01  -6.8470955882352973E+00
      4330         1         1        11
   1.3989495353716719E+00  -8.3168290080016882E-01  -6.9684558823529441E+00
      4331         1         1        11
   1.3311800346478351E+00  -9.3633111950580206E-01  -6.8470955882352973E+00
      4332         1         1        11
   1.2555986401602142E+00  -1.0354845748864736E+00  -6.9684558823529450E+00
      4333         1         1        11
   1.1726488935852830E+00  -1.1285613950393711E+00  -6.8470955882352973E+00
      4334         1         1        11
   1.0828175770194597E+00  -1.2150153681734672E+00  -6.9684558823529441E+00
      4335         1         1        11
   9.8663185634820538E-01  -1.2943391479974999E+00  -6.8470955882352973E+00
      4336         1         1        11
   8.8465618762698939E-01  -1.3660672310297473E+00  -6.9684558823529441E+00
      4337         1         1        11
   7.7748900462870962E-01  -1.4297786883575576E+00  -6.8470955882352964E+00
      4338         1         1        11
   6.6575920699635793E-01  -1.4850996358155841E+00  -6.9684558823529450E+00
      4339         1         1        11
   5.5012246960984024E-01  -1.5317054280867357E+00  -6.8470955882352982E+00
      4340         1         1        11
   4.3125739482506864E-01  -1.5693225638499864E+00  -6.9684558823529459E+00
      4341         1         1        11
   3.0986153016549867E-01  -1.5977302907948812E+00  -6.8470955882352982E+00
      4342         1         1        11
   1.8664727483589802E-01  -1.6167619010838710E+00  -6.9684558823529459E+00
      4343         1         1        11
   6.2337699080533583E-02  -1.6263057096601932E+00  -6.8470955882352973E+00
      4344         1         1        11
  -6.2337699080531023E-02  -1.6263057096601934E+00  -6.9684558823529450E+00
      4345         1         1        11
  -1.8664727483589691E-01  -1.6167619010838710E+00  -6.8470955882352973E+00
      4346         1         1        11
  -3.0986153016549678E-01  -1.5977302907948816E+00  -6.9684558823529450E+00
      4347         1         1        11
  -4.3125739482506620E-01  -1.5693225638499870E+00  -6.8470955882352991E+00
      4348         1         1        11
  -5.5012246960983846E-01  -1.5317054280867364E+00  -6.9684558823529459E+00
      4349         1         1        11
  -6.6575920699635682E-01  -1.4850996358155846E+00  -6.8470955882352982E+00
      4350         1         1        11
  -7.7748900462870929E-01  -1.4297786883575578E+00  -6.9684558823529459E+00
      4351         1         1        11
  -8.8465618762698905E-01  -1.3660672310297475E+00  -6.8470955882352991E+00
      4352         1         1        11
  -9.8663185634820394E-01  -1.2943391479975010E+00  -6.9684558823529459E+00
      4353         1         1        11
  -1.0828175770194584E+00  -1.2150153681734686E+00  -6.8470955882352982E+00
      4354         1         1        11
  -1.1726488935852817E+00  -1.1285613950393725E+00  -6.9684558823529459E+00
      4355         1         1        11
  -1.2555986401602139E+00  -1.0354845748864738E+00  -6.8470955882352982E+00
      4356         1         1        11
  -1.3311800346478349E+00  -9.3633111950580239E-01  -6.9684558823529459E+00
      4357         1         1        11
  -1.3989495353716710E+00  -8.3168290080017027E-01  -6.8470955882352982E+00
      4358         1         1        11
  -1.4585094439541182E+00  -7.2215403612847606E-01  -6.9684558823529459E+00
      4359         1         1        11
  -1.5095102391686590E+00  -6.0838728442085144E-01  -6.8470955882352973E+00
      4360         1         1        11
  -1.5516526280693999E+00  -4.9105027421367409E-01  -6.9684558823529441E+00
      4361         1         1        11
  -1.5846893023610862E+00  -3.7083158573985325E-01  -6.8470955882352973E+00
      4362         1         1        11
  -1.6084263897025177E+00  -2.4843671006621482E-01  -6.9684558823529441E+00
      4363         1         1        11
  -1.6227245914265378E+00  -1.2458390899139292E-01  -6.8470955882352973E+00
      4364         1         1        11
  -1.6274999999999999E+00   2.5920538562820600E-15  -6.9684558823529441E+00
      4365         1         1        11
  -1.6227245914265374E+00   1.2458390899139954E-01  -6.8470955882352973E+00
      4366         1         1        11
  -1.6084263897025173E+00   2.4843671006621851E-01  -6.9684558823529450E+00
      4367         1         1        11
  -1.5846893023610849E+00   3.7083158573985836E-01  -6.8470955882352982E+00
      4368         1         1        11
  -1.5516526280693992E+00   4.9105027421367625E-01  -6.9684558823529459E+00
      4369         1         1        11
  -1.5095102391686586E+00   6.0838728442085221E-01  -6.8470955882352982E+00
      4370         1         1        11
  -1.4585094439541173E+00   7.2215403612847806E-01  -6.9684558823529459E+00
      4371         1         1        11
  -1.3989495353716705E+00   8.3168290080017093E-01  -6.8470955882352982E+00
      4372         1         1        11
  -1.3311800346478326E+00   9.3633111950580550E-01  -6.9684558823529468E+00
      4373         1         1        11
  -1.2555986401602117E+00   1.0354845748864767E+00  -6.8470955882352991E+00
      4374         1         1        11
  -1.1726488935852801E+00   1.1285613950393740E+00  -6.9684558823529468E+00
      4375         1         1        11
  -1.0828175770194577E+00   1.2150153681734690E+00  -6.8470955882352982E+00
      4376         1         1        11
  -9.8663185634820216E-01   1.2943391479975026E+00  -6.9684558823529459E+00
      4377         1         1        11
  -8.8465618762698572E-01   1.3660672310297495E+00  -6.8470955882352982E+00
      4378         1         1        11
  -7.7748900462870729E-01   1.4297786883575589E+00  -6.9684558823529459E+00
      4379         1         1        11
  -6.6575920699635616E-01   1.4850996358155848E+00  -6.8470955882352991E+00
      4380         1         1        11
  -5.5012246960983835E-01   1.5317054280867364E+00  -6.9684558823529459E+00
      4381         1         1        11
  -4.3125739482506820E-01   1.5693225638499866E+00  -6.8470955882352973E+00
      4382         1         1        11
  -3.0986153016549883E-01   1.5977302907948812E+00  -6.9684558823529450E+00
      4383         1         1        11
  -1.8664727483589749E-01   1.6167619010838710E+00  -6.8470955882352973E+00
      4384         1         1        11
  -6.2337699080534513E-02   1.6263057096601932E+00  -6.9684558823529441E+00
      4385         1         1        11
   6.2337699080532674E-02   1.6263057096601932E+00  -6.8470955882352973E+00
      4386         1         1        11
   1.8664727483589569E-01   1.6167619010838712E+00  -6.9684558823529441E+00
      4387         1         1        11
   3.0986153016549844E-01   1.5977302907948812E+00  -6.8470955882352973E+00
      4388         1         1        11
   4.3125739482506503E-01   1.5693225638499875E+00  -6.9684558823529459E+00
      4389         1         1        11
   5.5012246960983668E-01   1.5317054280867370E+00  -6.8470955882352982E+00
      4390         1         1        11
   6.6575920699635438E-01   1.4850996358155857E+00  -6.9684558823529459E+00
      4391         1         1        11
   7.7748900462870696E-01   1.4297786883575592E+00  -6.8470955882352973E+00
      4392         1         1        11
   8.8465618762698661E-01   1.3660672310297488E+00  -6.9684558823529459E+00
      4393         1         1        11
   9.8663185634820283E-01   1.2943391479975017E+00  -6.8470955882352982E+00
      4394         1         1        11
   1.0828175770194575E+00   1.2150153681734694E+00  -6.9684558823529459E+00
      4395         1         1        11
   1.1726488935852808E+00   1.1285613950393734E+00  -6.8470955882352982E+00
      4396         1         1        11
   1.2555986401602133E+00   1.0354845748864747E+00  -6.9684558823529459E+00
      4397         1         1        11
   1.3311800346478333E+00   9.3633111950580450E-01  -6.8470955882352991E+00
      4398         1         1        11
   1.3989495353716717E+00   8.3168290080016893E-01  -6.9684558823529459E+00
      4399         1         1        11
   1.4585094439541177E+00   7.2215403612847717E-01  -6.8470955882352982E+00
      4400         1         1        11
   1.5095102391686595E+00   6.0838728442084988E-01  -6.9684558823529459E+00
      4401         1         1        11
   1.5516526280693999E+00   4.9105027421367392E-01  -6.8470955882352982E+00
      4402         1         1        11
   1.5846893023610853E+00   3.7083158573985731E-01  -6.9684558823529459E+00
      4403         1         1        11
   1.6084263897025171E+00   2.4843671006621887E-01  -6.8470955882352973E+00
      4404         1         1        11
   1.6227245914265376E+00   1.2458390899139705E-01  -6.9684558823529450E+00
      4405         1         1        11
   1.6227245914265378E+00  -1.2458390899139396E-01  -7.2111764705882395E+00
      4406         1         1        11
   1.6084263897025179E+00  -2.4843671006621296E-01  -7.0898161764705927E+00
      4407         1         1        11
   1.5846893023610864E+00  -3.7083158573985148E-01  -7.2111764705882395E+00
      4408         1         1        11
   1.5516526280694007E+00  -4.9105027421367126E-01  -7.0898161764705918E+00
      4409         1         1        11
   1.5095102391686608E+00  -6.0838728442084700E-01  -7.2111764705882377E+00
      4410         1         1        11
   1.4585094439541197E+00  -7.2215403612847306E-01  -7.0898161764705900E+00
      4411         1         1        11
   1.3989495353716719E+00  -8.3168290080016882E-01  -7.2111764705882377E+00
      4412         1         1        11
   1.3311800346478351E+00  -9.3633111950580206E-01  -7.0898161764705927E+00
      4413         1         1        11
   1.2555986401602142E+00  -1.0354845748864736E+00  -7.2111764705882395E+00
      4414         1         1        11
   1.1726488935852830E+00  -1.1285613950393711E+00  -7.0898161764705927E+00
      4415         1         1        11
   1.0828175770194592E+00  -1.2150153681734679E+00  -7.2111764705882395E+00
      4416         1         1        11
   9.8663185634820483E-01  -1.2943391479975004E+00  -7.0898161764705918E+00
      4417         1         1        11
   8.8465618762698861E-01  -1.3660672310297477E+00  -7.2111764705882395E+00
      4418         1         1        11
   7.7748900462870962E-01  -1.4297786883575576E+00  -7.0898161764705918E+00
      4419         1         1        11
   6.6575920699635716E-01  -1.4850996358155844E+00  -7.2111764705882395E+00
      4420         1         1        11
   5.5012246960984024E-01  -1.5317054280867357E+00  -7.0898161764705927E+00
      4421         1         1        11
   4.3125739482506803E-01  -1.5693225638499866E+00  -7.2111764705882395E+00
      4422         1         1        11
   3.0986153016549867E-01  -1.5977302907948812E+00  -7.0898161764705927E+00
      4423         1         1        11
   1.8664727483589802E-01  -1.6167619010838710E+00  -7.2111764705882395E+00
      4424         1         1        11
   6.2337699080534312E-02  -1.6263057096601932E+00  -7.0898161764705927E+00
      4425         1         1        11
  -6.2337699080532466E-02  -1.6263057096601932E+00  -7.2111764705882395E+00
      4426         1         1        11
  -1.8664727483589691E-01  -1.6167619010838710E+00  -7.0898161764705918E+00
      4427         1         1        11
  -3.0986153016549900E-01  -1.5977302907948812E+00  -7.2111764705882386E+00
      4428         1         1        11
  -4.3125739482506692E-01  -1.5693225638499868E+00  -7.0898161764705918E+00
      4429         1         1        11
  -5.5012246960983924E-01  -1.5317054280867362E+00  -7.2111764705882395E+00
      4430         1         1        11
  -6.6575920699635682E-01  -1.4850996358155846E+00  -7.0898161764705936E+00
      4431         1         1        11
  -7.7748900462870929E-01  -1.4297786883575578E+00  -7.2111764705882404E+00
      4432         1         1        11
  -8.8465618762698905E-01  -1.3660672310297475E+00  -7.0898161764705927E+00
      4433         1         1        11
  -9.8663185634820505E-01  -1.2943391479975002E+00  -7.2111764705882395E+00
      4434         1         1        11
  -1.0828175770194584E+00  -1.2150153681734686E+00  -7.0898161764705927E+00
      4435         1         1        11
  -1.1726488935852832E+00  -1.1285613950393709E+00  -7.2111764705882395E+00
      4436         1         1        11
  -1.2555986401602139E+00  -1.0354845748864738E+00  -7.0898161764705927E+00
      4437         1         1        11
  -1.3311800346478349E+00  -9.3633111950580239E-01  -7.2111764705882395E+00
      4438         1         1        11
  -1.3989495353716710E+00  -8.3168290080017027E-01  -7.0898161764705927E+00
      4439         1         1        11
  -1.4585094439541182E+00  -7.2215403612847606E-01  -7.2111764705882395E+00
      4440         1         1        11
  -1.5095102391686595E+00  -6.0838728442085011E-01  -7.0898161764705927E+00
      4441         1         1        11
  -1.5516526280693999E+00  -4.9105027421367409E-01  -7.2111764705882395E+00
      4442         1         1        11
  -1.5846893023610862E+00  -3.7083158573985325E-01  -7.0898161764705918E+00
      4443         1         1        11
  -1.6084263897025177E+00  -2.4843671006621482E-01  -7.2111764705882395E+00
      4444         1         1        11
  -1.6227245914265378E+00  -1.2458390899139292E-01  -7.0898161764705918E+00
      4445         1         1        11
  -1.6274999999999999E+00   2.5920538562820600E-15  -7.2111764705882395E+00
      4446         1         1        11
  -1.6227245914265374E+00   1.2458390899139954E-01  -7.0898161764705918E+00
      4447         1         1        11
  -1.6084263897025171E+00   2.4843671006621990E-01  -7.2111764705882395E+00
      4448         1         1        11
  -1.5846893023610853E+00   3.7083158573985692E-01  -7.0898161764705927E+00
      4449         1         1        11
  -1.5516526280693992E+00   4.9105027421367625E-01  -7.2111764705882395E+00
      4450         1         1        11
  -1.5095102391686586E+00   6.0838728442085221E-01  -7.0898161764705927E+00
      4451         1         1        11
  -1.4585094439541186E+00   7.2215403612847551E-01  -7.2111764705882395E+00
      4452         1         1        11
  -1.3989495353716705E+00   8.3168290080017093E-01  -7.0898161764705927E+00
      4453         1         1        11
  -1.3311800346478335E+00   9.3633111950580417E-01  -7.2111764705882395E+00
      4454         1         1        11
  -1.2555986401602117E+00   1.0354845748864767E+00  -7.0898161764705927E+00
      4455         1         1        11
  -1.1726488935852790E+00   1.1285613950393751E+00  -7.2111764705882386E+00
      4456         1         1        11
  -1.0828175770194557E+00   1.2150153681734710E+00  -7.0898161764705927E+00
      4457         1         1        11
  -9.8663185634819983E-01   1.2943391479975042E+00  -7.2111764705882395E+00
      4458         1         1        11
  -8.8465618762698472E-01   1.3660672310297504E+00  -7.0898161764705927E+00
      4459         1         1        11
  -7.7748900462870474E-01   1.4297786883575603E+00  -7.2111764705882395E+00
      4460         1         1        11
  -6.6575920699635471E-01   1.4850996358155855E+00  -7.0898161764705927E+00
      4461         1         1        11
  -5.5012246960983702E-01   1.5317054280867368E+00  -7.2111764705882395E+00
      4462         1         1        11
  -4.3125739482506675E-01   1.5693225638499868E+00  -7.0898161764705909E+00
      4463         1         1        11
  -3.0986153016549600E-01   1.5977302907948816E+00  -7.2111764705882395E+00
      4464         1         1        11
  -1.8664727483589749E-01   1.6167619010838710E+00  -7.0898161764705927E+00
      4465         1         1        11
  -6.2337699080533070E-02   1.6263057096601932E+00  -7.2111764705882395E+00
      4466         1         1        11
   6.2337699080531224E-02   1.6263057096601932E+00  -7.0898161764705909E+00
      4467         1         1        11
   1.8664727483589713E-01   1.6167619010838710E+00  -7.2111764705882395E+00
      4468         1         1        11
   3.0986153016549844E-01   1.5977302907948812E+00  -7.0898161764705927E+00
      4469         1         1        11
   4.3125739482506786E-01   1.5693225638499868E+00  -7.2111764705882395E+00
      4470         1         1        11
   5.5012246960983668E-01   1.5317054280867370E+00  -7.0898161764705927E+00
      4471         1         1        11
   6.6575920699635438E-01   1.4850996358155857E+00  -7.2111764705882395E+00
      4472         1         1        11
   7.7748900462870696E-01   1.4297786883575592E+00  -7.0898161764705927E+00
      4473         1         1        11
   8.8465618762698661E-01   1.3660672310297488E+00  -7.2111764705882395E+00
      4474         1         1        11
   9.8663185634820283E-01   1.2943391479975017E+00  -7.0898161764705927E+00
      4475         1         1        11
   1.0828175770194575E+00   1.2150153681734694E+00  -7.2111764705882395E+00
      4476         1         1        11
   1.1726488935852808E+00   1.1285613950393734E+00  -7.0898161764705927E+00
      4477         1         1        11
   1.2555986401602124E+00   1.0354845748864758E+00  -7.2111764705882395E+00
      4478         1         1        11
   1.3311800346478342E+00   9.3633111950580328E-01  -7.0898161764705927E+00
      4479         1         1        11
   1.3989495353716688E+00   8.3168290080017382E-01  -7.2111764705882395E+00
      4480         1         1        11
   1.4585094439541177E+00   7.2215403612847717E-01  -7.0898161764705927E+00
      4481         1         1        11
   1.5095102391686583E+00   6.0838728442085255E-01  -7.2111764705882395E+00
      4482         1         1        11
   1.5516526280693990E+00   4.9105027421367659E-01  -7.0898161764705927E+00
      4483         1         1        11
   1.5846893023610853E+00   3.7083158573985731E-01  -7.2111764705882395E+00
      4484         1         1        11
   1.6084263897025171E+00   2.4843671006621887E-01  -7.0898161764705927E+00
      4485         1         1        11
   1.6227245914265376E+00   1.2458390899139705E-01  -7.2111764705882395E+00
      4486         1         1        11
   1.6227245914265378E+00  -1.2458390899139432E-01  -7.4538970588235332E+00
      4487         1         1        11
   1.6084263897025179E+00  -2.4843671006621332E-01  -7.3325367647058863E+00
      4488         1         1        11
   1.5846893023610864E+00  -3.7083158573985148E-01  -7.4538970588235332E+00
      4489         1         1        11
   1.5516526280694007E+00  -4.9105027421367092E-01  -7.3325367647058863E+00
      4490         1         1        11
   1.5095102391686608E+00  -6.0838728442084666E-01  -7.4538970588235332E+00
      4491         1         1        11
   1.4585094439541197E+00  -7.2215403612847306E-01  -7.3325367647058846E+00
      4492         1         1        11
   1.3989495353716719E+00  -8.3168290080016882E-01  -7.4538970588235323E+00
      4493         1         1        11
   1.3311800346478351E+00  -9.3633111950580206E-01  -7.3325367647058863E+00
      4494         1         1        11
   1.2555986401602146E+00  -1.0354845748864729E+00  -7.4538970588235332E+00
      4495         1         1        11
   1.1726488935852830E+00  -1.1285613950393711E+00  -7.3325367647058863E+00
      4496         1         1        11
   1.0828175770194597E+00  -1.2150153681734672E+00  -7.4538970588235349E+00
      4497         1         1        11
   9.8663185634820483E-01  -1.2943391479975004E+00  -7.3325367647058872E+00
      4498         1         1        11
   8.8465618762698861E-01  -1.3660672310297477E+00  -7.4538970588235349E+00
      4499         1         1        11
   7.7748900462870907E-01  -1.4297786883575581E+00  -7.3325367647058863E+00
      4500         1         1        11
   6.6575920699635660E-01  -1.4850996358155848E+00  -7.4538970588235340E+00
      4501         1         1        11
   5.5012246960983957E-01  -1.5317054280867359E+00  -7.3325367647058863E+00
      4502         1         1        11
   4.3125739482506803E-01  -1.5693225638499866E+00  -7.4538970588235349E+00
      4503         1         1        11
   3.0986153016549867E-01  -1.5977302907948812E+00  -7.3325367647058881E+00
      4504         1         1        11
   1.8664727483589730E-01  -1.6167619010838710E+00  -7.4538970588235358E+00
      4505         1         1        11
   6.2337699080534312E-02  -1.6263057096601932E+00  -7.3325367647058881E+00
      4506         1         1        11
  -6.2337699080531744E-02  -1.6263057096601932E+00  -7.4538970588235358E+00
      4507         1         1        11
  -1.8664727483589691E-01  -1.6167619010838710E+00  -7.3325367647058872E+00
      4508         1         1        11
  -3.0986153016549828E-01  -1.5977302907948814E+00  -7.4538970588235349E+00
      4509         1         1        11
  -4.3125739482506764E-01  -1.5693225638499868E+00  -7.3325367647058863E+00
      4510         1         1        11
  -5.5012246960983924E-01  -1.5317054280867362E+00  -7.4538970588235349E+00
      4511         1         1        11
  -6.6575920699635682E-01  -1.4850996358155846E+00  -7.3325367647058881E+00
      4512         1         1        11
  -7.7748900462870929E-01  -1.4297786883575578E+00  -7.4538970588235349E+00
      4513         1         1        11
  -8.8465618762698905E-01  -1.3660672310297475E+00  -7.3325367647058872E+00
      4514         1         1        11
  -9.8663185634820505E-01  -1.2943391479975002E+00  -7.4538970588235332E+00
      4515         1         1        11
  -1.0828175770194595E+00  -1.2150153681734677E+00  -7.3325367647058863E+00
      4516         1         1        11
  -1.1726488935852832E+00  -1.1285613950393709E+00  -7.4538970588235332E+00
      4517         1         1        11
  -1.2555986401602148E+00  -1.0354845748864725E+00  -7.3325367647058863E+00
      4518         1         1        11
  -1.3311800346478349E+00  -9.3633111950580239E-01  -7.4538970588235332E+00
      4519         1         1        11
  -1.3989495353716710E+00  -8.3168290080017027E-01  -7.3325367647058863E+00
      4520         1         1        11
  -1.4585094439541182E+00  -7.2215403612847606E-01  -7.4538970588235332E+00
      4521         1         1        11
  -1.5095102391686595E+00  -6.0838728442085011E-01  -7.3325367647058863E+00
      4522         1         1        11
  -1.5516526280693999E+00  -4.9105027421367409E-01  -7.4538970588235332E+00
      4523         1         1        11
  -1.5846893023610857E+00  -3.7083158573985470E-01  -7.3325367647058863E+00
      4524         1         1        11
  -1.6084263897025175E+00  -2.4843671006621620E-01  -7.4538970588235349E+00
      4525         1         1        11
  -1.6227245914265378E+00  -1.2458390899139292E-01  -7.3325367647058872E+00
      4526         1         1        11
  -1.6274999999999999E+00   2.5920538562820600E-15  -7.4538970588235349E+00
      4527         1         1        11
  -1.6227245914265374E+00   1.2458390899139954E-01  -7.3325367647058872E+00
      4528         1         1        11
  -1.6084263897025171E+00   2.4843671006621990E-01  -7.4538970588235349E+00
      4529         1         1        11
  -1.5846893023610853E+00   3.7083158573985692E-01  -7.3325367647058863E+00
      4530         1         1        11
  -1.5516526280693992E+00   4.9105027421367625E-01  -7.4538970588235340E+00
      4531         1         1        11
  -1.5095102391686592E+00   6.0838728442085077E-01  -7.3325367647058863E+00
      4532         1         1        11
  -1.4585094439541180E+00   7.2215403612847673E-01  -7.4538970588235349E+00
      4533         1         1        11
  -1.3989495353716705E+00   8.3168290080017093E-01  -7.3325367647058881E+00
      4534         1         1        11
  -1.3311800346478317E+00   9.3633111950580650E-01  -7.4538970588235358E+00
      4535         1         1        11
  -1.2555986401602106E+00   1.0354845748864778E+00  -7.3325367647058872E+00
      4536         1         1        11
  -1.1726488935852790E+00   1.1285613950393751E+00  -7.4538970588235349E+00
      4537         1         1        11
  -1.0828175770194557E+00   1.2150153681734710E+00  -7.3325367647058863E+00
      4538         1         1        11
  -9.8663185634820216E-01   1.2943391479975026E+00  -7.4538970588235349E+00
      4539         1         1        11
  -8.8465618762698472E-01   1.3660672310297504E+00  -7.3325367647058863E+00
      4540         1         1        11
  -7.7748900462870729E-01   1.4297786883575589E+00  -7.4538970588235349E+00
      4541         1         1        11
  -6.6575920699635471E-01   1.4850996358155855E+00  -7.3325367647058872E+00
      4542         1         1        11
  -5.5012246960983702E-01   1.5317054280867368E+00  -7.4538970588235340E+00
      4543         1         1        11
  -4.3125739482506542E-01   1.5693225638499873E+00  -7.3325367647058863E+00
      4544         1         1        11
  -3.0986153016549883E-01   1.5977302907948812E+00  -7.4538970588235349E+00
      4545         1         1        11
  -1.8664727483589749E-01   1.6167619010838710E+00  -7.3325367647058881E+00
      4546         1         1        11
  -6.2337699080533070E-02   1.6263057096601932E+00  -7.4538970588235349E+00
      4547         1         1        11
   6.2337699080534104E-02   1.6263057096601932E+00  -7.3325367647058863E+00
      4548         1         1        11
   1.8664727483589855E-01   1.6167619010838710E+00  -7.4538970588235340E+00
      4549         1         1        11
   3.0986153016549844E-01   1.5977302907948812E+00  -7.3325367647058863E+00
      4550         1         1        11
   4.3125739482506786E-01   1.5693225638499868E+00  -7.4538970588235332E+00
      4551         1         1        11
   5.5012246960983802E-01   1.5317054280867366E+00  -7.3325367647058863E+00
      4552         1         1        11
   6.6575920699635571E-01   1.4850996358155850E+00  -7.4538970588235323E+00
      4553         1         1        11
   7.7748900462870696E-01   1.4297786883575592E+00  -7.3325367647058863E+00
      4554         1         1        11
   8.8465618762698661E-01   1.3660672310297488E+00  -7.4538970588235323E+00
      4555         1         1        11
   9.8663185634820283E-01   1.2943391479975017E+00  -7.3325367647058863E+00
      4556         1         1        11
   1.0828175770194575E+00   1.2150153681734694E+00  -7.4538970588235332E+00
      4557         1         1        11
   1.1726488935852808E+00   1.1285613950393734E+00  -7.3325367647058872E+00
      4558         1         1        11
   1.2555986401602124E+00   1.0354845748864758E+00  -7.4538970588235349E+00
      4559         1         1        11
   1.3311800346478333E+00   9.3633111950580450E-01  -7.3325367647058872E+00
      4560         1         1        11
   1.3989495353716710E+00   8.3168290080017004E-01  -7.4538970588235349E+00
      4561         1         1        11
   1.4585094439541177E+00   7.2215403612847717E-01  -7.3325367647058863E+00
      4562         1         1        11
   1.5095102391686595E+00   6.0838728442084988E-01  -7.4538970588235340E+00
      4563         1         1        11
   1.5516526280693994E+00   4.9105027421367525E-01  -7.3325367647058863E+00
      4564         1         1        11
   1.5846893023610853E+00   3.7083158573985592E-01  -7.4538970588235349E+00
      4565         1         1        11
   1.6084263897025171E+00   2.4843671006621887E-01  -7.3325367647058872E+00
      4566         1         1        11
   1.6227245914265376E+00   1.2458390899139705E-01  -7.4538970588235349E+00
      4567         1         1        11
   1.6227245914265378E+00  -1.2458390899139396E-01  -7.6966176470588286E+00
      4568         1         1        11
   1.6084263897025179E+00  -2.4843671006621296E-01  -7.5752573529411809E+00
      4569         1         1        11
   1.5846893023610864E+00  -3.7083158573985148E-01  -7.6966176470588294E+00
      4570         1         1        11
   1.5516526280694010E+00  -4.9105027421367053E-01  -7.5752573529411817E+00
      4571         1         1        11
   1.5095102391686608E+00  -6.0838728442084700E-01  -7.6966176470588286E+00
      4572         1         1        11
   1.4585094439541197E+00  -7.2215403612847306E-01  -7.5752573529411800E+00
      4573         1         1        11
   1.3989495353716719E+00  -8.3168290080016882E-01  -7.6966176470588286E+00
      4574         1         1        11
   1.3311800346478351E+00  -9.3633111950580206E-01  -7.5752573529411817E+00
      4575         1         1        11
   1.2555986401602142E+00  -1.0354845748864736E+00  -7.6966176470588294E+00
      4576         1         1        11
   1.1726488935852835E+00  -1.1285613950393707E+00  -7.5752573529411809E+00
      4577         1         1        11
   1.0828175770194597E+00  -1.2150153681734672E+00  -7.6966176470588286E+00
      4578         1         1        11
   9.8663185634820538E-01  -1.2943391479974999E+00  -7.5752573529411817E+00
      4579         1         1        11
   8.8465618762698939E-01  -1.3660672310297473E+00  -7.6966176470588286E+00
      4580         1         1        11
   7.7748900462870907E-01  -1.4297786883575581E+00  -7.5752573529411817E+00
      4581         1         1        11
   6.6575920699635716E-01  -1.4850996358155844E+00  -7.6966176470588286E+00
      4582         1         1        11
   5.5012246960983957E-01  -1.5317054280867359E+00  -7.5752573529411817E+00
      4583         1         1        11
   4.3125739482506864E-01  -1.5693225638499864E+00  -7.6966176470588286E+00
      4584         1         1        11
   3.0986153016549933E-01  -1.5977302907948809E+00  -7.5752573529411826E+00
      4585         1         1        11
   1.8664727483589802E-01  -1.6167619010838710E+00  -7.6966176470588286E+00
      4586         1         1        11
   6.2337699080532862E-02  -1.6263057096601932E+00  -7.5752573529411817E+00
      4587         1         1        11
  -6.2337699080533916E-02  -1.6263057096601932E+00  -7.6966176470588286E+00
      4588         1         1        11
  -1.8664727483589763E-01  -1.6167619010838710E+00  -7.5752573529411817E+00
      4589         1         1        11
  -3.0986153016549967E-01  -1.5977302907948809E+00  -7.6966176470588286E+00
      4590         1         1        11
  -4.3125739482506764E-01  -1.5693225638499868E+00  -7.5752573529411817E+00
      4591         1         1        11
  -5.5012246960983924E-01  -1.5317054280867362E+00  -7.6966176470588286E+00
      4592         1         1        11
  -6.6575920699635682E-01  -1.4850996358155846E+00  -7.5752573529411817E+00
      4593         1         1        11
  -7.7748900462870996E-01  -1.4297786883575574E+00  -7.6966176470588286E+00
      4594         1         1        11
  -8.8465618762698905E-01  -1.3660672310297475E+00  -7.5752573529411817E+00
      4595         1         1        11
  -9.8663185634820505E-01  -1.2943391479975002E+00  -7.6966176470588286E+00
      4596         1         1        11
  -1.0828175770194595E+00  -1.2150153681734677E+00  -7.5752573529411809E+00
      4597         1         1        11
  -1.1726488935852832E+00  -1.1285613950393709E+00  -7.6966176470588286E+00
      4598         1         1        11
  -1.2555986401602148E+00  -1.0354845748864725E+00  -7.5752573529411809E+00
      4599         1         1        11
  -1.3311800346478349E+00  -9.3633111950580239E-01  -7.6966176470588294E+00
      4600         1         1        11
  -1.3989495353716710E+00  -8.3168290080017027E-01  -7.5752573529411817E+00
      4601         1         1        11
  -1.4585094439541182E+00  -7.2215403612847606E-01  -7.6966176470588303E+00
      4602         1         1        11
  -1.5095102391686590E+00  -6.0838728442085144E-01  -7.5752573529411817E+00
      4603         1         1        11
  -1.5516526280693999E+00  -4.9105027421367409E-01  -7.6966176470588303E+00
      4604         1         1        11
  -1.5846893023610857E+00  -3.7083158573985470E-01  -7.5752573529411817E+00
      4605         1         1        11
  -1.6084263897025177E+00  -2.4843671006621482E-01  -7.6966176470588294E+00
      4606         1         1        11
  -1.6227245914265378E+00  -1.2458390899139292E-01  -7.5752573529411817E+00
      4607         1         1        11
  -1.6274999999999999E+00   4.0375642343440134E-15  -7.6966176470588286E+00
      4608         1         1        11
  -1.6227245914265374E+00   1.2458390899139954E-01  -7.5752573529411817E+00
      4609         1         1        11
  -1.6084263897025166E+00   2.4843671006622137E-01  -7.6966176470588286E+00
      4610         1         1        11
  -1.5846893023610844E+00   3.7083158573985975E-01  -7.5752573529411817E+00
      4611         1         1        11
  -1.5516526280693992E+00   4.9105027421367625E-01  -7.6966176470588286E+00
      4612         1         1        11
  -1.5095102391686597E+00   6.0838728442084955E-01  -7.5752573529411817E+00
      4613         1         1        11
  -1.4585094439541173E+00   7.2215403612847806E-01  -7.6966176470588286E+00
      4614         1         1        11
  -1.3989495353716690E+00   8.3168290080017349E-01  -7.5752573529411826E+00
      4615         1         1        11
  -1.3311800346478317E+00   9.3633111950580650E-01  -7.6966176470588286E+00
      4616         1         1        11
  -1.2555986401602106E+00   1.0354845748864778E+00  -7.5752573529411817E+00
      4617         1         1        11
  -1.1726488935852790E+00   1.1285613950393751E+00  -7.6966176470588286E+00
      4618         1         1        11
  -1.0828175770194557E+00   1.2150153681734710E+00  -7.5752573529411817E+00
      4619         1         1        11
  -9.8663185634820327E-01   1.2943391479975017E+00  -7.6966176470588286E+00
      4620         1         1        11
  -8.8465618762698706E-01   1.3660672310297488E+00  -7.5752573529411817E+00
      4621         1         1        11
  -7.7748900462870729E-01   1.4297786883575589E+00  -7.6966176470588286E+00
      4622         1         1        11
  -6.6575920699635471E-01   1.4850996358155855E+00  -7.5752573529411817E+00
      4623         1         1        11
  -5.5012246960983702E-01   1.5317054280867368E+00  -7.6966176470588286E+00
      4624         1         1        11
  -4.3125739482506820E-01   1.5693225638499866E+00  -7.5752573529411817E+00
      4625         1         1        11
  -3.0986153016550022E-01   1.5977302907948807E+00  -7.6966176470588286E+00
      4626         1         1        11
  -1.8664727483590038E-01   1.6167619010838707E+00  -7.5752573529411826E+00
      4627         1         1        11
  -6.2337699080535956E-02   1.6263057096601929E+00  -7.6966176470588286E+00
      4628         1         1        11
   6.2337699080532674E-02   1.6263057096601932E+00  -7.5752573529411817E+00
      4629         1         1        11
   1.8664727483589569E-01   1.6167619010838712E+00  -7.6966176470588286E+00
      4630         1         1        11
   3.0986153016549844E-01   1.5977302907948812E+00  -7.5752573529411817E+00
      4631         1         1        11
   4.3125739482506642E-01   1.5693225638499870E+00  -7.6966176470588286E+00
      4632         1         1        11
   5.5012246960983802E-01   1.5317054280867366E+00  -7.5752573529411809E+00
      4633         1         1        11
   6.6575920699635438E-01   1.4850996358155857E+00  -7.6966176470588294E+00
      4634         1         1        11
   7.7748900462870696E-01   1.4297786883575592E+00  -7.5752573529411809E+00
      4635         1         1        11
   8.8465618762698561E-01   1.3660672310297499E+00  -7.6966176470588286E+00
      4636         1         1        11
   9.8663185634820183E-01   1.2943391479975026E+00  -7.5752573529411800E+00
      4637         1         1        11
   1.0828175770194564E+00   1.2150153681734703E+00  -7.6966176470588286E+00
      4638         1         1        11
   1.1726488935852808E+00   1.1285613950393734E+00  -7.5752573529411817E+00
      4639         1         1        11
   1.2555986401602124E+00   1.0354845748864758E+00  -7.6966176470588286E+00
      4640         1         1        11
   1.3311800346478333E+00   9.3633111950580450E-01  -7.5752573529411817E+00
      4641         1         1        11
   1.3989495353716703E+00   8.3168290080017127E-01  -7.6966176470588286E+00
      4642         1         1        11
   1.4585094439541184E+00   7.2215403612847584E-01  -7.5752573529411817E+00
      4643         1         1        11
   1.5095102391686601E+00   6.0838728442084855E-01  -7.6966176470588294E+00
      4644         1         1        11
   1.5516526280694003E+00   4.9105027421367248E-01  -7.5752573529411817E+00
      4645         1         1        11
   1.5846893023610857E+00   3.7083158573985447E-01  -7.6966176470588294E+00
      4646         1         1        11
   1.6084263897025171E+00   2.4843671006621887E-01  -7.5752573529411817E+00
      4647         1         1        11
   1.6227245914265376E+00   1.2458390899139705E-01  -7.6966176470588286E+00
      4648         1         1        11
   1.6227245914265378E+00  -1.2458390899139396E-01  -7.9393382352941222E+00
      4649         1         1        11
   1.6084263897025179E+00  -2.4843671006621296E-01  -7.8179779411764754E+00
      4650         1         1        11
   1.5846893023610864E+00  -3.7083158573985148E-01  -7.9393382352941222E+00
      4651         1         1        11
   1.5516526280694007E+00  -4.9105027421367092E-01  -7.8179779411764754E+00
      4652         1         1        11
   1.5095102391686608E+00  -6.0838728442084700E-01  -7.9393382352941213E+00
      4653         1         1        11
   1.4585094439541197E+00  -7.2215403612847306E-01  -7.8179779411764736E+00
      4654         1         1        11
   1.3989495353716719E+00  -8.3168290080016882E-01  -7.9393382352941222E+00
      4655         1         1        11
   1.3311800346478351E+00  -9.3633111950580206E-01  -7.8179779411764772E+00
      4656         1         1        11
   1.2555986401602137E+00  -1.0354845748864741E+00  -7.9393382352941231E+00
      4657         1         1        11
   1.1726488935852830E+00  -1.1285613950393711E+00  -7.8179779411764754E+00
      4658         1         1        11
   1.0828175770194597E+00  -1.2150153681734672E+00  -7.9393382352941222E+00
      4659         1         1        11
   9.8663185634820538E-01  -1.2943391479974999E+00  -7.8179779411764754E+00
      4660         1         1        11
   8.8465618762698994E-01  -1.3660672310297468E+00  -7.9393382352941240E+00
      4661         1         1        11
   7.7748900462870962E-01  -1.4297786883575576E+00  -7.8179779411764772E+00
      4662         1         1        11
   6.6575920699635716E-01  -1.4850996358155844E+00  -7.9393382352941240E+00
      4663         1         1        11
   5.5012246960983957E-01  -1.5317054280867359E+00  -7.8179779411764763E+00
      4664         1         1        11
   4.3125739482506803E-01  -1.5693225638499866E+00  -7.9393382352941240E+00
      4665         1         1        11
   3.0986153016549933E-01  -1.5977302907948809E+00  -7.8179779411764763E+00
      4666         1         1        11
   1.8664727483589730E-01  -1.6167619010838710E+00  -7.9393382352941222E+00
      4667         1         1        11
   6.2337699080532862E-02  -1.6263057096601932E+00  -7.8179779411764754E+00
      4668         1         1        11
  -6.2337699080532466E-02  -1.6263057096601932E+00  -7.9393382352941222E+00
      4669         1         1        11
  -1.8664727483589835E-01  -1.6167619010838710E+00  -7.8179779411764754E+00
      4670         1         1        11
  -3.0986153016549828E-01  -1.5977302907948814E+00  -7.9393382352941222E+00
      4671         1         1        11
  -4.3125739482506764E-01  -1.5693225638499868E+00  -7.8179779411764754E+00
      4672         1         1        11
  -5.5012246960983924E-01  -1.5317054280867362E+00  -7.9393382352941222E+00
      4673         1         1        11
  -6.6575920699635682E-01  -1.4850996358155846E+00  -7.8179779411764754E+00
      4674         1         1        11
  -7.7748900462870996E-01  -1.4297786883575574E+00  -7.9393382352941231E+00
      4675         1         1        11
  -8.8465618762699028E-01  -1.3660672310297468E+00  -7.8179779411764763E+00
      4676         1         1        11
  -9.8663185634820560E-01  -1.2943391479974997E+00  -7.9393382352941240E+00
      4677         1         1        11
  -1.0828175770194595E+00  -1.2150153681734677E+00  -7.8179779411764772E+00
      4678         1         1        11
  -1.1726488935852832E+00  -1.1285613950393709E+00  -7.9393382352941240E+00
      4679         1         1        11
  -1.2555986401602148E+00  -1.0354845748864725E+00  -7.8179779411764772E+00
      4680         1         1        11
  -1.3311800346478349E+00  -9.3633111950580239E-01  -7.9393382352941240E+00
      4681         1         1        11
  -1.3989495353716703E+00  -8.3168290080017149E-01  -7.8179779411764772E+00
      4682         1         1        11
  -1.4585094439541182E+00  -7.2215403612847606E-01  -7.9393382352941240E+00
      4683         1         1        11
  -1.5095102391686590E+00  -6.0838728442085144E-01  -7.8179779411764772E+00
      4684         1         1        11
  -1.5516526280693999E+00  -4.9105027421367409E-01  -7.9393382352941240E+00
      4685         1         1        11
  -1.5846893023610862E+00  -3.7083158573985325E-01  -7.8179779411764772E+00
      4686         1         1        11
  -1.6084263897025177E+00  -2.4843671006621482E-01  -7.9393382352941231E+00
      4687         1         1        11
  -1.6227245914265378E+00  -1.2458390899139292E-01  -7.8179779411764754E+00
      4688         1         1        11
  -1.6274999999999999E+00   2.5920538562820600E-15  -7.9393382352941222E+00
      4689         1         1        11
  -1.6227245914265374E+00   1.2458390899139954E-01  -7.8179779411764754E+00
      4690         1         1        11
  -1.6084263897025173E+00   2.4843671006621851E-01  -7.9393382352941240E+00
      4691         1         1        11
  -1.5846893023610849E+00   3.7083158573985836E-01  -7.8179779411764763E+00
      4692         1         1        11
  -1.5516526280693992E+00   4.9105027421367625E-01  -7.9393382352941240E+00
      4693         1         1        11
  -1.5095102391686592E+00   6.0838728442085077E-01  -7.8179779411764754E+00
      4694         1         1        11
  -1.4585094439541173E+00   7.2215403612847806E-01  -7.9393382352941222E+00
      4695         1         1        11
  -1.3989495353716690E+00   8.3168290080017349E-01  -7.8179779411764754E+00
      4696         1         1        11
  -1.3311800346478335E+00   9.3633111950580417E-01  -7.9393382352941231E+00
      4697         1         1        11
  -1.2555986401602126E+00   1.0354845748864756E+00  -7.8179779411764763E+00
      4698         1         1        11
  -1.1726488935852830E+00   1.1285613950393709E+00  -7.9393382352941231E+00
      4699         1         1        11
  -1.0828175770194577E+00   1.2150153681734690E+00  -7.8179779411764754E+00
      4700         1         1        11
  -9.8663185634820560E-01   1.2943391479974997E+00  -7.9393382352941222E+00
      4701         1         1        11
  -8.8465618762698706E-01   1.3660672310297488E+00  -7.8179779411764754E+00
      4702         1         1        11
  -7.7748900462870729E-01   1.4297786883575589E+00  -7.9393382352941222E+00
      4703         1         1        11
  -6.6575920699635471E-01   1.4850996358155855E+00  -7.8179779411764745E+00
      4704         1         1        11
  -5.5012246960983835E-01   1.5317054280867364E+00  -7.9393382352941213E+00
      4705         1         1        11
  -4.3125739482506820E-01   1.5693225638499866E+00  -7.8179779411764754E+00
      4706         1         1        11
  -3.0986153016549883E-01   1.5977302907948812E+00  -7.9393382352941213E+00
      4707         1         1        11
  -1.8664727483590038E-01   1.6167619010838707E+00  -7.8179779411764745E+00
      4708         1         1        11
  -6.2337699080534513E-02   1.6263057096601932E+00  -7.9393382352941222E+00
      4709         1         1        11
   6.2337699080531224E-02   1.6263057096601932E+00  -7.8179779411764754E+00
      4710         1         1        11
   1.8664727483589855E-01   1.6167619010838710E+00  -7.9393382352941240E+00
      4711         1         1        11
   3.0986153016549989E-01   1.5977302907948809E+00  -7.8179779411764763E+00
      4712         1         1        11
   4.3125739482506786E-01   1.5693225638499868E+00  -7.9393382352941240E+00
      4713         1         1        11
   5.5012246960983668E-01   1.5317054280867370E+00  -7.8179779411764763E+00
      4714         1         1        11
   6.6575920699635438E-01   1.4850996358155857E+00  -7.9393382352941222E+00
      4715         1         1        11
   7.7748900462870696E-01   1.4297786883575592E+00  -7.8179779411764754E+00
      4716         1         1        11
   8.8465618762698661E-01   1.3660672310297488E+00  -7.9393382352941222E+00
      4717         1         1        11
   9.8663185634820183E-01   1.2943391479975026E+00  -7.8179779411764754E+00
      4718         1         1        11
   1.0828175770194575E+00   1.2150153681734694E+00  -7.9393382352941240E+00
      4719         1         1        11
   1.1726488935852808E+00   1.1285613950393734E+00  -7.8179779411764772E+00
      4720         1         1        11
   1.2555986401602113E+00   1.0354845748864769E+00  -7.9393382352941240E+00
      4721         1         1        11
   1.3311800346478333E+00   9.3633111950580450E-01  -7.8179779411764754E+00
      4722         1         1        11
   1.3989495353716694E+00   8.3168290080017260E-01  -7.9393382352941222E+00
      4723         1         1        11
   1.4585094439541184E+00   7.2215403612847584E-01  -7.8179779411764754E+00
      4724         1         1        11
   1.5095102391686590E+00   6.0838728442085122E-01  -7.9393382352941222E+00
      4725         1         1        11
   1.5516526280693999E+00   4.9105027421367392E-01  -7.8179779411764754E+00
      4726         1         1        11
   1.5846893023610853E+00   3.7083158573985731E-01  -7.9393382352941222E+00
      4727         1         1        11
   1.6084263897025171E+00   2.4843671006621887E-01  -7.8179779411764763E+00
      4728         1         1        11
   1.6227245914265376E+00   1.2458390899139705E-01  -7.9393382352941231E+00
      4729         1         1        11
   1.6227245914265378E+00  -1.2458390899139396E-01  -8.1820588235294185E+00
      4730         1         1        11
   1.6084263897025179E+00  -2.4843671006621296E-01  -8.0606985294117699E+00
      4731         1         1        11
   1.5846893023610864E+00  -3.7083158573985148E-01  -8.1820588235294185E+00
      4732         1         1        11
   1.5516526280694007E+00  -4.9105027421367092E-01  -8.0606985294117699E+00
      4733         1         1        11
   1.5095102391686608E+00  -6.0838728442084700E-01  -8.1820588235294167E+00
      4734         1         1        11
   1.4585094439541197E+00  -7.2215403612847306E-01  -8.0606985294117681E+00
      4735         1         1        11
   1.3989495353716719E+00  -8.3168290080016882E-01  -8.1820588235294185E+00
      4736         1         1        11
   1.3311800346478351E+00  -9.3633111950580206E-01  -8.0606985294117699E+00
      4737         1         1        11
   1.2555986401602142E+00  -1.0354845748864736E+00  -8.1820588235294185E+00
      4738         1         1        11
   1.1726488935852819E+00  -1.1285613950393720E+00  -8.0606985294117699E+00
      4739         1         1        11
   1.0828175770194597E+00  -1.2150153681734672E+00  -8.1820588235294167E+00
      4740         1         1        11
   9.8663185634820594E-01  -1.2943391479974995E+00  -8.0606985294117681E+00
      4741         1         1        11
   8.8465618762698939E-01  -1.3660672310297473E+00  -8.1820588235294167E+00
      4742         1         1        11
   7.7748900462870962E-01  -1.4297786883575576E+00  -8.0606985294117717E+00
      4743         1         1        11
   6.6575920699635716E-01  -1.4850996358155844E+00  -8.1820588235294185E+00
      4744         1         1        11
   5.5012246960983957E-01  -1.5317054280867359E+00  -8.0606985294117699E+00
      4745         1         1        11
   4.3125739482506803E-01  -1.5693225638499866E+00  -8.1820588235294167E+00
      4746         1         1        11
   3.0986153016549867E-01  -1.5977302907948812E+00  -8.0606985294117681E+00
      4747         1         1        11
   1.8664727483589730E-01  -1.6167619010838710E+00  -8.1820588235294167E+00
      4748         1         1        11
   6.2337699080532862E-02  -1.6263057096601932E+00  -8.0606985294117699E+00
      4749         1         1        11
  -6.2337699080533916E-02  -1.6263057096601932E+00  -8.1820588235294185E+00
      4750         1         1        11
  -1.8664727483589835E-01  -1.6167619010838710E+00  -8.0606985294117699E+00
      4751         1         1        11
  -3.0986153016549967E-01  -1.5977302907948809E+00  -8.1820588235294167E+00
      4752         1         1        11
  -4.3125739482506764E-01  -1.5693225638499868E+00  -8.0606985294117699E+00
      4753         1         1        11
  -5.5012246960983990E-01  -1.5317054280867357E+00  -8.1820588235294185E+00
      4754         1         1        11
  -6.6575920699635749E-01  -1.4850996358155844E+00  -8.0606985294117699E+00
      4755         1         1        11
  -7.7748900462870996E-01  -1.4297786883575574E+00  -8.1820588235294185E+00
      4756         1         1        11
  -8.8465618762698950E-01  -1.3660672310297470E+00  -8.0606985294117699E+00
      4757         1         1        11
  -9.8663185634820505E-01  -1.2943391479975002E+00  -8.1820588235294167E+00
      4758         1         1        11
  -1.0828175770194595E+00  -1.2150153681734677E+00  -8.0606985294117699E+00
      4759         1         1        11
  -1.1726488935852832E+00  -1.1285613950393709E+00  -8.1820588235294167E+00
      4760         1         1        11
  -1.2555986401602148E+00  -1.0354845748864725E+00  -8.0606985294117717E+00
      4761         1         1        11
  -1.3311800346478349E+00  -9.3633111950580239E-01  -8.1820588235294167E+00
      4762         1         1        11
  -1.3989495353716703E+00  -8.3168290080017149E-01  -8.0606985294117699E+00
      4763         1         1        11
  -1.4585094439541182E+00  -7.2215403612847606E-01  -8.1820588235294167E+00
      4764         1         1        11
  -1.5095102391686590E+00  -6.0838728442085144E-01  -8.0606985294117699E+00
      4765         1         1        11
  -1.5516526280693999E+00  -4.9105027421367409E-01  -8.1820588235294167E+00
      4766         1         1        11
  -1.5846893023610857E+00  -3.7083158573985470E-01  -8.0606985294117699E+00
      4767         1         1        11
  -1.6084263897025175E+00  -2.4843671006621620E-01  -8.1820588235294167E+00
      4768         1         1        11
  -1.6227245914265378E+00  -1.2458390899139292E-01  -8.0606985294117699E+00
      4769         1         1        11
  -1.6274999999999999E+00   2.5920538562820600E-15  -8.1820588235294167E+00
      4770         1         1        11
  -1.6227245914265374E+00   1.2458390899139954E-01  -8.0606985294117699E+00
      4771         1         1        11
  -1.6084263897025171E+00   2.4843671006621990E-01  -8.1820588235294167E+00
      4772         1         1        11
  -1.5846893023610853E+00   3.7083158573985692E-01  -8.0606985294117699E+00
      4773         1         1        11
  -1.5516526280693992E+00   4.9105027421367625E-01  -8.1820588235294167E+00
      4774         1         1        11
  -1.5095102391686586E+00   6.0838728442085221E-01  -8.0606985294117699E+00
      4775         1         1        11
  -1.4585094439541166E+00   7.2215403612847939E-01  -8.1820588235294167E+00
      4776         1         1        11
  -1.3989495353716690E+00   8.3168290080017349E-01  -8.0606985294117699E+00
      4777         1         1        11
  -1.3311800346478317E+00   9.3633111950580650E-01  -8.1820588235294167E+00
      4778         1         1        11
  -1.2555986401602126E+00   1.0354845748864756E+00  -8.0606985294117699E+00
      4779         1         1        11
  -1.1726488935852801E+00   1.1285613950393740E+00  -8.1820588235294167E+00
      4780         1         1        11
  -1.0828175770194599E+00   1.2150153681734670E+00  -8.0606985294117699E+00
      4781         1         1        11
  -9.8663185634820327E-01   1.2943391479975017E+00  -8.1820588235294167E+00
      4782         1         1        11
  -8.8465618762698706E-01   1.3660672310297488E+00  -8.0606985294117699E+00
      4783         1         1        11
  -7.7748900462870729E-01   1.4297786883575589E+00  -8.1820588235294167E+00
      4784         1         1        11
  -6.6575920699635471E-01   1.4850996358155855E+00  -8.0606985294117681E+00
      4785         1         1        11
  -5.5012246960983702E-01   1.5317054280867368E+00  -8.1820588235294167E+00
      4786         1         1        11
  -4.3125739482506675E-01   1.5693225638499868E+00  -8.0606985294117699E+00
      4787         1         1        11
  -3.0986153016549883E-01   1.5977302907948812E+00  -8.1820588235294167E+00
      4788         1         1        11
  -1.8664727483590038E-01   1.6167619010838707E+00  -8.0606985294117681E+00
      4789         1         1        11
  -6.2337699080534513E-02   1.6263057096601932E+00  -8.1820588235294167E+00
      4790         1         1        11
   6.2337699080532674E-02   1.6263057096601932E+00  -8.0606985294117699E+00
      4791         1         1        11
   1.8664727483589713E-01   1.6167619010838710E+00  -8.1820588235294167E+00
      4792         1         1        11
   3.0986153016549989E-01   1.5977302907948809E+00  -8.0606985294117699E+00
      4793         1         1        11
   4.3125739482506786E-01   1.5693225638499868E+00  -8.1820588235294167E+00
      4794         1         1        11
   5.5012246960983802E-01   1.5317054280867366E+00  -8.0606985294117699E+00
      4795         1         1        11
   6.6575920699635571E-01   1.4850996358155850E+00  -8.1820588235294167E+00
      4796         1         1        11
   7.7748900462870696E-01   1.4297786883575592E+00  -8.0606985294117699E+00
      4797         1         1        11
   8.8465618762698561E-01   1.3660672310297499E+00  -8.1820588235294167E+00
      4798         1         1        11
   9.8663185634820183E-01   1.2943391479975026E+00  -8.0606985294117699E+00
      4799         1         1        11
   1.0828175770194564E+00   1.2150153681734703E+00  -8.1820588235294167E+00
      4800         1         1        11
   1.1726488935852808E+00   1.1285613950393734E+00  -8.0606985294117699E+00
      4801         1         1        11
   1.2555986401602124E+00   1.0354845748864758E+00  -8.1820588235294167E+00
      4802         1         1        11
   1.3311800346478333E+00   9.3633111950580450E-01  -8.0606985294117699E+00
      4803         1         1        11
   1.3989495353716703E+00   8.3168290080017127E-01  -8.1820588235294167E+00
      4804         1         1        11
   1.4585094439541177E+00   7.2215403612847717E-01  -8.0606985294117699E+00
      4805         1         1        11
   1.5095102391686583E+00   6.0838728442085255E-01  -8.1820588235294167E+00
      4806         1         1        11
   1.5516526280693990E+00   4.9105027421367659E-01  -8.0606985294117699E+00
      4807         1         1        11
   1.5846893023610853E+00   3.7083158573985731E-01  -8.1820588235294167E+00
      4808         1         1        11
   1.6084263897025168E+00   2.4843671006622031E-01  -8.0606985294117699E+00
      4809         1         1        11
   1.6227245914265376E+00   1.2458390899139705E-01  -8.1820588235294167E+00
      4810         1         1        11
   1.6227245914265378E+00  -1.2458390899139396E-01  -8.4247794117647103E+00
      4811         1         1        11
   1.6084263897025179E+00  -2.4843671006621296E-01  -8.3034191176470635E+00
      4812         1         1        11
   1.5846893023610864E+00  -3.7083158573985148E-01  -8.4247794117647103E+00
      4813         1         1        11
   1.5516526280694007E+00  -4.9105027421367092E-01  -8.3034191176470635E+00
      4814         1         1        11
   1.5095102391686608E+00  -6.0838728442084700E-01  -8.4247794117647103E+00
      4815         1         1        11
   1.4585094439541197E+00  -7.2215403612847306E-01  -8.3034191176470635E+00
      4816         1         1        11
   1.3989495353716719E+00  -8.3168290080016882E-01  -8.4247794117647103E+00
      4817         1         1        11
   1.3311800346478351E+00  -9.3633111950580206E-01  -8.3034191176470653E+00
      4818         1         1        11
   1.2555986401602142E+00  -1.0354845748864736E+00  -8.4247794117647103E+00
      4819         1         1        11
   1.1726488935852826E+00  -1.1285613950393718E+00  -8.3034191176470635E+00
      4820         1         1        11
   1.0828175770194597E+00  -1.2150153681734672E+00  -8.4247794117647103E+00
      4821         1         1        11
   9.8663185634820538E-01  -1.2943391479974999E+00  -8.3034191176470635E+00
      4822         1         1        11
   8.8465618762698939E-01  -1.3660672310297473E+00  -8.4247794117647103E+00
      4823         1         1        11
   7.7748900462870962E-01  -1.4297786883575576E+00  -8.3034191176470653E+00
      4824         1         1        11
   6.6575920699635716E-01  -1.4850996358155844E+00  -8.4247794117647103E+00
      4825         1         1        11
   5.5012246960983957E-01  -1.5317054280867359E+00  -8.3034191176470635E+00
      4826         1         1        11
   4.3125739482506864E-01  -1.5693225638499864E+00  -8.4247794117647103E+00
      4827         1         1        11
   3.0986153016549933E-01  -1.5977302907948809E+00  -8.3034191176470635E+00
      4828         1         1        11
   1.8664727483589730E-01  -1.6167619010838710E+00  -8.4247794117647103E+00
      4829         1         1        11
   6.2337699080532140E-02  -1.6263057096601932E+00  -8.3034191176470653E+00
      4830         1         1        11
  -6.2337699080533916E-02  -1.6263057096601932E+00  -8.4247794117647103E+00
      4831         1         1        11
  -1.8664727483589835E-01  -1.6167619010838710E+00  -8.3034191176470635E+00
      4832         1         1        11
  -3.0986153016549828E-01  -1.5977302907948814E+00  -8.4247794117647103E+00
      4833         1         1        11
  -4.3125739482506764E-01  -1.5693225638499868E+00  -8.3034191176470635E+00
      4834         1         1        11
  -5.5012246960983924E-01  -1.5317054280867362E+00  -8.4247794117647103E+00
      4835         1         1        11
  -6.6575920699635749E-01  -1.4850996358155844E+00  -8.3034191176470653E+00
      4836         1         1        11
  -7.7748900462870874E-01  -1.4297786883575583E+00  -8.4247794117647103E+00
      4837         1         1        11
  -8.8465618762698828E-01  -1.3660672310297479E+00  -8.3034191176470635E+00
      4838         1         1        11
  -9.8663185634820449E-01  -1.2943391479975006E+00  -8.4247794117647103E+00
      4839         1         1        11
  -1.0828175770194595E+00  -1.2150153681734677E+00  -8.3034191176470635E+00
      4840         1         1        11
  -1.1726488935852821E+00  -1.1285613950393720E+00  -8.4247794117647103E+00
      4841         1         1        11
  -1.2555986401602139E+00  -1.0354845748864738E+00  -8.3034191176470635E+00
      4842         1         1        11
  -1.3311800346478340E+00  -9.3633111950580350E-01  -8.4247794117647103E+00
      4843         1         1        11
  -1.3989495353716710E+00  -8.3168290080017027E-01  -8.3034191176470635E+00
      4844         1         1        11
  -1.4585094439541191E+00  -7.2215403612847473E-01  -8.4247794117647103E+00
      4845         1         1        11
  -1.5095102391686595E+00  -6.0838728442085011E-01  -8.3034191176470635E+00
      4846         1         1        11
  -1.5516526280694003E+00  -4.9105027421367270E-01  -8.4247794117647103E+00
      4847         1         1        11
  -1.5846893023610857E+00  -3.7083158573985470E-01  -8.3034191176470635E+00
      4848         1         1        11
  -1.6084263897025175E+00  -2.4843671006621620E-01  -8.4247794117647103E+00
      4849         1         1        11
  -1.6227245914265378E+00  -1.2458390899139436E-01  -8.3034191176470635E+00
      4850         1         1        11
  -1.6274999999999999E+00   1.1465434782201062E-15  -8.4247794117647103E+00
      4851         1         1        11
  -1.6227245914265376E+00   1.2458390899139808E-01  -8.3034191176470635E+00
      4852         1         1        11
  -1.6084263897025173E+00   2.4843671006621851E-01  -8.4247794117647103E+00
      4853         1         1        11
  -1.5846893023610853E+00   3.7083158573985692E-01  -8.3034191176470635E+00
      4854         1         1        11
  -1.5516526280693992E+00   4.9105027421367625E-01  -8.4247794117647103E+00
      4855         1         1        11
  -1.5095102391686586E+00   6.0838728442085221E-01  -8.3034191176470635E+00
      4856         1         1        11
  -1.4585094439541173E+00   7.2215403612847806E-01  -8.4247794117647103E+00
      4857         1         1        11
  -1.3989495353716683E+00   8.3168290080017471E-01  -8.3034191176470635E+00
      4858         1         1        11
  -1.3311800346478311E+00   9.3633111950580783E-01  -8.4247794117647103E+00
      4859         1         1        11
  -1.2555986401602106E+00   1.0354845748864778E+00  -8.3034191176470635E+00
      4860         1         1        11
  -1.1726488935852810E+00   1.1285613950393729E+00  -8.4247794117647103E+00
      4861         1         1        11
  -1.0828175770194588E+00   1.2150153681734681E+00  -8.3034191176470635E+00
      4862         1         1        11
  -9.8663185634820560E-01   1.2943391479974997E+00  -8.4247794117647103E+00
      4863         1         1        11
  -8.8465618762698706E-01   1.3660672310297488E+00  -8.3034191176470635E+00
      4864         1         1        11
  -7.7748900462870729E-01   1.4297786883575589E+00  -8.4247794117647103E+00
      4865         1         1        11
  -6.6575920699635471E-01   1.4850996358155855E+00  -8.3034191176470635E+00
      4866         1         1        11
  -5.5012246960983702E-01   1.5317054280867368E+00  -8.4247794117647103E+00
      4867         1         1        11
  -4.3125739482506675E-01   1.5693225638499868E+00  -8.3034191176470635E+00
      4868         1         1        11
  -3.0986153016549739E-01   1.5977302907948814E+00  -8.4247794117647103E+00
      4869         1         1        11
  -1.8664727483589749E-01   1.6167619010838710E+00  -8.3034191176470635E+00
      4870         1         1        11
  -6.2337699080534513E-02   1.6263057096601932E+00  -8.4247794117647103E+00
      4871         1         1        11
   6.2337699080529781E-02   1.6263057096601934E+00  -8.3034191176470635E+00
      4872         1         1        11
   1.8664727483589422E-01   1.6167619010838714E+00  -8.4247794117647103E+00
      4873         1         1        11
   3.0986153016549844E-01   1.5977302907948812E+00  -8.3034191176470635E+00
      4874         1         1        11
   4.3125739482506642E-01   1.5693225638499870E+00  -8.4247794117647103E+00
      4875         1         1        11
   5.5012246960983802E-01   1.5317054280867366E+00  -8.3034191176470635E+00
      4876         1         1        11
   6.6575920699635438E-01   1.4850996358155857E+00  -8.4247794117647103E+00
      4877         1         1        11
   7.7748900462870696E-01   1.4297786883575592E+00  -8.3034191176470635E+00
      4878         1         1        11
   8.8465618762698661E-01   1.3660672310297488E+00  -8.4247794117647103E+00
      4879         1         1        11
   9.8663185634820183E-01   1.2943391479975026E+00  -8.3034191176470635E+00
      4880         1         1        11
   1.0828175770194575E+00   1.2150153681734694E+00  -8.4247794117647103E+00
      4881         1         1        11
   1.1726488935852808E+00   1.1285613950393734E+00  -8.3034191176470635E+00
      4882         1         1        11
   1.2555986401602124E+00   1.0354845748864758E+00  -8.4247794117647103E+00
      4883         1         1        11
   1.3311800346478333E+00   9.3633111950580450E-01  -8.3034191176470635E+00
      4884         1         1        11
   1.3989495353716688E+00   8.3168290080017382E-01  -8.4247794117647103E+00
      4885         1         1        11
   1.4585094439541173E+00   7.2215403612847850E-01  -8.3034191176470635E+00
      4886         1         1        11
   1.5095102391686583E+00   6.0838728442085255E-01  -8.4247794117647103E+00
      4887         1         1        11
   1.5516526280693990E+00   4.9105027421367659E-01  -8.3034191176470635E+00
      4888         1         1        11
   1.5846893023610853E+00   3.7083158573985731E-01  -8.4247794117647103E+00
      4889         1         1        11
   1.6084263897025171E+00   2.4843671006621887E-01  -8.3034191176470635E+00
      4890         1         1        11
   1.6227245914265376E+00   1.2458390899139705E-01  -8.4247794117647103E+00
      4891         1         1        11
   1.6084263897025179E+00  -2.4843671006621296E-01  -8.5461397058823536E+00
      4892         1         1        11
   1.5516526280694007E+00  -4.9105027421367092E-01  -8.5461397058823554E+00
      4893         1         1        11
   1.4585094439541197E+00  -7.2215403612847306E-01  -8.5461397058823554E+00
      4894         1         1        11
   1.3311800346478351E+00  -9.3633111950580206E-01  -8.5461397058823554E+00
      4895         1         1        11
   1.1726488935852830E+00  -1.1285613950393711E+00  -8.5461397058823536E+00
      4896         1         1        11
   9.8663185634820538E-01  -1.2943391479974999E+00  -8.5461397058823554E+00
      4897         1         1        11
   7.7748900462870962E-01  -1.4297786883575576E+00  -8.5461397058823554E+00
      4898         1         1        11
   5.5012246960983957E-01  -1.5317054280867359E+00  -8.5461397058823554E+00
      4899         1         1        11
   3.0986153016549933E-01  -1.5977302907948809E+00  -8.5461397058823554E+00
      4900         1         1        11
   6.2337699080532140E-02  -1.6263057096601932E+00  -8.5461397058823554E+00
      4901         1         1        11
  -1.8664727483589691E-01  -1.6167619010838710E+00  -8.5461397058823554E+00
      4902         1         1        11
  -4.3125739482506764E-01  -1.5693225638499868E+00  -8.5461397058823536E+00
      4903         1         1        11
  -6.6575920699635682E-01  -1.4850996358155846E+00  -8.5461397058823554E+00
      4904         1         1        11
  -8.8465618762698828E-01  -1.3660672310297479E+00  -8.5461397058823554E+00
      4905         1         1        11
  -1.0828175770194595E+00  -1.2150153681734677E+00  -8.5461397058823554E+00
      4906         1         1        11
  -1.2555986401602139E+00  -1.0354845748864738E+00  -8.5461397058823554E+00
      4907         1         1        11
  -1.3989495353716710E+00  -8.3168290080017027E-01  -8.5461397058823554E+00
      4908         1         1        11
  -1.5095102391686595E+00  -6.0838728442085011E-01  -8.5461397058823536E+00
      4909         1         1        11
  -1.5846893023610857E+00  -3.7083158573985470E-01  -8.5461397058823554E+00
      4910         1         1        11
  -1.6227245914265378E+00  -1.2458390899139436E-01  -8.5461397058823554E+00
      4911         1         1        11
  -1.6227245914265376E+00   1.2458390899139664E-01  -8.5461397058823554E+00
      4912         1         1        11
  -1.5846893023610853E+00   3.7083158573985692E-01  -8.5461397058823554E+00
      4913         1         1        11
  -1.5095102391686586E+00   6.0838728442085221E-01  -8.5461397058823536E+00
      4914         1         1        11
  -1.3989495353716690E+00   8.3168290080017349E-01  -8.5461397058823554E+00
      4915         1         1        11
  -1.2555986401602106E+00   1.0354845748864778E+00  -8.5461397058823554E+00
      4916         1         1        11
  -1.0828175770194588E+00   1.2150153681734681E+00  -8.5461397058823554E+00
      4917         1         1        11
  -8.8465618762698706E-01   1.3660672310297488E+00  -8.5461397058823554E+00
      4918         1         1        11
  -6.6575920699635471E-01   1.4850996358155855E+00  -8.5461397058823554E+00
      4919         1         1        11
  -4.3125739482506675E-01   1.5693225638499868E+00  -8.5461397058823554E+00
      4920         1         1        11
  -1.8664727483589749E-01   1.6167619010838710E+00  -8.5461397058823554E+00
      4921         1         1        11
   6.2337699080529781E-02   1.6263057096601934E+00  -8.5461397058823554E+00
      4922         1         1        11
   3.0986153016549844E-01   1.5977302907948812E+00  -8.5461397058823554E+00
      4923         1         1        11
   5.5012246960983668E-01   1.5317054280867370E+00  -8.5461397058823554E+00
      4924         1         1        11
   7.7748900462870696E-01   1.4297786883575592E+00  -8.5461397058823554E+00
      4925         1         1        11
   9.8663185634820283E-01   1.2943391479975017E+00  -8.5461397058823536E+00
      4926         1         1        11
   1.1726488935852808E+00   1.1285613950393734E+00  -8.5461397058823554E+00
      4927         1         1        11
   1.3311800346478333E+00   9.3633111950580450E-01  -8.5461397058823554E+00
      4928         1         1        11
   1.4585094439541173E+00   7.2215403612847850E-01  -8.5461397058823554E+00
      4929         1         1        11
   1.5516526280693994E+00   4.9105027421367525E-01  -8.5461397058823554E+00
      4930         1         1        11
   1.6084263897025171E+00   2.4843671006621887E-01  -8.5461397058823554E+00
      4931         1         1        11
   1.6227245914265378E+00  -1.2458390899139396E-01  -2.0749999999999999E-01
      4932         1         1        11
   1.6084263897025179E+00  -2.4843671006621296E-01  -1.0375000000000000E-01
      4933         1         1        11
   1.5846893023610864E+00  -3.7083158573985148E-01  -2.0749999999999996E-01
      4934         1         1        11
   1.5516526280694007E+00  -4.9105027421367092E-01  -1.0374999999999998E-01
      4935         1         1        11
   1.5095102391686608E+00  -6.0838728442084700E-01  -2.0749999999999996E-01
      4936         1         1        11
   1.4585094439541197E+00  -7.2215403612847306E-01  -1.0375000000000000E-01
      4937         1         1        11
   1.3989495353716719E+00  -8.3168290080016882E-01  -2.0749999999999996E-01
      4938         1         1        11
   1.3311800346478351E+00  -9.3633111950580206E-01  -1.0374999999999997E-01
      4939         1         1        11
   1.2555986401602142E+00  -1.0354845748864736E+00  -2.0749999999999999E-01
      4940         1         1        11
   1.1726488935852830E+00  -1.1285613950393711E+00  -1.0375000000000002E-01
      4941         1         1        11
   1.0828175770194597E+00  -1.2150153681734672E+00  -2.0750000000000002E-01
      4942         1         1        11
   9.8663185634820538E-01  -1.2943391479974999E+00  -1.0375000000000000E-01
      4943         1         1        11
   8.8465618762698939E-01  -1.3660672310297473E+00  -2.0750000000000002E-01
      4944         1         1        11
   7.7748900462870962E-01  -1.4297786883575576E+00  -1.0375000000000001E-01
      4945         1         1        11
   6.6575920699635716E-01  -1.4850996358155844E+00  -2.0749999999999999E-01
      4946         1         1        11
   5.5012246960983957E-01  -1.5317054280867359E+00  -1.0374999999999998E-01
      4947         1         1        11
   4.3125739482506803E-01  -1.5693225638499866E+00  -2.0749999999999996E-01
      4948         1         1        11
   3.0986153016549867E-01  -1.5977302907948812E+00  -1.0375000000000000E-01
      4949         1         1        11
   1.8664727483589730E-01  -1.6167619010838710E+00  -2.0749999999999999E-01
      4950         1         1        11
   6.2337699080532862E-02  -1.6263057096601932E+00  -1.0375000000000000E-01
      4951         1         1        11
  -6.2337699080532466E-02  -1.6263057096601932E+00  -2.0749999999999996E-01
      4952         1         1        11
  -1.8664727483589691E-01  -1.6167619010838710E+00  -1.0374999999999998E-01
      4953         1         1        11
  -3.0986153016549828E-01  -1.5977302907948814E+00  -2.0749999999999996E-01
      4954         1         1        11
  -4.3125739482506764E-01  -1.5693225638499868E+00  -1.0374999999999998E-01
      4955         1         1        11
  -5.5012246960983924E-01  -1.5317054280867362E+00  -2.0749999999999996E-01
      4956         1         1        11
  -6.6575920699635682E-01  -1.4850996358155846E+00  -1.0374999999999997E-01
      4957         1         1        11
  -7.7748900462870929E-01  -1.4297786883575578E+00  -2.0749999999999999E-01
      4958         1         1        11
  -8.8465618762698905E-01  -1.3660672310297475E+00  -1.0375000000000002E-01
      4959         1         1        11
  -9.8663185634820505E-01  -1.2943391479975002E+00  -2.0750000000000002E-01
      4960         1         1        11
  -1.0828175770194595E+00  -1.2150153681734677E+00  -1.0375000000000001E-01
      4961         1         1        11
  -1.1726488935852828E+00  -1.1285613950393714E+00  -2.0750000000000002E-01
      4962         1         1        11
  -1.2555986401602139E+00  -1.0354845748864738E+00  -1.0375000000000002E-01
      4963         1         1        11
  -1.3311800346478349E+00  -9.3633111950580239E-01  -2.0749999999999999E-01
      4964         1         1        11
  -1.3989495353716710E+00  -8.3168290080017027E-01  -1.0374999999999997E-01
      4965         1         1        11
  -1.4585094439541182E+00  -7.2215403612847606E-01  -2.0749999999999996E-01
      4966         1         1        11
  -1.5095102391686595E+00  -6.0838728442085011E-01  -1.0374999999999998E-01
      4967         1         1        11
  -1.5516526280693999E+00  -4.9105027421367409E-01  -2.0749999999999996E-01
      4968         1         1        11
  -1.5846893023610857E+00  -3.7083158573985470E-01  -1.0375000000000000E-01
      4969         1         1        11
  -1.6084263897025175E+00  -2.4843671006621620E-01  -2.0750000000000002E-01
      4970         1         1        11
  -1.6227245914265378E+00  -1.2458390899139436E-01  -1.0375000000000001E-01
      4971         1         1        11
  -1.6274999999999999E+00   2.5920538562820600E-15  -2.0750000000000002E-01
      4972         1         1        11
  -1.6227245914265376E+00   1.2458390899139664E-01  -1.0375000000000000E-01
      4973         1         1        11
  -1.6084263897025173E+00   2.4843671006621851E-01  -2.0749999999999999E-01
      4974         1         1        11
  -1.5846893023610853E+00   3.7083158573985692E-01  -1.0375000000000000E-01
      4975         1         1        11
  -1.5516526280693992E+00   4.9105027421367625E-01  -2.0749999999999999E-01
      4976         1         1        11
  -1.5095102391686586E+00   6.0838728442085221E-01  -1.0375000000000000E-01
      4977         1         1        11
  -1.4585094439541173E+00   7.2215403612847806E-01  -2.0749999999999999E-01
      4978         1         1        11
  -1.3989495353716690E+00   8.3168290080017349E-01  -1.0375000000000000E-01
      4979         1         1        11
  -1.3311800346478326E+00   9.3633111950580550E-01  -2.0750000000000002E-01
      4980         1         1        11
  -1.2555986401602126E+00   1.0354845748864756E+00  -1.0375000000000001E-01
      4981         1         1        11
  -1.1726488935852810E+00   1.1285613950393729E+00  -2.0749999999999999E-01
      4982         1         1        11
  -1.0828175770194577E+00   1.2150153681734690E+00  -1.0374999999999998E-01
      4983         1         1        11
  -9.8663185634820327E-01   1.2943391479975017E+00  -2.0749999999999996E-01
      4984         1         1        11
  -8.8465618762698706E-01   1.3660672310297488E+00  -1.0374999999999998E-01
      4985         1         1        11
  -7.7748900462870729E-01   1.4297786883575589E+00  -2.0749999999999999E-01
      4986         1         1        11
  -6.6575920699635471E-01   1.4850996358155855E+00  -1.0375000000000001E-01
      4987         1         1        11
  -5.5012246960983702E-01   1.5317054280867368E+00  -2.0750000000000002E-01
      4988         1         1        11
  -4.3125739482506675E-01   1.5693225638499868E+00  -1.0375000000000002E-01
      4989         1         1        11
  -3.0986153016549739E-01   1.5977302907948814E+00  -2.0750000000000002E-01
      4990         1         1        11
  -1.8664727483589749E-01   1.6167619010838710E+00  -1.0375000000000000E-01
      4991         1         1        11
  -6.2337699080533070E-02   1.6263057096601932E+00  -2.0750000000000002E-01
      4992         1         1        11
   6.2337699080532674E-02   1.6263057096601932E+00  -1.0375000000000002E-01
      4993         1         1        11
   1.8664727483589713E-01   1.6167619010838710E+00  -2.0750000000000005E-01
      4994         1         1        11
   3.0986153016549844E-01   1.5977302907948812E+00  -1.0375000000000002E-01
      4995         1         1        11
   4.3125739482506642E-01   1.5693225638499870E+00  -2.0750000000000002E-01
      4996         1         1        11
   5.5012246960983668E-01   1.5317054280867370E+00  -1.0375000000000000E-01
      4997         1         1        11
   6.6575920699635438E-01   1.4850996358155857E+00  -2.0749999999999999E-01
      4998         1         1        11
   7.7748900462870696E-01   1.4297786883575592E+00  -1.0375000000000000E-01
      4999         1         1        11
   8.8465618762698661E-01   1.3660672310297488E+00  -2.0749999999999999E-01
      5000         1         1        11
   9.8663185634820283E-01   1.2943391479975017E+00  -1.0375000000000000E-01
      5001         1         1        11
   1.0828175770194575E+00   1.2150153681734694E+00  -2.0749999999999999E-01
      5002         1         1        11
   1.1726488935852808E+00   1.1285613950393734E+00  -1.0375000000000000E-01
      5003         1         1        11
   1.2555986401602133E+00   1.0354845748864747E+00  -2.0749999999999999E-01
      5004         1         1        11
   1.3311800346478342E+00   9.3633111950580328E-01  -1.0375000000000000E-01
      5005         1         1        11
   1.3989495353716703E+00   8.3168290080017127E-01  -2.0749999999999999E-01
      5006         1         1        11
   1.4585094439541177E+00   7.2215403612847717E-01  -1.0375000000000000E-01
      5007         1         1        11
   1.5095102391686590E+00   6.0838728442085122E-01  -2.0749999999999999E-01
      5008         1         1        11
   1.5516526280693994E+00   4.9105027421367525E-01  -1.0375000000000000E-01
      5009         1         1        11
   1.5846893023610853E+00   3.7083158573985731E-01  -2.0749999999999999E-01
      5010         1         1        11
   1.6084263897025171E+00   2.4843671006621887E-01  -1.0375000000000000E-01
      5011         1         1        11
   1.6227245914265376E+00   1.2458390899139705E-01  -2.0749999999999999E-01
      5012         1         1        11
   1.6084263897025179E+00  -2.4843671006621296E-01  -3.1124999999999997E-01
      5013         1         1        11
   1.5516526280694007E+00  -4.9105027421367092E-01  -3.1124999999999997E-01
      5014         1         1        11
   1.4585094439541197E+00  -7.2215403612847306E-01  -3.1124999999999997E-01
      5015         1         1        11
   1.3311800346478351E+00  -9.3633111950580206E-01  -3.1124999999999997E-01
      5016         1         1        11
   1.1726488935852830E+00  -1.1285613950393711E+00  -3.1125000000000003E-01
      5017         1         1        11
   9.8663185634820538E-01  -1.2943391479974999E+00  -3.1124999999999997E-01
      5018         1         1        11
   7.7748900462870962E-01  -1.4297786883575576E+00  -3.1125000000000003E-01
      5019         1         1        11
   5.5012246960983957E-01  -1.5317054280867359E+00  -3.1124999999999997E-01
      5020         1         1        11
   3.0986153016549867E-01  -1.5977302907948812E+00  -3.1124999999999997E-01
      5021         1         1        11
   6.2337699080532862E-02  -1.6263057096601932E+00  -3.1124999999999997E-01
      5022         1         1        11
  -1.8664727483589691E-01  -1.6167619010838710E+00  -3.1124999999999997E-01
      5023         1         1        11
  -4.3125739482506764E-01  -1.5693225638499868E+00  -3.1124999999999997E-01
      5024         1         1        11
  -6.6575920699635682E-01  -1.4850996358155846E+00  -3.1124999999999997E-01
      5025         1         1        11
  -8.8465618762698905E-01  -1.3660672310297475E+00  -3.1125000000000003E-01
      5026         1         1        11
  -1.0828175770194595E+00  -1.2150153681734677E+00  -3.1125000000000003E-01
      5027         1         1        11
  -1.2555986401602139E+00  -1.0354845748864738E+00  -3.1125000000000003E-01
      5028         1         1        11
  -1.3989495353716710E+00  -8.3168290080017027E-01  -3.1124999999999997E-01
      5029         1         1        11
  -1.5095102391686595E+00  -6.0838728442085011E-01  -3.1124999999999997E-01
      5030         1         1        11
  -1.5846893023610857E+00  -3.7083158573985470E-01  -3.1124999999999997E-01
      5031         1         1        11
  -1.6227245914265378E+00  -1.2458390899139436E-01  -3.1125000000000003E-01
      5032         1         1        11
  -1.6227245914265376E+00   1.2458390899139664E-01  -3.1124999999999997E-01
      5033         1         1        11
  -1.5846893023610853E+00   3.7083158573985692E-01  -3.1124999999999997E-01
      5034         1         1        11
  -1.5095102391686586E+00   6.0838728442085221E-01  -3.1124999999999997E-01
      5035         1         1        11
  -1.3989495353716690E+00   8.3168290080017349E-01  -3.1124999999999997E-01
      5036         1         1        11
  -1.2555986401602126E+00   1.0354845748864756E+00  -3.1125000000000003E-01
      5037         1         1        11
  -1.0828175770194577E+00   1.2150153681734690E+00  -3.1124999999999997E-01
      5038         1         1        11
  -8.8465618762698706E-01   1.3660672310297488E+00  -3.1124999999999997E-01
      5039         1         1        11
  -6.6575920699635471E-01   1.4850996358155855E+00  -3.1125000000000003E-01
      5040         1         1        11
  -4.3125739482506675E-01   1.5693225638499868E+00  -3.1125000000000003E-01
      5041         1         1        11
  -1.8664727483589749E-01   1.6167619010838710E+00  -3.1124999999999997E-01
      5042         1         1        11
   6.2337699080532674E-02   1.6263057096601932E+00  -3.1125000000000003E-01
      5043         1         1        11
   3.0986153016549844E-01   1.5977302907948812E+00  -3.1125000000000003E-01
      5044         1         1        11
   5.5012246960983668E-01   1.5317054280867370E+00  -3.1124999999999997E-01
      5045         1         1        11
   7.7748900462870696E-01   1.4297786883575592E+00  -3.1124999999999997E-01
      5046         1         1        11
   9.8663185634820283E-01   1.2943391479975017E+00  -3.1124999999999997E-01
      5047         1         1        11
   1.1726488935852808E+00   1.1285613950393734E+00  -3.1124999999999997E-01
      5048         1         1        11
   1.3311800346478342E+00   9.3633111950580328E-01  -3.1124999999999997E-01
      5049         1         1        11
   1.4585094439541177E+00   7.2215403612847717E-01  -3.1124999999999997E-01
      5050         1         1        11
   1.5516526280693994E+00   4.9105027421367525E-01  -3.1124999999999997E-01
      5051         1         1        11
   1.6084263897025171E+00   2.4843671006621887E-01  -3.1124999999999997E-01
      5052         1         1        11
   1.6227245914265378E+00  -1.2458390899139396E-01  -8.9175000000000004E+00
      5053         1         1        11
   1.6084263897025179E+00  -2.4843671006621296E-01  -8.7925000000000004E+00
      5054         1         1        11
   1.5846893023610864E+00  -3.7083158573985148E-01  -8.9175000000000004E+00
      5055         1         1        11
   1.5516526280694007E+00  -4.9105027421367092E-01  -8.7925000000000004E+00
      5056         1         1        11
   1.5095102391686608E+00  -6.0838728442084700E-01  -8.9175000000000004E+00
      5057         1         1        11
   1.4585094439541197E+00  -7.2215403612847306E-01  -8.7925000000000004E+00
      5058         1         1        11
   1.3989495353716719E+00  -8.3168290080016882E-01  -8.9175000000000004E+00
      5059         1         1        11
   1.3311800346478351E+00  -9.3633111950580206E-01  -8.7925000000000004E+00
      5060         1         1        11
   1.2555986401602142E+00  -1.0354845748864736E+00  -8.9175000000000004E+00
      5061         1         1        11
   1.1726488935852830E+00  -1.1285613950393711E+00  -8.7925000000000004E+00
      5062         1         1        11
   1.0828175770194597E+00  -1.2150153681734672E+00  -8.9175000000000004E+00
      5063         1         1        11
   9.8663185634820538E-01  -1.2943391479974999E+00  -8.7925000000000004E+00
      5064         1         1        11
   8.8465618762698939E-01  -1.3660672310297473E+00  -8.9175000000000004E+00
      5065         1         1        11
   7.7748900462870962E-01  -1.4297786883575576E+00  -8.7925000000000004E+00
      5066         1         1        11
   6.6575920699635716E-01  -1.4850996358155844E+00  -8.9175000000000004E+00
      5067         1         1        11
   5.5012246960983957E-01  -1.5317054280867359E+00  -8.7925000000000004E+00
      5068         1         1        11
   4.3125739482506803E-01  -1.5693225638499866E+00  -8.9175000000000004E+00
      5069         1         1        11
   3.0986153016549867E-01  -1.5977302907948812E+00  -8.7925000000000004E+00
      5070         1         1        11
   1.8664727483589730E-01  -1.6167619010838710E+00  -8.9175000000000004E+00
      5071         1         1        11
   6.2337699080532862E-02  -1.6263057096601932E+00  -8.7925000000000004E+00
      5072         1         1        11
  -6.2337699080532466E-02  -1.6263057096601932E+00  -8.9175000000000004E+00
      5073         1         1        11
  -1.8664727483589691E-01  -1.6167619010838710E+00  -8.7925000000000004E+00
      5074         1         1        11
  -3.0986153016549828E-01  -1.5977302907948814E+00  -8.9175000000000004E+00
      5075         1         1        11
  -4.3125739482506764E-01  -1.5693225638499868E+00  -8.7925000000000004E+00
      5076         1         1        11
  -5.5012246960983924E-01  -1.5317054280867362E+00  -8.9175000000000004E+00
      5077         1         1        11
  -6.6575920699635682E-01  -1.4850996358155846E+00  -8.7925000000000004E+00
      5078         1         1        11
  -7.7748900462870929E-01  -1.4297786883575578E+00  -8.9175000000000004E+00
      5079         1         1        11
  -8.8465618762698905E-01  -1.3660672310297475E+00  -8.7925000000000004E+00
      5080         1         1        11
  -9.8663185634820505E-01  -1.2943391479975002E+00  -8.9175000000000004E+00
      5081         1         1        11
  -1.0828175770194595E+00  -1.2150153681734677E+00  -8.7925000000000004E+00
      5082         1         1        11
  -1.1726488935852828E+00  -1.1285613950393714E+00  -8.9175000000000004E+00
      5083         1         1        11
  -1.2555986401602139E+00  -1.0354845748864738E+00  -8.7925000000000004E+00
      5084         1         1        11
  -1.3311800346478349E+00  -9.3633111950580239E-01  -8.9175000000000004E+00
      5085         1         1        11
  -1.3989495353716710E+00  -8.3168290080017027E-01  -8.7925000000000004E+00
      5086         1         1        11
  -1.4585094439541182E+00  -7.2215403612847606E-01  -8.9175000000000004E+00
      5087         1         1        11
  -1.5095102391686595E+00  -6.0838728442085011E-01  -8.7925000000000004E+00
      5088         1         1        11
  -1.5516526280693999E+00  -4.9105027421367409E-01  -8.9175000000000004E+00
      5089         1         1        11
  -1.5846893023610857E+00  -3.7083158573985470E-01  -8.7925000000000004E+00
      5090         1         1        11
  -1.6084263897025175E+00  -2.4843671006621620E-01  -8.9175000000000004E+00
      5091         1         1        11
  -1.6227245914265378E+00  -1.2458390899139436E-01  -8.7925000000000004E+00
      5092         1         1        11
  -1.6274999999999999E+00   1.1465434782201062E-15  -8.9175000000000004E+00
      5093         1         1        11
  -1.6227245914265376E+00   1.2458390899139664E-01  -8.7925000000000004E+00
      5094         1         1        11
  -1.6084263897025173E+00   2.4843671006621851E-01  -8.9175000000000004E+00
      5095         1         1        11
  -1.5846893023610853E+00   3.7083158573985692E-01  -8.7925000000000004E+00
      5096         1         1        11
  -1.5516526280693992E+00   4.9105027421367625E-01  -8.9175000000000004E+00
      5097         1         1        11
  -1.5095102391686586E+00   6.0838728442085221E-01  -8.7925000000000004E+00
      5098         1         1        11
  -1.4585094439541173E+00   7.2215403612847806E-01  -8.9175000000000004E+00
      5099         1         1        11
  -1.3989495353716690E+00   8.3168290080017349E-01  -8.7925000000000004E+00
      5100         1         1        11
  -1.3311800346478317E+00   9.3633111950580650E-01  -8.9175000000000004E+00
      5101         1         1        11
  -1.2555986401602117E+00   1.0354845748864767E+00  -8.7925000000000004E+00
      5102         1         1        11
  -1.1726488935852810E+00   1.1285613950393729E+00  -8.9175000000000004E+00
      5103         1         1        11
  -1.0828175770194577E+00   1.2150153681734690E+00  -8.7925000000000004E+00
      5104         1         1        11
  -9.8663185634820327E-01   1.2943391479975017E+00  -8.9175000000000004E+00
      5105         1         1        11
  -8.8465618762698706E-01   1.3660672310297488E+00  -8.7925000000000004E+00
      5106         1         1        11
  -7.7748900462870729E-01   1.4297786883575589E+00  -8.9175000000000004E+00
      5107         1         1        11
  -6.6575920699635471E-01   1.4850996358155855E+00  -8.7925000000000004E+00
      5108         1         1        11
  -5.5012246960983702E-01   1.5317054280867368E+00  -8.9175000000000004E+00
      5109         1         1        11
  -4.3125739482506542E-01   1.5693225638499873E+00  -8.7925000000000004E+00
      5110         1         1        11
  -3.0986153016549739E-01   1.5977302907948814E+00  -8.9175000000000004E+00
      5111         1         1        11
  -1.8664727483589749E-01   1.6167619010838710E+00  -8.7925000000000004E+00
      5112         1         1        11
  -6.2337699080533070E-02   1.6263057096601932E+00  -8.9175000000000004E+00
      5113         1         1        11
   6.2337699080532674E-02   1.6263057096601932E+00  -8.7925000000000004E+00
      5114         1         1        11
   1.8664727483589713E-01   1.6167619010838710E+00  -8.9175000000000004E+00
      5115         1         1        11
   3.0986153016549844E-01   1.5977302907948812E+00  -8.7925000000000004E+00
      5116         1         1        11
   4.3125739482506642E-01   1.5693225638499870E+00  -8.9175000000000004E+00
      5117         1         1        11
   5.5012246960983668E-01   1.5317054280867370E+00  -8.7925000000000004E+00
      5118         1         1        11
   6.6575920699635438E-01   1.4850996358155857E+00  -8.9175000000000004E+00
      5119         1         1        11
   7.7748900462870696E-01   1.4297786883575592E+00  -8.7925000000000004E+00
      5120         1         1        11
   8.8465618762698661E-01   1.3660672310297488E+00  -8.9175000000000004E+00
      5121         1         1        11
   9.8663185634820283E-01   1.2943391479975017E+00  -8.7925000000000004E+00
      5122         1         1        11
   1.0828175770194575E+00   1.2150153681734694E+00  -8.9175000000000004E+00
      5123         1         1        11
   1.1726488935852808E+00   1.1285613950393734E+00  -8.7925000000000004E+00
      5124         1         1        11
   1.2555986401602124E+00   1.0354845748864758E+00  -8.9175000000000004E+00
      5125         1         1        11
   1.3311800346478333E+00   9.3633111950580450E-01  -8.7925000000000004E+00
      5126         1         1        11
   1.3989495353716703E+00   8.3168290080017127E-01  -8.9175000000000004E+00
      5127         1         1        11
   1.4585094439541177E+00   7.2215403612847717E-01  -8.7925000000000004E+00
      5128         1         1        11
   1.5095102391686583E+00   6.0838728442085255E-01  -8.9175000000000004E+00
      5129         1         1        11
   1.5516526280693990E+00   4.9105027421367659E-01  -8.7925000000000004E+00
      5130         1         1        11
   1.5846893023610853E+00   3.7083158573985731E-01  -8.9175000000000004E+00
      5131         1         1        11
   1.6084263897025171E+00   2.4843671006621887E-01  -8.7925000000000004E+00
      5132         1         1        11
   1.6227245914265376E+00   1.2458390899139705E-01  -8.9175000000000004E+00
      5133         1         1        11
   1.6227245914265378E+00  -1.2458390899139396E-01  -9.1675000000000004E+00
      5134         1         1        11
   1.6084263897025179E+00  -2.4843671006621296E-01  -9.0425000000000004E+00
      5135         1         1        11
   1.5846893023610864E+00  -3.7083158573985148E-01  -9.1675000000000004E+00
      5136         1         1        11
   1.5516526280694007E+00  -4.9105027421367092E-01  -9.0425000000000004E+00
      5137         1         1        11
   1.5095102391686608E+00  -6.0838728442084700E-01  -9.1675000000000004E+00
      5138         1         1        11
   1.4585094439541197E+00  -7.2215403612847306E-01  -9.0425000000000004E+00
      5139         1         1        11
   1.3989495353716719E+00  -8.3168290080016882E-01  -9.1675000000000004E+00
      5140         1         1        11
   1.3311800346478351E+00  -9.3633111950580206E-01  -9.0425000000000004E+00
      5141         1         1        11
   1.2555986401602142E+00  -1.0354845748864736E+00  -9.1675000000000004E+00
      5142         1         1        11
   1.1726488935852830E+00  -1.1285613950393711E+00  -9.0425000000000004E+00
      5143         1         1        11
   1.0828175770194597E+00  -1.2150153681734672E+00  -9.1675000000000004E+00
      5144         1         1        11
   9.8663185634820538E-01  -1.2943391479974999E+00  -9.0425000000000004E+00
      5145         1         1        11
   8.8465618762698939E-01  -1.3660672310297473E+00  -9.1675000000000004E+00
      5146         1         1        11
   7.7748900462870962E-01  -1.4297786883575576E+00  -9.0425000000000004E+00
      5147         1         1        11
   6.6575920699635716E-01  -1.4850996358155844E+00  -9.1675000000000004E+00
      5148         1         1        11
   5.5012246960983957E-01  -1.5317054280867359E+00  -9.0425000000000004E+00
      5149         1         1        11
   4.3125739482506803E-01  -1.5693225638499866E+00  -9.1675000000000004E+00
      5150         1         1        11
   3.0986153016549867E-01  -1.5977302907948812E+00  -9.0425000000000004E+00
      5151         1         1        11
   1.8664727483589730E-01  -1.6167619010838710E+00  -9.1675000000000004E+00
      5152         1         1        11
   6.2337699080532862E-02  -1.6263057096601932E+00  -9.0425000000000004E+00
      5153         1         1        11
  -6.2337699080532466E-02  -1.6263057096601932E+00  -9.1675000000000004E+00
      5154         1         1        11
  -1.8664727483589691E-01  -1.6167619010838710E+00  -9.0425000000000004E+00
      5155         1         1        11
  -3.0986153016549828E-01  -1.5977302907948814E+00  -9.1675000000000004E+00
      5156         1         1        11
  -4.3125739482506764E-01  -1.5693225638499868E+00  -9.0425000000000004E+00
      5157         1         1        11
  -5.5012246960983924E-01  -1.5317054280867362E+00  -9.1675000000000004E+00
      5158         1         1        11
  -6.6575920699635682E-01  -1.4850996358155846E+00  -9.0425000000000004E+00
      5159         1         1        11
  -7.7748900462870929E-01  -1.4297786883575578E+00  -9.1675000000000004E+00
      5160         1         1        11
  -8.8465618762698905E-01  -1.3660672310297475E+00  -9.0425000000000004E+00
      5161         1         1        11
  -9.8663185634820505E-01  -1.2943391479975002E+00  -9.1675000000000004E+00
      5162         1         1        11
  -1.0828175770194595E+00  -1.2150153681734677E+00  -9.0425000000000004E+00
      5163         1         1        11
  -1.1726488935852837E+00  -1.1285613950393703E+00  -9.1675000000000004E+00
      5164         1         1        11
  -1.2555986401602139E+00  -1.0354845748864738E+00  -9.0425000000000004E+00
      5165         1         1        11
  -1.3311800346478355E+00  -9.3633111950580117E-01  -9.1675000000000004E+00
      5166         1         1        11
  -1.3989495353716717E+00  -8.3168290080016916E-01  -9.0425000000000004E+00
      5167         1         1        11
  -1.4585094439541191E+00  -7.2215403612847473E-01  -9.1675000000000004E+00
      5168         1         1        11
  -1.5095102391686595E+00  -6.0838728442085011E-01  -9.0425000000000004E+00
      5169         1         1        11
  -1.5516526280693999E+00  -4.9105027421367409E-01  -9.1675000000000004E+00
      5170         1         1        11
  -1.5846893023610857E+00  -3.7083158573985470E-01  -9.0425000000000004E+00
      5171         1         1        11
  -1.6084263897025175E+00  -2.4843671006621620E-01  -9.1675000000000004E+00
      5172         1         1        11
  -1.6227245914265378E+00  -1.2458390899139436E-01  -9.0425000000000004E+00
      5173         1         1        11
  -1.6274999999999999E+00   2.5920538562820600E-15  -9.1675000000000004E+00
      5174         1         1        11
  -1.6227245914265376E+00   1.2458390899139808E-01  -9.0425000000000004E+00
      5175         1         1        11
  -1.6084263897025171E+00   2.4843671006621990E-01  -9.1675000000000004E+00
      5176         1         1        11
  -1.5846893023610853E+00   3.7083158573985692E-01  -9.0425000000000004E+00
      5177         1         1        11
  -1.5516526280693996E+00   4.9105027421367492E-01  -9.1675000000000004E+00
      5178         1         1        11
  -1.5095102391686592E+00   6.0838728442085077E-01  -9.0425000000000004E+00
      5179         1         1        11
  -1.4585094439541173E+00   7.2215403612847806E-01  -9.1675000000000004E+00
      5180         1         1        11
  -1.3989495353716683E+00   8.3168290080017471E-01  -9.0425000000000004E+00
      5181         1         1        11
  -1.3311800346478317E+00   9.3633111950580650E-01  -9.1675000000000004E+00
      5182         1         1        11
  -1.2555986401602117E+00   1.0354845748864767E+00  -9.0425000000000004E+00
      5183         1         1        11
  -1.1726488935852810E+00   1.1285613950393729E+00  -9.1675000000000004E+00
      5184         1         1        11
  -1.0828175770194577E+00   1.2150153681734690E+00  -9.0425000000000004E+00
      5185         1         1        11
  -9.8663185634820327E-01   1.2943391479975017E+00  -9.1675000000000004E+00
      5186         1         1        11
  -8.8465618762698706E-01   1.3660672310297488E+00  -9.0425000000000004E+00
      5187         1         1        11
  -7.7748900462870729E-01   1.4297786883575589E+00  -9.1675000000000004E+00
      5188         1         1        11
  -6.6575920699635471E-01   1.4850996358155855E+00  -9.0425000000000004E+00
      5189         1         1        11
  -5.5012246960983702E-01   1.5317054280867368E+00  -9.1675000000000004E+00
      5190         1         1        11
  -4.3125739482506542E-01   1.5693225638499873E+00  -9.0425000000000004E+00
      5191         1         1        11
  -3.0986153016549739E-01   1.5977302907948814E+00  -9.1675000000000004E+00
      5192         1         1        11
  -1.8664727483589749E-01   1.6167619010838710E+00  -9.0425000000000004E+00
      5193         1         1        11
  -6.2337699080533070E-02   1.6263057096601932E+00  -9.1675000000000004E+00
      5194         1         1        11
   6.2337699080532674E-02   1.6263057096601932E+00  -9.0425000000000004E+00
      5195         1         1        11
   1.8664727483589713E-01   1.6167619010838710E+00  -9.1675000000000004E+00
      5196         1         1        11
   3.0986153016549844E-01   1.5977302907948812E+00  -9.0425000000000004E+00
      5197         1         1        11
   4.3125739482506642E-01   1.5693225638499870E+00  -9.1675000000000004E+00
      5198         1         1        11
   5.5012246960983668E-01   1.5317054280867370E+00  -9.0425000000000004E+00
      5199         1         1        11
   6.6575920699635438E-01   1.4850996358155857E+00  -9.1675000000000004E+00
      5200         1         1        11
   7.7748900462870563E-01   1.4297786883575598E+00  -9.0425000000000004E+00
      5201         1         1        11
   8.8465618762698561E-01   1.3660672310297499E+00  -9.1675000000000004E+00
      5202         1         1        11
   9.8663185634820283E-01   1.2943391479975017E+00  -9.0425000000000004E+00
      5203         1         1        11
   1.0828175770194575E+00   1.2150153681734694E+00  -9.1675000000000004E+00
      5204         1         1        11
   1.1726488935852808E+00   1.1285613950393734E+00  -9.0425000000000004E+00
      5205         1         1        11
   1.2555986401602124E+00   1.0354845748864758E+00  -9.1675000000000004E+00
      5206         1         1        11
   1.3311800346478333E+00   9.3633111950580450E-01  -9.0425000000000004E+00
      5207         1         1        11
   1.3989495353716688E+00   8.3168290080017382E-01  -9.1675000000000004E+00
      5208         1         1        11
   1.4585094439541173E+00   7.2215403612847850E-01  -9.0425000000000004E+00
      5209         1         1        11
   1.5095102391686583E+00   6.0838728442085255E-01  -9.1675000000000004E+00
      5210         1         1        11
   1.5516526280693990E+00   4.9105027421367659E-01  -9.0425000000000004E+00
      5211         1         1        11
   1.5846893023610853E+00   3.7083158573985731E-01  -9.1675000000000004E+00
      5212         1         1        11
   1.6084263897025171E+00   2.4843671006621887E-01  -9.0425000000000004E+00
      5213         1         1        11
   1.6227245914265376E+00   1.2458390899139705E-01  -9.1675000000000004E+00
      5214         1         1        11
   1.6227245914265378E+00  -1.2458390899139396E-01  -9.4175000000000004E+00
      5215         1         1        11
   1.6084263897025179E+00  -2.4843671006621296E-01  -9.2925000000000004E+00
      5216         1         1        11
   1.5846893023610864E+00  -3.7083158573985148E-01  -9.4175000000000004E+00
      5217         1         1        11
   1.5516526280694007E+00  -4.9105027421367092E-01  -9.2925000000000004E+00
      5218         1         1        11
   1.5095102391686608E+00  -6.0838728442084700E-01  -9.4175000000000004E+00
      5219         1         1        11
   1.4585094439541197E+00  -7.2215403612847306E-01  -9.2925000000000004E+00
      5220         1         1        11
   1.3989495353716719E+00  -8.3168290080016882E-01  -9.4175000000000004E+00
      5221         1         1        11
   1.3311800346478351E+00  -9.3633111950580206E-01  -9.2925000000000004E+00
      5222         1         1        11
   1.2555986401602142E+00  -1.0354845748864736E+00  -9.4175000000000004E+00
      5223         1         1        11
   1.1726488935852830E+00  -1.1285613950393711E+00  -9.2925000000000004E+00
      5224         1         1        11
   1.0828175770194597E+00  -1.2150153681734672E+00  -9.4175000000000004E+00
      5225         1         1        11
   9.8663185634820538E-01  -1.2943391479974999E+00  -9.2925000000000004E+00
      5226         1         1        11
   8.8465618762698939E-01  -1.3660672310297473E+00  -9.4175000000000004E+00
      5227         1         1        11
   7.7748900462870962E-01  -1.4297786883575576E+00  -9.2925000000000004E+00
      5228         1         1        11
   6.6575920699635716E-01  -1.4850996358155844E+00  -9.4175000000000004E+00
      5229         1         1        11
   5.5012246960983957E-01  -1.5317054280867359E+00  -9.2925000000000004E+00
      5230         1         1        11
   4.3125739482506803E-01  -1.5693225638499866E+00  -9.4175000000000004E+00
      5231         1         1        11
   3.0986153016549867E-01  -1.5977302907948812E+00  -9.2925000000000004E+00
      5232         1         1        11
   1.8664727483589730E-01  -1.6167619010838710E+00  -9.4175000000000004E+00
      5233         1         1        11
   6.2337699080532862E-02  -1.6263057096601932E+00  -9.2925000000000004E+00
      5234         1         1        11
  -6.2337699080532466E-02  -1.6263057096601932E+00  -9.4175000000000004E+00
      5235         1         1        11
  -1.8664727483589691E-01  -1.6167619010838710E+00  -9.2925000000000004E+00
      5236         1         1        11
  -3.0986153016549828E-01  -1.5977302907948814E+00  -9.4175000000000004E+00
      5237         1         1        11
  -4.3125739482506764E-01  -1.5693225638499868E+00  -9.2925000000000004E+00
      5238         1         1        11
  -5.5012246960983924E-01  -1.5317054280867362E+00  -9.4175000000000004E+00
      5239         1         1        11
  -6.6575920699635682E-01  -1.4850996358155846E+00  -9.2925000000000004E+00
      5240         1         1        11
  -7.7748900462870929E-01  -1.4297786883575578E+00  -9.4175000000000004E+00
      5241         1         1        11
  -8.8465618762698905E-01  -1.3660672310297475E+00  -9.2925000000000004E+00
      5242         1         1        11
  -9.8663185634820505E-01  -1.2943391479975002E+00  -9.4175000000000004E+00
      5243         1         1        11
  -1.0828175770194595E+00  -1.2150153681734677E+00  -9.2925000000000004E+00
      5244         1         1        11
  -1.1726488935852828E+00  -1.1285613950393714E+00  -9.4175000000000004E+00
      5245         1         1        11
  -1.2555986401602139E+00  -1.0354845748864738E+00  -9.2925000000000004E+00
      5246         1         1        11
  -1.3311800346478349E+00  -9.3633111950580239E-01  -9.4175000000000004E+00
      5247         1         1        11
  -1.3989495353716717E+00  -8.3168290080016916E-01  -9.2925000000000004E+00
      5248         1         1        11
  -1.4585094439541182E+00  -7.2215403612847606E-01  -9.4175000000000004E+00
      5249         1         1        11
  -1.5095102391686595E+00  -6.0838728442085011E-01  -9.2925000000000004E+00
      5250         1         1        11
  -1.5516526280693999E+00  -4.9105027421367409E-01  -9.4175000000000004E+00
      5251         1         1        11
  -1.5846893023610857E+00  -3.7083158573985470E-01  -9.2925000000000004E+00
      5252         1         1        11
  -1.6084263897025175E+00  -2.4843671006621620E-01  -9.4175000000000004E+00
      5253         1         1        11
  -1.6227245914265378E+00  -1.2458390899139292E-01  -9.2925000000000004E+00
      5254         1         1        11
  -1.6274999999999999E+00   2.5920538562820600E-15  -9.4175000000000004E+00
      5255         1         1        11
  -1.6227245914265376E+00   1.2458390899139808E-01  -9.2925000000000004E+00
      5256         1         1        11
  -1.6084263897025173E+00   2.4843671006621851E-01  -9.4175000000000004E+00
      5257         1         1        11
  -1.5846893023610853E+00   3.7083158573985692E-01  -9.2925000000000004E+00
      5258         1         1        11
  -1.5516526280693992E+00   4.9105027421367625E-01  -9.4175000000000004E+00
      5259         1         1        11
  -1.5095102391686592E+00   6.0838728442085077E-01  -9.2925000000000004E+00
      5260         1         1        11
  -1.4585094439541173E+00   7.2215403612847806E-01  -9.4175000000000004E+00
      5261         1         1        11
  -1.3989495353716683E+00   8.3168290080017471E-01  -9.2925000000000004E+00
      5262         1         1        11
  -1.3311800346478317E+00   9.3633111950580650E-01  -9.4175000000000004E+00
      5263         1         1        11
  -1.2555986401602117E+00   1.0354845748864767E+00  -9.2925000000000004E+00
      5264         1         1        11
  -1.1726488935852810E+00   1.1285613950393729E+00  -9.4175000000000004E+00
      5265         1         1        11
  -1.0828175770194577E+00   1.2150153681734690E+00  -9.2925000000000004E+00
      5266         1         1        11
  -9.8663185634820327E-01   1.2943391479975017E+00  -9.4175000000000004E+00
      5267         1         1        11
  -8.8465618762698706E-01   1.3660672310297488E+00  -9.2925000000000004E+00
      5268         1         1        11
  -7.7748900462870596E-01   1.4297786883575596E+00  -9.4175000000000004E+00
      5269         1         1        11
  -6.6575920699635338E-01   1.4850996358155861E+00  -9.2925000000000004E+00
      5270         1         1        11
  -5.5012246960983568E-01   1.5317054280867373E+00  -9.4175000000000004E+00
      5271         1         1        11
  -4.3125739482506542E-01   1.5693225638499873E+00  -9.2925000000000004E+00
      5272         1         1        11
  -3.0986153016549883E-01   1.5977302907948812E+00  -9.4175000000000004E+00
      5273         1         1        11
  -1.8664727483589749E-01   1.6167619010838710E+00  -9.2925000000000004E+00
      5274         1         1        11
  -6.2337699080533070E-02   1.6263057096601932E+00  -9.4175000000000004E+00
      5275         1         1        11
   6.2337699080532674E-02   1.6263057096601932E+00  -9.2925000000000004E+00
      5276         1         1        11
   1.8664727483589713E-01   1.6167619010838710E+00  -9.4175000000000004E+00
      5277         1         1        11
   3.0986153016549844E-01   1.5977302907948812E+00  -9.2925000000000004E+00
      5278         1         1        11
   4.3125739482506503E-01   1.5693225638499875E+00  -9.4175000000000004E+00
      5279         1         1        11
   5.5012246960983668E-01   1.5317054280867370E+00  -9.2925000000000004E+00
      5280         1         1        11
   6.6575920699635305E-01   1.4850996358155863E+00  -9.4175000000000004E+00
      5281         1         1        11
   7.7748900462870563E-01   1.4297786883575598E+00  -9.2925000000000004E+00
      5282         1         1        11
   8.8465618762698661E-01   1.3660672310297488E+00  -9.4175000000000004E+00
      5283         1         1        11
   9.8663185634820283E-01   1.2943391479975017E+00  -9.2925000000000004E+00
      5284         1         1        11
   1.0828175770194575E+00   1.2150153681734694E+00  -9.4175000000000004E+00
      5285         1         1        11
   1.1726488935852808E+00   1.1285613950393734E+00  -9.2925000000000004E+00
      5286         1         1        11
   1.2555986401602133E+00   1.0354845748864747E+00  -9.4175000000000004E+00
      5287         1         1        11
   1.3311800346478342E+00   9.3633111950580328E-01  -9.2925000000000004E+00
      5288         1         1        11
   1.3989495353716703E+00   8.3168290080017127E-01  -9.4175000000000004E+00
      5289         1         1        11
   1.4585094439541173E+00   7.2215403612847850E-01  -9.2925000000000004E+00
      5290         1         1        11
   1.5095102391686583E+00   6.0838728442085255E-01  -9.4175000000000004E+00
      5291         1         1        11
   1.5516526280693990E+00   4.9105027421367659E-01  -9.2925000000000004E+00
      5292         1         1        11
   1.5846893023610853E+00   3.7083158573985731E-01  -9.4175000000000004E+00
      5293         1         1        11
   1.6084263897025171E+00   2.4843671006621887E-01  -9.2925000000000004E+00
      5294         1         1        11
   1.6227245914265376E+00   1.2458390899139705E-01  -9.4175000000000004E+00
      5295         1         1        11
   1.6227245914265378E+00  -1.2458390899139396E-01  -9.6675000000000004E+00
      5296         1         1        11
   1.6084263897025179E+00  -2.4843671006621296E-01  -9.5425000000000004E+00
      5297         1         1        11
   1.5846893023610864E+00  -3.7083158573985148E-01  -9.6675000000000004E+00
      5298         1         1        11
   1.5516526280694007E+00  -4.9105027421367092E-01  -9.5425000000000004E+00
      5299         1         1        11
   1.5095102391686608E+00  -6.0838728442084700E-01  -9.6675000000000004E+00
      5300         1         1        11
   1.4585094439541197E+00  -7.2215403612847306E-01  -9.5425000000000004E+00
      5301         1         1        11
   1.3989495353716719E+00  -8.3168290080016882E-01  -9.6675000000000004E+00
      5302         1         1        11
   1.3311800346478351E+00  -9.3633111950580206E-01  -9.5425000000000004E+00
      5303         1         1        11
   1.2555986401602142E+00  -1.0354845748864736E+00  -9.6675000000000004E+00
      5304         1         1        11
   1.1726488935852830E+00  -1.1285613950393711E+00  -9.5425000000000004E+00
      5305         1         1        11
   1.0828175770194597E+00  -1.2150153681734672E+00  -9.6675000000000004E+00
      5306         1         1        11
   9.8663185634820538E-01  -1.2943391479974999E+00  -9.5425000000000004E+00
      5307         1         1        11
   8.8465618762698939E-01  -1.3660672310297473E+00  -9.6675000000000004E+00
      5308         1         1        11
   7.7748900462870962E-01  -1.4297786883575576E+00  -9.5425000000000004E+00
      5309         1         1        11
   6.6575920699635716E-01  -1.4850996358155844E+00  -9.6675000000000004E+00
      5310         1         1        11
   5.5012246960983957E-01  -1.5317054280867359E+00  -9.5425000000000004E+00
      5311         1         1        11
   4.3125739482506803E-01  -1.5693225638499866E+00  -9.6675000000000004E+00
      5312         1         1        11
   3.0986153016549867E-01  -1.5977302907948812E+00  -9.5425000000000004E+00
      5313         1         1        11
   1.8664727483589730E-01  -1.6167619010838710E+00  -9.6675000000000004E+00
      5314         1         1        11
   6.2337699080532862E-02  -1.6263057096601932E+00  -9.5425000000000004E+00
      5315         1         1        11
  -6.2337699080532466E-02  -1.6263057096601932E+00  -9.6675000000000004E+00
      5316         1         1        11
  -1.8664727483589691E-01  -1.6167619010838710E+00  -9.5425000000000004E+00
      5317         1         1        11
  -3.0986153016549828E-01  -1.5977302907948814E+00  -9.6675000000000004E+00
      5318         1         1        11
  -4.3125739482506764E-01  -1.5693225638499868E+00  -9.5425000000000004E+00
      5319         1         1        11
  -5.5012246960983924E-01  -1.5317054280867362E+00  -9.6675000000000004E+00
      5320         1         1        11
  -6.6575920699635682E-01  -1.4850996358155846E+00  -9.5425000000000004E+00
      5321         1         1        11
  -7.7748900462870929E-01  -1.4297786883575578E+00  -9.6675000000000004E+00
      5322         1         1        11
  -8.8465618762698905E-01  -1.3660672310297475E+00  -9.5425000000000004E+00
      5323         1         1        11
  -9.8663185634820505E-01  -1.2943391479975002E+00  -9.6675000000000004E+00
      5324         1         1        11
  -1.0828175770194595E+00  -1.2150153681734677E+00  -9.5425000000000004E+00
      5325         1         1        11
  -1.1726488935852828E+00  -1.1285613950393714E+00  -9.6675000000000004E+00
      5326         1         1        11
  -1.2555986401602139E+00  -1.0354845748864738E+00  -9.5425000000000004E+00
      5327         1         1        11
  -1.3311800346478349E+00  -9.3633111950580239E-01  -9.6675000000000004E+00
      5328         1         1        11
  -1.3989495353716710E+00  -8.3168290080017027E-01  -9.5425000000000004E+00
      5329         1         1        11
  -1.4585094439541182E+00  -7.2215403612847606E-01  -9.6675000000000004E+00
      5330         1         1        11
  -1.5095102391686595E+00  -6.0838728442085011E-01  -9.5425000000000004E+00
      5331         1         1        11
  -1.5516526280693999E+00  -4.9105027421367409E-01  -9.6675000000000004E+00
      5332         1         1        11
  -1.5846893023610857E+00  -3.7083158573985470E-01  -9.5425000000000004E+00
      5333         1         1        11
  -1.6084263897025175E+00  -2.4843671006621620E-01  -9.6675000000000004E+00
      5334         1         1        11
  -1.6227245914265378E+00  -1.2458390899139292E-01  -9.5425000000000004E+00
      5335         1         1        11
  -1.6274999999999999E+00   2.5920538562820600E-15  -9.6675000000000004E+00
      5336         1         1        11
  -1.6227245914265376E+00   1.2458390899139664E-01  -9.5425000000000004E+00
      5337         1         1        11
  -1.6084263897025173E+00   2.4843671006621851E-01  -9.6675000000000004E+00
      5338         1         1        11
  -1.5846893023610853E+00   3.7083158573985692E-01  -9.5425000000000004E+00
      5339         1         1        11
  -1.5516526280693992E+00   4.9105027421367625E-01  -9.6675000000000004E+00
      5340         1         1        11
  -1.5095102391686586E+00   6.0838728442085221E-01  -9.5425000000000004E+00
      5341         1         1        11
  -1.4585094439541173E+00   7.2215403612847806E-01  -9.6675000000000004E+00
      5342         1         1        11
  -1.3989495353716690E+00   8.3168290080017349E-01  -9.5425000000000004E+00
      5343         1         1        11
  -1.3311800346478326E+00   9.3633111950580550E-01  -9.6675000000000004E+00
      5344         1         1        11
  -1.2555986401602126E+00   1.0354845748864756E+00  -9.5425000000000004E+00
      5345         1         1        11
  -1.1726488935852810E+00   1.1285613950393729E+00  -9.6675000000000004E+00
      5346         1         1        11
  -1.0828175770194577E+00   1.2150153681734690E+00  -9.5425000000000004E+00
      5347         1         1        11
  -9.8663185634820327E-01   1.2943391479975017E+00  -9.6675000000000004E+00
      5348         1         1        11
  -8.8465618762698706E-01   1.3660672310297488E+00  -9.5425000000000004E+00
      5349         1         1        11
  -7.7748900462870729E-01   1.4297786883575589E+00  -9.6675000000000004E+00
      5350         1         1        11
  -6.6575920699635338E-01   1.4850996358155861E+00  -9.5425000000000004E+00
      5351         1         1        11
  -5.5012246960983702E-01   1.5317054280867368E+00  -9.6675000000000004E+00
      5352         1         1        11
  -4.3125739482506542E-01   1.5693225638499873E+00  -9.5425000000000004E+00
      5353         1         1        11
  -3.0986153016549739E-01   1.5977302907948814E+00  -9.6675000000000004E+00
      5354         1         1        11
  -1.8664727483589749E-01   1.6167619010838710E+00  -9.5425000000000004E+00
      5355         1         1        11
  -6.2337699080533070E-02   1.6263057096601932E+00  -9.6675000000000004E+00
      5356         1         1        11
   6.2337699080532674E-02   1.6263057096601932E+00  -9.5425000000000004E+00
      5357         1         1        11
   1.8664727483589713E-01   1.6167619010838710E+00  -9.6675000000000004E+00
      5358         1         1        11
   3.0986153016549844E-01   1.5977302907948812E+00  -9.5425000000000004E+00
      5359         1         1        11
   4.3125739482506642E-01   1.5693225638499870E+00  -9.6675000000000004E+00
      5360         1         1        11
   5.5012246960983668E-01   1.5317054280867370E+00  -9.5425000000000004E+00
      5361         1         1        11
   6.6575920699635438E-01   1.4850996358155857E+00  -9.6675000000000004E+00
      5362         1         1        11
   7.7748900462870696E-01   1.4297786883575592E+00  -9.5425000000000004E+00
      5363         1         1        11
   8.8465618762698661E-01   1.3660672310297488E+00  -9.6675000000000004E+00
      5364         1         1        11
   9.8663185634820283E-01   1.2943391479975017E+00  -9.5425000000000004E+00
      5365         1         1        11
   1.0828175770194575E+00   1.2150153681734694E+00  -9.6675000000000004E+00
      5366         1         1        11
   1.1726488935852808E+00   1.1285613950393734E+00  -9.5425000000000004E+00
      5367         1         1        11
   1.2555986401602133E+00   1.0354845748864747E+00  -9.6675000000000004E+00
      5368         1         1        11
   1.3311800346478349E+00   9.3633111950580217E-01  -9.5425000000000004E+00
      5369         1         1        11
   1.3989495353716703E+00   8.3168290080017127E-01  -9.6675000000000004E+00
      5370         1         1        11
   1.4585094439541173E+00   7.2215403612847850E-01  -9.5425000000000004E+00
      5371         1         1        11
   1.5095102391686590E+00   6.0838728442085122E-01  -9.6675000000000004E+00
      5372         1         1        11
   1.5516526280693990E+00   4.9105027421367659E-01  -9.5425000000000004E+00
      5373         1         1        11
   1.5846893023610853E+00   3.7083158573985731E-01  -9.6675000000000004E+00
      5374         1         1        11
   1.6084263897025171E+00   2.4843671006621887E-01  -9.5425000000000004E+00
      5375         1         1        11
   1.6227245914265376E+00   1.2458390899139705E-01  -9.6675000000000004E+00
      5376         1         1        11
   1.6227245914265378E+00  -1.2458390899139396E-01  -9.9175000000000004E+00
      5377         1         1        11
   1.6084263897025179E+00  -2.4843671006621296E-01  -9.7925000000000004E+00
      5378         1         1        11
   1.5846893023610864E+00  -3.7083158573985148E-01  -9.9175000000000004E+00
      5379         1         1        11
   1.5516526280694007E+00  -4.9105027421367092E-01  -9.7925000000000004E+00
      5380         1         1        11
   1.5095102391686608E+00  -6.0838728442084700E-01  -9.9175000000000004E+00
      5381         1         1        11
   1.4585094439541197E+00  -7.2215403612847306E-01  -9.7925000000000004E+00
      5382         1         1        11
   1.3989495353716719E+00  -8.3168290080016882E-01  -9.9175000000000004E+00
      5383         1         1        11
   1.3311800346478351E+00  -9.3633111950580206E-01  -9.7925000000000004E+00
      5384         1         1        11
   1.2555986401602142E+00  -1.0354845748864736E+00  -9.9175000000000004E+00
      5385         1         1        11
   1.1726488935852830E+00  -1.1285613950393711E+00  -9.7925000000000004E+00
      5386         1         1        11
   1.0828175770194597E+00  -1.2150153681734672E+00  -9.9175000000000004E+00
      5387         1         1        11
   9.8663185634820538E-01  -1.2943391479974999E+00  -9.7925000000000004E+00
      5388         1         1        11
   8.8465618762698939E-01  -1.3660672310297473E+00  -9.9175000000000004E+00
      5389         1         1        11
   7.7748900462870962E-01  -1.4297786883575576E+00  -9.7925000000000004E+00
      5390         1         1        11
   6.6575920699635716E-01  -1.4850996358155844E+00  -9.9175000000000004E+00
      5391         1         1        11
   5.5012246960983957E-01  -1.5317054280867359E+00  -9.7925000000000004E+00
      5392         1         1        11
   4.3125739482506803E-01  -1.5693225638499866E+00  -9.9175000000000004E+00
      5393         1         1        11
   3.0986153016549867E-01  -1.5977302907948812E+00  -9.7925000000000004E+00
      5394         1         1        11
   1.8664727483589730E-01  -1.6167619010838710E+00  -9.9175000000000004E+00
      5395         1         1        11
   6.2337699080532862E-02  -1.6263057096601932E+00  -9.7925000000000004E+00
      5396         1         1        11
  -6.2337699080532466E-02  -1.6263057096601932E+00  -9.9175000000000004E+00
      5397         1         1        11
  -1.8664727483589691E-01  -1.6167619010838710E+00  -9.7925000000000004E+00
      5398         1         1        11
  -3.0986153016549828E-01  -1.5977302907948814E+00  -9.9175000000000004E+00
      5399         1         1        11
  -4.3125739482506764E-01  -1.5693225638499868E+00  -9.7925000000000004E+00
      5400         1         1        11
  -5.5012246960983924E-01  -1.5317054280867362E+00  -9.9175000000000004E+00
      5401         1         1        11
  -6.6575920699635682E-01  -1.4850996358155846E+00  -9.7925000000000004E+00
      5402         1         1        11
  -7.7748900462870929E-01  -1.4297786883575578E+00  -9.9175000000000004E+00
      5403         1         1        11
  -8.8465618762698905E-01  -1.3660672310297475E+00  -9.7925000000000004E+00
      5404         1         1        11
  -9.8663185634820505E-01  -1.2943391479975002E+00  -9.9175000000000004E+00
      5405         1         1        11
  -1.0828175770194595E+00  -1.2150153681734677E+00  -9.7925000000000004E+00
      5406         1         1        11
  -1.1726488935852817E+00  -1.1285613950393725E+00  -9.9175000000000004E+00
      5407         1         1        11
  -1.2555986401602131E+00  -1.0354845748864749E+00  -9.7925000000000004E+00
      5408         1         1        11
  -1.3311800346478333E+00  -9.3633111950580472E-01  -9.9175000000000004E+00
      5409         1         1        11
  -1.3989495353716710E+00  -8.3168290080017027E-01  -9.7925000000000004E+00
      5410         1         1        11
  -1.4585094439541182E+00  -7.2215403612847606E-01  -9.9175000000000004E+00
      5411         1         1        11
  -1.5095102391686595E+00  -6.0838728442085011E-01  -9.7925000000000004E+00
      5412         1         1        11
  -1.5516526280693999E+00  -4.9105027421367409E-01  -9.9175000000000004E+00
      5413         1         1        11
  -1.5846893023610857E+00  -3.7083158573985470E-01  -9.7925000000000004E+00
      5414         1         1        11
  -1.6084263897025175E+00  -2.4843671006621620E-01  -9.9175000000000004E+00
      5415         1         1        11
  -1.6227245914265378E+00  -1.2458390899139292E-01  -9.7925000000000004E+00
      5416         1         1        11
  -1.6274999999999999E+00   2.5920538562820600E-15  -9.9175000000000004E+00
      5417         1         1        11
  -1.6227245914265376E+00   1.2458390899139664E-01  -9.7925000000000004E+00
      5418         1         1        11
  -1.6084263897025171E+00   2.4843671006621990E-01  -9.9175000000000004E+00
      5419         1         1        11
  -1.5846893023610853E+00   3.7083158573985692E-01  -9.7925000000000004E+00
      5420         1         1        11
  -1.5516526280693983E+00   4.9105027421367903E-01  -9.9175000000000004E+00
      5421         1         1        11
  -1.5095102391686581E+00   6.0838728442085355E-01  -9.7925000000000004E+00
      5422         1         1        11
  -1.4585094439541166E+00   7.2215403612847939E-01  -9.9175000000000004E+00
      5423         1         1        11
  -1.3989495353716690E+00   8.3168290080017349E-01  -9.7925000000000004E+00
      5424         1         1        11
  -1.3311800346478317E+00   9.3633111950580650E-01  -9.9175000000000004E+00
      5425         1         1        11
  -1.2555986401602117E+00   1.0354845748864767E+00  -9.7925000000000004E+00
      5426         1         1        11
  -1.1726488935852801E+00   1.1285613950393740E+00  -9.9175000000000004E+00
      5427         1         1        11
  -1.0828175770194577E+00   1.2150153681734690E+00  -9.7925000000000004E+00
      5428         1         1        11
  -9.8663185634820327E-01   1.2943391479975017E+00  -9.9175000000000004E+00
      5429         1         1        11
  -8.8465618762698706E-01   1.3660672310297488E+00  -9.7925000000000004E+00
      5430         1         1        11
  -7.7748900462870729E-01   1.4297786883575589E+00  -9.9175000000000004E+00
      5431         1         1        11
  -6.6575920699635471E-01   1.4850996358155855E+00  -9.7925000000000004E+00
      5432         1         1        11
  -5.5012246960983835E-01   1.5317054280867364E+00  -9.9175000000000004E+00
      5433         1         1        11
  -4.3125739482506820E-01   1.5693225638499866E+00  -9.7925000000000004E+00
      5434         1         1        11
  -3.0986153016549883E-01   1.5977302907948812E+00  -9.9175000000000004E+00
      5435         1         1        11
  -1.8664727483589749E-01   1.6167619010838710E+00  -9.7925000000000004E+00
      5436         1         1        11
  -6.2337699080533070E-02   1.6263057096601932E+00  -9.9175000000000004E+00
      5437         1         1        11
   6.2337699080532674E-02   1.6263057096601932E+00  -9.7925000000000004E+00
      5438         1         1        11
   1.8664727483589713E-01   1.6167619010838710E+00  -9.9175000000000004E+00
      5439         1         1        11
   3.0986153016549844E-01   1.5977302907948812E+00  -9.7925000000000004E+00
      5440         1         1        11
   4.3125739482506642E-01   1.5693225638499870E+00  -9.9175000000000004E+00
      5441         1         1        11
   5.5012246960983668E-01   1.5317054280867370E+00  -9.7925000000000004E+00
      5442         1         1        11
   6.6575920699635438E-01   1.4850996358155857E+00  -9.9175000000000004E+00
      5443         1         1        11
   7.7748900462870696E-01   1.4297786883575592E+00  -9.7925000000000004E+00
      5444         1         1        11
   8.8465618762698661E-01   1.3660672310297488E+00  -9.9175000000000004E+00
      5445         1         1        11
   9.8663185634820283E-01   1.2943391479975017E+00  -9.7925000000000004E+00
      5446         1         1        11
   1.0828175770194575E+00   1.2150153681734694E+00  -9.9175000000000004E+00
      5447         1         1        11
   1.1726488935852808E+00   1.1285613950393734E+00  -9.7925000000000004E+00
      5448         1         1        11
   1.2555986401602133E+00   1.0354845748864747E+00  -9.9175000000000004E+00
      5449         1         1        11
   1.3311800346478349E+00   9.3633111950580217E-01  -9.7925000000000004E+00
      5450         1         1        11
   1.3989495353716703E+00   8.3168290080017127E-01  -9.9175000000000004E+00
      5451         1         1        11
   1.4585094439541173E+00   7.2215403612847850E-01  -9.7925000000000004E+00
      5452         1         1        11
   1.5095102391686583E+00   6.0838728442085255E-01  -9.9175000000000004E+00
      5453         1         1        11
   1.5516526280693994E+00   4.9105027421367525E-01  -9.7925000000000004E+00
      5454         1         1        11
   1.5846893023610853E+00   3.7083158573985731E-01  -9.9175000000000004E+00
      5455         1         1        11
   1.6084263897025171E+00   2.4843671006621887E-01  -9.7925000000000004E+00
      5456         1         1        11
   1.6227245914265376E+00   1.2458390899139705E-01  -9.9175000000000004E+00
      5457         1         1        11
   1.6227245914265378E+00  -1.2458390899139396E-01  -1.0167500000000000E+01
      5458         1         1        11
   1.6084263897025179E+00  -2.4843671006621296E-01  -1.0042500000000000E+01
      5459         1         1        11
   1.5846893023610864E+00  -3.7083158573985148E-01  -1.0167500000000000E+01
      5460         1         1        11
   1.5516526280694007E+00  -4.9105027421367092E-01  -1.0042500000000000E+01
      5461         1         1        11
   1.5095102391686608E+00  -6.0838728442084700E-01  -1.0167500000000000E+01
      5462         1         1        11
   1.4585094439541197E+00  -7.2215403612847306E-01  -1.0042500000000000E+01
      5463         1         1        11
   1.3989495353716719E+00  -8.3168290080016882E-01  -1.0167500000000000E+01
      5464         1         1        11
   1.3311800346478351E+00  -9.3633111950580206E-01  -1.0042500000000000E+01
      5465         1         1        11
   1.2555986401602142E+00  -1.0354845748864736E+00  -1.0167500000000000E+01
      5466         1         1        11
   1.1726488935852830E+00  -1.1285613950393711E+00  -1.0042500000000000E+01
      5467         1         1        11
   1.0828175770194597E+00  -1.2150153681734672E+00  -1.0167500000000000E+01
      5468         1         1        11
   9.8663185634820538E-01  -1.2943391479974999E+00  -1.0042500000000000E+01
      5469         1         1        11
   8.8465618762698939E-01  -1.3660672310297473E+00  -1.0167500000000000E+01
      5470         1         1        11
   7.7748900462870962E-01  -1.4297786883575576E+00  -1.0042500000000000E+01
      5471         1         1        11
   6.6575920699635716E-01  -1.4850996358155844E+00  -1.0167500000000000E+01
      5472         1         1        11
   5.5012246960983957E-01  -1.5317054280867359E+00  -1.0042500000000000E+01
      5473         1         1        11
   4.3125739482506803E-01  -1.5693225638499866E+00  -1.0167500000000000E+01
      5474         1         1        11
   3.0986153016549867E-01  -1.5977302907948812E+00  -1.0042500000000000E+01
      5475         1         1        11
   1.8664727483589730E-01  -1.6167619010838710E+00  -1.0167500000000000E+01
      5476         1         1        11
   6.2337699080532862E-02  -1.6263057096601932E+00  -1.0042500000000000E+01
      5477         1         1        11
  -6.2337699080532466E-02  -1.6263057096601932E+00  -1.0167500000000000E+01
      5478         1         1        11
  -1.8664727483589619E-01  -1.6167619010838712E+00  -1.0042500000000000E+01
      5479         1         1        11
  -3.0986153016549828E-01  -1.5977302907948814E+00  -1.0167500000000000E+01
      5480         1         1        11
  -4.3125739482506764E-01  -1.5693225638499868E+00  -1.0042500000000000E+01
      5481         1         1        11
  -5.5012246960983924E-01  -1.5317054280867362E+00  -1.0167500000000000E+01
      5482         1         1        11
  -6.6575920699635682E-01  -1.4850996358155846E+00  -1.0042500000000000E+01
      5483         1         1        11
  -7.7748900462870929E-01  -1.4297786883575578E+00  -1.0167500000000000E+01
      5484         1         1        11
  -8.8465618762698905E-01  -1.3660672310297475E+00  -1.0042500000000000E+01
      5485         1         1        11
  -9.8663185634820505E-01  -1.2943391479975002E+00  -1.0167500000000000E+01
      5486         1         1        11
  -1.0828175770194595E+00  -1.2150153681734677E+00  -1.0042500000000000E+01
      5487         1         1        11
  -1.1726488935852832E+00  -1.1285613950393709E+00  -1.0167500000000000E+01
      5488         1         1        11
  -1.2555986401602139E+00  -1.0354845748864738E+00  -1.0042500000000000E+01
      5489         1         1        11
  -1.3311800346478349E+00  -9.3633111950580239E-01  -1.0167500000000000E+01
      5490         1         1        11
  -1.3989495353716710E+00  -8.3168290080017027E-01  -1.0042500000000000E+01
      5491         1         1        11
  -1.4585094439541182E+00  -7.2215403612847606E-01  -1.0167500000000000E+01
      5492         1         1        11
  -1.5095102391686595E+00  -6.0838728442085011E-01  -1.0042500000000000E+01
      5493         1         1        11
  -1.5516526280693999E+00  -4.9105027421367409E-01  -1.0167500000000000E+01
      5494         1         1        11
  -1.5846893023610857E+00  -3.7083158573985470E-01  -1.0042500000000000E+01
      5495         1         1        11
  -1.6084263897025175E+00  -2.4843671006621620E-01  -1.0167500000000000E+01
      5496         1         1        11
  -1.6227245914265378E+00  -1.2458390899139292E-01  -1.0042500000000000E+01
      5497         1         1        11
  -1.6274999999999999E+00   2.5920538562820600E-15  -1.0167500000000000E+01
      5498         1         1        11
  -1.6227245914265376E+00   1.2458390899139664E-01  -1.0042500000000000E+01
      5499         1         1        11
  -1.6084263897025173E+00   2.4843671006621851E-01  -1.0167500000000000E+01
      5500         1         1        11
  -1.5846893023610853E+00   3.7083158573985692E-01  -1.0042500000000000E+01
      5501         1         1        11
  -1.5516526280693992E+00   4.9105027421367625E-01  -1.0167500000000000E+01
      5502         1         1        11
  -1.5095102391686581E+00   6.0838728442085355E-01  -1.0042500000000000E+01
      5503         1         1        11
  -1.4585094439541166E+00   7.2215403612847939E-01  -1.0167500000000000E+01
      5504         1         1        11
  -1.3989495353716683E+00   8.3168290080017471E-01  -1.0042500000000000E+01
      5505         1         1        11
  -1.3311800346478317E+00   9.3633111950580650E-01  -1.0167500000000000E+01
      5506         1         1        11
  -1.2555986401602106E+00   1.0354845748864778E+00  -1.0042500000000000E+01
      5507         1         1        11
  -1.1726488935852810E+00   1.1285613950393729E+00  -1.0167500000000000E+01
      5508         1         1        11
  -1.0828175770194577E+00   1.2150153681734690E+00  -1.0042500000000000E+01
      5509         1         1        11
  -9.8663185634820327E-01   1.2943391479975017E+00  -1.0167500000000000E+01
      5510         1         1        11
  -8.8465618762698706E-01   1.3660672310297488E+00  -1.0042500000000000E+01
      5511         1         1        11
  -7.7748900462870729E-01   1.4297786883575589E+00  -1.0167500000000000E+01
      5512         1         1        11
  -6.6575920699635471E-01   1.4850996358155855E+00  -1.0042500000000000E+01
      5513         1         1        11
  -5.5012246960983979E-01   1.5317054280867357E+00  -1.0167500000000000E+01
      5514         1         1        11
  -4.3125739482506820E-01   1.5693225638499866E+00  -1.0042500000000000E+01
      5515         1         1        11
  -3.0986153016550022E-01   1.5977302907948807E+00  -1.0167500000000000E+01
      5516         1         1        11
  -1.8664727483589749E-01   1.6167619010838710E+00  -1.0042500000000000E+01
      5517         1         1        11
  -6.2337699080534513E-02   1.6263057096601932E+00  -1.0167500000000000E+01
      5518         1         1        11
   6.2337699080532674E-02   1.6263057096601932E+00  -1.0042500000000000E+01
      5519         1         1        11
   1.8664727483589713E-01   1.6167619010838710E+00  -1.0167500000000000E+01
      5520         1         1        11
   3.0986153016549844E-01   1.5977302907948812E+00  -1.0042500000000000E+01
      5521         1         1        11
   4.3125739482506642E-01   1.5693225638499870E+00  -1.0167500000000000E+01
      5522         1         1        11
   5.5012246960983668E-01   1.5317054280867370E+00  -1.0042500000000000E+01
      5523         1         1        11
   6.6575920699635438E-01   1.4850996358155857E+00  -1.0167500000000000E+01
      5524         1         1        11
   7.7748900462870696E-01   1.4297786883575592E+00  -1.0042500000000000E+01
      5525         1         1        11
   8.8465618762698661E-01   1.3660672310297488E+00  -1.0167500000000000E+01
      5526         1         1        11
   9.8663185634820283E-01   1.2943391479975017E+00  -1.0042500000000000E+01
      5527         1         1        11
   1.0828175770194575E+00   1.2150153681734694E+00  -1.0167500000000000E+01
      5528         1         1        11
   1.1726488935852808E+00   1.1285613950393734E+00  -1.0042500000000000E+01
      5529         1         1        11
   1.2555986401602124E+00   1.0354845748864758E+00  -1.0167500000000000E+01
      5530         1         1        11
   1.3311800346478349E+00   9.3633111950580217E-01  -1.0042500000000000E+01
      5531         1         1        11
   1.3989495353716703E+00   8.3168290080017127E-01  -1.0167500000000000E+01
      5532         1         1        11
   1.4585094439541173E+00   7.2215403612847850E-01  -1.0042500000000000E+01
      5533         1         1        11
   1.5095102391686590E+00   6.0838728442085122E-01  -1.0167500000000000E+01
      5534         1         1        11
   1.5516526280693994E+00   4.9105027421367525E-01  -1.0042500000000000E+01
      5535         1         1        11
   1.5846893023610853E+00   3.7083158573985731E-01  -1.0167500000000000E+01
      5536         1         1        11
   1.6084263897025171E+00   2.4843671006621887E-01  -1.0042500000000000E+01
      5537         1         1        11
   1.6227245914265376E+00   1.2458390899139705E-01  -1.0167500000000000E+01
      5538         1         1        11
   1.6227245914265378E+00  -1.2458390899139396E-01  -1.0417500000000000E+01
      5539         1         1        11
   1.6084263897025179E+00  -2.4843671006621296E-01  -1.0292500000000000E+01
      5540         1         1        11
   1.5846893023610864E+00  -3.7083158573985148E-01  -1.0417500000000000E+01
      5541         1         1        11
   1.5516526280694007E+00  -4.9105027421367092E-01  -1.0292500000000000E+01
      5542         1         1        11
   1.5095102391686608E+00  -6.0838728442084700E-01  -1.0417500000000000E+01
      5543         1         1        11
   1.4585094439541197E+00  -7.2215403612847306E-01  -1.0292500000000000E+01
      5544         1         1        11
   1.3989495353716719E+00  -8.3168290080016882E-01  -1.0417500000000000E+01
      5545         1         1        11
   1.3311800346478351E+00  -9.3633111950580206E-01  -1.0292500000000000E+01
      5546         1         1        11
   1.2555986401602142E+00  -1.0354845748864736E+00  -1.0417500000000000E+01
      5547         1         1        11
   1.1726488935852830E+00  -1.1285613950393711E+00  -1.0292500000000000E+01
      5548         1         1        11
   1.0828175770194597E+00  -1.2150153681734672E+00  -1.0417500000000000E+01
      5549         1         1        11
   9.8663185634820538E-01  -1.2943391479974999E+00  -1.0292500000000000E+01
      5550         1         1        11
   8.8465618762698939E-01  -1.3660672310297473E+00  -1.0417500000000000E+01
      5551         1         1        11
   7.7748900462870962E-01  -1.4297786883575576E+00  -1.0292500000000000E+01
      5552         1         1        11
   6.6575920699635716E-01  -1.4850996358155844E+00  -1.0417500000000000E+01
      5553         1         1        11
   5.5012246960983957E-01  -1.5317054280867359E+00  -1.0292500000000000E+01
      5554         1         1        11
   4.3125739482506803E-01  -1.5693225638499866E+00  -1.0417500000000000E+01
      5555         1         1        11
   3.0986153016549867E-01  -1.5977302907948812E+00  -1.0292500000000000E+01
      5556         1         1        11
   1.8664727483589730E-01  -1.6167619010838710E+00  -1.0417500000000000E+01
      5557         1         1        11
   6.2337699080532862E-02  -1.6263057096601932E+00  -1.0292500000000000E+01
      5558         1         1        11
  -6.2337699080533195E-02  -1.6263057096601932E+00  -1.0417500000000000E+01
      5559         1         1        11
  -1.8664727483589691E-01  -1.6167619010838710E+00  -1.0292500000000000E+01
      5560         1         1        11
  -3.0986153016549900E-01  -1.5977302907948812E+00  -1.0417500000000000E+01
      5561         1         1        11
  -4.3125739482506764E-01  -1.5693225638499868E+00  -1.0292500000000000E+01
      5562         1         1        11
  -5.5012246960983924E-01  -1.5317054280867362E+00  -1.0417500000000000E+01
      5563         1         1        11
  -6.6575920699635682E-01  -1.4850996358155846E+00  -1.0292500000000000E+01
      5564         1         1        11
  -7.7748900462870929E-01  -1.4297786883575578E+00  -1.0417500000000000E+01
      5565         1         1        11
  -8.8465618762698905E-01  -1.3660672310297475E+00  -1.0292500000000000E+01
      5566         1         1        11
  -9.8663185634820505E-01  -1.2943391479975002E+00  -1.0417500000000000E+01
      5567         1         1        11
  -1.0828175770194595E+00  -1.2150153681734677E+00  -1.0292500000000000E+01
      5568         1         1        11
  -1.1726488935852832E+00  -1.1285613950393709E+00  -1.0417500000000000E+01
      5569         1         1        11
  -1.2555986401602148E+00  -1.0354845748864725E+00  -1.0292500000000000E+01
      5570         1         1        11
  -1.3311800346478349E+00  -9.3633111950580239E-01  -1.0417500000000000E+01
      5571         1         1        11
  -1.3989495353716703E+00  -8.3168290080017149E-01  -1.0292500000000000E+01
      5572         1         1        11
  -1.4585094439541182E+00  -7.2215403612847606E-01  -1.0417500000000000E+01
      5573         1         1        11
  -1.5095102391686595E+00  -6.0838728442085011E-01  -1.0292500000000000E+01
      5574         1         1        11
  -1.5516526280693999E+00  -4.9105027421367409E-01  -1.0417500000000000E+01
      5575         1         1        11
  -1.5846893023610857E+00  -3.7083158573985470E-01  -1.0292500000000000E+01
      5576         1         1        11
  -1.6084263897025175E+00  -2.4843671006621620E-01  -1.0417500000000000E+01
      5577         1         1        11
  -1.6227245914265378E+00  -1.2458390899139436E-01  -1.0292500000000000E+01
      5578         1         1        11
  -1.6274999999999999E+00   2.5920538562820600E-15  -1.0417500000000000E+01
      5579         1         1        11
  -1.6227245914265376E+00   1.2458390899139664E-01  -1.0292500000000000E+01
      5580         1         1        11
  -1.6084263897025166E+00   2.4843671006622137E-01  -1.0417500000000000E+01
      5581         1         1        11
  -1.5846893023610853E+00   3.7083158573985692E-01  -1.0292500000000000E+01
      5582         1         1        11
  -1.5516526280693992E+00   4.9105027421367625E-01  -1.0417500000000000E+01
      5583         1         1        11
  -1.5095102391686586E+00   6.0838728442085221E-01  -1.0292500000000000E+01
      5584         1         1        11
  -1.4585094439541173E+00   7.2215403612847806E-01  -1.0417500000000000E+01
      5585         1         1        11
  -1.3989495353716683E+00   8.3168290080017471E-01  -1.0292500000000000E+01
      5586         1         1        11
  -1.3311800346478326E+00   9.3633111950580550E-01  -1.0417500000000000E+01
      5587         1         1        11
  -1.2555986401602126E+00   1.0354845748864756E+00  -1.0292500000000000E+01
      5588         1         1        11
  -1.1726488935852830E+00   1.1285613950393709E+00  -1.0417500000000000E+01
      5589         1         1        11
  -1.0828175770194599E+00   1.2150153681734670E+00  -1.0292500000000000E+01
      5590         1         1        11
  -9.8663185634820560E-01   1.2943391479974997E+00  -1.0417500000000000E+01
      5591         1         1        11
  -8.8465618762698706E-01   1.3660672310297488E+00  -1.0292500000000000E+01
      5592         1         1        11
  -7.7748900462870729E-01   1.4297786883575589E+00  -1.0417500000000000E+01
      5593         1         1        11
  -6.6575920699635471E-01   1.4850996358155855E+00  -1.0292500000000000E+01
      5594         1         1        11
  -5.5012246960983702E-01   1.5317054280867368E+00  -1.0417500000000000E+01
      5595         1         1        11
  -4.3125739482506820E-01   1.5693225638499866E+00  -1.0292500000000000E+01
      5596         1         1        11
  -3.0986153016549739E-01   1.5977302907948814E+00  -1.0417500000000000E+01
      5597         1         1        11
  -1.8664727483589749E-01   1.6167619010838710E+00  -1.0292500000000000E+01
      5598         1         1        11
  -6.2337699080533070E-02   1.6263057096601932E+00  -1.0417500000000000E+01
      5599         1         1        11
   6.2337699080532674E-02   1.6263057096601932E+00  -1.0292500000000000E+01
      5600         1         1        11
   1.8664727483589713E-01   1.6167619010838710E+00  -1.0417500000000000E+01
      5601         1         1        11
   3.0986153016549844E-01   1.5977302907948812E+00  -1.0292500000000000E+01
      5602         1         1        11
   4.3125739482506642E-01   1.5693225638499870E+00  -1.0417500000000000E+01
      5603         1         1        11
   5.5012246960983668E-01   1.5317054280867370E+00  -1.0292500000000000E+01
      5604         1         1        11
   6.6575920699635438E-01   1.4850996358155857E+00  -1.0417500000000000E+01
      5605         1         1        11
   7.7748900462870696E-01   1.4297786883575592E+00  -1.0292500000000000E+01
      5606         1         1        11
   8.8465618762698661E-01   1.3660672310297488E+00  -1.0417500000000000E+01
      5607         1         1        11
   9.8663185634820283E-01   1.2943391479975017E+00  -1.0292500000000000E+01
      5608         1         1        11
   1.0828175770194575E+00   1.2150153681734694E+00  -1.0417500000000000E+01
      5609         1         1        11
   1.1726488935852808E+00   1.1285613950393734E+00  -1.0292500000000000E+01
      5610         1         1        11
   1.2555986401602124E+00   1.0354845748864758E+00  -1.0417500000000000E+01
      5611         1         1        11
   1.3311800346478342E+00   9.3633111950580328E-01  -1.0292500000000000E+01
      5612         1         1        11
   1.3989495353716694E+00   8.3168290080017260E-01  -1.0417500000000000E+01
      5613         1         1        11
   1.4585094439541173E+00   7.2215403612847850E-01  -1.0292500000000000E+01
      5614         1         1        11
   1.5095102391686583E+00   6.0838728442085255E-01  -1.0417500000000000E+01
      5615         1         1        11
   1.5516526280693999E+00   4.9105027421367392E-01  -1.0292500000000000E+01
      5616         1         1        11
   1.5846893023610853E+00   3.7083158573985731E-01  -1.0417500000000000E+01
      5617         1         1        11
   1.6084263897025168E+00   2.4843671006622031E-01  -1.0292500000000000E+01
      5618         1         1        11
   1.6227245914265374E+00   1.2458390899139847E-01  -1.0417500000000000E+01
      5619         1         1        11
   1.6084263897025179E+00  -2.4843671006621296E-01  -1.0542500000000000E+01
      5620         1         1        11
   1.5516526280694007E+00  -4.9105027421367092E-01  -1.0542500000000000E+01
      5621         1         1        11
   1.4585094439541197E+00  -7.2215403612847306E-01  -1.0542500000000000E+01
      5622         1         1        11
   1.3311800346478351E+00  -9.3633111950580206E-01  -1.0542500000000000E+01
      5623         1         1        11
   1.1726488935852830E+00  -1.1285613950393711E+00  -1.0542500000000000E+01
      5624         1         1        11
   9.8663185634820538E-01  -1.2943391479974999E+00  -1.0542500000000000E+01
      5625         1         1        11
   7.7748900462870962E-01  -1.4297786883575576E+00  -1.0542500000000000E+01
      5626         1         1        11
   5.5012246960983957E-01  -1.5317054280867359E+00  -1.0542500000000000E+01
      5627         1         1        11
   3.0986153016549867E-01  -1.5977302907948812E+00  -1.0542500000000000E+01
      5628         1         1        11
   6.2337699080532862E-02  -1.6263057096601932E+00  -1.0542500000000000E+01
      5629         1         1        11
  -1.8664727483589763E-01  -1.6167619010838710E+00  -1.0542500000000000E+01
      5630         1         1        11
  -4.3125739482506764E-01  -1.5693225638499868E+00  -1.0542500000000000E+01
      5631         1         1        11
  -6.6575920699635682E-01  -1.4850996358155846E+00  -1.0542500000000000E+01
      5632         1         1        11
  -8.8465618762698905E-01  -1.3660672310297475E+00  -1.0542500000000000E+01
      5633         1         1        11
  -1.0828175770194595E+00  -1.2150153681734677E+00  -1.0542500000000000E+01
      5634         1         1        11
  -1.2555986401602139E+00  -1.0354845748864738E+00  -1.0542500000000000E+01
      5635         1         1        11
  -1.3989495353716703E+00  -8.3168290080017149E-01  -1.0542500000000000E+01
      5636         1         1        11
  -1.5095102391686595E+00  -6.0838728442085011E-01  -1.0542500000000000E+01
      5637         1         1        11
  -1.5846893023610857E+00  -3.7083158573985470E-01  -1.0542500000000000E+01
      5638         1         1        11
  -1.6227245914265378E+00  -1.2458390899139436E-01  -1.0542500000000000E+01
      5639         1         1        11
  -1.6227245914265376E+00   1.2458390899139808E-01  -1.0542500000000000E+01
      5640         1         1        11
  -1.5846893023610849E+00   3.7083158573985836E-01  -1.0542500000000000E+01
      5641         1         1        11
  -1.5095102391686586E+00   6.0838728442085221E-01  -1.0542500000000000E+01
      5642         1         1        11
  -1.3989495353716690E+00   8.3168290080017349E-01  -1.0542500000000000E+01
      5643         1         1        11
  -1.2555986401602126E+00   1.0354845748864756E+00  -1.0542500000000000E+01
      5644         1         1        11
  -1.0828175770194599E+00   1.2150153681734670E+00  -1.0542500000000000E+01
      5645         1         1        11
  -8.8465618762698706E-01   1.3660672310297488E+00  -1.0542500000000000E+01
      5646         1         1        11
  -6.6575920699635471E-01   1.4850996358155855E+00  -1.0542500000000000E+01
      5647         1         1        11
  -4.3125739482506542E-01   1.5693225638499873E+00  -1.0542500000000000E+01
      5648         1         1        11
  -1.8664727483589749E-01   1.6167619010838710E+00  -1.0542500000000000E+01
      5649         1         1        11
   6.2337699080532674E-02   1.6263057096601932E+00  -1.0542500000000000E+01
      5650         1         1        11
   3.0986153016549844E-01   1.5977302907948812E+00  -1.0542500000000000E+01
      5651         1         1        11
   5.5012246960983668E-01   1.5317054280867370E+00  -1.0542500000000000E+01
      5652         1         1        11
   7.7748900462870696E-01   1.4297786883575592E+00  -1.0542500000000000E+01
      5653         1         1        11
   9.8663185634820283E-01   1.2943391479975017E+00  -1.0542500000000000E+01
      5654         1         1        11
   1.1726488935852808E+00   1.1285613950393734E+00  -1.0542500000000000E+01
      5655         1         1        11
   1.3311800346478333E+00   9.3633111950580450E-01  -1.0542500000000000E+01
      5656         1         1        11
   1.4585094439541173E+00   7.2215403612847850E-01  -1.0542500000000000E+01
      5657         1         1        11
   1.5516526280693999E+00   4.9105027421367392E-01  -1.0542500000000000E+01
      5658         1         1        11
   1.6084263897025168E+00   2.4843671006622031E-01  -1.0542500000000000E+01
    -1
    -1
  2412
         1        22         2         1         7         3
         0         1         1
         1      1928         7
         2        22         2         1         7         3
         0         1         1
         7      1929         8
         3        22         2         1         7         3
         0         1         1
         8      1930         9
         4        22         2         1         7         3
         0         1         1
         9      1931        10
         5        22         2         1         7         3
         0         1         1
        10      1932        11
         6        22         2         1         7         3
         0         1         1
        11      1933        12
         7        22         2         1         7         3
         0         1         1
        12      1934        13
         8        22         2         1         7         3
         0         1         1
        13      1935        14
         9        22         2         1         7         3
         0         1         1
        14      1936        15
        10        22         2         1         7         3
         0         1         1
        15      1937        16
        11        22         2         1         7         3
         0         1         1
        16      1938        17
        12        22         2         1         7         3
         0         1         1
        17      1939        18
        13        22         2         1         7         3
         0         1         1
        18      1940        19
        14        22         2         1         7         3
         0         1         1
        19      1941        20
        15        22         2         1         7         3
         0         1         1
        20      1942        21
        16        22         2         1         7         3
         0         1         1
        21      1943        22
        17        22         2         1         7         3
         0         1         1
        22      1944        23
        18        22         2         1         7         3
         0         1         1
        23      1945        24
        19        22         2         1         7         3
         0         1         1
        24      1946        25
        20        22         2         1         7         3
         0         1         1
        25      1947        26
        21        22         2         1         7         3
         0         1         1
        26      1948        27
        22        22         2         1         7         3
         0         1         1
        27      1949        28
        23        22         2         1         7         3
         0         1         1
        28      1950        29
        24        22         2         1         7         3
         0         1         1
        29      1951        30
        25        22         2         1         7         3
         0         1         1
        30      1952        31
        26        22         2         1         7         3
         0         1         1
        31      1953        32
        27        22         2         1         7         3
         0         1         1
        32      1954        33
        28        22         2         1         7         3
         0         1         1
        33      1955        34
        29        22         2         1         7         3
         0         1         1
        34      1956        35
        30        22         2         1         7         3
         0         1         1
        35      1957        36
        31        22         2         1         7         3
         0         1         1
        36      1958        37
        32        22         2         1         7         3
         0         1         1
        37      1959        38
        33        22         2         1         7         3
         0         1         1
        38      1960        39
        34        22         2         1         7         3
         0         1         1
        39      1961        40
        35        22         2         1         7         3
         0         1         1
        40      1962        41
        36        22         2         1         7         3
         0         1         1
        41      1963        42
        37        22         2         1         7         3
         0         1         1
        42      1964        43
        38        22         2         1         7         3
         0         1         1
        43      1965        44
        39        22         2         1         7         3
         0         1         1
        44      1966        45
        40        22         2         1         7         3
         0         1         1
        45      1967        46
        41        22         2         1         7         3
         0         1         1
        46      1968         1
        42        22         2         1         7         3
         0         1         1
         1      1969        47
        43        22         2         1         7         3
         0         1         1
        47      1970        48
        44        22         2         1         7         3
         0         1         1
        48      1971        49
        45        22         2         1         7         3
         0         1         1
        49      1972        50
        46        22         2         1         7         3
         0         1         1
        50      1973        51
        47        22         2         1         7         3
         0         1         1
        51      1974        52
        48        22         2         1         7         3
         0         1         1
        52      1975        53
        49        22         2         1         7         3
         0         1         1
        53      1976        54
        50        22         2         1         7         3
         0         1         1
        54      1977        55
        51        22         2         1         7         3
         0         1         1
        55      1978        56
        52        22         2         1         7         3
         0         1         1
        56      1979        57
        53        22         2         1         7         3
         0         1         1
        57      1980        58
        54        22         2         1         7         3
         0         1         1
        58      1981        59
        55        22         2         1         7         3
         0         1         1
        59      1982        60
        56        22         2         1         7         3
         0         1         1
        60      1983        61
        57        22         2         1         7         3
         0         1         1
        61      1984        62
        58        22         2         1         7         3
         0         1         1
        62      1985        63
        59        22         2         1         7         3
         0         1         1
        63      1986        64
        60        22         2         1         7         3
         0         1         1
        64      1987        65
        61        22         2         1         7         3
         0         1         1
        65      1988        66
        62        22         2         1         7         3
         0         1         1
        66      1989        67
        63        22         2         1         7         3
         0         1         1
        67      1990        68
        64        22         2         1         7         3
         0         1         1
        68      1991        69
        65        22         2         1         7         3
         0         1         1
        69      1992        70
        66        22         2         1         7         3
         0         1         1
        70      1993        71
        67        22         2         1         7         3
         0         1         1
        71      1994        72
        68        22         2         1         7         3
         0         1         1
        72      1995        73
        69        22         2         1         7         3
         0         1         1
        73      1996        74
        70        22         2         1         7         3
         0         1         1
        74      1997        75
        71        22         2         1         7         3
         0         1         1
        75      1998        76
        72        22         2         1         7         3
         0         1         1
        76      1999        77
        73        22         2         1         7         3
         0         1         1
        77      2000        78
        74        22         2         1         7         3
         0         1         1
        78      2001        79
        75        22         2         1         7         3
         0         1         1
        79      2002         2
        76        22         2         1         7         3
         0         1         1
         2      2003        80
        77        22         2         1         7         3
         0         1         1
        80      2004        81
        78        22         2         1         7         3
         0         1         1
        81      2005        82
        79        22         2         1         7         3
         0         1         1
        82      2006        83
        80        22         2         1         7         3
         0         1         1
        83      2007        84
        81        22         2         1         7         3
         0         1         1
        84      2008        85
        82        22         2         1         7         3
         0         1         1
        85      2009        86
        83        22         2         1         7         3
         0         1         1
        86      2010        87
        84        22         2         1         7         3
         0         1         1
        87      2011        88
        85        22         2         1         7         3
         0         1         1
        88      2012        89
        86        22         2         1         7         3
         0         1         1
        89      2013        90
        87        22         2         1         7         3
         0         1         1
        90      2014        91
        88        22         2         1         7         3
         0         1         1
        91      2015        92
        89        22         2         1         7         3
         0         1         1
        92      2016        93
        90        22         2         1         7         3
         0         1         1
        93      2017        94
        91        22         2         1         7         3
         0         1         1
        94      2018        95
        92        22         2         1         7         3
         0         1         1
        95      2019        96
        93        22         2         1         7         3
         0         1         1
        96      2020        97
        94        22         2         1         7         3
         0         1         1
        97      2021        98
        95        22         2         1         7         3
         0         1         1
        98      2022        99
        96        22         2         1         7         3
         0         1         1
        99      2023       100
        97        22         2         1         7         3
         0         1         1
       100      2024       101
        98        22         2         1         7         3
         0         1         1
       101      2025       102
        99        22         2         1         7         3
         0         1         1
       102      2026       103
       100        22         2         1         7         3
         0         1         1
       103      2027       104
       101        22         2         1         7         3
         0         1         1
       104      2028       105
       102        22         2         1         7         3
         0         1         1
       105      2029       106
       103        22         2         1         7         3
         0         1         1
       106      2030       107
       104        22         2         1         7         3
         0         1         1
       107      2031       108
       105        22         2         1         7         3
         0         1         1
       108      2032       109
       106        22         2         1         7         3
         0         1         1
       109      2033       110
       107        22         2         1         7         3
         0         1         1
       110      2034       111
       108        22         2         1         7         3
         0         1         1
       111      2035       112
       109        22         2         1         7         3
         0         1         1
       112      2036       113
       110        22         2         1         7         3
         0         1         1
       113      2037       114
       111        22         2         1         7         3
         0         1         1
       114      2038       115
       112        22         2         1         7         3
         0         1         1
       115      2039       116
       113        22         2         1         7         3
         0         1         1
       116      2040       117
       114        22         2         1         7         3
         0         1         1
       117      2041       118
       115        22         2         1         7         3
         0         1         1
       118      2042       119
       116        22         2         1         7         3
         0         1         1
       119      2043         2
       117        22         2         1         7         3
         0         1         1
         3      2044       120
       118        22         2         1         7         3
         0         1         1
       120      2045       121
       119        22         2         1         7         3
         0         1         1
       121      2046       122
       120        22         2         1         7         3
         0         1         1
       122      2047       123
       121        22         2         1         7         3
         0         1         1
       123      2048       124
       122        22         2         1         7         3
         0         1         1
       124      2049       125
       123        22         2         1         7         3
         0         1         1
       125      2050       126
       124        22         2         1         7         3
         0         1         1
       126      2051       127
       125        22         2         1         7         3
         0         1         1
       127      2052       128
       126        22         2         1         7         3
         0         1         1
       128      2053       129
       127        22         2         1         7         3
         0         1         1
       129      2054       130
       128        22         2         1         7         3
         0         1         1
       130      2055       131
       129        22         2         1         7         3
         0         1         1
       131      2056       132
       130        22         2         1         7         3
         0         1         1
       132      2057       133
       131        22         2         1         7         3
         0         1         1
       133      2058       134
       132        22         2         1         7         3
         0         1         1
       134      2059       135
       133        22         2         1         7         3
         0         1         1
       135      2060       136
       134        22         2         1         7         3
         0         1         1
       136      2061       137
       135        22         2         1         7         3
         0         1         1
       137      2062       138
       136        22         2         1         7         3
         0         1         1
       138      2063       139
       137        22         2         1         7         3
         0         1         1
       139      2064       140
       138        22         2         1         7         3
         0         1         1
       140      2065       141
       139        22         2         1         7         3
         0         1         1
       141      2066       142
       140        22         2         1         7         3
         0         1         1
       142      2067       143
       141        22         2         1         7         3
         0         1         1
       143      2068       144
       142        22         2         1         7         3
         0         1         1
       144      2069       145
       143        22         2         1         7         3
         0         1         1
       145      2070       146
       144        22         2         1         7         3
         0         1         1
       146      2071       147
       145        22         2         1         7         3
         0         1         1
       147      2072       148
       146        22         2         1         7         3
         0         1         1
       148      2073       149
       147        22         2         1         7         3
         0         1         1
       149      2074       150
       148        22         2         1         7         3
         0         1         1
       150      2075       151
       149        22         2         1         7         3
         0         1         1
       151      2076       152
       150        22         2         1         7         3
         0         1         1
       152      2077       153
       151        22         2         1         7         3
         0         1         1
       153      2078       154
       152        22         2         1         7         3
         0         1         1
       154      2079       155
       153        22         2         1         7         3
         0         1         1
       155      2080       156
       154        22         2         1         7         3
         0         1         1
       156      2081       157
       155        22         2         1         7         3
         0         1         1
       157      2082       158
       156        22         2         1         7         3
         0         1         1
       158      2083       159
       157        22         2         1         7         3
         0         1         1
       159      2084         3
       158        22         2         1         7         3
         0         1         1
         3      2085       160
       159        22         2         1         7         3
         0         1         1
       160      2086         4
       160        22         2         1         7         3
         0         1         1
         4      2087       161
       161        22         2         1         7         3
         0         1         1
       161      2088       162
       162        22         2         1         7         3
         0         1         1
       162      2089       163
       163        22         2         1         7         3
         0         1         1
       163      2090       164
       164        22         2         1         7         3
         0         1         1
       164      2091       165
       165        22         2         1         7         3
         0         1         1
       165      2092       166
       166        22         2         1         7         3
         0         1         1
       166      2093       167
       167        22         2         1         7         3
         0         1         1
       167      2094       168
       168        22         2         1         7         3
         0         1         1
       168      2095       169
       169        22         2         1         7         3
         0         1         1
       169      2096       170
       170        22         2         1         7         3
         0         1         1
       170      2097       171
       171        22         2         1         7         3
         0         1         1
       171      2098       172
       172        22         2         1         7         3
         0         1         1
       172      2099       173
       173        22         2         1         7         3
         0         1         1
       173      2100       174
       174        22         2         1         7         3
         0         1         1
       174      2101       175
       175        22         2         1         7         3
         0         1         1
       175      2102       176
       176        22         2         1         7         3
         0         1         1
       176      2103       177
       177        22         2         1         7         3
         0         1         1
       177      2104       178
       178        22         2         1         7         3
         0         1         1
       178      2105       179
       179        22         2         1         7         3
         0         1         1
       179      2106       180
       180        22         2         1         7         3
         0         1         1
       180      2107       181
       181        22         2         1         7         3
         0         1         1
       181      2108       182
       182        22         2         1         7         3
         0         1         1
       182      2109       183
       183        22         2         1         7         3
         0         1         1
       183      2110       184
       184        22         2         1         7         3
         0         1         1
       184      2111       185
       185        22         2         1         7         3
         0         1         1
       185      2112       186
       186        22         2         1         7         3
         0         1         1
       186      2113       187
       187        22         2         1         7         3
         0         1         1
       187      2114       188
       188        22         2         1         7         3
         0         1         1
       188      2115       189
       189        22         2         1         7         3
         0         1         1
       189      2116       190
       190        22         2         1         7         3
         0         1         1
       190      2117       191
       191        22         2         1         7         3
         0         1         1
       191      2118       192
       192        22         2         1         7         3
         0         1         1
       192      2119       193
       193        22         2         1         7         3
         0         1         1
       193      2120       194
       194        22         2         1         7         3
         0         1         1
       194      2121       195
       195        22         2         1         7         3
         0         1         1
       195      2122       196
       196        22         2         1         7         3
         0         1         1
       196      2123       197
       197        22         2         1         7         3
         0         1         1
       197      2124       198
       198        22         2         1         7         3
         0         1         1
       198      2125       199
       199        22         2         1         7         3
         0         1         1
       199      2126       200
       200        22         2         1         7         3
         0         1         1
       200      2127         4
       201        22         2         1         7         3
         0         1         1
         5      2128       201
       202        22         2         1         7         3
         0         1         1
       201      2129       202
       203        22         2         1         7         3
         0         1         1
       202      2130       203
       204        22         2         1         7         3
         0         1         1
       203      2131       204
       205        22         2         1         7         3
         0         1         1
       204      2132       205
       206        22         2         1         7         3
         0         1         1
       205      2133       206
       207        22         2         1         7         3
         0         1         1
       206      2134       207
       208        22         2         1         7         3
         0         1         1
       207      2135       208
       209        22         2         1         7         3
         0         1         1
       208      2136       209
       210        22         2         1         7         3
         0         1         1
       209      2137       210
       211        22         2         1         7         3
         0         1         1
       210      2138       211
       212        22         2         1         7         3
         0         1         1
       211      2139       212
       213        22         2         1         7         3
         0         1         1
       212      2140       213
       214        22         2         1         7         3
         0         1         1
       213      2141       214
       215        22         2         1         7         3
         0         1         1
       214      2142       215
       216        22         2         1         7         3
         0         1         1
       215      2143       216
       217        22         2         1         7         3
         0         1         1
       216      2144       217
       218        22         2         1         7         3
         0         1         1
       217      2145       218
       219        22         2         1         7         3
         0         1         1
       218      2146       219
       220        22         2         1         7         3
         0         1         1
       219      2147       220
       221        22         2         1         7         3
         0         1         1
       220      2148       221
       222        22         2         1         7         3
         0         1         1
       221      2149       222
       223        22         2         1         7         3
         0         1         1
       222      2150       223
       224        22         2         1         7         3
         0         1         1
       223      2151       224
       225        22         2         1         7         3
         0         1         1
       224      2152       225
       226        22         2         1         7         3
         0         1         1
       225      2153       226
       227        22         2         1         7         3
         0         1         1
       226      2154       227
       228        22         2         1         7         3
         0         1         1
       227      2155       228
       229        22         2         1         7         3
         0         1         1
       228      2156       229
       230        22         2         1         7         3
         0         1         1
       229      2157       230
       231        22         2         1         7         3
         0         1         1
       230      2158       231
       232        22         2         1         7         3
         0         1         1
       231      2159       232
       233        22         2         1         7         3
         0         1         1
       232      2160       233
       234        22         2         1         7         3
         0         1         1
       233      2161       234
       235        22         2         1         7         3
         0         1         1
       234      2162       235
       236        22         2         1         7         3
         0         1         1
       235      2163       236
       237        22         2         1         7         3
         0         1         1
       236      2164       237
       238        22         2         1         7         3
         0         1         1
       237      2165       238
       239        22         2         1         7         3
         0         1         1
       238      2166       239
       240        22         2         1         7         3
         0         1         1
       239      2167       240
       241        22         2         1         7         3
         0         1         1
       240      2168         5
       242        22         2         1         7         3
         0         1         1
         5      2169       241
       243        22         2         1         7         3
         0         1         1
       241      2170       242
       244        22         2         1         7         3
         0         1         1
       242      2171       243
       245        22         2         1         7         3
         0         1         1
       243      2172       244
       246        22         2         1         7         3
         0         1         1
       244      2173       245
       247        22         2         1         7         3
         0         1         1
       245      2174       246
       248        22         2         1         7         3
         0         1         1
       246      2175       247
       249        22         2         1         7         3
         0         1         1
       247      2176         6
       250        22         2         1         7         3
         0         1         1
         6      2177       248
       251        22         2         1         7         3
         0         1         1
       248      2178       249
       252        22         2         1         7         3
         0         1         1
       249      2179       250
       253        22         2         1         7         3
         0         1         1
       250      2180       251
       254        22         2         1         7         3
         0         1         1
       251      2181       252
       255        22         2         1         7         3
         0         1         1
       252      2182       253
       256        22         2         1         7         3
         0         1         1
       253      2183       254
       257        22         2         1         7         3
         0         1         1
       254      2184       255
       258        22         2         1         7         3
         0         1         1
       255      2185       256
       259        22         2         1         7         3
         0         1         1
       256      2186       257
       260        22         2         1         7         3
         0         1         1
       257      2187       258
       261        22         2         1         7         3
         0         1         1
       258      2188       259
       262        22         2         1         7         3
         0         1         1
       259      2189       260
       263        22         2         1         7         3
         0         1         1
       260      2190       261
       264        22         2         1         7         3
         0         1         1
       261      2191       262
       265        22         2         1         7         3
         0         1         1
       262      2192       263
       266        22         2         1         7         3
         0         1         1
       263      2193       264
       267        22         2         1         7         3
         0         1         1
       264      2194       265
       268        22         2         1         7         3
         0         1         1
       265      2195       266
       269        22         2         1         7         3
         0         1         1
       266      2196       267
       270        22         2         1         7         3
         0         1         1
       267      2197       268
       271        22         2         1         7         3
         0         1         1
       268      2198       269
       272        22         2         1         7         3
         0         1         1
       269      2199       270
       273        22         2         1         7         3
         0         1         1
       270      2200       271
       274        22         2         1         7         3
         0         1         1
       271      2201       272
       275        22         2         1         7         3
         0         1         1
       272      2202       273
       276        22         2         1         7         3
         0         1         1
       273      2203       274
       277        22         2         1         7         3
         0         1         1
       274      2204       275
       278        22         2         1         7         3
         0         1         1
       275      2205       276
       279        22         2         1         7         3
         0         1         1
       276      2206       277
       280        22         2         1         7         3
         0         1         1
       277      2207       278
       281        22         2         1         7         3
         0         1         1
       278      2208       279
       282        22         2         1         7         3
         0         1         1
       279      2209       280
       283        22         2         1         7         3
         0         1         1
       280      2210       281
       284        22         2         1         7         3
         0         1         1
       281      2211       282
       285        22         2         1         7         3
         0         1         1
       282      2212       283
       286        22         2         1         7         3
         0         1         1
       283      2213       284
       287        22         2         1         7         3
         0         1         1
       284      2214       285
       288        22         2         1         7         3
         0         1         1
       285      2215       286
       289        22         2         1         7         3
         0         1         1
       286      2216       287
       290        22         2         1         7         3
         0         1         1
       287      2217         6
       291        45         2         1         7         8
         1      1969        47      2218       288      2219        46      1968
       292        45         2         1         7         8
        46      2219       288      2220       289      2221        45      1967
       293        45         2         1         7         8
        45      2221       289      2222       290      2223        44      1966
       294        45         2         1         7         8
        44      2223       290      2224       291      2225        43      1965
       295        45         2         1         7         8
        43      2225       291      2226       292      2227        42      1964
       296        45         2         1         7         8
        42      2227       292      2228       293      2229        41      1963
       297        45         2         1         7         8
        41      2229       293      2230       294      2231        40      1962
       298        45         2         1         7         8
        40      2231       294      2232       295      2233        39      1961
       299        45         2         1         7         8
        39      2233       295      2234       296      2235        38      1960
       300        45         2         1         7         8
        38      2235       296      2236       297      2237        37      1959
       301        45         2         1         7         8
        37      2237       297      2238       298      2239        36      1958
       302        45         2         1         7         8
        36      2239       298      2240       299      2241        35      1957
       303        45         2         1         7         8
        35      2241       299      2242       300      2243        34      1956
       304        45         2         1         7         8
        34      2243       300      2244       301      2245        33      1955
       305        45         2         1         7         8
        33      2245       301      2246       302      2247        32      1954
       306        45         2         1         7         8
        32      2247       302      2248       303      2249        31      1953
       307        45         2         1         7         8
        31      2249       303      2250       304      2251        30      1952
       308        45         2         1         7         8
        30      2251       304      2252       305      2253        29      1951
       309        45         2         1         7         8
        29      2253       305      2254       306      2255        28      1950
       310        45         2         1         7         8
        28      2255       306      2256       307      2257        27      1949
       311        45         2         1         7         8
        27      2257       307      2258       308      2259        26      1948
       312        45         2         1         7         8
        26      2259       308      2260       309      2261        25      1947
       313        45         2         1         7         8
        25      2261       309      2262       310      2263        24      1946
       314        45         2         1         7         8
        24      2263       310      2264       311      2265        23      1945
       315        45         2         1         7         8
        23      2265       311      2266       312      2267        22      1944
       316        45         2         1         7         8
        22      2267       312      2268       313      2269        21      1943
       317        45         2         1         7         8
        21      2269       313      2270       314      2271        20      1942
       318        45         2         1         7         8
        20      2271       314      2272       315      2273        19      1941
       319        45         2         1         7         8
        19      2273       315      2274       316      2275        18      1940
       320        45         2         1         7         8
        18      2275       316      2276       317      2277        17      1939
       321        45         2         1         7         8
        17      2277       317      2278       318      2279        16      1938
       322        45         2         1         7         8
        16      2279       318      2280       319      2281        15      1937
       323        45         2         1         7         8
        15      2281       319      2282       320      2283        14      1936
       324        45         2         1         7         8
        14      2283       320      2284       321      2285        13      1935
       325        45         2         1         7         8
        13      2285       321      2286       322      2287        12      1934
       326        45         2         1         7         8
        12      2287       322      2288       323      2289        11      1933
       327        45         2         1         7         8
        11      2289       323      2290       324      2291        10      1932
       328        45         2         1         7         8
        10      2291       324      2292       325      2293         9      1931
       329        45         2         1         7         8
         9      2293       325      2294       326      2295         8      1930
       330        45         2         1         7         8
         8      2295       326      2296       327      2297         7      1929
       331        45         2         1         7         8
         7      2297       327      2298        47      1969         1      1928
       332        45         2         1         7         8
        47      1970        48      2299       328      2300       288      2218
       333        45         2         1         7         8
       288      2300       328      2301       329      2302       289      2220
       334        45         2         1         7         8
       289      2302       329      2303       330      2304       290      2222
       335        45         2         1         7         8
       290      2304       330      2305       331      2306       291      2224
       336        45         2         1         7         8
       291      2306       331      2307       332      2308       292      2226
       337        45         2         1         7         8
       292      2308       332      2309       333      2310       293      2228
       338        45         2         1         7         8
       293      2310       333      2311       334      2312       294      2230
       339        45         2         1         7         8
       294      2312       334      2313       335      2314       295      2232
       340        45         2         1         7         8
       295      2314       335      2315       336      2316       296      2234
       341        45         2         1         7         8
       296      2316       336      2317       337      2318       297      2236
       342        45         2         1         7         8
       297      2318       337      2319       338      2320       298      2238
       343        45         2         1         7         8
       298      2320       338      2321       339      2322       299      2240
       344        45         2         1         7         8
       299      2322       339      2323       340      2324       300      2242
       345        45         2         1         7         8
       300      2324       340      2325       341      2326       301      2244
       346        45         2         1         7         8
       301      2326       341      2327       342      2328       302      2246
       347        45         2         1         7         8
       302      2328       342      2329       343      2330       303      2248
       348        45         2         1         7         8
       303      2330       343      2331       344      2332       304      2250
       349        45         2         1         7         8
       304      2332       344      2333       345      2334       305      2252
       350        45         2         1         7         8
       305      2334       345      2335       346      2336       306      2254
       351        45         2         1         7         8
       306      2336       346      2337       347      2338       307      2256
       352        45         2         1         7         8
       307      2338       347      2339       348      2340       308      2258
       353        45         2         1         7         8
       308      2340       348      2341       349      2342       309      2260
       354        45         2         1         7         8
       309      2342       349      2343       350      2344       310      2262
       355        45         2         1         7         8
       310      2344       350      2345       351      2346       311      2264
       356        45         2         1         7         8
       311      2346       351      2347       352      2348       312      2266
       357        45         2         1         7         8
       312      2348       352      2349       353      2350       313      2268
       358        45         2         1         7         8
       313      2350       353      2351       354      2352       314      2270
       359        45         2         1         7         8
       314      2352       354      2353       355      2354       315      2272
       360        45         2         1         7         8
       315      2354       355      2355       356      2356       316      2274
       361        45         2         1         7         8
       316      2356       356      2357       357      2358       317      2276
       362        45         2         1         7         8
       317      2358       357      2359       358      2360       318      2278
       363        45         2         1         7         8
       318      2360       358      2361       359      2362       319      2280
       364        45         2         1         7         8
       319      2362       359      2363       360      2364       320      2282
       365        45         2         1         7         8
       320      2364       360      2365       361      2366       321      2284
       366        45         2         1         7         8
       321      2366       361      2367       362      2368       322      2286
       367        45         2         1         7         8
       322      2368       362      2369       363      2370       323      2288
       368        45         2         1         7         8
       323      2370       363      2371       364      2372       324      2290
       369        45         2         1         7         8
       324      2372       364      2373       365      2374       325      2292
       370        45         2         1         7         8
       325      2374       365      2375       366      2376       326      2294
       371        45         2         1         7         8
       326      2376       366      2377       367      2378       327      2296
       372        45         2         1         7         8
       327      2378       367      2379        48      1970        47      2298
       373        45         2         1         7         8
        48      1971        49      2380       368      2381       328      2299
       374        45         2         1         7         8
       328      2381       368      2382       369      2383       329      2301
       375        45         2         1         7         8
       329      2383       369      2384       370      2385       330      2303
       376        45         2         1         7         8
       330      2385       370      2386       371      2387       331      2305
       377        45         2         1         7         8
       331      2387       371      2388       372      2389       332      2307
       378        45         2         1         7         8
       332      2389       372      2390       373      2391       333      2309
       379        45         2         1         7         8
       333      2391       373      2392       374      2393       334      2311
       380        45         2         1         7         8
       334      2393       374      2394       375      2395       335      2313
       381        45         2         1         7         8
       335      2395       375      2396       376      2397       336      2315
       382        45         2         1         7         8
       336      2397       376      2398       377      2399       337      2317
       383        45         2         1         7         8
       337      2399       377      2400       378      2401       338      2319
       384        45         2         1         7         8
       338      2401       378      2402       379      2403       339      2321
       385        45         2         1         7         8
       339      2403       379      2404       380      2405       340      2323
       386        45         2         1         7         8
       340      2405       380      2406       381      2407       341      2325
       387        45         2         1         7         8
       341      2407       381      2408       382      2409       342      2327
       388        45         2         1         7         8
       342      2409       382      2410       383      2411       343      2329
       389        45         2         1         7         8
       343      2411       383      2412       384      2413       344      2331
       390        45         2         1         7         8
       344      2413       384      2414       385      2415       345      2333
       391        45         2         1         7         8
       345      2415       385      2416       386      2417       346      2335
       392        45         2         1         7         8
       346      2417       386      2418       387      2419       347      2337
       393        45         2         1         7         8
       347      2419       387      2420       388      2421       348      2339
       394        45         2         1         7         8
       348      2421       388      2422       389      2423       349      2341
       395        45         2         1         7         8
       349      2423       389      2424       390      2425       350      2343
       396        45         2         1         7         8
       350      2425       390      2426       391      2427       351      2345
       397        45         2         1         7         8
       351      2427       391      2428       392      2429       352      2347
       398        45         2         1         7         8
       352      2429       392      2430       393      2431       353      2349
       399        45         2         1         7         8
       353      2431       393      2432       394      2433       354      2351
       400        45         2         1         7         8
       354      2433       394      2434       395      2435       355      2353
       401        45         2         1         7         8
       355      2435       395      2436       396      2437       356      2355
       402        45         2         1         7         8
       356      2437       396      2438       397      2439       357      2357
       403        45         2         1         7         8
       357      2439       397      2440       398      2441       358      2359
       404        45         2         1         7         8
       358      2441       398      2442       399      2443       359      2361
       405        45         2         1         7         8
       359      2443       399      2444       400      2445       360      2363
       406        45         2         1         7         8
       360      2445       400      2446       401      2447       361      2365
       407        45         2         1         7         8
       361      2447       401      2448       402      2449       362      2367
       408        45         2         1         7         8
       362      2449       402      2450       403      2451       363      2369
       409        45         2         1         7         8
       363      2451       403      2452       404      2453       364      2371
       410        45         2         1         7         8
       364      2453       404      2454       405      2455       365      2373
       411        45         2         1         7         8
       365      2455       405      2456       406      2457       366      2375
       412        45         2         1         7         8
       366      2457       406      2458       407      2459       367      2377
       413        45         2         1         7         8
       367      2459       407      2460        49      1971        48      2379
       414        45         2         1         7         8
        49      1972        50      2461       408      2462       368      2380
       415        45         2         1         7         8
       368      2462       408      2463       409      2464       369      2382
       416        45         2         1         7         8
       369      2464       409      2465       410      2466       370      2384
       417        45         2         1         7         8
       370      2466       410      2467       411      2468       371      2386
       418        45         2         1         7         8
       371      2468       411      2469       412      2470       372      2388
       419        45         2         1         7         8
       372      2470       412      2471       413      2472       373      2390
       420        45         2         1         7         8
       373      2472       413      2473       414      2474       374      2392
       421        45         2         1         7         8
       374      2474       414      2475       415      2476       375      2394
       422        45         2         1         7         8
       375      2476       415      2477       416      2478       376      2396
       423        45         2         1         7         8
       376      2478       416      2479       417      2480       377      2398
       424        45         2         1         7         8
       377      2480       417      2481       418      2482       378      2400
       425        45         2         1         7         8
       378      2482       418      2483       419      2484       379      2402
       426        45         2         1         7         8
       379      2484       419      2485       420      2486       380      2404
       427        45         2         1         7         8
       380      2486       420      2487       421      2488       381      2406
       428        45         2         1         7         8
       381      2488       421      2489       422      2490       382      2408
       429        45         2         1         7         8
       382      2490       422      2491       423      2492       383      2410
       430        45         2         1         7         8
       383      2492       423      2493       424      2494       384      2412
       431        45         2         1         7         8
       384      2494       424      2495       425      2496       385      2414
       432        45         2         1         7         8
       385      2496       425      2497       426      2498       386      2416
       433        45         2         1         7         8
       386      2498       426      2499       427      2500       387      2418
       434        45         2         1         7         8
       387      2500       427      2501       428      2502       388      2420
       435        45         2         1         7         8
       388      2502       428      2503       429      2504       389      2422
       436        45         2         1         7         8
       389      2504       429      2505       430      2506       390      2424
       437        45         2         1         7         8
       390      2506       430      2507       431      2508       391      2426
       438        45         2         1         7         8
       391      2508       431      2509       432      2510       392      2428
       439        45         2         1         7         8
       392      2510       432      2511       433      2512       393      2430
       440        45         2         1         7         8
       393      2512       433      2513       434      2514       394      2432
       441        45         2         1         7         8
       394      2514       434      2515       435      2516       395      2434
       442        45         2         1         7         8
       395      2516       435      2517       436      2518       396      2436
       443        45         2         1         7         8
       396      2518       436      2519       437      2520       397      2438
       444        45         2         1         7         8
       397      2520       437      2521       438      2522       398      2440
       445        45         2         1         7         8
       398      2522       438      2523       439      2524       399      2442
       446        45         2         1         7         8
       399      2524       439      2525       440      2526       400      2444
       447        45         2         1         7         8
       400      2526       440      2527       441      2528       401      2446
       448        45         2         1         7         8
       401      2528       441      2529       442      2530       402      2448
       449        45         2         1         7         8
       402      2530       442      2531       443      2532       403      2450
       450        45         2         1         7         8
       403      2532       443      2533       444      2534       404      2452
       451        45         2         1         7         8
       404      2534       444      2535       445      2536       405      2454
       452        45         2         1         7         8
       405      2536       445      2537       446      2538       406      2456
       453        45         2         1         7         8
       406      2538       446      2539       447      2540       407      2458
       454        45         2         1         7         8
       407      2540       447      2541        50      1972        49      2460
       455        45         2         1         7         8
        50      1973        51      2542       448      2543       408      2461
       456        45         2         1         7         8
       408      2543       448      2544       449      2545       409      2463
       457        45         2         1         7         8
       409      2545       449      2546       450      2547       410      2465
       458        45         2         1         7         8
       410      2547       450      2548       451      2549       411      2467
       459        45         2         1         7         8
       411      2549       451      2550       452      2551       412      2469
       460        45         2         1         7         8
       412      2551       452      2552       453      2553       413      2471
       461        45         2         1         7         8
       413      2553       453      2554       454      2555       414      2473
       462        45         2         1         7         8
       414      2555       454      2556       455      2557       415      2475
       463        45         2         1         7         8
       415      2557       455      2558       456      2559       416      2477
       464        45         2         1         7         8
       416      2559       456      2560       457      2561       417      2479
       465        45         2         1         7         8
       417      2561       457      2562       458      2563       418      2481
       466        45         2         1         7         8
       418      2563       458      2564       459      2565       419      2483
       467        45         2         1         7         8
       419      2565       459      2566       460      2567       420      2485
       468        45         2         1         7         8
       420      2567       460      2568       461      2569       421      2487
       469        45         2         1         7         8
       421      2569       461      2570       462      2571       422      2489
       470        45         2         1         7         8
       422      2571       462      2572       463      2573       423      2491
       471        45         2         1         7         8
       423      2573       463      2574       464      2575       424      2493
       472        45         2         1         7         8
       424      2575       464      2576       465      2577       425      2495
       473        45         2         1         7         8
       425      2577       465      2578       466      2579       426      2497
       474        45         2         1         7         8
       426      2579       466      2580       467      2581       427      2499
       475        45         2         1         7         8
       427      2581       467      2582       468      2583       428      2501
       476        45         2         1         7         8
       428      2583       468      2584       469      2585       429      2503
       477        45         2         1         7         8
       429      2585       469      2586       470      2587       430      2505
       478        45         2         1         7         8
       430      2587       470      2588       471      2589       431      2507
       479        45         2         1         7         8
       431      2589       471      2590       472      2591       432      2509
       480        45         2         1         7         8
       432      2591       472      2592       473      2593       433      2511
       481        45         2         1         7         8
       433      2593       473      2594       474      2595       434      2513
       482        45         2         1         7         8
       434      2595       474      2596       475      2597       435      2515
       483        45         2         1         7         8
       435      2597       475      2598       476      2599       436      2517
       484        45         2         1         7         8
       436      2599       476      2600       477      2601       437      2519
       485        45         2         1         7         8
       437      2601       477      2602       478      2603       438      2521
       486        45         2         1         7         8
       438      2603       478      2604       479      2605       439      2523
       487        45         2         1         7         8
       439      2605       479      2606       480      2607       440      2525
       488        45         2         1         7         8
       440      2607       480      2608       481      2609       441      2527
       489        45         2         1         7         8
       441      2609       481      2610       482      2611       442      2529
       490        45         2         1         7         8
       442      2611       482      2612       483      2613       443      2531
       491        45         2         1         7         8
       443      2613       483      2614       484      2615       444      2533
       492        45         2         1         7         8
       444      2615       484      2616       485      2617       445      2535
       493        45         2         1         7         8
       445      2617       485      2618       486      2619       446      2537
       494        45         2         1         7         8
       446      2619       486      2620       487      2621       447      2539
       495        45         2         1         7         8
       447      2621       487      2622        51      1973        50      2541
       496        45         2         1         7         8
        51      1974        52      2623       488      2624       448      2542
       497        45         2         1         7         8
       448      2624       488      2625       489      2626       449      2544
       498        45         2         1         7         8
       449      2626       489      2627       490      2628       450      2546
       499        45         2         1         7         8
       450      2628       490      2629       491      2630       451      2548
       500        45         2         1         7         8
       451      2630       491      2631       492      2632       452      2550
       501        45         2         1         7         8
       452      2632       492      2633       493      2634       453      2552
       502        45         2         1         7         8
       453      2634       493      2635       494      2636       454      2554
       503        45         2         1         7         8
       454      2636       494      2637       495      2638       455      2556
       504        45         2         1         7         8
       455      2638       495      2639       496      2640       456      2558
       505        45         2         1         7         8
       456      2640       496      2641       497      2642       457      2560
       506        45         2         1         7         8
       457      2642       497      2643       498      2644       458      2562
       507        45         2         1         7         8
       458      2644       498      2645       499      2646       459      2564
       508        45         2         1         7         8
       459      2646       499      2647       500      2648       460      2566
       509        45         2         1         7         8
       460      2648       500      2649       501      2650       461      2568
       510        45         2         1         7         8
       461      2650       501      2651       502      2652       462      2570
       511        45         2         1         7         8
       462      2652       502      2653       503      2654       463      2572
       512        45         2         1         7         8
       463      2654       503      2655       504      2656       464      2574
       513        45         2         1         7         8
       464      2656       504      2657       505      2658       465      2576
       514        45         2         1         7         8
       465      2658       505      2659       506      2660       466      2578
       515        45         2         1         7         8
       466      2660       506      2661       507      2662       467      2580
       516        45         2         1         7         8
       467      2662       507      2663       508      2664       468      2582
       517        45         2         1         7         8
       468      2664       508      2665       509      2666       469      2584
       518        45         2         1         7         8
       469      2666       509      2667       510      2668       470      2586
       519        45         2         1         7         8
       470      2668       510      2669       511      2670       471      2588
       520        45         2         1         7         8
       471      2670       511      2671       512      2672       472      2590
       521        45         2         1         7         8
       472      2672       512      2673       513      2674       473      2592
       522        45         2         1         7         8
       473      2674       513      2675       514      2676       474      2594
       523        45         2         1         7         8
       474      2676       514      2677       515      2678       475      2596
       524        45         2         1         7         8
       475      2678       515      2679       516      2680       476      2598
       525        45         2         1         7         8
       476      2680       516      2681       517      2682       477      2600
       526        45         2         1         7         8
       477      2682       517      2683       518      2684       478      2602
       527        45         2         1         7         8
       478      2684       518      2685       519      2686       479      2604
       528        45         2         1         7         8
       479      2686       519      2687       520      2688       480      2606
       529        45         2         1         7         8
       480      2688       520      2689       521      2690       481      2608
       530        45         2         1         7         8
       481      2690       521      2691       522      2692       482      2610
       531        45         2         1         7         8
       482      2692       522      2693       523      2694       483      2612
       532        45         2         1         7         8
       483      2694       523      2695       524      2696       484      2614
       533        45         2         1         7         8
       484      2696       524      2697       525      2698       485      2616
       534        45         2         1         7         8
       485      2698       525      2699       526      2700       486      2618
       535        45         2         1         7         8
       486      2700       526      2701       527      2702       487      2620
       536        45         2         1         7         8
       487      2702       527      2703        52      1974        51      2622
       537        45         2         1         7         8
        52      1975        53      2704       528      2705       488      2623
       538        45         2         1         7         8
       488      2705       528      2706       529      2707       489      2625
       539        45         2         1         7         8
       489      2707       529      2708       530      2709       490      2627
       540        45         2         1         7         8
       490      2709       530      2710       531      2711       491      2629
       541        45         2         1         7         8
       491      2711       531      2712       532      2713       492      2631
       542        45         2         1         7         8
       492      2713       532      2714       533      2715       493      2633
       543        45         2         1         7         8
       493      2715       533      2716       534      2717       494      2635
       544        45         2         1         7         8
       494      2717       534      2718       535      2719       495      2637
       545        45         2         1         7         8
       495      2719       535      2720       536      2721       496      2639
       546        45         2         1         7         8
       496      2721       536      2722       537      2723       497      2641
       547        45         2         1         7         8
       497      2723       537      2724       538      2725       498      2643
       548        45         2         1         7         8
       498      2725       538      2726       539      2727       499      2645
       549        45         2         1         7         8
       499      2727       539      2728       540      2729       500      2647
       550        45         2         1         7         8
       500      2729       540      2730       541      2731       501      2649
       551        45         2         1         7         8
       501      2731       541      2732       542      2733       502      2651
       552        45         2         1         7         8
       502      2733       542      2734       543      2735       503      2653
       553        45         2         1         7         8
       503      2735       543      2736       544      2737       504      2655
       554        45         2         1         7         8
       504      2737       544      2738       545      2739       505      2657
       555        45         2         1         7         8
       505      2739       545      2740       546      2741       506      2659
       556        45         2         1         7         8
       506      2741       546      2742       547      2743       507      2661
       557        45         2         1         7         8
       507      2743       547      2744       548      2745       508      2663
       558        45         2         1         7         8
       508      2745       548      2746       549      2747       509      2665
       559        45         2         1         7         8
       509      2747       549      2748       550      2749       510      2667
       560        45         2         1         7         8
       510      2749       550      2750       551      2751       511      2669
       561        45         2         1         7         8
       511      2751       551      2752       552      2753       512      2671
       562        45         2         1         7         8
       512      2753       552      2754       553      2755       513      2673
       563        45         2         1         7         8
       513      2755       553      2756       554      2757       514      2675
       564        45         2         1         7         8
       514      2757       554      2758       555      2759       515      2677
       565        45         2         1         7         8
       515      2759       555      2760       556      2761       516      2679
       566        45         2         1         7         8
       516      2761       556      2762       557      2763       517      2681
       567        45         2         1         7         8
       517      2763       557      2764       558      2765       518      2683
       568        45         2         1         7         8
       518      2765       558      2766       559      2767       519      2685
       569        45         2         1         7         8
       519      2767       559      2768       560      2769       520      2687
       570        45         2         1         7         8
       520      2769       560      2770       561      2771       521      2689
       571        45         2         1         7         8
       521      2771       561      2772       562      2773       522      2691
       572        45         2         1         7         8
       522      2773       562      2774       563      2775       523      2693
       573        45         2         1         7         8
       523      2775       563      2776       564      2777       524      2695
       574        45         2         1         7         8
       524      2777       564      2778       565      2779       525      2697
       575        45         2         1         7         8
       525      2779       565      2780       566      2781       526      2699
       576        45         2         1         7         8
       526      2781       566      2782       567      2783       527      2701
       577        45         2         1         7         8
       527      2783       567      2784        53      1975        52      2703
       578        45         2         1         7         8
        53      1976        54      2785       568      2786       528      2704
       579        45         2         1         7         8
       528      2786       568      2787       569      2788       529      2706
       580        45         2         1         7         8
       529      2788       569      2789       570      2790       530      2708
       581        45         2         1         7         8
       530      2790       570      2791       571      2792       531      2710
       582        45         2         1         7         8
       531      2792       571      2793       572      2794       532      2712
       583        45         2         1         7         8
       532      2794       572      2795       573      2796       533      2714
       584        45         2         1         7         8
       533      2796       573      2797       574      2798       534      2716
       585        45         2         1         7         8
       534      2798       574      2799       575      2800       535      2718
       586        45         2         1         7         8
       535      2800       575      2801       576      2802       536      2720
       587        45         2         1         7         8
       536      2802       576      2803       577      2804       537      2722
       588        45         2         1         7         8
       537      2804       577      2805       578      2806       538      2724
       589        45         2         1         7         8
       538      2806       578      2807       579      2808       539      2726
       590        45         2         1         7         8
       539      2808       579      2809       580      2810       540      2728
       591        45         2         1         7         8
       540      2810       580      2811       581      2812       541      2730
       592        45         2         1         7         8
       541      2812       581      2813       582      2814       542      2732
       593        45         2         1         7         8
       542      2814       582      2815       583      2816       543      2734
       594        45         2         1         7         8
       543      2816       583      2817       584      2818       544      2736
       595        45         2         1         7         8
       544      2818       584      2819       585      2820       545      2738
       596        45         2         1         7         8
       545      2820       585      2821       586      2822       546      2740
       597        45         2         1         7         8
       546      2822       586      2823       587      2824       547      2742
       598        45         2         1         7         8
       547      2824       587      2825       588      2826       548      2744
       599        45         2         1         7         8
       548      2826       588      2827       589      2828       549      2746
       600        45         2         1         7         8
       549      2828       589      2829       590      2830       550      2748
       601        45         2         1         7         8
       550      2830       590      2831       591      2832       551      2750
       602        45         2         1         7         8
       551      2832       591      2833       592      2834       552      2752
       603        45         2         1         7         8
       552      2834       592      2835       593      2836       553      2754
       604        45         2         1         7         8
       553      2836       593      2837       594      2838       554      2756
       605        45         2         1         7         8
       554      2838       594      2839       595      2840       555      2758
       606        45         2         1         7         8
       555      2840       595      2841       596      2842       556      2760
       607        45         2         1         7         8
       556      2842       596      2843       597      2844       557      2762
       608        45         2         1         7         8
       557      2844       597      2845       598      2846       558      2764
       609        45         2         1         7         8
       558      2846       598      2847       599      2848       559      2766
       610        45         2         1         7         8
       559      2848       599      2849       600      2850       560      2768
       611        45         2         1         7         8
       560      2850       600      2851       601      2852       561      2770
       612        45         2         1         7         8
       561      2852       601      2853       602      2854       562      2772
       613        45         2         1         7         8
       562      2854       602      2855       603      2856       563      2774
       614        45         2         1         7         8
       563      2856       603      2857       604      2858       564      2776
       615        45         2         1         7         8
       564      2858       604      2859       605      2860       565      2778
       616        45         2         1         7         8
       565      2860       605      2861       606      2862       566      2780
       617        45         2         1         7         8
       566      2862       606      2863       607      2864       567      2782
       618        45         2         1         7         8
       567      2864       607      2865        54      1976        53      2784
       619        45         2         1         7         8
        54      1977        55      2866       608      2867       568      2785
       620        45         2         1         7         8
       568      2867       608      2868       609      2869       569      2787
       621        45         2         1         7         8
       569      2869       609      2870       610      2871       570      2789
       622        45         2         1         7         8
       570      2871       610      2872       611      2873       571      2791
       623        45         2         1         7         8
       571      2873       611      2874       612      2875       572      2793
       624        45         2         1         7         8
       572      2875       612      2876       613      2877       573      2795
       625        45         2         1         7         8
       573      2877       613      2878       614      2879       574      2797
       626        45         2         1         7         8
       574      2879       614      2880       615      2881       575      2799
       627        45         2         1         7         8
       575      2881       615      2882       616      2883       576      2801
       628        45         2         1         7         8
       576      2883       616      2884       617      2885       577      2803
       629        45         2         1         7         8
       577      2885       617      2886       618      2887       578      2805
       630        45         2         1         7         8
       578      2887       618      2888       619      2889       579      2807
       631        45         2         1         7         8
       579      2889       619      2890       620      2891       580      2809
       632        45         2         1         7         8
       580      2891       620      2892       621      2893       581      2811
       633        45         2         1         7         8
       581      2893       621      2894       622      2895       582      2813
       634        45         2         1         7         8
       582      2895       622      2896       623      2897       583      2815
       635        45         2         1         7         8
       583      2897       623      2898       624      2899       584      2817
       636        45         2         1         7         8
       584      2899       624      2900       625      2901       585      2819
       637        45         2         1         7         8
       585      2901       625      2902       626      2903       586      2821
       638        45         2         1         7         8
       586      2903       626      2904       627      2905       587      2823
       639        45         2         1         7         8
       587      2905       627      2906       628      2907       588      2825
       640        45         2         1         7         8
       588      2907       628      2908       629      2909       589      2827
       641        45         2         1         7         8
       589      2909       629      2910       630      2911       590      2829
       642        45         2         1         7         8
       590      2911       630      2912       631      2913       591      2831
       643        45         2         1         7         8
       591      2913       631      2914       632      2915       592      2833
       644        45         2         1         7         8
       592      2915       632      2916       633      2917       593      2835
       645        45         2         1         7         8
       593      2917       633      2918       634      2919       594      2837
       646        45         2         1         7         8
       594      2919       634      2920       635      2921       595      2839
       647        45         2         1         7         8
       595      2921       635      2922       636      2923       596      2841
       648        45         2         1         7         8
       596      2923       636      2924       637      2925       597      2843
       649        45         2         1         7         8
       597      2925       637      2926       638      2927       598      2845
       650        45         2         1         7         8
       598      2927       638      2928       639      2929       599      2847
       651        45         2         1         7         8
       599      2929       639      2930       640      2931       600      2849
       652        45         2         1         7         8
       600      2931       640      2932       641      2933       601      2851
       653        45         2         1         7         8
       601      2933       641      2934       642      2935       602      2853
       654        45         2         1         7         8
       602      2935       642      2936       643      2937       603      2855
       655        45         2         1         7         8
       603      2937       643      2938       644      2939       604      2857
       656        45         2         1         7         8
       604      2939       644      2940       645      2941       605      2859
       657        45         2         1         7         8
       605      2941       645      2942       646      2943       606      2861
       658        45         2         1         7         8
       606      2943       646      2944       647      2945       607      2863
       659        45         2         1         7         8
       607      2945       647      2946        55      1977        54      2865
       660        45         2         1         7         8
        55      1978        56      2947       648      2948       608      2866
       661        45         2         1         7         8
       608      2948       648      2949       649      2950       609      2868
       662        45         2         1         7         8
       609      2950       649      2951       650      2952       610      2870
       663        45         2         1         7         8
       610      2952       650      2953       651      2954       611      2872
       664        45         2         1         7         8
       611      2954       651      2955       652      2956       612      2874
       665        45         2         1         7         8
       612      2956       652      2957       653      2958       613      2876
       666        45         2         1         7         8
       613      2958       653      2959       654      2960       614      2878
       667        45         2         1         7         8
       614      2960       654      2961       655      2962       615      2880
       668        45         2         1         7         8
       615      2962       655      2963       656      2964       616      2882
       669        45         2         1         7         8
       616      2964       656      2965       657      2966       617      2884
       670        45         2         1         7         8
       617      2966       657      2967       658      2968       618      2886
       671        45         2         1         7         8
       618      2968       658      2969       659      2970       619      2888
       672        45         2         1         7         8
       619      2970       659      2971       660      2972       620      2890
       673        45         2         1         7         8
       620      2972       660      2973       661      2974       621      2892
       674        45         2         1         7         8
       621      2974       661      2975       662      2976       622      2894
       675        45         2         1         7         8
       622      2976       662      2977       663      2978       623      2896
       676        45         2         1         7         8
       623      2978       663      2979       664      2980       624      2898
       677        45         2         1         7         8
       624      2980       664      2981       665      2982       625      2900
       678        45         2         1         7         8
       625      2982       665      2983       666      2984       626      2902
       679        45         2         1         7         8
       626      2984       666      2985       667      2986       627      2904
       680        45         2         1         7         8
       627      2986       667      2987       668      2988       628      2906
       681        45         2         1         7         8
       628      2988       668      2989       669      2990       629      2908
       682        45         2         1         7         8
       629      2990       669      2991       670      2992       630      2910
       683        45         2         1         7         8
       630      2992       670      2993       671      2994       631      2912
       684        45         2         1         7         8
       631      2994       671      2995       672      2996       632      2914
       685        45         2         1         7         8
       632      2996       672      2997       673      2998       633      2916
       686        45         2         1         7         8
       633      2998       673      2999       674      3000       634      2918
       687        45         2         1         7         8
       634      3000       674      3001       675      3002       635      2920
       688        45         2         1         7         8
       635      3002       675      3003       676      3004       636      2922
       689        45         2         1         7         8
       636      3004       676      3005       677      3006       637      2924
       690        45         2         1         7         8
       637      3006       677      3007       678      3008       638      2926
       691        45         2         1         7         8
       638      3008       678      3009       679      3010       639      2928
       692        45         2         1         7         8
       639      3010       679      3011       680      3012       640      2930
       693        45         2         1         7         8
       640      3012       680      3013       681      3014       641      2932
       694        45         2         1         7         8
       641      3014       681      3015       682      3016       642      2934
       695        45         2         1         7         8
       642      3016       682      3017       683      3018       643      2936
       696        45         2         1         7         8
       643      3018       683      3019       684      3020       644      2938
       697        45         2         1         7         8
       644      3020       684      3021       685      3022       645      2940
       698        45         2         1         7         8
       645      3022       685      3023       686      3024       646      2942
       699        45         2         1         7         8
       646      3024       686      3025       687      3026       647      2944
       700        45         2         1         7         8
       647      3026       687      3027        56      1978        55      2946
       701        45         2         1         7         8
        56      1979        57      3028       688      3029       648      2947
       702        45         2         1         7         8
       648      3029       688      3030       689      3031       649      2949
       703        45         2         1         7         8
       649      3031       689      3032       690      3033       650      2951
       704        45         2         1         7         8
       650      3033       690      3034       691      3035       651      2953
       705        45         2         1         7         8
       651      3035       691      3036       692      3037       652      2955
       706        45         2         1         7         8
       652      3037       692      3038       693      3039       653      2957
       707        45         2         1         7         8
       653      3039       693      3040       694      3041       654      2959
       708        45         2         1         7         8
       654      3041       694      3042       695      3043       655      2961
       709        45         2         1         7         8
       655      3043       695      3044       696      3045       656      2963
       710        45         2         1         7         8
       656      3045       696      3046       697      3047       657      2965
       711        45         2         1         7         8
       657      3047       697      3048       698      3049       658      2967
       712        45         2         1         7         8
       658      3049       698      3050       699      3051       659      2969
       713        45         2         1         7         8
       659      3051       699      3052       700      3053       660      2971
       714        45         2         1         7         8
       660      3053       700      3054       701      3055       661      2973
       715        45         2         1         7         8
       661      3055       701      3056       702      3057       662      2975
       716        45         2         1         7         8
       662      3057       702      3058       703      3059       663      2977
       717        45         2         1         7         8
       663      3059       703      3060       704      3061       664      2979
       718        45         2         1         7         8
       664      3061       704      3062       705      3063       665      2981
       719        45         2         1         7         8
       665      3063       705      3064       706      3065       666      2983
       720        45         2         1         7         8
       666      3065       706      3066       707      3067       667      2985
       721        45         2         1         7         8
       667      3067       707      3068       708      3069       668      2987
       722        45         2         1         7         8
       668      3069       708      3070       709      3071       669      2989
       723        45         2         1         7         8
       669      3071       709      3072       710      3073       670      2991
       724        45         2         1         7         8
       670      3073       710      3074       711      3075       671      2993
       725        45         2         1         7         8
       671      3075       711      3076       712      3077       672      2995
       726        45         2         1         7         8
       672      3077       712      3078       713      3079       673      2997
       727        45         2         1         7         8
       673      3079       713      3080       714      3081       674      2999
       728        45         2         1         7         8
       674      3081       714      3082       715      3083       675      3001
       729        45         2         1         7         8
       675      3083       715      3084       716      3085       676      3003
       730        45         2         1         7         8
       676      3085       716      3086       717      3087       677      3005
       731        45         2         1         7         8
       677      3087       717      3088       718      3089       678      3007
       732        45         2         1         7         8
       678      3089       718      3090       719      3091       679      3009
       733        45         2         1         7         8
       679      3091       719      3092       720      3093       680      3011
       734        45         2         1         7         8
       680      3093       720      3094       721      3095       681      3013
       735        45         2         1         7         8
       681      3095       721      3096       722      3097       682      3015
       736        45         2         1         7         8
       682      3097       722      3098       723      3099       683      3017
       737        45         2         1         7         8
       683      3099       723      3100       724      3101       684      3019
       738        45         2         1         7         8
       684      3101       724      3102       725      3103       685      3021
       739        45         2         1         7         8
       685      3103       725      3104       726      3105       686      3023
       740        45         2         1         7         8
       686      3105       726      3106       727      3107       687      3025
       741        45         2         1         7         8
       687      3107       727      3108        57      1979        56      3027
       742        45         2         1         7         8
        57      1980        58      3109       728      3110       688      3028
       743        45         2         1         7         8
       688      3110       728      3111       729      3112       689      3030
       744        45         2         1         7         8
       689      3112       729      3113       730      3114       690      3032
       745        45         2         1         7         8
       690      3114       730      3115       731      3116       691      3034
       746        45         2         1         7         8
       691      3116       731      3117       732      3118       692      3036
       747        45         2         1         7         8
       692      3118       732      3119       733      3120       693      3038
       748        45         2         1         7         8
       693      3120       733      3121       734      3122       694      3040
       749        45         2         1         7         8
       694      3122       734      3123       735      3124       695      3042
       750        45         2         1         7         8
       695      3124       735      3125       736      3126       696      3044
       751        45         2         1         7         8
       696      3126       736      3127       737      3128       697      3046
       752        45         2         1         7         8
       697      3128       737      3129       738      3130       698      3048
       753        45         2         1         7         8
       698      3130       738      3131       739      3132       699      3050
       754        45         2         1         7         8
       699      3132       739      3133       740      3134       700      3052
       755        45         2         1         7         8
       700      3134       740      3135       741      3136       701      3054
       756        45         2         1         7         8
       701      3136       741      3137       742      3138       702      3056
       757        45         2         1         7         8
       702      3138       742      3139       743      3140       703      3058
       758        45         2         1         7         8
       703      3140       743      3141       744      3142       704      3060
       759        45         2         1         7         8
       704      3142       744      3143       745      3144       705      3062
       760        45         2         1         7         8
       705      3144       745      3145       746      3146       706      3064
       761        45         2         1         7         8
       706      3146       746      3147       747      3148       707      3066
       762        45         2         1         7         8
       707      3148       747      3149       748      3150       708      3068
       763        45         2         1         7         8
       708      3150       748      3151       749      3152       709      3070
       764        45         2         1         7         8
       709      3152       749      3153       750      3154       710      3072
       765        45         2         1         7         8
       710      3154       750      3155       751      3156       711      3074
       766        45         2         1         7         8
       711      3156       751      3157       752      3158       712      3076
       767        45         2         1         7         8
       712      3158       752      3159       753      3160       713      3078
       768        45         2         1         7         8
       713      3160       753      3161       754      3162       714      3080
       769        45         2         1         7         8
       714      3162       754      3163       755      3164       715      3082
       770        45         2         1         7         8
       715      3164       755      3165       756      3166       716      3084
       771        45         2         1         7         8
       716      3166       756      3167       757      3168       717      3086
       772        45         2         1         7         8
       717      3168       757      3169       758      3170       718      3088
       773        45         2         1         7         8
       718      3170       758      3171       759      3172       719      3090
       774        45         2         1         7         8
       719      3172       759      3173       760      3174       720      3092
       775        45         2         1         7         8
       720      3174       760      3175       761      3176       721      3094
       776        45         2         1         7         8
       721      3176       761      3177       762      3178       722      3096
       777        45         2         1         7         8
       722      3178       762      3179       763      3180       723      3098
       778        45         2         1         7         8
       723      3180       763      3181       764      3182       724      3100
       779        45         2         1         7         8
       724      3182       764      3183       765      3184       725      3102
       780        45         2         1         7         8
       725      3184       765      3185       766      3186       726      3104
       781        45         2         1         7         8
       726      3186       766      3187       767      3188       727      3106
       782        45         2         1         7         8
       727      3188       767      3189        58      1980        57      3108
       783        45         2         1         7         8
        58      1981        59      3190       768      3191       728      3109
       784        45         2         1         7         8
       728      3191       768      3192       769      3193       729      3111
       785        45         2         1         7         8
       729      3193       769      3194       770      3195       730      3113
       786        45         2         1         7         8
       730      3195       770      3196       771      3197       731      3115
       787        45         2         1         7         8
       731      3197       771      3198       772      3199       732      3117
       788        45         2         1         7         8
       732      3199       772      3200       773      3201       733      3119
       789        45         2         1         7         8
       733      3201       773      3202       774      3203       734      3121
       790        45         2         1         7         8
       734      3203       774      3204       775      3205       735      3123
       791        45         2         1         7         8
       735      3205       775      3206       776      3207       736      3125
       792        45         2         1         7         8
       736      3207       776      3208       777      3209       737      3127
       793        45         2         1         7         8
       737      3209       777      3210       778      3211       738      3129
       794        45         2         1         7         8
       738      3211       778      3212       779      3213       739      3131
       795        45         2         1         7         8
       739      3213       779      3214       780      3215       740      3133
       796        45         2         1         7         8
       740      3215       780      3216       781      3217       741      3135
       797        45         2         1         7         8
       741      3217       781      3218       782      3219       742      3137
       798        45         2         1         7         8
       742      3219       782      3220       783      3221       743      3139
       799        45         2         1         7         8
       743      3221       783      3222       784      3223       744      3141
       800        45         2         1         7         8
       744      3223       784      3224       785      3225       745      3143
       801        45         2         1         7         8
       745      3225       785      3226       786      3227       746      3145
       802        45         2         1         7         8
       746      3227       786      3228       787      3229       747      3147
       803        45         2         1         7         8
       747      3229       787      3230       788      3231       748      3149
       804        45         2         1         7         8
       748      3231       788      3232       789      3233       749      3151
       805        45         2         1         7         8
       749      3233       789      3234       790      3235       750      3153
       806        45         2         1         7         8
       750      3235       790      3236       791      3237       751      3155
       807        45         2         1         7         8
       751      3237       791      3238       792      3239       752      3157
       808        45         2         1         7         8
       752      3239       792      3240       793      3241       753      3159
       809        45         2         1         7         8
       753      3241       793      3242       794      3243       754      3161
       810        45         2         1         7         8
       754      3243       794      3244       795      3245       755      3163
       811        45         2         1         7         8
       755      3245       795      3246       796      3247       756      3165
       812        45         2         1         7         8
       756      3247       796      3248       797      3249       757      3167
       813        45         2         1         7         8
       757      3249       797      3250       798      3251       758      3169
       814        45         2         1         7         8
       758      3251       798      3252       799      3253       759      3171
       815        45         2         1         7         8
       759      3253       799      3254       800      3255       760      3173
       816        45         2         1         7         8
       760      3255       800      3256       801      3257       761      3175
       817        45         2         1         7         8
       761      3257       801      3258       802      3259       762      3177
       818        45         2         1         7         8
       762      3259       802      3260       803      3261       763      3179
       819        45         2         1         7         8
       763      3261       803      3262       804      3263       764      3181
       820        45         2         1         7         8
       764      3263       804      3264       805      3265       765      3183
       821        45         2         1         7         8
       765      3265       805      3266       806      3267       766      3185
       822        45         2         1         7         8
       766      3267       806      3268       807      3269       767      3187
       823        45         2         1         7         8
       767      3269       807      3270        59      1981        58      3189
       824        45         2         1         7         8
        59      1982        60      3271       808      3272       768      3190
       825        45         2         1         7         8
       768      3272       808      3273       809      3274       769      3192
       826        45         2         1         7         8
       769      3274       809      3275       810      3276       770      3194
       827        45         2         1         7         8
       770      3276       810      3277       811      3278       771      3196
       828        45         2         1         7         8
       771      3278       811      3279       812      3280       772      3198
       829        45         2         1         7         8
       772      3280       812      3281       813      3282       773      3200
       830        45         2         1         7         8
       773      3282       813      3283       814      3284       774      3202
       831        45         2         1         7         8
       774      3284       814      3285       815      3286       775      3204
       832        45         2         1         7         8
       775      3286       815      3287       816      3288       776      3206
       833        45         2         1         7         8
       776      3288       816      3289       817      3290       777      3208
       834        45         2         1         7         8
       777      3290       817      3291       818      3292       778      3210
       835        45         2         1         7         8
       778      3292       818      3293       819      3294       779      3212
       836        45         2         1         7         8
       779      3294       819      3295       820      3296       780      3214
       837        45         2         1         7         8
       780      3296       820      3297       821      3298       781      3216
       838        45         2         1         7         8
       781      3298       821      3299       822      3300       782      3218
       839        45         2         1         7         8
       782      3300       822      3301       823      3302       783      3220
       840        45         2         1         7         8
       783      3302       823      3303       824      3304       784      3222
       841        45         2         1         7         8
       784      3304       824      3305       825      3306       785      3224
       842        45         2         1         7         8
       785      3306       825      3307       826      3308       786      3226
       843        45         2         1         7         8
       786      3308       826      3309       827      3310       787      3228
       844        45         2         1         7         8
       787      3310       827      3311       828      3312       788      3230
       845        45         2         1         7         8
       788      3312       828      3313       829      3314       789      3232
       846        45         2         1         7         8
       789      3314       829      3315       830      3316       790      3234
       847        45         2         1         7         8
       790      3316       830      3317       831      3318       791      3236
       848        45         2         1         7         8
       791      3318       831      3319       832      3320       792      3238
       849        45         2         1         7         8
       792      3320       832      3321       833      3322       793      3240
       850        45         2         1         7         8
       793      3322       833      3323       834      3324       794      3242
       851        45         2         1         7         8
       794      3324       834      3325       835      3326       795      3244
       852        45         2         1         7         8
       795      3326       835      3327       836      3328       796      3246
       853        45         2         1         7         8
       796      3328       836      3329       837      3330       797      3248
       854        45         2         1         7         8
       797      3330       837      3331       838      3332       798      3250
       855        45         2         1         7         8
       798      3332       838      3333       839      3334       799      3252
       856        45         2         1         7         8
       799      3334       839      3335       840      3336       800      3254
       857        45         2         1         7         8
       800      3336       840      3337       841      3338       801      3256
       858        45         2         1         7         8
       801      3338       841      3339       842      3340       802      3258
       859        45         2         1         7         8
       802      3340       842      3341       843      3342       803      3260
       860        45         2         1         7         8
       803      3342       843      3343       844      3344       804      3262
       861        45         2         1         7         8
       804      3344       844      3345       845      3346       805      3264
       862        45         2         1         7         8
       805      3346       845      3347       846      3348       806      3266
       863        45         2         1         7         8
       806      3348       846      3349       847      3350       807      3268
       864        45         2         1         7         8
       807      3350       847      3351        60      1982        59      3270
       865        45         2         1         7         8
        60      1983        61      3352       848      3353       808      3271
       866        45         2         1         7         8
       808      3353       848      3354       849      3355       809      3273
       867        45         2         1         7         8
       809      3355       849      3356       850      3357       810      3275
       868        45         2         1         7         8
       810      3357       850      3358       851      3359       811      3277
       869        45         2         1         7         8
       811      3359       851      3360       852      3361       812      3279
       870        45         2         1         7         8
       812      3361       852      3362       853      3363       813      3281
       871        45         2         1         7         8
       813      3363       853      3364       854      3365       814      3283
       872        45         2         1         7         8
       814      3365       854      3366       855      3367       815      3285
       873        45         2         1         7         8
       815      3367       855      3368       856      3369       816      3287
       874        45         2         1         7         8
       816      3369       856      3370       857      3371       817      3289
       875        45         2         1         7         8
       817      3371       857      3372       858      3373       818      3291
       876        45         2         1         7         8
       818      3373       858      3374       859      3375       819      3293
       877        45         2         1         7         8
       819      3375       859      3376       860      3377       820      3295
       878        45         2         1         7         8
       820      3377       860      3378       861      3379       821      3297
       879        45         2         1         7         8
       821      3379       861      3380       862      3381       822      3299
       880        45         2         1         7         8
       822      3381       862      3382       863      3383       823      3301
       881        45         2         1         7         8
       823      3383       863      3384       864      3385       824      3303
       882        45         2         1         7         8
       824      3385       864      3386       865      3387       825      3305
       883        45         2         1         7         8
       825      3387       865      3388       866      3389       826      3307
       884        45         2         1         7         8
       826      3389       866      3390       867      3391       827      3309
       885        45         2         1         7         8
       827      3391       867      3392       868      3393       828      3311
       886        45         2         1         7         8
       828      3393       868      3394       869      3395       829      3313
       887        45         2         1         7         8
       829      3395       869      3396       870      3397       830      3315
       888        45         2         1         7         8
       830      3397       870      3398       871      3399       831      3317
       889        45         2         1         7         8
       831      3399       871      3400       872      3401       832      3319
       890        45         2         1         7         8
       832      3401       872      3402       873      3403       833      3321
       891        45         2         1         7         8
       833      3403       873      3404       874      3405       834      3323
       892        45         2         1         7         8
       834      3405       874      3406       875      3407       835      3325
       893        45         2         1         7         8
       835      3407       875      3408       876      3409       836      3327
       894        45         2         1         7         8
       836      3409       876      3410       877      3411       837      3329
       895        45         2         1         7         8
       837      3411       877      3412       878      3413       838      3331
       896        45         2         1         7         8
       838      3413       878      3414       879      3415       839      3333
       897        45         2         1         7         8
       839      3415       879      3416       880      3417       840      3335
       898        45         2         1         7         8
       840      3417       880      3418       881      3419       841      3337
       899        45         2         1         7         8
       841      3419       881      3420       882      3421       842      3339
       900        45         2         1         7         8
       842      3421       882      3422       883      3423       843      3341
       901        45         2         1         7         8
       843      3423       883      3424       884      3425       844      3343
       902        45         2         1         7         8
       844      3425       884      3426       885      3427       845      3345
       903        45         2         1         7         8
       845      3427       885      3428       886      3429       846      3347
       904        45         2         1         7         8
       846      3429       886      3430       887      3431       847      3349
       905        45         2         1         7         8
       847      3431       887      3432        61      1983        60      3351
       906        45         2         1         7         8
        61      1984        62      3433       888      3434       848      3352
       907        45         2         1         7         8
       848      3434       888      3435       889      3436       849      3354
       908        45         2         1         7         8
       849      3436       889      3437       890      3438       850      3356
       909        45         2         1         7         8
       850      3438       890      3439       891      3440       851      3358
       910        45         2         1         7         8
       851      3440       891      3441       892      3442       852      3360
       911        45         2         1         7         8
       852      3442       892      3443       893      3444       853      3362
       912        45         2         1         7         8
       853      3444       893      3445       894      3446       854      3364
       913        45         2         1         7         8
       854      3446       894      3447       895      3448       855      3366
       914        45         2         1         7         8
       855      3448       895      3449       896      3450       856      3368
       915        45         2         1         7         8
       856      3450       896      3451       897      3452       857      3370
       916        45         2         1         7         8
       857      3452       897      3453       898      3454       858      3372
       917        45         2         1         7         8
       858      3454       898      3455       899      3456       859      3374
       918        45         2         1         7         8
       859      3456       899      3457       900      3458       860      3376
       919        45         2         1         7         8
       860      3458       900      3459       901      3460       861      3378
       920        45         2         1         7         8
       861      3460       901      3461       902      3462       862      3380
       921        45         2         1         7         8
       862      3462       902      3463       903      3464       863      3382
       922        45         2         1         7         8
       863      3464       903      3465       904      3466       864      3384
       923        45         2         1         7         8
       864      3466       904      3467       905      3468       865      3386
       924        45         2         1         7         8
       865      3468       905      3469       906      3470       866      3388
       925        45         2         1         7         8
       866      3470       906      3471       907      3472       867      3390
       926        45         2         1         7         8
       867      3472       907      3473       908      3474       868      3392
       927        45         2         1         7         8
       868      3474       908      3475       909      3476       869      3394
       928        45         2         1         7         8
       869      3476       909      3477       910      3478       870      3396
       929        45         2         1         7         8
       870      3478       910      3479       911      3480       871      3398
       930        45         2         1         7         8
       871      3480       911      3481       912      3482       872      3400
       931        45         2         1         7         8
       872      3482       912      3483       913      3484       873      3402
       932        45         2         1         7         8
       873      3484       913      3485       914      3486       874      3404
       933        45         2         1         7         8
       874      3486       914      3487       915      3488       875      3406
       934        45         2         1         7         8
       875      3488       915      3489       916      3490       876      3408
       935        45         2         1         7         8
       876      3490       916      3491       917      3492       877      3410
       936        45         2         1         7         8
       877      3492       917      3493       918      3494       878      3412
       937        45         2         1         7         8
       878      3494       918      3495       919      3496       879      3414
       938        45         2         1         7         8
       879      3496       919      3497       920      3498       880      3416
       939        45         2         1         7         8
       880      3498       920      3499       921      3500       881      3418
       940        45         2         1         7         8
       881      3500       921      3501       922      3502       882      3420
       941        45         2         1         7         8
       882      3502       922      3503       923      3504       883      3422
       942        45         2         1         7         8
       883      3504       923      3505       924      3506       884      3424
       943        45         2         1         7         8
       884      3506       924      3507       925      3508       885      3426
       944        45         2         1         7         8
       885      3508       925      3509       926      3510       886      3428
       945        45         2         1         7         8
       886      3510       926      3511       927      3512       887      3430
       946        45         2         1         7         8
       887      3512       927      3513        62      1984        61      3432
       947        45         2         1         7         8
        62      1985        63      3514       928      3515       888      3433
       948        45         2         1         7         8
       888      3515       928      3516       929      3517       889      3435
       949        45         2         1         7         8
       889      3517       929      3518       930      3519       890      3437
       950        45         2         1         7         8
       890      3519       930      3520       931      3521       891      3439
       951        45         2         1         7         8
       891      3521       931      3522       932      3523       892      3441
       952        45         2         1         7         8
       892      3523       932      3524       933      3525       893      3443
       953        45         2         1         7         8
       893      3525       933      3526       934      3527       894      3445
       954        45         2         1         7         8
       894      3527       934      3528       935      3529       895      3447
       955        45         2         1         7         8
       895      3529       935      3530       936      3531       896      3449
       956        45         2         1         7         8
       896      3531       936      3532       937      3533       897      3451
       957        45         2         1         7         8
       897      3533       937      3534       938      3535       898      3453
       958        45         2         1         7         8
       898      3535       938      3536       939      3537       899      3455
       959        45         2         1         7         8
       899      3537       939      3538       940      3539       900      3457
       960        45         2         1         7         8
       900      3539       940      3540       941      3541       901      3459
       961        45         2         1         7         8
       901      3541       941      3542       942      3543       902      3461
       962        45         2         1         7         8
       902      3543       942      3544       943      3545       903      3463
       963        45         2         1         7         8
       903      3545       943      3546       944      3547       904      3465
       964        45         2         1         7         8
       904      3547       944      3548       945      3549       905      3467
       965        45         2         1         7         8
       905      3549       945      3550       946      3551       906      3469
       966        45         2         1         7         8
       906      3551       946      3552       947      3553       907      3471
       967        45         2         1         7         8
       907      3553       947      3554       948      3555       908      3473
       968        45         2         1         7         8
       908      3555       948      3556       949      3557       909      3475
       969        45         2         1         7         8
       909      3557       949      3558       950      3559       910      3477
       970        45         2         1         7         8
       910      3559       950      3560       951      3561       911      3479
       971        45         2         1         7         8
       911      3561       951      3562       952      3563       912      3481
       972        45         2         1         7         8
       912      3563       952      3564       953      3565       913      3483
       973        45         2         1         7         8
       913      3565       953      3566       954      3567       914      3485
       974        45         2         1         7         8
       914      3567       954      3568       955      3569       915      3487
       975        45         2         1         7         8
       915      3569       955      3570       956      3571       916      3489
       976        45         2         1         7         8
       916      3571       956      3572       957      3573       917      3491
       977        45         2         1         7         8
       917      3573       957      3574       958      3575       918      3493
       978        45         2         1         7         8
       918      3575       958      3576       959      3577       919      3495
       979        45         2         1         7         8
       919      3577       959      3578       960      3579       920      3497
       980        45         2         1         7         8
       920      3579       960      3580       961      3581       921      3499
       981        45         2         1         7         8
       921      3581       961      3582       962      3583       922      3501
       982        45         2         1         7         8
       922      3583       962      3584       963      3585       923      3503
       983        45         2         1         7         8
       923      3585       963      3586       964      3587       924      3505
       984        45         2         1         7         8
       924      3587       964      3588       965      3589       925      3507
       985        45         2         1         7         8
       925      3589       965      3590       966      3591       926      3509
       986        45         2         1         7         8
       926      3591       966      3592       967      3593       927      3511
       987        45         2         1         7         8
       927      3593       967      3594        63      1985        62      3513
       988        45         2         1         7         8
        63      1986        64      3595       968      3596       928      3514
       989        45         2         1         7         8
       928      3596       968      3597       969      3598       929      3516
       990        45         2         1         7         8
       929      3598       969      3599       970      3600       930      3518
       991        45         2         1         7         8
       930      3600       970      3601       971      3602       931      3520
       992        45         2         1         7         8
       931      3602       971      3603       972      3604       932      3522
       993        45         2         1         7         8
       932      3604       972      3605       973      3606       933      3524
       994        45         2         1         7         8
       933      3606       973      3607       974      3608       934      3526
       995        45         2         1         7         8
       934      3608       974      3609       975      3610       935      3528
       996        45         2         1         7         8
       935      3610       975      3611       976      3612       936      3530
       997        45         2         1         7         8
       936      3612       976      3613       977      3614       937      3532
       998        45         2         1         7         8
       937      3614       977      3615       978      3616       938      3534
       999        45         2         1         7         8
       938      3616       978      3617       979      3618       939      3536
      1000        45         2         1         7         8
       939      3618       979      3619       980      3620       940      3538
      1001        45         2         1         7         8
       940      3620       980      3621       981      3622       941      3540
      1002        45         2         1         7         8
       941      3622       981      3623       982      3624       942      3542
      1003        45         2         1         7         8
       942      3624       982      3625       983      3626       943      3544
      1004        45         2         1         7         8
       943      3626       983      3627       984      3628       944      3546
      1005        45         2         1         7         8
       944      3628       984      3629       985      3630       945      3548
      1006        45         2         1         7         8
       945      3630       985      3631       986      3632       946      3550
      1007        45         2         1         7         8
       946      3632       986      3633       987      3634       947      3552
      1008        45         2         1         7         8
       947      3634       987      3635       988      3636       948      3554
      1009        45         2         1         7         8
       948      3636       988      3637       989      3638       949      3556
      1010        45         2         1         7         8
       949      3638       989      3639       990      3640       950      3558
      1011        45         2         1         7         8
       950      3640       990      3641       991      3642       951      3560
      1012        45         2         1         7         8
       951      3642       991      3643       992      3644       952      3562
      1013        45         2         1         7         8
       952      3644       992      3645       993      3646       953      3564
      1014        45         2         1         7         8
       953      3646       993      3647       994      3648       954      3566
      1015        45         2         1         7         8
       954      3648       994      3649       995      3650       955      3568
      1016        45         2         1         7         8
       955      3650       995      3651       996      3652       956      3570
      1017        45         2         1         7         8
       956      3652       996      3653       997      3654       957      3572
      1018        45         2         1         7         8
       957      3654       997      3655       998      3656       958      3574
      1019        45         2         1         7         8
       958      3656       998      3657       999      3658       959      3576
      1020        45         2         1         7         8
       959      3658       999      3659      1000      3660       960      3578
      1021        45         2         1         7         8
       960      3660      1000      3661      1001      3662       961      3580
      1022        45         2         1         7         8
       961      3662      1001      3663      1002      3664       962      3582
      1023        45         2         1         7         8
       962      3664      1002      3665      1003      3666       963      3584
      1024        45         2         1         7         8
       963      3666      1003      3667      1004      3668       964      3586
      1025        45         2         1         7         8
       964      3668      1004      3669      1005      3670       965      3588
      1026        45         2         1         7         8
       965      3670      1005      3671      1006      3672       966      3590
      1027        45         2         1         7         8
       966      3672      1006      3673      1007      3674       967      3592
      1028        45         2         1         7         8
       967      3674      1007      3675        64      1986        63      3594
      1029        45         2         1         7         8
        64      1987        65      3676      1008      3677       968      3595
      1030        45         2         1         7         8
       968      3677      1008      3678      1009      3679       969      3597
      1031        45         2         1         7         8
       969      3679      1009      3680      1010      3681       970      3599
      1032        45         2         1         7         8
       970      3681      1010      3682      1011      3683       971      3601
      1033        45         2         1         7         8
       971      3683      1011      3684      1012      3685       972      3603
      1034        45         2         1         7         8
       972      3685      1012      3686      1013      3687       973      3605
      1035        45         2         1         7         8
       973      3687      1013      3688      1014      3689       974      3607
      1036        45         2         1         7         8
       974      3689      1014      3690      1015      3691       975      3609
      1037        45         2         1         7         8
       975      3691      1015      3692      1016      3693       976      3611
      1038        45         2         1         7         8
       976      3693      1016      3694      1017      3695       977      3613
      1039        45         2         1         7         8
       977      3695      1017      3696      1018      3697       978      3615
      1040        45         2         1         7         8
       978      3697      1018      3698      1019      3699       979      3617
      1041        45         2         1         7         8
       979      3699      1019      3700      1020      3701       980      3619
      1042        45         2         1         7         8
       980      3701      1020      3702      1021      3703       981      3621
      1043        45         2         1         7         8
       981      3703      1021      3704      1022      3705       982      3623
      1044        45         2         1         7         8
       982      3705      1022      3706      1023      3707       983      3625
      1045        45         2         1         7         8
       983      3707      1023      3708      1024      3709       984      3627
      1046        45         2         1         7         8
       984      3709      1024      3710      1025      3711       985      3629
      1047        45         2         1         7         8
       985      3711      1025      3712      1026      3713       986      3631
      1048        45         2         1         7         8
       986      3713      1026      3714      1027      3715       987      3633
      1049        45         2         1         7         8
       987      3715      1027      3716      1028      3717       988      3635
      1050        45         2         1         7         8
       988      3717      1028      3718      1029      3719       989      3637
      1051        45         2         1         7         8
       989      3719      1029      3720      1030      3721       990      3639
      1052        45         2         1         7         8
       990      3721      1030      3722      1031      3723       991      3641
      1053        45         2         1         7         8
       991      3723      1031      3724      1032      3725       992      3643
      1054        45         2         1         7         8
       992      3725      1032      3726      1033      3727       993      3645
      1055        45         2         1         7         8
       993      3727      1033      3728      1034      3729       994      3647
      1056        45         2         1         7         8
       994      3729      1034      3730      1035      3731       995      3649
      1057        45         2         1         7         8
       995      3731      1035      3732      1036      3733       996      3651
      1058        45         2         1         7         8
       996      3733      1036      3734      1037      3735       997      3653
      1059        45         2         1         7         8
       997      3735      1037      3736      1038      3737       998      3655
      1060        45         2         1         7         8
       998      3737      1038      3738      1039      3739       999      3657
      1061        45         2         1         7         8
       999      3739      1039      3740      1040      3741      1000      3659
      1062        45         2         1         7         8
      1000      3741      1040      3742      1041      3743      1001      3661
      1063        45         2         1         7         8
      1001      3743      1041      3744      1042      3745      1002      3663
      1064        45         2         1         7         8
      1002      3745      1042      3746      1043      3747      1003      3665
      1065        45         2         1         7         8
      1003      3747      1043      3748      1044      3749      1004      3667
      1066        45         2         1         7         8
      1004      3749      1044      3750      1045      3751      1005      3669
      1067        45         2         1         7         8
      1005      3751      1045      3752      1046      3753      1006      3671
      1068        45         2         1         7         8
      1006      3753      1046      3754      1047      3755      1007      3673
      1069        45         2         1         7         8
      1007      3755      1047      3756        65      1987        64      3675
      1070        45         2         1         7         8
        65      1988        66      3757      1048      3758      1008      3676
      1071        45         2         1         7         8
      1008      3758      1048      3759      1049      3760      1009      3678
      1072        45         2         1         7         8
      1009      3760      1049      3761      1050      3762      1010      3680
      1073        45         2         1         7         8
      1010      3762      1050      3763      1051      3764      1011      3682
      1074        45         2         1         7         8
      1011      3764      1051      3765      1052      3766      1012      3684
      1075        45         2         1         7         8
      1012      3766      1052      3767      1053      3768      1013      3686
      1076        45         2         1         7         8
      1013      3768      1053      3769      1054      3770      1014      3688
      1077        45         2         1         7         8
      1014      3770      1054      3771      1055      3772      1015      3690
      1078        45         2         1         7         8
      1015      3772      1055      3773      1056      3774      1016      3692
      1079        45         2         1         7         8
      1016      3774      1056      3775      1057      3776      1017      3694
      1080        45         2         1         7         8
      1017      3776      1057      3777      1058      3778      1018      3696
      1081        45         2         1         7         8
      1018      3778      1058      3779      1059      3780      1019      3698
      1082        45         2         1         7         8
      1019      3780      1059      3781      1060      3782      1020      3700
      1083        45         2         1         7         8
      1020      3782      1060      3783      1061      3784      1021      3702
      1084        45         2         1         7         8
      1021      3784      1061      3785      1062      3786      1022      3704
      1085        45         2         1         7         8
      1022      3786      1062      3787      1063      3788      1023      3706
      1086        45         2         1         7         8
      1023      3788      1063      3789      1064      3790      1024      3708
      1087        45         2         1         7         8
      1024      3790      1064      3791      1065      3792      1025      3710
      1088        45         2         1         7         8
      1025      3792      1065      3793      1066      3794      1026      3712
      1089        45         2         1         7         8
      1026      3794      1066      3795      1067      3796      1027      3714
      1090        45         2         1         7         8
      1027      3796      1067      3797      1068      3798      1028      3716
      1091        45         2         1         7         8
      1028      3798      1068      3799      1069      3800      1029      3718
      1092        45         2         1         7         8
      1029      3800      1069      3801      1070      3802      1030      3720
      1093        45         2         1         7         8
      1030      3802      1070      3803      1071      3804      1031      3722
      1094        45         2         1         7         8
      1031      3804      1071      3805      1072      3806      1032      3724
      1095        45         2         1         7         8
      1032      3806      1072      3807      1073      3808      1033      3726
      1096        45         2         1         7         8
      1033      3808      1073      3809      1074      3810      1034      3728
      1097        45         2         1         7         8
      1034      3810      1074      3811      1075      3812      1035      3730
      1098        45         2         1         7         8
      1035      3812      1075      3813      1076      3814      1036      3732
      1099        45         2         1         7         8
      1036      3814      1076      3815      1077      3816      1037      3734
      1100        45         2         1         7         8
      1037      3816      1077      3817      1078      3818      1038      3736
      1101        45         2         1         7         8
      1038      3818      1078      3819      1079      3820      1039      3738
      1102        45         2         1         7         8
      1039      3820      1079      3821      1080      3822      1040      3740
      1103        45         2         1         7         8
      1040      3822      1080      3823      1081      3824      1041      3742
      1104        45         2         1         7         8
      1041      3824      1081      3825      1082      3826      1042      3744
      1105        45         2         1         7         8
      1042      3826      1082      3827      1083      3828      1043      3746
      1106        45         2         1         7         8
      1043      3828      1083      3829      1084      3830      1044      3748
      1107        45         2         1         7         8
      1044      3830      1084      3831      1085      3832      1045      3750
      1108        45         2         1         7         8
      1045      3832      1085      3833      1086      3834      1046      3752
      1109        45         2         1         7         8
      1046      3834      1086      3835      1087      3836      1047      3754
      1110        45         2         1         7         8
      1047      3836      1087      3837        66      1988        65      3756
      1111        45         2         1         7         8
        66      1989        67      3838      1088      3839      1048      3757
      1112        45         2         1         7         8
      1048      3839      1088      3840      1089      3841      1049      3759
      1113        45         2         1         7         8
      1049      3841      1089      3842      1090      3843      1050      3761
      1114        45         2         1         7         8
      1050      3843      1090      3844      1091      3845      1051      3763
      1115        45         2         1         7         8
      1051      3845      1091      3846      1092      3847      1052      3765
      1116        45         2         1         7         8
      1052      3847      1092      3848      1093      3849      1053      3767
      1117        45         2         1         7         8
      1053      3849      1093      3850      1094      3851      1054      3769
      1118        45         2         1         7         8
      1054      3851      1094      3852      1095      3853      1055      3771
      1119        45         2         1         7         8
      1055      3853      1095      3854      1096      3855      1056      3773
      1120        45         2         1         7         8
      1056      3855      1096      3856      1097      3857      1057      3775
      1121        45         2         1         7         8
      1057      3857      1097      3858      1098      3859      1058      3777
      1122        45         2         1         7         8
      1058      3859      1098      3860      1099      3861      1059      3779
      1123        45         2         1         7         8
      1059      3861      1099      3862      1100      3863      1060      3781
      1124        45         2         1         7         8
      1060      3863      1100      3864      1101      3865      1061      3783
      1125        45         2         1         7         8
      1061      3865      1101      3866      1102      3867      1062      3785
      1126        45         2         1         7         8
      1062      3867      1102      3868      1103      3869      1063      3787
      1127        45         2         1         7         8
      1063      3869      1103      3870      1104      3871      1064      3789
      1128        45         2         1         7         8
      1064      3871      1104      3872      1105      3873      1065      3791
      1129        45         2         1         7         8
      1065      3873      1105      3874      1106      3875      1066      3793
      1130        45         2         1         7         8
      1066      3875      1106      3876      1107      3877      1067      3795
      1131        45         2         1         7         8
      1067      3877      1107      3878      1108      3879      1068      3797
      1132        45         2         1         7         8
      1068      3879      1108      3880      1109      3881      1069      3799
      1133        45         2         1         7         8
      1069      3881      1109      3882      1110      3883      1070      3801
      1134        45         2         1         7         8
      1070      3883      1110      3884      1111      3885      1071      3803
      1135        45         2         1         7         8
      1071      3885      1111      3886      1112      3887      1072      3805
      1136        45         2         1         7         8
      1072      3887      1112      3888      1113      3889      1073      3807
      1137        45         2         1         7         8
      1073      3889      1113      3890      1114      3891      1074      3809
      1138        45         2         1         7         8
      1074      3891      1114      3892      1115      3893      1075      3811
      1139        45         2         1         7         8
      1075      3893      1115      3894      1116      3895      1076      3813
      1140        45         2         1         7         8
      1076      3895      1116      3896      1117      3897      1077      3815
      1141        45         2         1         7         8
      1077      3897      1117      3898      1118      3899      1078      3817
      1142        45         2         1         7         8
      1078      3899      1118      3900      1119      3901      1079      3819
      1143        45         2         1         7         8
      1079      3901      1119      3902      1120      3903      1080      3821
      1144        45         2         1         7         8
      1080      3903      1120      3904      1121      3905      1081      3823
      1145        45         2         1         7         8
      1081      3905      1121      3906      1122      3907      1082      3825
      1146        45         2         1         7         8
      1082      3907      1122      3908      1123      3909      1083      3827
      1147        45         2         1         7         8
      1083      3909      1123      3910      1124      3911      1084      3829
      1148        45         2         1         7         8
      1084      3911      1124      3912      1125      3913      1085      3831
      1149        45         2         1         7         8
      1085      3913      1125      3914      1126      3915      1086      3833
      1150        45         2         1         7         8
      1086      3915      1126      3916      1127      3917      1087      3835
      1151        45         2         1         7         8
      1087      3917      1127      3918        67      1989        66      3837
      1152        45         2         1         7         8
        67      1990        68      3919      1128      3920      1088      3838
      1153        45         2         1         7         8
      1088      3920      1128      3921      1129      3922      1089      3840
      1154        45         2         1         7         8
      1089      3922      1129      3923      1130      3924      1090      3842
      1155        45         2         1         7         8
      1090      3924      1130      3925      1131      3926      1091      3844
      1156        45         2         1         7         8
      1091      3926      1131      3927      1132      3928      1092      3846
      1157        45         2         1         7         8
      1092      3928      1132      3929      1133      3930      1093      3848
      1158        45         2         1         7         8
      1093      3930      1133      3931      1134      3932      1094      3850
      1159        45         2         1         7         8
      1094      3932      1134      3933      1135      3934      1095      3852
      1160        45         2         1         7         8
      1095      3934      1135      3935      1136      3936      1096      3854
      1161        45         2         1         7         8
      1096      3936      1136      3937      1137      3938      1097      3856
      1162        45         2         1         7         8
      1097      3938      1137      3939      1138      3940      1098      3858
      1163        45         2         1         7         8
      1098      3940      1138      3941      1139      3942      1099      3860
      1164        45         2         1         7         8
      1099      3942      1139      3943      1140      3944      1100      3862
      1165        45         2         1         7         8
      1100      3944      1140      3945      1141      3946      1101      3864
      1166        45         2         1         7         8
      1101      3946      1141      3947      1142      3948      1102      3866
      1167        45         2         1         7         8
      1102      3948      1142      3949      1143      3950      1103      3868
      1168        45         2         1         7         8
      1103      3950      1143      3951      1144      3952      1104      3870
      1169        45         2         1         7         8
      1104      3952      1144      3953      1145      3954      1105      3872
      1170        45         2         1         7         8
      1105      3954      1145      3955      1146      3956      1106      3874
      1171        45         2         1         7         8
      1106      3956      1146      3957      1147      3958      1107      3876
      1172        45         2         1         7         8
      1107      3958      1147      3959      1148      3960      1108      3878
      1173        45         2         1         7         8
      1108      3960      1148      3961      1149      3962      1109      3880
      1174        45         2         1         7         8
      1109      3962      1149      3963      1150      3964      1110      3882
      1175        45         2         1         7         8
      1110      3964      1150      3965      1151      3966      1111      3884
      1176        45         2         1         7         8
      1111      3966      1151      3967      1152      3968      1112      3886
      1177        45         2         1         7         8
      1112      3968      1152      3969      1153      3970      1113      3888
      1178        45         2         1         7         8
      1113      3970      1153      3971      1154      3972      1114      3890
      1179        45         2         1         7         8
      1114      3972      1154      3973      1155      3974      1115      3892
      1180        45         2         1         7         8
      1115      3974      1155      3975      1156      3976      1116      3894
      1181        45         2         1         7         8
      1116      3976      1156      3977      1157      3978      1117      3896
      1182        45         2         1         7         8
      1117      3978      1157      3979      1158      3980      1118      3898
      1183        45         2         1         7         8
      1118      3980      1158      3981      1159      3982      1119      3900
      1184        45         2         1         7         8
      1119      3982      1159      3983      1160      3984      1120      3902
      1185        45         2         1         7         8
      1120      3984      1160      3985      1161      3986      1121      3904
      1186        45         2         1         7         8
      1121      3986      1161      3987      1162      3988      1122      3906
      1187        45         2         1         7         8
      1122      3988      1162      3989      1163      3990      1123      3908
      1188        45         2         1         7         8
      1123      3990      1163      3991      1164      3992      1124      3910
      1189        45         2         1         7         8
      1124      3992      1164      3993      1165      3994      1125      3912
      1190        45         2         1         7         8
      1125      3994      1165      3995      1166      3996      1126      3914
      1191        45         2         1         7         8
      1126      3996      1166      3997      1167      3998      1127      3916
      1192        45         2         1         7         8
      1127      3998      1167      3999        68      1990        67      3918
      1193        45         2         1         7         8
        68      1991        69      4000      1168      4001      1128      3919
      1194        45         2         1         7         8
      1128      4001      1168      4002      1169      4003      1129      3921
      1195        45         2         1         7         8
      1129      4003      1169      4004      1170      4005      1130      3923
      1196        45         2         1         7         8
      1130      4005      1170      4006      1171      4007      1131      3925
      1197        45         2         1         7         8
      1131      4007      1171      4008      1172      4009      1132      3927
      1198        45         2         1         7         8
      1132      4009      1172      4010      1173      4011      1133      3929
      1199        45         2         1         7         8
      1133      4011      1173      4012      1174      4013      1134      3931
      1200        45         2         1         7         8
      1134      4013      1174      4014      1175      4015      1135      3933
      1201        45         2         1         7         8
      1135      4015      1175      4016      1176      4017      1136      3935
      1202        45         2         1         7         8
      1136      4017      1176      4018      1177      4019      1137      3937
      1203        45         2         1         7         8
      1137      4019      1177      4020      1178      4021      1138      3939
      1204        45         2         1         7         8
      1138      4021      1178      4022      1179      4023      1139      3941
      1205        45         2         1         7         8
      1139      4023      1179      4024      1180      4025      1140      3943
      1206        45         2         1         7         8
      1140      4025      1180      4026      1181      4027      1141      3945
      1207        45         2         1         7         8
      1141      4027      1181      4028      1182      4029      1142      3947
      1208        45         2         1         7         8
      1142      4029      1182      4030      1183      4031      1143      3949
      1209        45         2         1         7         8
      1143      4031      1183      4032      1184      4033      1144      3951
      1210        45         2         1         7         8
      1144      4033      1184      4034      1185      4035      1145      3953
      1211        45         2         1         7         8
      1145      4035      1185      4036      1186      4037      1146      3955
      1212        45         2         1         7         8
      1146      4037      1186      4038      1187      4039      1147      3957
      1213        45         2         1         7         8
      1147      4039      1187      4040      1188      4041      1148      3959
      1214        45         2         1         7         8
      1148      4041      1188      4042      1189      4043      1149      3961
      1215        45         2         1         7         8
      1149      4043      1189      4044      1190      4045      1150      3963
      1216        45         2         1         7         8
      1150      4045      1190      4046      1191      4047      1151      3965
      1217        45         2         1         7         8
      1151      4047      1191      4048      1192      4049      1152      3967
      1218        45         2         1         7         8
      1152      4049      1192      4050      1193      4051      1153      3969
      1219        45         2         1         7         8
      1153      4051      1193      4052      1194      4053      1154      3971
      1220        45         2         1         7         8
      1154      4053      1194      4054      1195      4055      1155      3973
      1221        45         2         1         7         8
      1155      4055      1195      4056      1196      4057      1156      3975
      1222        45         2         1         7         8
      1156      4057      1196      4058      1197      4059      1157      3977
      1223        45         2         1         7         8
      1157      4059      1197      4060      1198      4061      1158      3979
      1224        45         2         1         7         8
      1158      4061      1198      4062      1199      4063      1159      3981
      1225        45         2         1         7         8
      1159      4063      1199      4064      1200      4065      1160      3983
      1226        45         2         1         7         8
      1160      4065      1200      4066      1201      4067      1161      3985
      1227        45         2         1         7         8
      1161      4067      1201      4068      1202      4069      1162      3987
      1228        45         2         1         7         8
      1162      4069      1202      4070      1203      4071      1163      3989
      1229        45         2         1         7         8
      1163      4071      1203      4072      1204      4073      1164      3991
      1230        45         2         1         7         8
      1164      4073      1204      4074      1205      4075      1165      3993
      1231        45         2         1         7         8
      1165      4075      1205      4076      1206      4077      1166      3995
      1232        45         2         1         7         8
      1166      4077      1206      4078      1207      4079      1167      3997
      1233        45         2         1         7         8
      1167      4079      1207      4080        69      1991        68      3999
      1234        45         2         1         7         8
        69      1992        70      4081      1208      4082      1168      4000
      1235        45         2         1         7         8
      1168      4082      1208      4083      1209      4084      1169      4002
      1236        45         2         1         7         8
      1169      4084      1209      4085      1210      4086      1170      4004
      1237        45         2         1         7         8
      1170      4086      1210      4087      1211      4088      1171      4006
      1238        45         2         1         7         8
      1171      4088      1211      4089      1212      4090      1172      4008
      1239        45         2         1         7         8
      1172      4090      1212      4091      1213      4092      1173      4010
      1240        45         2         1         7         8
      1173      4092      1213      4093      1214      4094      1174      4012
      1241        45         2         1         7         8
      1174      4094      1214      4095      1215      4096      1175      4014
      1242        45         2         1         7         8
      1175      4096      1215      4097      1216      4098      1176      4016
      1243        45         2         1         7         8
      1176      4098      1216      4099      1217      4100      1177      4018
      1244        45         2         1         7         8
      1177      4100      1217      4101      1218      4102      1178      4020
      1245        45         2         1         7         8
      1178      4102      1218      4103      1219      4104      1179      4022
      1246        45         2         1         7         8
      1179      4104      1219      4105      1220      4106      1180      4024
      1247        45         2         1         7         8
      1180      4106      1220      4107      1221      4108      1181      4026
      1248        45         2         1         7         8
      1181      4108      1221      4109      1222      4110      1182      4028
      1249        45         2         1         7         8
      1182      4110      1222      4111      1223      4112      1183      4030
      1250        45         2         1         7         8
      1183      4112      1223      4113      1224      4114      1184      4032
      1251        45         2         1         7         8
      1184      4114      1224      4115      1225      4116      1185      4034
      1252        45         2         1         7         8
      1185      4116      1225      4117      1226      4118      1186      4036
      1253        45         2         1         7         8
      1186      4118      1226      4119      1227      4120      1187      4038
      1254        45         2         1         7         8
      1187      4120      1227      4121      1228      4122      1188      4040
      1255        45         2         1         7         8
      1188      4122      1228      4123      1229      4124      1189      4042
      1256        45         2         1         7         8
      1189      4124      1229      4125      1230      4126      1190      4044
      1257        45         2         1         7         8
      1190      4126      1230      4127      1231      4128      1191      4046
      1258        45         2         1         7         8
      1191      4128      1231      4129      1232      4130      1192      4048
      1259        45         2         1         7         8
      1192      4130      1232      4131      1233      4132      1193      4050
      1260        45         2         1         7         8
      1193      4132      1233      4133      1234      4134      1194      4052
      1261        45         2         1         7         8
      1194      4134      1234      4135      1235      4136      1195      4054
      1262        45         2         1         7         8
      1195      4136      1235      4137      1236      4138      1196      4056
      1263        45         2         1         7         8
      1196      4138      1236      4139      1237      4140      1197      4058
      1264        45         2         1         7         8
      1197      4140      1237      4141      1238      4142      1198      4060
      1265        45         2         1         7         8
      1198      4142      1238      4143      1239      4144      1199      4062
      1266        45         2         1         7         8
      1199      4144      1239      4145      1240      4146      1200      4064
      1267        45         2         1         7         8
      1200      4146      1240      4147      1241      4148      1201      4066
      1268        45         2         1         7         8
      1201      4148      1241      4149      1242      4150      1202      4068
      1269        45         2         1         7         8
      1202      4150      1242      4151      1243      4152      1203      4070
      1270        45         2         1         7         8
      1203      4152      1243      4153      1244      4154      1204      4072
      1271        45         2         1         7         8
      1204      4154      1244      4155      1245      4156      1205      4074
      1272        45         2         1         7         8
      1205      4156      1245      4157      1246      4158      1206      4076
      1273        45         2         1         7         8
      1206      4158      1246      4159      1247      4160      1207      4078
      1274        45         2         1         7         8
      1207      4160      1247      4161        70      1992        69      4080
      1275        45         2         1         7         8
        70      1993        71      4162      1248      4163      1208      4081
      1276        45         2         1         7         8
      1208      4163      1248      4164      1249      4165      1209      4083
      1277        45         2         1         7         8
      1209      4165      1249      4166      1250      4167      1210      4085
      1278        45         2         1         7         8
      1210      4167      1250      4168      1251      4169      1211      4087
      1279        45         2         1         7         8
      1211      4169      1251      4170      1252      4171      1212      4089
      1280        45         2         1         7         8
      1212      4171      1252      4172      1253      4173      1213      4091
      1281        45         2         1         7         8
      1213      4173      1253      4174      1254      4175      1214      4093
      1282        45         2         1         7         8
      1214      4175      1254      4176      1255      4177      1215      4095
      1283        45         2         1         7         8
      1215      4177      1255      4178      1256      4179      1216      4097
      1284        45         2         1         7         8
      1216      4179      1256      4180      1257      4181      1217      4099
      1285        45         2         1         7         8
      1217      4181      1257      4182      1258      4183      1218      4101
      1286        45         2         1         7         8
      1218      4183      1258      4184      1259      4185      1219      4103
      1287        45         2         1         7         8
      1219      4185      1259      4186      1260      4187      1220      4105
      1288        45         2         1         7         8
      1220      4187      1260      4188      1261      4189      1221      4107
      1289        45         2         1         7         8
      1221      4189      1261      4190      1262      4191      1222      4109
      1290        45         2         1         7         8
      1222      4191      1262      4192      1263      4193      1223      4111
      1291        45         2         1         7         8
      1223      4193      1263      4194      1264      4195      1224      4113
      1292        45         2         1         7         8
      1224      4195      1264      4196      1265      4197      1225      4115
      1293        45         2         1         7         8
      1225      4197      1265      4198      1266      4199      1226      4117
      1294        45         2         1         7         8
      1226      4199      1266      4200      1267      4201      1227      4119
      1295        45         2         1         7         8
      1227      4201      1267      4202      1268      4203      1228      4121
      1296        45         2         1         7         8
      1228      4203      1268      4204      1269      4205      1229      4123
      1297        45         2         1         7         8
      1229      4205      1269      4206      1270      4207      1230      4125
      1298        45         2         1         7         8
      1230      4207      1270      4208      1271      4209      1231      4127
      1299        45         2         1         7         8
      1231      4209      1271      4210      1272      4211      1232      4129
      1300        45         2         1         7         8
      1232      4211      1272      4212      1273      4213      1233      4131
      1301        45         2         1         7         8
      1233      4213      1273      4214      1274      4215      1234      4133
      1302        45         2         1         7         8
      1234      4215      1274      4216      1275      4217      1235      4135
      1303        45         2         1         7         8
      1235      4217      1275      4218      1276      4219      1236      4137
      1304        45         2         1         7         8
      1236      4219      1276      4220      1277      4221      1237      4139
      1305        45         2         1         7         8
      1237      4221      1277      4222      1278      4223      1238      4141
      1306        45         2         1         7         8
      1238      4223      1278      4224      1279      4225      1239      4143
      1307        45         2         1         7         8
      1239      4225      1279      4226      1280      4227      1240      4145
      1308        45         2         1         7         8
      1240      4227      1280      4228      1281      4229      1241      4147
      1309        45         2         1         7         8
      1241      4229      1281      4230      1282      4231      1242      4149
      1310        45         2         1         7         8
      1242      4231      1282      4232      1283      4233      1243      4151
      1311        45         2         1         7         8
      1243      4233      1283      4234      1284      4235      1244      4153
      1312        45         2         1         7         8
      1244      4235      1284      4236      1285      4237      1245      4155
      1313        45         2         1         7         8
      1245      4237      1285      4238      1286      4239      1246      4157
      1314        45         2         1         7         8
      1246      4239      1286      4240      1287      4241      1247      4159
      1315        45         2         1         7         8
      1247      4241      1287      4242        71      1993        70      4161
      1316        45         2         1         7         8
        71      1994        72      4243      1288      4244      1248      4162
      1317        45         2         1         7         8
      1248      4244      1288      4245      1289      4246      1249      4164
      1318        45         2         1         7         8
      1249      4246      1289      4247      1290      4248      1250      4166
      1319        45         2         1         7         8
      1250      4248      1290      4249      1291      4250      1251      4168
      1320        45         2         1         7         8
      1251      4250      1291      4251      1292      4252      1252      4170
      1321        45         2         1         7         8
      1252      4252      1292      4253      1293      4254      1253      4172
      1322        45         2         1         7         8
      1253      4254      1293      4255      1294      4256      1254      4174
      1323        45         2         1         7         8
      1254      4256      1294      4257      1295      4258      1255      4176
      1324        45         2         1         7         8
      1255      4258      1295      4259      1296      4260      1256      4178
      1325        45         2         1         7         8
      1256      4260      1296      4261      1297      4262      1257      4180
      1326        45         2         1         7         8
      1257      4262      1297      4263      1298      4264      1258      4182
      1327        45         2         1         7         8
      1258      4264      1298      4265      1299      4266      1259      4184
      1328        45         2         1         7         8
      1259      4266      1299      4267      1300      4268      1260      4186
      1329        45         2         1         7         8
      1260      4268      1300      4269      1301      4270      1261      4188
      1330        45         2         1         7         8
      1261      4270      1301      4271      1302      4272      1262      4190
      1331        45         2         1         7         8
      1262      4272      1302      4273      1303      4274      1263      4192
      1332        45         2         1         7         8
      1263      4274      1303      4275      1304      4276      1264      4194
      1333        45         2         1         7         8
      1264      4276      1304      4277      1305      4278      1265      4196
      1334        45         2         1         7         8
      1265      4278      1305      4279      1306      4280      1266      4198
      1335        45         2         1         7         8
      1266      4280      1306      4281      1307      4282      1267      4200
      1336        45         2         1         7         8
      1267      4282      1307      4283      1308      4284      1268      4202
      1337        45         2         1         7         8
      1268      4284      1308      4285      1309      4286      1269      4204
      1338        45         2         1         7         8
      1269      4286      1309      4287      1310      4288      1270      4206
      1339        45         2         1         7         8
      1270      4288      1310      4289      1311      4290      1271      4208
      1340        45         2         1         7         8
      1271      4290      1311      4291      1312      4292      1272      4210
      1341        45         2         1         7         8
      1272      4292      1312      4293      1313      4294      1273      4212
      1342        45         2         1         7         8
      1273      4294      1313      4295      1314      4296      1274      4214
      1343        45         2         1         7         8
      1274      4296      1314      4297      1315      4298      1275      4216
      1344        45         2         1         7         8
      1275      4298      1315      4299      1316      4300      1276      4218
      1345        45         2         1         7         8
      1276      4300      1316      4301      1317      4302      1277      4220
      1346        45         2         1         7         8
      1277      4302      1317      4303      1318      4304      1278      4222
      1347        45         2         1         7         8
      1278      4304      1318      4305      1319      4306      1279      4224
      1348        45         2         1         7         8
      1279      4306      1319      4307      1320      4308      1280      4226
      1349        45         2         1         7         8
      1280      4308      1320      4309      1321      4310      1281      4228
      1350        45         2         1         7         8
      1281      4310      1321      4311      1322      4312      1282      4230
      1351        45         2         1         7         8
      1282      4312      1322      4313      1323      4314      1283      4232
      1352        45         2         1         7         8
      1283      4314      1323      4315      1324      4316      1284      4234
      1353        45         2         1         7         8
      1284      4316      1324      4317      1325      4318      1285      4236
      1354        45         2         1         7         8
      1285      4318      1325      4319      1326      4320      1286      4238
      1355        45         2         1         7         8
      1286      4320      1326      4321      1327      4322      1287      4240
      1356        45         2         1         7         8
      1287      4322      1327      4323        72      1994        71      4242
      1357        45         2         1         7         8
        72      1995        73      4324      1328      4325      1288      4243
      1358        45         2         1         7         8
      1288      4325      1328      4326      1329      4327      1289      4245
      1359        45         2         1         7         8
      1289      4327      1329      4328      1330      4329      1290      4247
      1360        45         2         1         7         8
      1290      4329      1330      4330      1331      4331      1291      4249
      1361        45         2         1         7         8
      1291      4331      1331      4332      1332      4333      1292      4251
      1362        45         2         1         7         8
      1292      4333      1332      4334      1333      4335      1293      4253
      1363        45         2         1         7         8
      1293      4335      1333      4336      1334      4337      1294      4255
      1364        45         2         1         7         8
      1294      4337      1334      4338      1335      4339      1295      4257
      1365        45         2         1         7         8
      1295      4339      1335      4340      1336      4341      1296      4259
      1366        45         2         1         7         8
      1296      4341      1336      4342      1337      4343      1297      4261
      1367        45         2         1         7         8
      1297      4343      1337      4344      1338      4345      1298      4263
      1368        45         2         1         7         8
      1298      4345      1338      4346      1339      4347      1299      4265
      1369        45         2         1         7         8
      1299      4347      1339      4348      1340      4349      1300      4267
      1370        45         2         1         7         8
      1300      4349      1340      4350      1341      4351      1301      4269
      1371        45         2         1         7         8
      1301      4351      1341      4352      1342      4353      1302      4271
      1372        45         2         1         7         8
      1302      4353      1342      4354      1343      4355      1303      4273
      1373        45         2         1         7         8
      1303      4355      1343      4356      1344      4357      1304      4275
      1374        45         2         1         7         8
      1304      4357      1344      4358      1345      4359      1305      4277
      1375        45         2         1         7         8
      1305      4359      1345      4360      1346      4361      1306      4279
      1376        45         2         1         7         8
      1306      4361      1346      4362      1347      4363      1307      4281
      1377        45         2         1         7         8
      1307      4363      1347      4364      1348      4365      1308      4283
      1378        45         2         1         7         8
      1308      4365      1348      4366      1349      4367      1309      4285
      1379        45         2         1         7         8
      1309      4367      1349      4368      1350      4369      1310      4287
      1380        45         2         1         7         8
      1310      4369      1350      4370      1351      4371      1311      4289
      1381        45         2         1         7         8
      1311      4371      1351      4372      1352      4373      1312      4291
      1382        45         2         1         7         8
      1312      4373      1352      4374      1353      4375      1313      4293
      1383        45         2         1         7         8
      1313      4375      1353      4376      1354      4377      1314      4295
      1384        45         2         1         7         8
      1314      4377      1354      4378      1355      4379      1315      4297
      1385        45         2         1         7         8
      1315      4379      1355      4380      1356      4381      1316      4299
      1386        45         2         1         7         8
      1316      4381      1356      4382      1357      4383      1317      4301
      1387        45         2         1         7         8
      1317      4383      1357      4384      1358      4385      1318      4303
      1388        45         2         1         7         8
      1318      4385      1358      4386      1359      4387      1319      4305
      1389        45         2         1         7         8
      1319      4387      1359      4388      1360      4389      1320      4307
      1390        45         2         1         7         8
      1320      4389      1360      4390      1361      4391      1321      4309
      1391        45         2         1         7         8
      1321      4391      1361      4392      1362      4393      1322      4311
      1392        45         2         1         7         8
      1322      4393      1362      4394      1363      4395      1323      4313
      1393        45         2         1         7         8
      1323      4395      1363      4396      1364      4397      1324      4315
      1394        45         2         1         7         8
      1324      4397      1364      4398      1365      4399      1325      4317
      1395        45         2         1         7         8
      1325      4399      1365      4400      1366      4401      1326      4319
      1396        45         2         1         7         8
      1326      4401      1366      4402      1367      4403      1327      4321
      1397        45         2         1         7         8
      1327      4403      1367      4404        73      1995        72      4323
      1398        45         2         1         7         8
        73      1996        74      4405      1368      4406      1328      4324
      1399        45         2         1         7         8
      1328      4406      1368      4407      1369      4408      1329      4326
      1400        45         2         1         7         8
      1329      4408      1369      4409      1370      4410      1330      4328
      1401        45         2         1         7         8
      1330      4410      1370      4411      1371      4412      1331      4330
      1402        45         2         1         7         8
      1331      4412      1371      4413      1372      4414      1332      4332
      1403        45         2         1         7         8
      1332      4414      1372      4415      1373      4416      1333      4334
      1404        45         2         1         7         8
      1333      4416      1373      4417      1374      4418      1334      4336
      1405        45         2         1         7         8
      1334      4418      1374      4419      1375      4420      1335      4338
      1406        45         2         1         7         8
      1335      4420      1375      4421      1376      4422      1336      4340
      1407        45         2         1         7         8
      1336      4422      1376      4423      1377      4424      1337      4342
      1408        45         2         1         7         8
      1337      4424      1377      4425      1378      4426      1338      4344
      1409        45         2         1         7         8
      1338      4426      1378      4427      1379      4428      1339      4346
      1410        45         2         1         7         8
      1339      4428      1379      4429      1380      4430      1340      4348
      1411        45         2         1         7         8
      1340      4430      1380      4431      1381      4432      1341      4350
      1412        45         2         1         7         8
      1341      4432      1381      4433      1382      4434      1342      4352
      1413        45         2         1         7         8
      1342      4434      1382      4435      1383      4436      1343      4354
      1414        45         2         1         7         8
      1343      4436      1383      4437      1384      4438      1344      4356
      1415        45         2         1         7         8
      1344      4438      1384      4439      1385      4440      1345      4358
      1416        45         2         1         7         8
      1345      4440      1385      4441      1386      4442      1346      4360
      1417        45         2         1         7         8
      1346      4442      1386      4443      1387      4444      1347      4362
      1418        45         2         1         7         8
      1347      4444      1387      4445      1388      4446      1348      4364
      1419        45         2         1         7         8
      1348      4446      1388      4447      1389      4448      1349      4366
      1420        45         2         1         7         8
      1349      4448      1389      4449      1390      4450      1350      4368
      1421        45         2         1         7         8
      1350      4450      1390      4451      1391      4452      1351      4370
      1422        45         2         1         7         8
      1351      4452      1391      4453      1392      4454      1352      4372
      1423        45         2         1         7         8
      1352      4454      1392      4455      1393      4456      1353      4374
      1424        45         2         1         7         8
      1353      4456      1393      4457      1394      4458      1354      4376
      1425        45         2         1         7         8
      1354      4458      1394      4459      1395      4460      1355      4378
      1426        45         2         1         7         8
      1355      4460      1395      4461      1396      4462      1356      4380
      1427        45         2         1         7         8
      1356      4462      1396      4463      1397      4464      1357      4382
      1428        45         2         1         7         8
      1357      4464      1397      4465      1398      4466      1358      4384
      1429        45         2         1         7         8
      1358      4466      1398      4467      1399      4468      1359      4386
      1430        45         2         1         7         8
      1359      4468      1399      4469      1400      4470      1360      4388
      1431        45         2         1         7         8
      1360      4470      1400      4471      1401      4472      1361      4390
      1432        45         2         1         7         8
      1361      4472      1401      4473      1402      4474      1362      4392
      1433        45         2         1         7         8
      1362      4474      1402      4475      1403      4476      1363      4394
      1434        45         2         1         7         8
      1363      4476      1403      4477      1404      4478      1364      4396
      1435        45         2         1         7         8
      1364      4478      1404      4479      1405      4480      1365      4398
      1436        45         2         1         7         8
      1365      4480      1405      4481      1406      4482      1366      4400
      1437        45         2         1         7         8
      1366      4482      1406      4483      1407      4484      1367      4402
      1438        45         2         1         7         8
      1367      4484      1407      4485        74      1996        73      4404
      1439        45         2         1         7         8
        74      1997        75      4486      1408      4487      1368      4405
      1440        45         2         1         7         8
      1368      4487      1408      4488      1409      4489      1369      4407
      1441        45         2         1         7         8
      1369      4489      1409      4490      1410      4491      1370      4409
      1442        45         2         1         7         8
      1370      4491      1410      4492      1411      4493      1371      4411
      1443        45         2         1         7         8
      1371      4493      1411      4494      1412      4495      1372      4413
      1444        45         2         1         7         8
      1372      4495      1412      4496      1413      4497      1373      4415
      1445        45         2         1         7         8
      1373      4497      1413      4498      1414      4499      1374      4417
      1446        45         2         1         7         8
      1374      4499      1414      4500      1415      4501      1375      4419
      1447        45         2         1         7         8
      1375      4501      1415      4502      1416      4503      1376      4421
      1448        45         2         1         7         8
      1376      4503      1416      4504      1417      4505      1377      4423
      1449        45         2         1         7         8
      1377      4505      1417      4506      1418      4507      1378      4425
      1450        45         2         1         7         8
      1378      4507      1418      4508      1419      4509      1379      4427
      1451        45         2         1         7         8
      1379      4509      1419      4510      1420      4511      1380      4429
      1452        45         2         1         7         8
      1380      4511      1420      4512      1421      4513      1381      4431
      1453        45         2         1         7         8
      1381      4513      1421      4514      1422      4515      1382      4433
      1454        45         2         1         7         8
      1382      4515      1422      4516      1423      4517      1383      4435
      1455        45         2         1         7         8
      1383      4517      1423      4518      1424      4519      1384      4437
      1456        45         2         1         7         8
      1384      4519      1424      4520      1425      4521      1385      4439
      1457        45         2         1         7         8
      1385      4521      1425      4522      1426      4523      1386      4441
      1458        45         2         1         7         8
      1386      4523      1426      4524      1427      4525      1387      4443
      1459        45         2         1         7         8
      1387      4525      1427      4526      1428      4527      1388      4445
      1460        45         2         1         7         8
      1388      4527      1428      4528      1429      4529      1389      4447
      1461        45         2         1         7         8
      1389      4529      1429      4530      1430      4531      1390      4449
      1462        45         2         1         7         8
      1390      4531      1430      4532      1431      4533      1391      4451
      1463        45         2         1         7         8
      1391      4533      1431      4534      1432      4535      1392      4453
      1464        45         2         1         7         8
      1392      4535      1432      4536      1433      4537      1393      4455
      1465        45         2         1         7         8
      1393      4537      1433      4538      1434      4539      1394      4457
      1466        45         2         1         7         8
      1394      4539      1434      4540      1435      4541      1395      4459
      1467        45         2         1         7         8
      1395      4541      1435      4542      1436      4543      1396      4461
      1468        45         2         1         7         8
      1396      4543      1436      4544      1437      4545      1397      4463
      1469        45         2         1         7         8
      1397      4545      1437      4546      1438      4547      1398      4465
      1470        45         2         1         7         8
      1398      4547      1438      4548      1439      4549      1399      4467
      1471        45         2         1         7         8
      1399      4549      1439      4550      1440      4551      1400      4469
      1472        45         2         1         7         8
      1400      4551      1440      4552      1441      4553      1401      4471
      1473        45         2         1         7         8
      1401      4553      1441      4554      1442      4555      1402      4473
      1474        45         2         1         7         8
      1402      4555      1442      4556      1443      4557      1403      4475
      1475        45         2         1         7         8
      1403      4557      1443      4558      1444      4559      1404      4477
      1476        45         2         1         7         8
      1404      4559      1444      4560      1445      4561      1405      4479
      1477        45         2         1         7         8
      1405      4561      1445      4562      1446      4563      1406      4481
      1478        45         2         1         7         8
      1406      4563      1446      4564      1447      4565      1407      4483
      1479        45         2         1         7         8
      1407      4565      1447      4566        75      1997        74      4485
      1480        45         2         1         7         8
        75      1998        76      4567      1448      4568      1408      4486
      1481        45         2         1         7         8
      1408      4568      1448      4569      1449      4570      1409      4488
      1482        45         2         1         7         8
      1409      4570      1449      4571      1450      4572      1410      4490
      1483        45         2         1         7         8
      1410      4572      1450      4573      1451      4574      1411      4492
      1484        45         2         1         7         8
      1411      4574      1451      4575      1452      4576      1412      4494
      1485        45         2         1         7         8
      1412      4576      1452      4577      1453      4578      1413      4496
      1486        45         2         1         7         8
      1413      4578      1453      4579      1454      4580      1414      4498
      1487        45         2         1         7         8
      1414      4580      1454      4581      1455      4582      1415      4500
      1488        45         2         1         7         8
      1415      4582      1455      4583      1456      4584      1416      4502
      1489        45         2         1         7         8
      1416      4584      1456      4585      1457      4586      1417      4504
      1490        45         2         1         7         8
      1417      4586      1457      4587      1458      4588      1418      4506
      1491        45         2         1         7         8
      1418      4588      1458      4589      1459      4590      1419      4508
      1492        45         2         1         7         8
      1419      4590      1459      4591      1460      4592      1420      4510
      1493        45         2         1         7         8
      1420      4592      1460      4593      1461      4594      1421      4512
      1494        45         2         1         7         8
      1421      4594      1461      4595      1462      4596      1422      4514
      1495        45         2         1         7         8
      1422      4596      1462      4597      1463      4598      1423      4516
      1496        45         2         1         7         8
      1423      4598      1463      4599      1464      4600      1424      4518
      1497        45         2         1         7         8
      1424      4600      1464      4601      1465      4602      1425      4520
      1498        45         2         1         7         8
      1425      4602      1465      4603      1466      4604      1426      4522
      1499        45         2         1         7         8
      1426      4604      1466      4605      1467      4606      1427      4524
      1500        45         2         1         7         8
      1427      4606      1467      4607      1468      4608      1428      4526
      1501        45         2         1         7         8
      1428      4608      1468      4609      1469      4610      1429      4528
      1502        45         2         1         7         8
      1429      4610      1469      4611      1470      4612      1430      4530
      1503        45         2         1         7         8
      1430      4612      1470      4613      1471      4614      1431      4532
      1504        45         2         1         7         8
      1431      4614      1471      4615      1472      4616      1432      4534
      1505        45         2         1         7         8
      1432      4616      1472      4617      1473      4618      1433      4536
      1506        45         2         1         7         8
      1433      4618      1473      4619      1474      4620      1434      4538
      1507        45         2         1         7         8
      1434      4620      1474      4621      1475      4622      1435      4540
      1508        45         2         1         7         8
      1435      4622      1475      4623      1476      4624      1436      4542
      1509        45         2         1         7         8
      1436      4624      1476      4625      1477      4626      1437      4544
      1510        45         2         1         7         8
      1437      4626      1477      4627      1478      4628      1438      4546
      1511        45         2         1         7         8
      1438      4628      1478      4629      1479      4630      1439      4548
      1512        45         2         1         7         8
      1439      4630      1479      4631      1480      4632      1440      4550
      1513        45         2         1         7         8
      1440      4632      1480      4633      1481      4634      1441      4552
      1514        45         2         1         7         8
      1441      4634      1481      4635      1482      4636      1442      4554
      1515        45         2         1         7         8
      1442      4636      1482      4637      1483      4638      1443      4556
      1516        45         2         1         7         8
      1443      4638      1483      4639      1484      4640      1444      4558
      1517        45         2         1         7         8
      1444      4640      1484      4641      1485      4642      1445      4560
      1518        45         2         1         7         8
      1445      4642      1485      4643      1486      4644      1446      4562
      1519        45         2         1         7         8
      1446      4644      1486      4645      1487      4646      1447      4564
      1520        45         2         1         7         8
      1447      4646      1487      4647        76      1998        75      4566
      1521        45         2         1         7         8
        76      1999        77      4648      1488      4649      1448      4567
      1522        45         2         1         7         8
      1448      4649      1488      4650      1489      4651      1449      4569
      1523        45         2         1         7         8
      1449      4651      1489      4652      1490      4653      1450      4571
      1524        45         2         1         7         8
      1450      4653      1490      4654      1491      4655      1451      4573
      1525        45         2         1         7         8
      1451      4655      1491      4656      1492      4657      1452      4575
      1526        45         2         1         7         8
      1452      4657      1492      4658      1493      4659      1453      4577
      1527        45         2         1         7         8
      1453      4659      1493      4660      1494      4661      1454      4579
      1528        45         2         1         7         8
      1454      4661      1494      4662      1495      4663      1455      4581
      1529        45         2         1         7         8
      1455      4663      1495      4664      1496      4665      1456      4583
      1530        45         2         1         7         8
      1456      4665      1496      4666      1497      4667      1457      4585
      1531        45         2         1         7         8
      1457      4667      1497      4668      1498      4669      1458      4587
      1532        45         2         1         7         8
      1458      4669      1498      4670      1499      4671      1459      4589
      1533        45         2         1         7         8
      1459      4671      1499      4672      1500      4673      1460      4591
      1534        45         2         1         7         8
      1460      4673      1500      4674      1501      4675      1461      4593
      1535        45         2         1         7         8
      1461      4675      1501      4676      1502      4677      1462      4595
      1536        45         2         1         7         8
      1462      4677      1502      4678      1503      4679      1463      4597
      1537        45         2         1         7         8
      1463      4679      1503      4680      1504      4681      1464      4599
      1538        45         2         1         7         8
      1464      4681      1504      4682      1505      4683      1465      4601
      1539        45         2         1         7         8
      1465      4683      1505      4684      1506      4685      1466      4603
      1540        45         2         1         7         8
      1466      4685      1506      4686      1507      4687      1467      4605
      1541        45         2         1         7         8
      1467      4687      1507      4688      1508      4689      1468      4607
      1542        45         2         1         7         8
      1468      4689      1508      4690      1509      4691      1469      4609
      1543        45         2         1         7         8
      1469      4691      1509      4692      1510      4693      1470      4611
      1544        45         2         1         7         8
      1470      4693      1510      4694      1511      4695      1471      4613
      1545        45         2         1         7         8
      1471      4695      1511      4696      1512      4697      1472      4615
      1546        45         2         1         7         8
      1472      4697      1512      4698      1513      4699      1473      4617
      1547        45         2         1         7         8
      1473      4699      1513      4700      1514      4701      1474      4619
      1548        45         2         1         7         8
      1474      4701      1514      4702      1515      4703      1475      4621
      1549        45         2         1         7         8
      1475      4703      1515      4704      1516      4705      1476      4623
      1550        45         2         1         7         8
      1476      4705      1516      4706      1517      4707      1477      4625
      1551        45         2         1         7         8
      1477      4707      1517      4708      1518      4709      1478      4627
      1552        45         2         1         7         8
      1478      4709      1518      4710      1519      4711      1479      4629
      1553        45         2         1         7         8
      1479      4711      1519      4712      1520      4713      1480      4631
      1554        45         2         1         7         8
      1480      4713      1520      4714      1521      4715      1481      4633
      1555        45         2         1         7         8
      1481      4715      1521      4716      1522      4717      1482      4635
      1556        45         2         1         7         8
      1482      4717      1522      4718      1523      4719      1483      4637
      1557        45         2         1         7         8
      1483      4719      1523      4720      1524      4721      1484      4639
      1558        45         2         1         7         8
      1484      4721      1524      4722      1525      4723      1485      4641
      1559        45         2         1         7         8
      1485      4723      1525      4724      1526      4725      1486      4643
      1560        45         2         1         7         8
      1486      4725      1526      4726      1527      4727      1487      4645
      1561        45         2         1         7         8
      1487      4727      1527      4728        77      1999        76      4647
      1562        45         2         1         7         8
        77      2000        78      4729      1528      4730      1488      4648
      1563        45         2         1         7         8
      1488      4730      1528      4731      1529      4732      1489      4650
      1564        45         2         1         7         8
      1489      4732      1529      4733      1530      4734      1490      4652
      1565        45         2         1         7         8
      1490      4734      1530      4735      1531      4736      1491      4654
      1566        45         2         1         7         8
      1491      4736      1531      4737      1532      4738      1492      4656
      1567        45         2         1         7         8
      1492      4738      1532      4739      1533      4740      1493      4658
      1568        45         2         1         7         8
      1493      4740      1533      4741      1534      4742      1494      4660
      1569        45         2         1         7         8
      1494      4742      1534      4743      1535      4744      1495      4662
      1570        45         2         1         7         8
      1495      4744      1535      4745      1536      4746      1496      4664
      1571        45         2         1         7         8
      1496      4746      1536      4747      1537      4748      1497      4666
      1572        45         2         1         7         8
      1497      4748      1537      4749      1538      4750      1498      4668
      1573        45         2         1         7         8
      1498      4750      1538      4751      1539      4752      1499      4670
      1574        45         2         1         7         8
      1499      4752      1539      4753      1540      4754      1500      4672
      1575        45         2         1         7         8
      1500      4754      1540      4755      1541      4756      1501      4674
      1576        45         2         1         7         8
      1501      4756      1541      4757      1542      4758      1502      4676
      1577        45         2         1         7         8
      1502      4758      1542      4759      1543      4760      1503      4678
      1578        45         2         1         7         8
      1503      4760      1543      4761      1544      4762      1504      4680
      1579        45         2         1         7         8
      1504      4762      1544      4763      1545      4764      1505      4682
      1580        45         2         1         7         8
      1505      4764      1545      4765      1546      4766      1506      4684
      1581        45         2         1         7         8
      1506      4766      1546      4767      1547      4768      1507      4686
      1582        45         2         1         7         8
      1507      4768      1547      4769      1548      4770      1508      4688
      1583        45         2         1         7         8
      1508      4770      1548      4771      1549      4772      1509      4690
      1584        45         2         1         7         8
      1509      4772      1549      4773      1550      4774      1510      4692
      1585        45         2         1         7         8
      1510      4774      1550      4775      1551      4776      1511      4694
      1586        45         2         1         7         8
      1511      4776      1551      4777      1552      4778      1512      4696
      1587        45         2         1         7         8
      1512      4778      1552      4779      1553      4780      1513      4698
      1588        45         2         1         7         8
      1513      4780      1553      4781      1554      4782      1514      4700
      1589        45         2         1         7         8
      1514      4782      1554      4783      1555      4784      1515      4702
      1590        45         2         1         7         8
      1515      4784      1555      4785      1556      4786      1516      4704
      1591        45         2         1         7         8
      1516      4786      1556      4787      1557      4788      1517      4706
      1592        45         2         1         7         8
      1517      4788      1557      4789      1558      4790      1518      4708
      1593        45         2         1         7         8
      1518      4790      1558      4791      1559      4792      1519      4710
      1594        45         2         1         7         8
      1519      4792      1559      4793      1560      4794      1520      4712
      1595        45         2         1         7         8
      1520      4794      1560      4795      1561      4796      1521      4714
      1596        45         2         1         7         8
      1521      4796      1561      4797      1562      4798      1522      4716
      1597        45         2         1         7         8
      1522      4798      1562      4799      1563      4800      1523      4718
      1598        45         2         1         7         8
      1523      4800      1563      4801      1564      4802      1524      4720
      1599        45         2         1         7         8
      1524      4802      1564      4803      1565      4804      1525      4722
      1600        45         2         1         7         8
      1525      4804      1565      4805      1566      4806      1526      4724
      1601        45         2         1         7         8
      1526      4806      1566      4807      1567      4808      1527      4726
      1602        45         2         1         7         8
      1527      4808      1567      4809        78      2000        77      4728
      1603        45         2         1         7         8
        78      2001        79      4810      1568      4811      1528      4729
      1604        45         2         1         7         8
      1528      4811      1568      4812      1569      4813      1529      4731
      1605        45         2         1         7         8
      1529      4813      1569      4814      1570      4815      1530      4733
      1606        45         2         1         7         8
      1530      4815      1570      4816      1571      4817      1531      4735
      1607        45         2         1         7         8
      1531      4817      1571      4818      1572      4819      1532      4737
      1608        45         2         1         7         8
      1532      4819      1572      4820      1573      4821      1533      4739
      1609        45         2         1         7         8
      1533      4821      1573      4822      1574      4823      1534      4741
      1610        45         2         1         7         8
      1534      4823      1574      4824      1575      4825      1535      4743
      1611        45         2         1         7         8
      1535      4825      1575      4826      1576      4827      1536      4745
      1612        45         2         1         7         8
      1536      4827      1576      4828      1577      4829      1537      4747
      1613        45         2         1         7         8
      1537      4829      1577      4830      1578      4831      1538      4749
      1614        45         2         1         7         8
      1538      4831      1578      4832      1579      4833      1539      4751
      1615        45         2         1         7         8
      1539      4833      1579      4834      1580      4835      1540      4753
      1616        45         2         1         7         8
      1540      4835      1580      4836      1581      4837      1541      4755
      1617        45         2         1         7         8
      1541      4837      1581      4838      1582      4839      1542      4757
      1618        45         2         1         7         8
      1542      4839      1582      4840      1583      4841      1543      4759
      1619        45         2         1         7         8
      1543      4841      1583      4842      1584      4843      1544      4761
      1620        45         2         1         7         8
      1544      4843      1584      4844      1585      4845      1545      4763
      1621        45         2         1         7         8
      1545      4845      1585      4846      1586      4847      1546      4765
      1622        45         2         1         7         8
      1546      4847      1586      4848      1587      4849      1547      4767
      1623        45         2         1         7         8
      1547      4849      1587      4850      1588      4851      1548      4769
      1624        45         2         1         7         8
      1548      4851      1588      4852      1589      4853      1549      4771
      1625        45         2         1         7         8
      1549      4853      1589      4854      1590      4855      1550      4773
      1626        45         2         1         7         8
      1550      4855      1590      4856      1591      4857      1551      4775
      1627        45         2         1         7         8
      1551      4857      1591      4858      1592      4859      1552      4777
      1628        45         2         1         7         8
      1552      4859      1592      4860      1593      4861      1553      4779
      1629        45         2         1         7         8
      1553      4861      1593      4862      1594      4863      1554      4781
      1630        45         2         1         7         8
      1554      4863      1594      4864      1595      4865      1555      4783
      1631        45         2         1         7         8
      1555      4865      1595      4866      1596      4867      1556      4785
      1632        45         2         1         7         8
      1556      4867      1596      4868      1597      4869      1557      4787
      1633        45         2         1         7         8
      1557      4869      1597      4870      1598      4871      1558      4789
      1634        45         2         1         7         8
      1558      4871      1598      4872      1599      4873      1559      4791
      1635        45         2         1         7         8
      1559      4873      1599      4874      1600      4875      1560      4793
      1636        45         2         1         7         8
      1560      4875      1600      4876      1601      4877      1561      4795
      1637        45         2         1         7         8
      1561      4877      1601      4878      1602      4879      1562      4797
      1638        45         2         1         7         8
      1562      4879      1602      4880      1603      4881      1563      4799
      1639        45         2         1         7         8
      1563      4881      1603      4882      1604      4883      1564      4801
      1640        45         2         1         7         8
      1564      4883      1604      4884      1605      4885      1565      4803
      1641        45         2         1         7         8
      1565      4885      1605      4886      1606      4887      1566      4805
      1642        45         2         1         7         8
      1566      4887      1606      4888      1607      4889      1567      4807
      1643        45         2         1         7         8
      1567      4889      1607      4890        79      2001        78      4809
      1644        45         2         1         7         8
        79      2002         2      2043       119      4891      1568      4810
      1645        45         2         1         7         8
      1568      4891       119      2042       118      4892      1569      4812
      1646        45         2         1         7         8
      1569      4892       118      2041       117      4893      1570      4814
      1647        45         2         1         7         8
      1570      4893       117      2040       116      4894      1571      4816
      1648        45         2         1         7         8
      1571      4894       116      2039       115      4895      1572      4818
      1649        45         2         1         7         8
      1572      4895       115      2038       114      4896      1573      4820
      1650        45         2         1         7         8
      1573      4896       114      2037       113      4897      1574      4822
      1651        45         2         1         7         8
      1574      4897       113      2036       112      4898      1575      4824
      1652        45         2         1         7         8
      1575      4898       112      2035       111      4899      1576      4826
      1653        45         2         1         7         8
      1576      4899       111      2034       110      4900      1577      4828
      1654        45         2         1         7         8
      1577      4900       110      2033       109      4901      1578      4830
      1655        45         2         1         7         8
      1578      4901       109      2032       108      4902      1579      4832
      1656        45         2         1         7         8
      1579      4902       108      2031       107      4903      1580      4834
      1657        45         2         1         7         8
      1580      4903       107      2030       106      4904      1581      4836
      1658        45         2         1         7         8
      1581      4904       106      2029       105      4905      1582      4838
      1659        45         2         1         7         8
      1582      4905       105      2028       104      4906      1583      4840
      1660        45         2         1         7         8
      1583      4906       104      2027       103      4907      1584      4842
      1661        45         2         1         7         8
      1584      4907       103      2026       102      4908      1585      4844
      1662        45         2         1         7         8
      1585      4908       102      2025       101      4909      1586      4846
      1663        45         2         1         7         8
      1586      4909       101      2024       100      4910      1587      4848
      1664        45         2         1         7         8
      1587      4910       100      2023        99      4911      1588      4850
      1665        45         2         1         7         8
      1588      4911        99      2022        98      4912      1589      4852
      1666        45         2         1         7         8
      1589      4912        98      2021        97      4913      1590      4854
      1667        45         2         1         7         8
      1590      4913        97      2020        96      4914      1591      4856
      1668        45         2         1         7         8
      1591      4914        96      2019        95      4915      1592      4858
      1669        45         2         1         7         8
      1592      4915        95      2018        94      4916      1593      4860
      1670        45         2         1         7         8
      1593      4916        94      2017        93      4917      1594      4862
      1671        45         2         1         7         8
      1594      4917        93      2016        92      4918      1595      4864
      1672        45         2         1         7         8
      1595      4918        92      2015        91      4919      1596      4866
      1673        45         2         1         7         8
      1596      4919        91      2014        90      4920      1597      4868
      1674        45         2         1         7         8
      1597      4920        90      2013        89      4921      1598      4870
      1675        45         2         1         7         8
      1598      4921        89      2012        88      4922      1599      4872
      1676        45         2         1         7         8
      1599      4922        88      2011        87      4923      1600      4874
      1677        45         2         1         7         8
      1600      4923        87      2010        86      4924      1601      4876
      1678        45         2         1         7         8
      1601      4924        86      2009        85      4925      1602      4878
      1679        45         2         1         7         8
      1602      4925        85      2008        84      4926      1603      4880
      1680        45         2         1         7         8
      1603      4926        84      2007        83      4927      1604      4882
      1681        45         2         1         7         8
      1604      4927        83      2006        82      4928      1605      4884
      1682        45         2         1         7         8
      1605      4928        82      2005        81      4929      1606      4886
      1683        45         2         1         7         8
      1606      4929        81      2004        80      4930      1607      4888
      1684        45         2         1         7         8
      1607      4930        80      2003         2      2002        79      4890
      1685        45         2         1         7         8
         3      2085       160      4931      1608      4932       159      2084
      1686        45         2         1         7         8
       159      4932      1608      4933      1609      4934       158      2083
      1687        45         2         1         7         8
       158      4934      1609      4935      1610      4936       157      2082
      1688        45         2         1         7         8
       157      4936      1610      4937      1611      4938       156      2081
      1689        45         2         1         7         8
       156      4938      1611      4939      1612      4940       155      2080
      1690        45         2         1         7         8
       155      4940      1612      4941      1613      4942       154      2079
      1691        45         2         1         7         8
       154      4942      1613      4943      1614      4944       153      2078
      1692        45         2         1         7         8
       153      4944      1614      4945      1615      4946       152      2077
      1693        45         2         1         7         8
       152      4946      1615      4947      1616      4948       151      2076
      1694        45         2         1         7         8
       151      4948      1616      4949      1617      4950       150      2075
      1695        45         2         1         7         8
       150      4950      1617      4951      1618      4952       149      2074
      1696        45         2         1         7         8
       149      4952      1618      4953      1619      4954       148      2073
      1697        45         2         1         7         8
       148      4954      1619      4955      1620      4956       147      2072
      1698        45         2         1         7         8
       147      4956      1620      4957      1621      4958       146      2071
      1699        45         2         1         7         8
       146      4958      1621      4959      1622      4960       145      2070
      1700        45         2         1         7         8
       145      4960      1622      4961      1623      4962       144      2069
      1701        45         2         1         7         8
       144      4962      1623      4963      1624      4964       143      2068
      1702        45         2         1         7         8
       143      4964      1624      4965      1625      4966       142      2067
      1703        45         2         1         7         8
       142      4966      1625      4967      1626      4968       141      2066
      1704        45         2         1         7         8
       141      4968      1626      4969      1627      4970       140      2065
      1705        45         2         1         7         8
       140      4970      1627      4971      1628      4972       139      2064
      1706        45         2         1         7         8
       139      4972      1628      4973      1629      4974       138      2063
      1707        45         2         1         7         8
       138      4974      1629      4975      1630      4976       137      2062
      1708        45         2         1         7         8
       137      4976      1630      4977      1631      4978       136      2061
      1709        45         2         1         7         8
       136      4978      1631      4979      1632      4980       135      2060
      1710        45         2         1         7         8
       135      4980      1632      4981      1633      4982       134      2059
      1711        45         2         1         7         8
       134      4982      1633      4983      1634      4984       133      2058
      1712        45         2         1         7         8
       133      4984      1634      4985      1635      4986       132      2057
      1713        45         2         1         7         8
       132      4986      1635      4987      1636      4988       131      2056
      1714        45         2         1         7         8
       131      4988      1636      4989      1637      4990       130      2055
      1715        45         2         1         7         8
       130      4990      1637      4991      1638      4992       129      2054
      1716        45         2         1         7         8
       129      4992      1638      4993      1639      4994       128      2053
      1717        45         2         1         7         8
       128      4994      1639      4995      1640      4996       127      2052
      1718        45         2         1         7         8
       127      4996      1640      4997      1641      4998       126      2051
      1719        45         2         1         7         8
       126      4998      1641      4999      1642      5000       125      2050
      1720        45         2         1         7         8
       125      5000      1642      5001      1643      5002       124      2049
      1721        45         2         1         7         8
       124      5002      1643      5003      1644      5004       123      2048
      1722        45         2         1         7         8
       123      5004      1644      5005      1645      5006       122      2047
      1723        45         2         1         7         8
       122      5006      1645      5007      1646      5008       121      2046
      1724        45         2         1         7         8
       121      5008      1646      5009      1647      5010       120      2045
      1725        45         2         1         7         8
       120      5010      1647      5011       160      2085         3      2044
      1726        45         2         1         7         8
       160      2086         4      2127       200      5012      1608      4931
      1727        45         2         1         7         8
      1608      5012       200      2126       199      5013      1609      4933
      1728        45         2         1         7         8
      1609      5013       199      2125       198      5014      1610      4935
      1729        45         2         1         7         8
      1610      5014       198      2124       197      5015      1611      4937
      1730        45         2         1         7         8
      1611      5015       197      2123       196      5016      1612      4939
      1731        45         2         1         7         8
      1612      5016       196      2122       195      5017      1613      4941
      1732        45         2         1         7         8
      1613      5017       195      2121       194      5018      1614      4943
      1733        45         2         1         7         8
      1614      5018       194      2120       193      5019      1615      4945
      1734        45         2         1         7         8
      1615      5019       193      2119       192      5020      1616      4947
      1735        45         2         1         7         8
      1616      5020       192      2118       191      5021      1617      4949
      1736        45         2         1         7         8
      1617      5021       191      2117       190      5022      1618      4951
      1737        45         2         1         7         8
      1618      5022       190      2116       189      5023      1619      4953
      1738        45         2         1         7         8
      1619      5023       189      2115       188      5024      1620      4955
      1739        45         2         1         7         8
      1620      5024       188      2114       187      5025      1621      4957
      1740        45         2         1         7         8
      1621      5025       187      2113       186      5026      1622      4959
      1741        45         2         1         7         8
      1622      5026       186      2112       185      5027      1623      4961
      1742        45         2         1         7         8
      1623      5027       185      2111       184      5028      1624      4963
      1743        45         2         1         7         8
      1624      5028       184      2110       183      5029      1625      4965
      1744        45         2         1         7         8
      1625      5029       183      2109       182      5030      1626      4967
      1745        45         2         1         7         8
      1626      5030       182      2108       181      5031      1627      4969
      1746        45         2         1         7         8
      1627      5031       181      2107       180      5032      1628      4971
      1747        45         2         1         7         8
      1628      5032       180      2106       179      5033      1629      4973
      1748        45         2         1         7         8
      1629      5033       179      2105       178      5034      1630      4975
      1749        45         2         1         7         8
      1630      5034       178      2104       177      5035      1631      4977
      1750        45         2         1         7         8
      1631      5035       177      2103       176      5036      1632      4979
      1751        45         2         1         7         8
      1632      5036       176      2102       175      5037      1633      4981
      1752        45         2         1         7         8
      1633      5037       175      2101       174      5038      1634      4983
      1753        45         2         1         7         8
      1634      5038       174      2100       173      5039      1635      4985
      1754        45         2         1         7         8
      1635      5039       173      2099       172      5040      1636      4987
      1755        45         2         1         7         8
      1636      5040       172      2098       171      5041      1637      4989
      1756        45         2         1         7         8
      1637      5041       171      2097       170      5042      1638      4991
      1757        45         2         1         7         8
      1638      5042       170      2096       169      5043      1639      4993
      1758        45         2         1         7         8
      1639      5043       169      2095       168      5044      1640      4995
      1759        45         2         1         7         8
      1640      5044       168      2094       167      5045      1641      4997
      1760        45         2         1         7         8
      1641      5045       167      2093       166      5046      1642      4999
      1761        45         2         1         7         8
      1642      5046       166      2092       165      5047      1643      5001
      1762        45         2         1         7         8
      1643      5047       165      2091       164      5048      1644      5003
      1763        45         2         1         7         8
      1644      5048       164      2090       163      5049      1645      5005
      1764        45         2         1         7         8
      1645      5049       163      2089       162      5050      1646      5007
      1765        45         2         1         7         8
      1646      5050       162      2088       161      5051      1647      5009
      1766        45         2         1         7         8
      1647      5051       161      2087         4      2086       160      5011
      1767        45         2         1         7         8
         5      2169       241      5052      1648      5053       240      2168
      1768        45         2         1         7         8
       240      5053      1648      5054      1649      5055       239      2167
      1769        45         2         1         7         8
       239      5055      1649      5056      1650      5057       238      2166
      1770        45         2         1         7         8
       238      5057      1650      5058      1651      5059       237      2165
      1771        45         2         1         7         8
       237      5059      1651      5060      1652      5061       236      2164
      1772        45         2         1         7         8
       236      5061      1652      5062      1653      5063       235      2163
      1773        45         2         1         7         8
       235      5063      1653      5064      1654      5065       234      2162
      1774        45         2         1         7         8
       234      5065      1654      5066      1655      5067       233      2161
      1775        45         2         1         7         8
       233      5067      1655      5068      1656      5069       232      2160
      1776        45         2         1         7         8
       232      5069      1656      5070      1657      5071       231      2159
      1777        45         2         1         7         8
       231      5071      1657      5072      1658      5073       230      2158
      1778        45         2         1         7         8
       230      5073      1658      5074      1659      5075       229      2157
      1779        45         2         1         7         8
       229      5075      1659      5076      1660      5077       228      2156
      1780        45         2         1         7         8
       228      5077      1660      5078      1661      5079       227      2155
      1781        45         2         1         7         8
       227      5079      1661      5080      1662      5081       226      2154
      1782        45         2         1         7         8
       226      5081      1662      5082      1663      5083       225      2153
      1783        45         2         1         7         8
       225      5083      1663      5084      1664      5085       224      2152
      1784        45         2         1         7         8
       224      5085      1664      5086      1665      5087       223      2151
      1785        45         2         1         7         8
       223      5087      1665      5088      1666      5089       222      2150
      1786        45         2         1         7         8
       222      5089      1666      5090      1667      5091       221      2149
      1787        45         2         1         7         8
       221      5091      1667      5092      1668      5093       220      2148
      1788        45         2         1         7         8
       220      5093      1668      5094      1669      5095       219      2147
      1789        45         2         1         7         8
       219      5095      1669      5096      1670      5097       218      2146
      1790        45         2         1         7         8
       218      5097      1670      5098      1671      5099       217      2145
      1791        45         2         1         7         8
       217      5099      1671      5100      1672      5101       216      2144
      1792        45         2         1         7         8
       216      5101      1672      5102      1673      5103       215      2143
      1793        45         2         1         7         8
       215      5103      1673      5104      1674      5105       214      2142
      1794        45         2         1         7         8
       214      5105      1674      5106      1675      5107       213      2141
      1795        45         2         1         7         8
       213      5107      1675      5108      1676      5109       212      2140
      1796        45         2         1         7         8
       212      5109      1676      5110      1677      5111       211      2139
      1797        45         2         1         7         8
       211      5111      1677      5112      1678      5113       210      2138
      1798        45         2         1         7         8
       210      5113      1678      5114      1679      5115       209      2137
      1799        45         2         1         7         8
       209      5115      1679      5116      1680      5117       208      2136
      1800        45         2         1         7         8
       208      5117      1680      5118      1681      5119       207      2135
      1801        45         2         1         7         8
       207      5119      1681      5120      1682      5121       206      2134
      1802        45         2         1         7         8
       206      5121      1682      5122      1683      5123       205      2133
      1803        45         2         1         7         8
       205      5123      1683      5124      1684      5125       204      2132
      1804        45         2         1         7         8
       204      5125      1684      5126      1685      5127       203      2131
      1805        45         2         1         7         8
       203      5127      1685      5128      1686      5129       202      2130
      1806        45         2         1         7         8
       202      5129      1686      5130      1687      5131       201      2129
      1807        45         2         1         7         8
       201      5131      1687      5132       241      2169         5      2128
      1808        45         2         1         7         8
       241      2170       242      5133      1688      5134      1648      5052
      1809        45         2         1         7         8
      1648      5134      1688      5135      1689      5136      1649      5054
      1810        45         2         1         7         8
      1649      5136      1689      5137      1690      5138      1650      5056
      1811        45         2         1         7         8
      1650      5138      1690      5139      1691      5140      1651      5058
      1812        45         2         1         7         8
      1651      5140      1691      5141      1692      5142      1652      5060
      1813        45         2         1         7         8
      1652      5142      1692      5143      1693      5144      1653      5062
      1814        45         2         1         7         8
      1653      5144      1693      5145      1694      5146      1654      5064
      1815        45         2         1         7         8
      1654      5146      1694      5147      1695      5148      1655      5066
      1816        45         2         1         7         8
      1655      5148      1695      5149      1696      5150      1656      5068
      1817        45         2         1         7         8
      1656      5150      1696      5151      1697      5152      1657      5070
      1818        45         2         1         7         8
      1657      5152      1697      5153      1698      5154      1658      5072
      1819        45         2         1         7         8
      1658      5154      1698      5155      1699      5156      1659      5074
      1820        45         2         1         7         8
      1659      5156      1699      5157      1700      5158      1660      5076
      1821        45         2         1         7         8
      1660      5158      1700      5159      1701      5160      1661      5078
      1822        45         2         1         7         8
      1661      5160      1701      5161      1702      5162      1662      5080
      1823        45         2         1         7         8
      1662      5162      1702      5163      1703      5164      1663      5082
      1824        45         2         1         7         8
      1663      5164      1703      5165      1704      5166      1664      5084
      1825        45         2         1         7         8
      1664      5166      1704      5167      1705      5168      1665      5086
      1826        45         2         1         7         8
      1665      5168      1705      5169      1706      5170      1666      5088
      1827        45         2         1         7         8
      1666      5170      1706      5171      1707      5172      1667      5090
      1828        45         2         1         7         8
      1667      5172      1707      5173      1708      5174      1668      5092
      1829        45         2         1         7         8
      1668      5174      1708      5175      1709      5176      1669      5094
      1830        45         2         1         7         8
      1669      5176      1709      5177      1710      5178      1670      5096
      1831        45         2         1         7         8
      1670      5178      1710      5179      1711      5180      1671      5098
      1832        45         2         1         7         8
      1671      5180      1711      5181      1712      5182      1672      5100
      1833        45         2         1         7         8
      1672      5182      1712      5183      1713      5184      1673      5102
      1834        45         2         1         7         8
      1673      5184      1713      5185      1714      5186      1674      5104
      1835        45         2         1         7         8
      1674      5186      1714      5187      1715      5188      1675      5106
      1836        45         2         1         7         8
      1675      5188      1715      5189      1716      5190      1676      5108
      1837        45         2         1         7         8
      1676      5190      1716      5191      1717      5192      1677      5110
      1838        45         2         1         7         8
      1677      5192      1717      5193      1718      5194      1678      5112
      1839        45         2         1         7         8
      1678      5194      1718      5195      1719      5196      1679      5114
      1840        45         2         1         7         8
      1679      5196      1719      5197      1720      5198      1680      5116
      1841        45         2         1         7         8
      1680      5198      1720      5199      1721      5200      1681      5118
      1842        45         2         1         7         8
      1681      5200      1721      5201      1722      5202      1682      5120
      1843        45         2         1         7         8
      1682      5202      1722      5203      1723      5204      1683      5122
      1844        45         2         1         7         8
      1683      5204      1723      5205      1724      5206      1684      5124
      1845        45         2         1         7         8
      1684      5206      1724      5207      1725      5208      1685      5126
      1846        45         2         1         7         8
      1685      5208      1725      5209      1726      5210      1686      5128
      1847        45         2         1         7         8
      1686      5210      1726      5211      1727      5212      1687      5130
      1848        45         2         1         7         8
      1687      5212      1727      5213       242      2170       241      5132
      1849        45         2         1         7         8
       242      2171       243      5214      1728      5215      1688      5133
      1850        45         2         1         7         8
      1688      5215      1728      5216      1729      5217      1689      5135
      1851        45         2         1         7         8
      1689      5217      1729      5218      1730      5219      1690      5137
      1852        45         2         1         7         8
      1690      5219      1730      5220      1731      5221      1691      5139
      1853        45         2         1         7         8
      1691      5221      1731      5222      1732      5223      1692      5141
      1854        45         2         1         7         8
      1692      5223      1732      5224      1733      5225      1693      5143
      1855        45         2         1         7         8
      1693      5225      1733      5226      1734      5227      1694      5145
      1856        45         2         1         7         8
      1694      5227      1734      5228      1735      5229      1695      5147
      1857        45         2         1         7         8
      1695      5229      1735      5230      1736      5231      1696      5149
      1858        45         2         1         7         8
      1696      5231      1736      5232      1737      5233      1697      5151
      1859        45         2         1         7         8
      1697      5233      1737      5234      1738      5235      1698      5153
      1860        45         2         1         7         8
      1698      5235      1738      5236      1739      5237      1699      5155
      1861        45         2         1         7         8
      1699      5237      1739      5238      1740      5239      1700      5157
      1862        45         2         1         7         8
      1700      5239      1740      5240      1741      5241      1701      5159
      1863        45         2         1         7         8
      1701      5241      1741      5242      1742      5243      1702      5161
      1864        45         2         1         7         8
      1702      5243      1742      5244      1743      5245      1703      5163
      1865        45         2         1         7         8
      1703      5245      1743      5246      1744      5247      1704      5165
      1866        45         2         1         7         8
      1704      5247      1744      5248      1745      5249      1705      5167
      1867        45         2         1         7         8
      1705      5249      1745      5250      1746      5251      1706      5169
      1868        45         2         1         7         8
      1706      5251      1746      5252      1747      5253      1707      5171
      1869        45         2         1         7         8
      1707      5253      1747      5254      1748      5255      1708      5173
      1870        45         2         1         7         8
      1708      5255      1748      5256      1749      5257      1709      5175
      1871        45         2         1         7         8
      1709      5257      1749      5258      1750      5259      1710      5177
      1872        45         2         1         7         8
      1710      5259      1750      5260      1751      5261      1711      5179
      1873        45         2         1         7         8
      1711      5261      1751      5262      1752      5263      1712      5181
      1874        45         2         1         7         8
      1712      5263      1752      5264      1753      5265      1713      5183
      1875        45         2         1         7         8
      1713      5265      1753      5266      1754      5267      1714      5185
      1876        45         2         1         7         8
      1714      5267      1754      5268      1755      5269      1715      5187
      1877        45         2         1         7         8
      1715      5269      1755      5270      1756      5271      1716      5189
      1878        45         2         1         7         8
      1716      5271      1756      5272      1757      5273      1717      5191
      1879        45         2         1         7         8
      1717      5273      1757      5274      1758      5275      1718      5193
      1880        45         2         1         7         8
      1718      5275      1758      5276      1759      5277      1719      5195
      1881        45         2         1         7         8
      1719      5277      1759      5278      1760      5279      1720      5197
      1882        45         2         1         7         8
      1720      5279      1760      5280      1761      5281      1721      5199
      1883        45         2         1         7         8
      1721      5281      1761      5282      1762      5283      1722      5201
      1884        45         2         1         7         8
      1722      5283      1762      5284      1763      5285      1723      5203
      1885        45         2         1         7         8
      1723      5285      1763      5286      1764      5287      1724      5205
      1886        45         2         1         7         8
      1724      5287      1764      5288      1765      5289      1725      5207
      1887        45         2         1         7         8
      1725      5289      1765      5290      1766      5291      1726      5209
      1888        45         2         1         7         8
      1726      5291      1766      5292      1767      5293      1727      5211
      1889        45         2         1         7         8
      1727      5293      1767      5294       243      2171       242      5213
      1890        45         2         1         7         8
       243      2172       244      5295      1768      5296      1728      5214
      1891        45         2         1         7         8
      1728      5296      1768      5297      1769      5298      1729      5216
      1892        45         2         1         7         8
      1729      5298      1769      5299      1770      5300      1730      5218
      1893        45         2         1         7         8
      1730      5300      1770      5301      1771      5302      1731      5220
      1894        45         2         1         7         8
      1731      5302      1771      5303      1772      5304      1732      5222
      1895        45         2         1         7         8
      1732      5304      1772      5305      1773      5306      1733      5224
      1896        45         2         1         7         8
      1733      5306      1773      5307      1774      5308      1734      5226
      1897        45         2         1         7         8
      1734      5308      1774      5309      1775      5310      1735      5228
      1898        45         2         1         7         8
      1735      5310      1775      5311      1776      5312      1736      5230
      1899        45         2         1         7         8
      1736      5312      1776      5313      1777      5314      1737      5232
      1900        45         2         1         7         8
      1737      5314      1777      5315      1778      5316      1738      5234
      1901        45         2         1         7         8
      1738      5316      1778      5317      1779      5318      1739      5236
      1902        45         2         1         7         8
      1739      5318      1779      5319      1780      5320      1740      5238
      1903        45         2         1         7         8
      1740      5320      1780      5321      1781      5322      1741      5240
      1904        45         2         1         7         8
      1741      5322      1781      5323      1782      5324      1742      5242
      1905        45         2         1         7         8
      1742      5324      1782      5325      1783      5326      1743      5244
      1906        45         2         1         7         8
      1743      5326      1783      5327      1784      5328      1744      5246
      1907        45         2         1         7         8
      1744      5328      1784      5329      1785      5330      1745      5248
      1908        45         2         1         7         8
      1745      5330      1785      5331      1786      5332      1746      5250
      1909        45         2         1         7         8
      1746      5332      1786      5333      1787      5334      1747      5252
      1910        45         2         1         7         8
      1747      5334      1787      5335      1788      5336      1748      5254
      1911        45         2         1         7         8
      1748      5336      1788      5337      1789      5338      1749      5256
      1912        45         2         1         7         8
      1749      5338      1789      5339      1790      5340      1750      5258
      1913        45         2         1         7         8
      1750      5340      1790      5341      1791      5342      1751      5260
      1914        45         2         1         7         8
      1751      5342      1791      5343      1792      5344      1752      5262
      1915        45         2         1         7         8
      1752      5344      1792      5345      1793      5346      1753      5264
      1916        45         2         1         7         8
      1753      5346      1793      5347      1794      5348      1754      5266
      1917        45         2         1         7         8
      1754      5348      1794      5349      1795      5350      1755      5268
      1918        45         2         1         7         8
      1755      5350      1795      5351      1796      5352      1756      5270
      1919        45         2         1         7         8
      1756      5352      1796      5353      1797      5354      1757      5272
      1920        45         2         1         7         8
      1757      5354      1797      5355      1798      5356      1758      5274
      1921        45         2         1         7         8
      1758      5356      1798      5357      1799      5358      1759      5276
      1922        45         2         1         7         8
      1759      5358      1799      5359      1800      5360      1760      5278
      1923        45         2         1         7         8
      1760      5360      1800      5361      1801      5362      1761      5280
      1924        45         2         1         7         8
      1761      5362      1801      5363      1802      5364      1762      5282
      1925        45         2         1         7         8
      1762      5364      1802      5365      1803      5366      1763      5284
      1926        45         2         1         7         8
      1763      5366      1803      5367      1804      5368      1764      5286
      1927        45         2         1         7         8
      1764      5368      1804      5369      1805      5370      1765      5288
      1928        45         2         1         7         8
      1765      5370      1805      5371      1806      5372      1766      5290
      1929        45         2         1         7         8
      1766      5372      1806      5373      1807      5374      1767      5292
      1930        45         2         1         7         8
      1767      5374      1807      5375       244      2172       243      5294
      1931        45         2         1         7         8
       244      2173       245      5376      1808      5377      1768      5295
      1932        45         2         1         7         8
      1768      5377      1808      5378      1809      5379      1769      5297
      1933        45         2         1         7         8
      1769      5379      1809      5380      1810      5381      1770      5299
      1934        45         2         1         7         8
      1770      5381      1810      5382      1811      5383      1771      5301
      1935        45         2         1         7         8
      1771      5383      1811      5384      1812      5385      1772      5303
      1936        45         2         1         7         8
      1772      5385      1812      5386      1813      5387      1773      5305
      1937        45         2         1         7         8
      1773      5387      1813      5388      1814      5389      1774      5307
      1938        45         2         1         7         8
      1774      5389      1814      5390      1815      5391      1775      5309
      1939        45         2         1         7         8
      1775      5391      1815      5392      1816      5393      1776      5311
      1940        45         2         1         7         8
      1776      5393      1816      5394      1817      5395      1777      5313
      1941        45         2         1         7         8
      1777      5395      1817      5396      1818      5397      1778      5315
      1942        45         2         1         7         8
      1778      5397      1818      5398      1819      5399      1779      5317
      1943        45         2         1         7         8
      1779      5399      1819      5400      1820      5401      1780      5319
      1944        45         2         1         7         8
      1780      5401      1820      5402      1821      5403      1781      5321
      1945        45         2         1         7         8
      1781      5403      1821      5404      1822      5405      1782      5323
      1946        45         2         1         7         8
      1782      5405      1822      5406      1823      5407      1783      5325
      1947        45         2         1         7         8
      1783      5407      1823      5408      1824      5409      1784      5327
      1948        45         2         1         7         8
      1784      5409      1824      5410      1825      5411      1785      5329
      1949        45         2         1         7         8
      1785      5411      1825      5412      1826      5413      1786      5331
      1950        45         2         1         7         8
      1786      5413      1826      5414      1827      5415      1787      5333
      1951        45         2         1         7         8
      1787      5415      1827      5416      1828      5417      1788      5335
      1952        45         2         1         7         8
      1788      5417      1828      5418      1829      5419      1789      5337
      1953        45         2         1         7         8
      1789      5419      1829      5420      1830      5421      1790      5339
      1954        45         2         1         7         8
      1790      5421      1830      5422      1831      5423      1791      5341
      1955        45         2         1         7         8
      1791      5423      1831      5424      1832      5425      1792      5343
      1956        45         2         1         7         8
      1792      5425      1832      5426      1833      5427      1793      5345
      1957        45         2         1         7         8
      1793      5427      1833      5428      1834      5429      1794      5347
      1958        45         2         1         7         8
      1794      5429      1834      5430      1835      5431      1795      5349
      1959        45         2         1         7         8
      1795      5431      1835      5432      1836      5433      1796      5351
      1960        45         2         1         7         8
      1796      5433      1836      5434      1837      5435      1797      5353
      1961        45         2         1         7         8
      1797      5435      1837      5436      1838      5437      1798      5355
      1962        45         2         1         7         8
      1798      5437      1838      5438      1839      5439      1799      5357
      1963        45         2         1         7         8
      1799      5439      1839      5440      1840      5441      1800      5359
      1964        45         2         1         7         8
      1800      5441      1840      5442      1841      5443      1801      5361
      1965        45         2         1         7         8
      1801      5443      1841      5444      1842      5445      1802      5363
      1966        45         2         1         7         8
      1802      5445      1842      5446      1843      5447      1803      5365
      1967        45         2         1         7         8
      1803      5447      1843      5448      1844      5449      1804      5367
      1968        45         2         1         7         8
      1804      5449      1844      5450      1845      5451      1805      5369
      1969        45         2         1         7         8
      1805      5451      1845      5452      1846      5453      1806      5371
      1970        45         2         1         7         8
      1806      5453      1846      5454      1847      5455      1807      5373
      1971        45         2         1         7         8
      1807      5455      1847      5456       245      2173       244      5375
      1972        45         2         1         7         8
       245      2174       246      5457      1848      5458      1808      5376
      1973        45         2         1         7         8
      1808      5458      1848      5459      1849      5460      1809      5378
      1974        45         2         1         7         8
      1809      5460      1849      5461      1850      5462      1810      5380
      1975        45         2         1         7         8
      1810      5462      1850      5463      1851      5464      1811      5382
      1976        45         2         1         7         8
      1811      5464      1851      5465      1852      5466      1812      5384
      1977        45         2         1         7         8
      1812      5466      1852      5467      1853      5468      1813      5386
      1978        45         2         1         7         8
      1813      5468      1853      5469      1854      5470      1814      5388
      1979        45         2         1         7         8
      1814      5470      1854      5471      1855      5472      1815      5390
      1980        45         2         1         7         8
      1815      5472      1855      5473      1856      5474      1816      5392
      1981        45         2         1         7         8
      1816      5474      1856      5475      1857      5476      1817      5394
      1982        45         2         1         7         8
      1817      5476      1857      5477      1858      5478      1818      5396
      1983        45         2         1         7         8
      1818      5478      1858      5479      1859      5480      1819      5398
      1984        45         2         1         7         8
      1819      5480      1859      5481      1860      5482      1820      5400
      1985        45         2         1         7         8
      1820      5482      1860      5483      1861      5484      1821      5402
      1986        45         2         1         7         8
      1821      5484      1861      5485      1862      5486      1822      5404
      1987        45         2         1         7         8
      1822      5486      1862      5487      1863      5488      1823      5406
      1988        45         2         1         7         8
      1823      5488      1863      5489      1864      5490      1824      5408
      1989        45         2         1         7         8
      1824      5490      1864      5491      1865      5492      1825      5410
      1990        45         2         1         7         8
      1825      5492      1865      5493      1866      5494      1826      5412
      1991        45         2         1         7         8
      1826      5494      1866      5495      1867      5496      1827      5414
      1992        45         2         1         7         8
      1827      5496      1867      5497      1868      5498      1828      5416
      1993        45         2         1         7         8
      1828      5498      1868      5499      1869      5500      1829      5418
      1994        45         2         1         7         8
      1829      5500      1869      5501      1870      5502      1830      5420
      1995        45         2         1         7         8
      1830      5502      1870      5503      1871      5504      1831      5422
      1996        45         2         1         7         8
      1831      5504      1871      5505      1872      5506      1832      5424
      1997        45         2         1         7         8
      1832      5506      1872      5507      1873      5508      1833      5426
      1998        45         2         1         7         8
      1833      5508      1873      5509      1874      5510      1834      5428
      1999        45         2         1         7         8
      1834      5510      1874      5511      1875      5512      1835      5430
      2000        45         2         1         7         8
      1835      5512      1875      5513      1876      5514      1836      5432
      2001        45         2         1         7         8
      1836      5514      1876      5515      1877      5516      1837      5434
      2002        45         2         1         7         8
      1837      5516      1877      5517      1878      5518      1838      5436
      2003        45         2         1         7         8
      1838      5518      1878      5519      1879      5520      1839      5438
      2004        45         2         1         7         8
      1839      5520      1879      5521      1880      5522      1840      5440
      2005        45         2         1         7         8
      1840      5522      1880      5523      1881      5524      1841      5442
      2006        45         2         1         7         8
      1841      5524      1881      5525      1882      5526      1842      5444
      2007        45         2         1         7         8
      1842      5526      1882      5527      1883      5528      1843      5446
      2008        45         2         1         7         8
      1843      5528      1883      5529      1884      5530      1844      5448
      2009        45         2         1         7         8
      1844      5530      1884      5531      1885      5532      1845      5450
      2010        45         2         1         7         8
      1845      5532      1885      5533      1886      5534      1846      5452
      2011        45         2         1         7         8
      1846      5534      1886      5535      1887      5536      1847      5454
      2012        45         2         1         7         8
      1847      5536      1887      5537       246      2174       245      5456
      2013        45         2         1         7         8
       246      2175       247      5538      1888      5539      1848      5457
      2014        45         2         1         7         8
      1848      5539      1888      5540      1889      5541      1849      5459
      2015        45         2         1         7         8
      1849      5541      1889      5542      1890      5543      1850      5461
      2016        45         2         1         7         8
      1850      5543      1890      5544      1891      5545      1851      5463
      2017        45         2         1         7         8
      1851      5545      1891      5546      1892      5547      1852      5465
      2018        45         2         1         7         8
      1852      5547      1892      5548      1893      5549      1853      5467
      2019        45         2         1         7         8
      1853      5549      1893      5550      1894      5551      1854      5469
      2020        45         2         1         7         8
      1854      5551      1894      5552      1895      5553      1855      5471
      2021        45         2         1         7         8
      1855      5553      1895      5554      1896      5555      1856      5473
      2022        45         2         1         7         8
      1856      5555      1896      5556      1897      5557      1857      5475
      2023        45         2         1         7         8
      1857      5557      1897      5558      1898      5559      1858      5477
      2024        45         2         1         7         8
      1858      5559      1898      5560      1899      5561      1859      5479
      2025        45         2         1         7         8
      1859      5561      1899      5562      1900      5563      1860      5481
      2026        45         2         1         7         8
      1860      5563      1900      5564      1901      5565      1861      5483
      2027        45         2         1         7         8
      1861      5565      1901      5566      1902      5567      1862      5485
      2028        45         2         1         7         8
      1862      5567      1902      5568      1903      5569      1863      5487
      2029        45         2         1         7         8
      1863      5569      1903      5570      1904      5571      1864      5489
      2030        45         2         1         7         8
      1864      5571      1904      5572      1905      5573      1865      5491
      2031        45         2         1         7         8
      1865      5573      1905      5574      1906      5575      1866      5493
      2032        45         2         1         7         8
      1866      5575      1906      5576      1907      5577      1867      5495
      2033        45         2         1         7         8
      1867      5577      1907      5578      1908      5579      1868      5497
      2034        45         2         1         7         8
      1868      5579      1908      5580      1909      5581      1869      5499
      2035        45         2         1         7         8
      1869      5581      1909      5582      1910      5583      1870      5501
      2036        45         2         1         7         8
      1870      5583      1910      5584      1911      5585      1871      5503
      2037        45         2         1         7         8
      1871      5585      1911      5586      1912      5587      1872      5505
      2038        45         2         1         7         8
      1872      5587      1912      5588      1913      5589      1873      5507
      2039        45         2         1         7         8
      1873      5589      1913      5590      1914      5591      1874      5509
      2040        45         2         1         7         8
      1874      5591      1914      5592      1915      5593      1875      5511
      2041        45         2         1         7         8
      1875      5593      1915      5594      1916      5595      1876      5513
      2042        45         2         1         7         8
      1876      5595      1916      5596      1917      5597      1877      5515
      2043        45         2         1         7         8
      1877      5597      1917      5598      1918      5599      1878      5517
      2044        45         2         1         7         8
      1878      5599      1918      5600      1919      5601      1879      5519
      2045        45         2         1         7         8
      1879      5601      1919      5602      1920      5603      1880      5521
      2046        45         2         1         7         8
      1880      5603      1920      5604      1921      5605      1881      5523
      2047        45         2         1         7         8
      1881      5605      1921      5606      1922      5607      1882      5525
      2048        45         2         1         7         8
      1882      5607      1922      5608      1923      5609      1883      5527
      2049        45         2         1         7         8
      1883      5609      1923      5610      1924      5611      1884      5529
      2050        45         2         1         7         8
      1884      5611      1924      5612      1925      5613      1885      5531
      2051        45         2         1         7         8
      1885      5613      1925      5614      1926      5615      1886      5533
      2052        45         2         1         7         8
      1886      5615      1926      5616      1927      5617      1887      5535
      2053        45         2         1         7         8
      1887      5617      1927      5618       247      2175       246      5537
      2054        45         2         1         7         8
       247      2176         6      2217       287      5619      1888      5538
      2055        45         2         1         7         8
      1888      5619       287      2216       286      5620      1889      5540
      2056        45         2         1         7         8
      1889      5620       286      2215       285      5621      1890      5542
      2057        45         2         1         7         8
      1890      5621       285      2214       284      5622      1891      5544
      2058        45         2         1         7         8
      1891      5622       284      2213       283      5623      1892      5546
      2059        45         2         1         7         8
      1892      5623       283      2212       282      5624      1893      5548
      2060        45         2         1         7         8
      1893      5624       282      2211       281      5625      1894      5550
      2061        45         2         1         7         8
      1894      5625       281      2210       280      5626      1895      5552
      2062        45         2         1         7         8
      1895      5626       280      2209       279      5627      1896      5554
      2063        45         2         1         7         8
      1896      5627       279      2208       278      5628      1897      5556
      2064        45         2         1         7         8
      1897      5628       278      2207       277      5629      1898      5558
      2065        45         2         1         7         8
      1898      5629       277      2206       276      5630      1899      5560
      2066        45         2         1         7         8
      1899      5630       276      2205       275      5631      1900      5562
      2067        45         2         1         7         8
      1900      5631       275      2204       274      5632      1901      5564
      2068        45         2         1         7         8
      1901      5632       274      2203       273      5633      1902      5566
      2069        45         2         1         7         8
      1902      5633       273      2202       272      5634      1903      5568
      2070        45         2         1         7         8
      1903      5634       272      2201       271      5635      1904      5570
      2071        45         2         1         7         8
      1904      5635       271      2200       270      5636      1905      5572
      2072        45         2         1         7         8
      1905      5636       270      2199       269      5637      1906      5574
      2073        45         2         1         7         8
      1906      5637       269      2198       268      5638      1907      5576
      2074        45         2         1         7         8
      1907      5638       268      2197       267      5639      1908      5578
      2075        45         2         1         7         8
      1908      5639       267      2196       266      5640      1909      5580
      2076        45         2         1         7         8
      1909      5640       266      2195       265      5641      1910      5582
      2077        45         2         1         7         8
      1910      5641       265      2194       264      5642      1911      5584
      2078        45         2         1         7         8
      1911      5642       264      2193       263      5643      1912      5586
      2079        45         2         1         7         8
      1912      5643       263      2192       262      5644      1913      5588
      2080        45         2         1         7         8
      1913      5644       262      2191       261      5645      1914      5590
      2081        45         2         1         7         8
      1914      5645       261      2190       260      5646      1915      5592
      2082        45         2         1         7         8
      1915      5646       260      2189       259      5647      1916      5594
      2083        45         2         1         7         8
      1916      5647       259      2188       258      5648      1917      5596
      2084        45         2         1         7         8
      1917      5648       258      2187       257      5649      1918      5598
      2085        45         2         1         7         8
      1918      5649       257      2186       256      5650      1919      5600
      2086        45         2         1         7         8
      1919      5650       256      2185       255      5651      1920      5602
      2087        45         2         1         7         8
      1920      5651       255      2184       254      5652      1921      5604
      2088        45         2         1         7         8
      1921      5652       254      2183       253      5653      1922      5606
      2089        45         2         1         7         8
      1922      5653       253      2182       252      5654      1923      5608
      2090        45         2         1         7         8
      1923      5654       252      2181       251      5655      1924      5610
      2091        45         2         1         7         8
      1924      5655       251      2180       250      5656      1925      5612
      2092        45         2         1         7         8
      1925      5656       250      2179       249      5657      1926      5614
      2093        45         2         1         7         8
      1926      5657       249      2178       248      5658      1927      5616
      2094        45         2         1         7         8
      1927      5658       248      2177         6      2176       247      5618
    -1
    -1
  2467
         3         0         0         0         0         0         0        82
base_plate_center_YFIX
         7       120         0         0         7       121         0         0
         7       122         0         0         7       123         0         0
         7       124         0         0         7       125         0         0
         7       126         0         0         7       127         0         0
         7       128         0         0         7       129         0         0
         7       130         0         0         7       131         0         0
         7       132         0         0         7       133         0         0
         7       134         0         0         7       135         0         0
         7       136         0         0         7       137         0         0
         7       138         0         0         7       139         0         0
         7       140         0         0         7       141         0         0
         7       142         0         0         7       143         0         0
         7       144         0         0         7       145         0         0
         7       146         0         0         7       147         0         0
         7       148         0         0         7       149         0         0
         7       150         0         0         7       151         0         0
         7       152         0         0         7       153         0         0
         7       154         0         0         7       155         0         0
         7       156         0         0         7       157         0         0
         7       158         0         0         7       159         0         0
         7      2044         0         0         7      2045         0         0
         7      2046         0         0         7      2047         0         0
         7      2048         0         0         7      2049         0         0
         7      2050         0         0         7      2051         0         0
         7      2052         0         0         7      2053         0         0
         7      2054         0         0         7      2055         0         0
         7      2056         0         0         7      2057         0         0
         7      2058         0         0         7      2059         0         0
         7      2060         0         0         7      2061         0         0
         7      2062         0         0         7      2063         0         0
         7      2064         0         0         7      2065         0         0
         7      2066         0         0         7      2067         0         0
         7      2068         0         0         7      2069         0         0
         7      2070         0         0         7      2071         0         0
         7      2072         0         0         7      2073         0         0
         7      2074         0         0         7      2075         0         0
         7      2076         0         0         7      2077         0         0
         7      2078         0         0         7      2079         0         0
         7      2080         0         0         7      2081         0         0
         7      2082         0         0         7      2083         0         0
         7      2084         0         0         7         3         0         0
         4         0         0         0         0         0         0        82
skir_sless_top_LOAD
         7       248         0         0         7       249         0         0
         7       250         0         0         7       251         0         0
         7       252         0         0         7       253         0         0
         7       254         0         0         7       255         0         0
         7       256         0         0         7       257         0         0
         7       258         0         0         7       259         0         0
         7       260         0         0         7       261         0         0
         7       262         0         0         7       263         0         0
         7       264         0         0         7       265         0         0
         7       266         0         0         7       267         0         0
         7       268         0         0         7       269         0         0
         7       270         0         0         7       271         0         0
         7       272         0         0         7       273         0         0
         7       274         0         0         7       275         0         0
         7       276         0         0         7       277         0         0
         7       278         0         0         7       279         0         0
         7       280         0         0         7       281         0         0
         7       282         0         0         7       283         0         0
         7       284         0         0         7       285         0         0
         7       286         0         0         7       287         0         0
         7      2177         0         0         7      2178         0         0
         7      2179         0         0         7      2180         0         0
         7      2181         0         0         7      2182         0         0
         7      2183         0         0         7      2184         0         0
         7      2185         0         0         7      2186         0         0
         7      2187         0         0         7      2188         0         0
         7      2189         0         0         7      2190         0         0
         7      2191         0         0         7      2192         0         0
         7      2193         0         0         7      2194         0         0
         7      2195         0         0         7      2196         0         0
         7      2197         0         0         7      2198         0         0
         7      2199         0         0         7      2200         0         0
         7      2201         0         0         7      2202         0         0
         7      2203         0         0         7      2204         0         0
         7      2205         0         0         7      2206         0         0
         7      2207         0         0         7      2208         0         0
         7      2209         0         0         7      2210         0         0
         7      2211         0         0         7      2212         0         0
         7      2213         0         0         7      2214         0         0
         7      2215         0         0         7      2216         0         0
         7      2217         0         0         7         6         0         0
    -1
